AB,R,H,RBI,HR,BB,SO,SB,player_id,team,game_id,date
4,0,0,0,0,0,2,0,50500,away,1,20250322
0,0,0,0,0,0,0,0,68507,away,1,20250322
4,0,0,0,0,0,1,0,69517,away,1,20250322
4,0,0,0,0,0,0,0,51551,away,1,20250322
4,1,2,0,0,0,0,0,54529,away,1,20250322
3,1,1,0,0,1,0,0,52591,away,1,20250322
2,0,1,0,0,2,0,0,78513,away,1,20250322
4,0,2,2,0,0,2,0,50150,away,1,20250322
3,0,1,0,0,0,1,0,61102,away,1,20250322
1,0,0,0,0,0,0,0,68518,away,1,20250322
3,0,0,0,0,0,2,0,62802,away,1,20250322
1,0,0,0,0,0,0,0,52568,away,1,20250322
3,0,2,2,0,1,0,0,66108,home,1,20250322
0,0,0,1,0,0,0,0,52103,home,1,20250322
4,1,1,0,0,0,0,0,76290,home,1,20250322
1,0,0,0,0,0,0,0,68119,home,1,20250322
5,1,1,1,0,0,1,0,53123,home,1,20250322
0,0,0,0,0,0,0,0,51526,home,1,20250322
5,3,2,2,1,0,1,0,69102,home,1,20250322
5,2,3,1,1,0,2,1,79109,home,1,20250322
4,1,3,1,0,0,1,0,68110,home,1,20250322
3,2,1,0,0,2,0,0,79365,home,1,20250322
0,0,0,0,0,0,0,0,52154,home,1,20250322
3,0,1,0,0,0,2,0,62415,home,1,20250322
1,0,0,0,0,0,1,0,52121,home,1,20250322
1,2,0,1,0,2,0,0,69100,home,1,20250322
1,0,1,1,0,0,0,0,65207,home,1,20250322
4,0,2,2,0,1,1,0,53554,away,2,20250322
5,0,2,2,0,0,2,0,78224,away,2,20250322
3,0,2,0,0,2,1,0,76232,away,2,20250322
4,0,0,0,0,1,2,0,55208,away,2,20250322
4,0,0,0,0,1,2,0,63123,away,2,20250322
5,1,0,0,0,0,2,0,64153,away,2,20250322
4,0,0,0,0,0,2,0,50208,away,2,20250322
0,0,0,0,0,0,0,0,67207,away,2,20250322
1,0,1,0,0,0,0,0,63257,away,2,20250322
0,0,0,0,0,0,0,0,54214,away,2,20250322
5,1,2,1,0,0,2,0,66928,away,2,20250322
1,3,0,0,0,3,0,0,79231,away,2,20250322
4,0,0,1,0,0,1,0,50854,home,2,20250322
3,0,0,0,0,1,1,0,54812,home,2,20250322
0,0,0,0,0,0,0,0,76802,home,2,20250322
4,1,1,0,0,0,0,0,53827,home,2,20250322
4,0,1,0,0,0,1,0,62895,home,2,20250322
2,1,1,0,0,0,0,0,79456,home,2,20250322
2,2,1,1,0,1,0,0,67893,home,2,20250322
3,1,1,1,0,0,2,0,69813,home,2,20250322
1,1,1,2,1,0,0,0,60558,home,2,20250322
4,0,2,1,0,0,1,0,51868,home,2,20250322
0,0,0,0,0,0,0,0,68805,home,2,20250322
3,0,0,0,0,1,1,0,54805,home,2,20250322
4,0,1,0,0,0,1,0,65357,away,3,20250322
1,0,0,0,0,0,0,0,78756,away,3,20250322
3,2,2,2,1,1,1,0,52366,away,3,20250322
4,0,1,0,0,0,1,0,50167,away,3,20250322
1,0,1,0,0,0,0,0,54305,away,3,20250322
4,0,3,1,0,0,1,0,54444,away,3,20250322
4,0,1,0,0,0,1,0,76267,away,3,20250322
3,0,1,0,0,0,0,0,64984,away,3,20250322
1,1,1,0,0,0,0,0,55397,away,3,20250322
3,1,1,1,1,0,1,0,55393,away,3,20250322
1,0,0,0,0,0,0,0,78135,away,3,20250322
4,0,0,0,0,0,1,0,50357,away,3,20250322
2,0,0,0,0,0,1,0,62332,away,3,20250322
2,1,2,1,0,0,0,0,53344,away,3,20250322
5,2,3,0,0,0,0,0,50458,home,3,20250322
1,0,0,0,0,0,1,0,67449,home,3,20250322
3,4,1,0,0,2,1,0,52415,home,3,20250322
4,3,3,4,1,1,0,0,62404,home,3,20250322
0,0,0,0,0,0,0,0,67005,home,3,20250322
5,1,2,2,0,0,1,0,74540,home,3,20250322
0,0,0,0,0,0,0,0,69428,home,3,20250322
4,1,3,2,0,0,0,0,54400,home,3,20250322
4,1,2,2,0,1,1,0,75125,home,3,20250322
2,0,0,0,0,0,2,0,65586,home,3,20250322
3,0,2,1,0,0,0,0,62234,home,3,20250322
5,0,1,1,0,0,2,0,52430,home,3,20250322
3,1,1,1,1,0,1,0,61404,home,3,20250322
2,0,0,0,0,0,0,0,68463,home,3,20250322
3,0,1,1,0,0,0,0,66704,away,4,20250322
3,0,0,0,0,0,1,0,53764,away,4,20250322
1,0,0,0,0,0,1,0,50707,away,4,20250322
4,0,0,0,0,0,0,0,55734,away,4,20250322
4,1,2,1,1,0,1,1,69737,away,4,20250322
3,0,1,0,0,0,0,0,79192,away,4,20250322
1,1,0,0,0,0,0,1,68700,away,4,20250322
3,0,0,0,0,0,1,0,79608,away,4,20250322
1,0,0,0,0,0,0,0,52769,away,4,20250322
2,0,0,0,0,0,2,0,50704,away,4,20250322
2,1,1,1,0,0,0,0,54795,away,4,20250322
1,0,0,0,0,1,1,0,78288,away,4,20250322
0,0,0,0,0,0,0,1,52704,away,4,20250322
2,0,0,0,0,0,1,0,76812,away,4,20250322
3,1,1,1,0,1,1,1,64006,away,4,20250322
5,1,2,0,0,0,1,0,68050,home,4,20250322
0,0,0,0,0,0,0,0,67006,home,4,20250322
5,0,1,0,0,0,1,0,67025,home,4,20250322
5,0,3,0,0,0,1,0,79240,home,4,20250322
4,0,2,1,0,0,0,0,64004,home,4,20250322
4,0,0,0,0,0,2,0,78548,home,4,20250322
3,1,1,0,0,1,0,0,64007,home,4,20250322
0,0,0,0,0,0,0,1,50092,home,4,20250322
0,0,0,0,0,0,0,0,76313,home,4,20250322
3,0,1,0,0,0,0,0,50054,home,4,20250322
1,0,0,0,0,0,1,0,64504,home,4,20250322
2,0,0,1,0,0,0,0,64166,home,4,20250322
4,1,2,1,1,0,1,0,79402,home,4,20250322
5,0,1,0,0,0,1,0,62907,away,5,20250322
5,1,2,0,0,0,2,0,51907,away,5,20250322
3,1,1,0,0,1,0,0,77532,away,5,20250322
0,0,0,0,0,0,0,0,62934,away,5,20250322
3,0,0,0,0,1,1,0,54944,away,5,20250322
4,0,1,2,0,0,0,0,79215,away,5,20250322
2,0,0,0,0,1,1,0,63963,away,5,20250322
2,0,0,0,0,0,0,0,66965,away,5,20250322
1,0,0,0,0,0,1,0,67905,away,5,20250322
1,0,1,0,0,0,0,0,69995,away,5,20250322
3,0,1,0,0,0,2,0,68912,away,5,20250322
1,0,0,0,0,0,1,0,62244,away,5,20250322
3,0,0,0,0,0,1,0,51344,away,5,20250322
1,0,0,0,0,0,1,0,50903,away,5,20250322
4,1,0,0,0,1,0,0,64646,home,5,20250322
2,0,1,0,0,0,0,0,52605,home,5,20250322
1,0,0,0,0,0,0,0,52667,home,5,20250322
2,0,0,0,0,0,0,0,50600,home,5,20250322
4,1,1,1,0,0,2,0,62947,home,5,20250322
3,1,0,0,0,1,1,0,55645,home,5,20250322
4,0,1,2,0,0,1,0,72443,home,5,20250322
0,1,0,0,0,0,0,0,55636,home,5,20250322
3,1,2,2,0,1,0,0,78603,home,5,20250322
0,1,0,0,0,0,0,0,66614,home,5,20250322
3,0,2,0,0,0,0,0,63260,home,5,20250322
1,1,1,0,0,0,0,0,67609,home,5,20250322
2,0,1,1,0,0,0,0,78122,home,5,20250322
2,1,1,3,1,0,0,0,68646,home,5,20250322
4,1,2,0,0,0,1,0,66606,home,5,20250322
3,0,0,0,0,1,0,0,52591,away,6,20250323
4,0,0,0,0,0,1,0,50150,away,6,20250323
4,0,0,0,0,0,1,0,78513,away,6,20250323
3,0,1,0,0,1,0,0,54529,away,6,20250323
0,1,0,0,0,0,0,0,68507,away,6,20250323
4,1,1,0,0,0,2,0,51551,away,6,20250323
2,0,0,0,0,2,0,0,60523,away,6,20250323
2,0,0,0,0,0,1,0,61102,away,6,20250323
2,0,2,1,0,0,0,0,68518,away,6,20250323
4,0,0,0,0,0,2,0,69517,away,6,20250323
3,0,2,1,0,0,0,0,68205,away,6,20250323
4,1,1,0,0,0,1,0,66108,home,6,20250323
1,1,1,2,1,0,0,0,52121,home,6,20250323
4,0,0,0,0,0,2,0,76290,home,6,20250323
1,0,0,0,0,0,1,0,68119,home,6,20250323
4,1,2,1,1,0,1,0,53123,home,6,20250323
3,1,2,2,1,1,0,0,69102,home,6,20250323
0,1,0,0,0,0,0,1,65207,home,6,20250323
4,0,0,0,0,0,1,0,79109,home,6,20250323
4,1,1,1,1,0,1,0,68110,home,6,20250323
0,0,0,0,0,0,0,0,52103,home,6,20250323
4,2,2,2,1,0,1,0,79365,home,6,20250323
0,0,0,0,0,0,0,0,52154,home,6,20250323
3,1,2,0,0,1,0,1,62415,home,6,20250323
4,1,2,2,0,0,2,0,69100,home,6,20250323
5,0,1,0,0,0,2,0,53554,away,7,20250323
5,0,0,0,0,0,2,0,78224,away,7,20250323
1,0,0,0,0,1,1,0,76232,away,7,20250323
2,0,0,0,0,0,1,0,66112,away,7,20250323
4,0,0,0,0,0,2,0,55208,away,7,20250323
4,2,3,0,0,0,1,0,63123,away,7,20250323
4,0,3,0,0,0,1,0,64153,away,7,20250323
3,0,0,0,0,1,2,0,66928,away,7,20250323
4,0,2,2,0,0,0,0,67207,away,7,20250323
4,0,0,0,0,0,0,0,79231,away,7,20250323
4,0,2,1,0,0,1,0,50854,home,7,20250323
4,0,2,3,0,0,2,0,54812,home,7,20250323
3,0,1,1,0,0,0,0,53827,home,7,20250323
4,0,0,0,0,0,3,0,62895,home,7,20250323
4,0,0,0,0,0,0,0,79456,home,7,20250323
3,0,0,0,0,0,1,0,69813,home,7,20250323
0,0,0,0,0,1,0,0,68868,home,7,20250323
0,0,0,0,0,0,0,0,68805,home,7,20250323
3,1,1,0,0,1,0,0,51868,home,7,20250323
0,0,0,0,0,0,0,1,60558,home,7,20250323
3,2,2,0,0,1,1,1,66864,home,7,20250323
3,2,2,0,0,0,0,0,54805,home,7,20250323
4,3,2,0,0,1,1,0,52366,away,8,20250323
4,0,1,0,0,0,2,0,50167,away,8,20250323
5,2,3,5,1,0,1,0,54444,away,8,20250323
5,0,1,0,0,0,1,0,65357,away,8,20250323
4,0,0,0,0,0,1,0,53344,away,8,20250323
4,0,3,2,0,0,0,0,76267,away,8,20250323
5,0,0,0,0,0,3,0,55393,away,8,20250323
1,0,0,0,0,0,1,0,54305,away,8,20250323
2,0,0,0,0,0,0,0,64984,away,8,20250323
0,1,0,0,0,1,0,0,55397,away,8,20250323
4,1,1,0,0,0,2,0,50357,away,8,20250323
5,1,3,0,0,0,0,2,50458,home,8,20250323
0,0,0,0,0,0,0,0,67005,home,8,20250323
3,0,2,3,0,1,0,0,62234,home,8,20250323
5,0,0,0,0,0,1,0,62404,home,8,20250323
0,0,0,0,0,0,0,0,68463,home,8,20250323
4,1,1,0,0,1,1,0,74540,home,8,20250323
0,1,0,0,0,0,0,0,67449,home,8,20250323
5,2,2,3,2,0,0,0,54400,home,8,20250323
5,1,1,2,1,0,3,0,75125,home,8,20250323
4,1,2,0,0,0,1,1,61404,home,8,20250323
1,0,0,0,0,0,1,0,51407,home,8,20250323
0,0,0,0,0,0,0,0,69428,home,8,20250323
4,2,3,1,1,0,0,0,52430,home,8,20250323
1,1,0,0,0,0,0,1,54408,home,8,20250323
2,1,1,1,0,2,1,0,52415,home,8,20250323
4,1,2,0,0,0,1,0,66704,away,9,20250323
1,0,0,0,0,0,1,0,68700,away,9,20250323
4,1,2,0,0,1,0,0,53764,away,9,20250323
4,0,0,1,0,1,2,0,55734,away,9,20250323
5,1,2,2,1,0,0,0,69737,away,9,20250323
3,0,1,0,0,1,0,0,79192,away,9,20250323
1,0,0,0,0,0,1,0,52769,away,9,20250323
4,0,0,0,0,0,0,0,54795,away,9,20250323
5,1,1,1,1,0,1,0,50704,away,9,20250323
2,0,0,0,0,0,0,0,78288,away,9,20250323
0,0,0,0,0,1,0,0,50707,away,9,20250323
0,0,0,0,0,0,0,0,52704,away,9,20250323
1,0,0,0,0,0,0,0,76812,away,9,20250323
4,0,0,0,0,0,1,0,64006,away,9,20250323
4,1,0,0,0,1,0,0,68050,home,9,20250323
4,1,1,1,0,1,1,0,67025,home,9,20250323
0,0,0,0,0,0,0,0,67006,home,9,20250323
5,1,2,1,0,0,0,0,79240,home,9,20250323
4,0,1,1,0,0,0,1,64004,home,9,20250323
1,0,0,0,0,0,0,0,51007,home,9,20250323
4,0,0,0,0,1,3,0,78548,home,9,20250323
0,1,0,0,0,0,0,0,50092,home,9,20250323
3,0,1,1,0,0,1,0,64007,home,9,20250323
1,0,0,0,0,0,0,0,64504,home,9,20250323
3,0,0,0,0,1,0,0,50054,home,9,20250323
5,0,1,1,0,0,0,0,64166,home,9,20250323
4,1,1,0,0,0,0,0,79402,home,9,20250323
5,0,3,2,0,0,1,0,62907,away,10,20250323
5,0,0,0,0,0,2,0,51907,away,10,20250323
3,0,0,0,0,0,0,0,77532,away,10,20250323
1,0,0,0,0,0,0,0,67905,away,10,20250323
3,1,3,1,1,1,0,0,54944,away,10,20250323
4,1,1,0,0,0,0,0,79215,away,10,20250323
2,2,1,0,0,2,0,0,63963,away,10,20250323
2,0,0,0,0,1,2,0,69995,away,10,20250323
4,0,1,1,0,0,1,0,68912,away,10,20250323
2,1,1,1,0,0,0,0,51344,away,10,20250323
1,0,0,0,0,0,1,0,62934,away,10,20250323
4,0,1,0,0,1,1,0,64646,home,10,20250323
4,0,0,0,0,0,2,0,66606,home,10,20250323
4,0,1,0,0,0,0,0,62947,home,10,20250323
2,1,0,0,0,2,1,0,55645,home,10,20250323
4,0,0,0,0,0,2,0,72443,home,10,20250323
4,1,2,1,0,0,0,0,78603,home,10,20250323
4,1,1,2,1,0,1,0,63260,home,10,20250323
4,1,1,1,1,0,0,0,68646,home,10,20250323
2,0,0,0,0,0,2,0,52667,home,10,20250323
1,0,0,0,0,0,0,0,55636,home,10,20250323
1,0,0,0,0,0,0,0,66614,home,10,20250323
4,0,0,0,0,0,1,0,66704,away,11,20250325
3,0,1,0,0,1,0,0,53764,away,11,20250325
4,0,0,0,0,0,2,0,55734,away,11,20250325
3,0,0,0,0,0,1,0,69737,away,11,20250325
3,0,0,0,0,0,2,0,79192,away,11,20250325
3,0,0,0,0,0,2,0,79608,away,11,20250325
0,0,0,0,0,0,0,0,68700,away,11,20250325
2,0,0,0,0,0,1,0,50704,away,11,20250325
1,0,0,0,0,0,0,0,54795,away,11,20250325
2,0,0,0,0,0,0,0,78288,away,11,20250325
1,0,1,0,0,0,0,0,65703,away,11,20250325
2,0,0,0,0,0,0,0,64006,away,11,20250325
1,0,0,0,0,0,0,0,52769,away,11,20250325
0,0,0,0,0,0,0,0,76812,away,11,20250325
4,1,1,0,0,0,1,0,66108,home,11,20250325
3,0,1,0,0,0,0,0,68110,home,11,20250325
0,1,0,0,0,0,0,0,52103,home,11,20250325
3,2,1,1,0,1,0,0,53123,home,11,20250325
3,0,2,2,0,1,0,0,69102,home,11,20250325
3,0,0,0,0,0,1,0,79109,home,11,20250325
4,0,1,1,0,0,0,0,79365,home,11,20250325
1,0,0,0,0,0,1,0,52121,home,11,20250325
1,0,0,0,0,0,0,0,76290,home,11,20250325
1,0,0,0,0,0,0,0,68119,home,11,20250325
4,0,0,0,0,0,3,0,62415,home,11,20250325
2,0,0,0,0,1,1,0,69100,home,11,20250325
0,1,0,0,0,0,0,0,65207,home,11,20250325
3,0,0,0,0,0,2,0,50500,away,12,20250325
1,0,1,0,0,0,0,0,60523,away,12,20250325
0,0,0,0,0,0,0,0,52568,away,12,20250325
0,0,0,0,0,0,0,0,62802,away,12,20250325
3,1,1,0,0,1,0,0,69517,away,12,20250325
0,0,0,0,0,0,0,0,62528,away,12,20250325
0,0,0,0,0,1,0,0,61102,away,12,20250325
5,0,1,0,0,0,1,0,51551,away,12,20250325
5,0,1,1,0,0,0,0,54529,away,12,20250325
5,1,1,0,0,0,1,0,52591,away,12,20250325
3,0,1,0,0,0,0,0,78513,away,12,20250325
1,0,1,0,0,0,0,1,68507,away,12,20250325
4,1,2,1,0,1,0,0,50150,away,12,20250325
3,0,0,0,0,1,1,0,68205,away,12,20250325
4,0,1,1,0,1,0,0,68518,away,12,20250325
3,0,1,0,0,2,1,1,50854,home,12,20250325
5,0,0,0,0,0,1,0,54812,home,12,20250325
4,0,1,0,0,1,1,0,67893,home,12,20250325
0,0,0,0,0,0,0,0,66864,home,12,20250325
5,1,1,1,1,0,0,0,53827,home,12,20250325
4,0,0,0,0,1,1,0,60558,home,12,20250325
3,0,0,0,0,0,0,0,79456,home,12,20250325
3,0,0,0,0,0,1,0,51868,home,12,20250325
1,0,0,0,0,0,0,0,62895,home,12,20250325
3,0,0,0,0,1,0,0,54805,home,12,20250325
4,1,1,1,1,0,1,0,69813,home,12,20250325
0,0,0,0,0,0,0,0,68805,home,12,20250325
3,1,1,0,0,1,1,0,62907,away,13,20250325
1,0,0,0,0,0,0,0,69995,away,13,20250325
2,2,1,0,0,2,0,0,51907,away,13,20250325
1,0,0,0,0,0,1,0,66965,away,13,20250325
4,1,3,0,0,0,0,0,77532,away,13,20250325
1,0,0,0,0,0,1,0,68912,away,13,20250325
4,0,1,1,0,0,2,0,54944,away,13,20250325
2,0,1,2,0,0,0,0,79215,away,13,20250325
2,1,1,0,0,0,0,0,50996,away,13,20250325
2,0,1,1,0,0,1,0,63963,away,13,20250325
2,0,0,0,0,0,1,0,67905,away,13,20250325
4,0,0,0,0,0,2,0,62244,away,13,20250325
2,0,0,0,0,1,0,0,51344,away,13,20250325
1,0,1,1,0,0,0,0,50903,away,13,20250325
4,0,0,0,0,0,2,0,62934,away,13,20250325
3,3,2,0,0,1,0,0,50458,home,13,20250325
1,0,1,0,0,0,0,0,67449,home,13,20250325
2,1,1,3,1,1,1,0,52415,home,13,20250325
1,0,0,0,0,0,0,0,54408,home,13,20250325
2,2,2,4,1,1,0,0,62404,home,13,20250325
1,0,0,0,0,0,1,0,67005,home,13,20250325
4,1,0,0,0,1,1,0,74540,home,13,20250325
0,0,0,0,0,0,0,0,69428,home,13,20250325
4,0,0,0,0,1,2,0,54400,home,13,20250325
3,2,1,1,1,2,0,0,75125,home,13,20250325
4,2,3,4,1,0,1,0,52430,home,13,20250325
1,0,0,0,0,0,1,0,65586,home,13,20250325
3,1,1,0,0,0,0,0,61404,home,13,20250325
1,0,0,0,0,1,1,0,68463,home,13,20250325
3,2,1,1,0,0,1,0,62234,home,13,20250325
5,1,1,0,0,0,2,0,53554,away,14,20250325
5,1,1,1,0,0,2,0,78224,away,14,20250325
4,0,3,0,0,0,0,0,63123,away,14,20250325
3,0,2,1,0,1,0,0,55208,away,14,20250325
4,0,0,1,0,0,0,0,76232,away,14,20250325
3,0,1,0,0,0,2,0,64153,away,14,20250325
4,0,0,0,0,0,2,0,50208,away,14,20250325
3,0,0,0,0,0,2,0,67207,away,14,20250325
1,0,1,0,0,0,0,0,63257,away,14,20250325
4,1,3,0,0,0,0,1,79231,away,14,20250325
5,1,2,2,1,0,1,0,68050,home,14,20250325
3,0,0,0,0,2,1,0,67025,home,14,20250325
5,1,2,1,1,0,1,0,79240,home,14,20250325
4,1,2,0,0,0,0,0,64004,home,14,20250325
0,0,0,0,0,0,0,0,51007,home,14,20250325
3,1,0,0,0,1,0,0,78548,home,14,20250325
2,2,1,0,0,1,0,0,50054,home,14,20250325
0,0,0,0,0,0,0,0,64504,home,14,20250325
4,1,1,3,0,0,0,0,76313,home,14,20250325
4,0,3,2,0,0,0,1,64166,home,14,20250325
4,1,1,0,0,0,1,0,79402,home,14,20250325
0,0,0,0,0,0,0,0,51003,home,14,20250325
4,2,1,0,0,1,1,1,65357,away,15,20250325
5,0,1,1,0,0,2,0,52366,away,15,20250325
4,1,2,0,0,0,1,0,50167,away,15,20250325
3,0,0,2,0,1,1,0,54444,away,15,20250325
4,1,1,1,0,0,1,0,76267,away,15,20250325
3,0,0,0,0,0,0,0,53344,away,15,20250325
1,0,1,0,0,0,0,0,55397,away,15,20250325
4,0,1,1,0,0,1,0,50357,away,15,20250325
2,0,0,0,0,0,1,0,64984,away,15,20250325
2,0,1,0,0,0,0,0,55393,away,15,20250325
4,2,2,1,1,0,1,0,55392,away,15,20250325
0,0,0,0,0,0,0,0,62332,away,15,20250325
1,0,1,0,0,0,0,1,64646,home,15,20250325
4,2,2,0,0,0,1,0,66614,home,15,20250325
5,1,2,3,1,0,0,0,55645,home,15,20250325
4,3,3,3,2,1,1,0,62947,home,15,20250325
0,0,0,0,0,0,0,0,67609,home,15,20250325
4,1,2,1,1,1,1,0,72443,home,15,20250325
4,1,2,2,0,1,0,0,78603,home,15,20250325
5,0,2,0,0,0,0,0,63260,home,15,20250325
3,0,0,0,0,0,1,0,78168,home,15,20250325
1,0,0,0,0,0,0,0,50600,home,15,20250325
3,0,1,1,0,0,0,0,78122,home,15,20250325
0,1,0,0,0,0,0,0,55636,home,15,20250325
1,0,0,0,0,0,1,0,68646,home,15,20250325
5,2,2,1,1,0,0,1,66606,home,15,20250325
4,0,0,0,0,0,0,0,66704,away,16,20250326
4,0,0,0,0,0,0,0,53764,away,16,20250326
3,0,0,0,0,1,1,0,55734,away,16,20250326
3,0,1,0,0,0,1,0,69737,away,16,20250326
3,0,1,0,0,0,0,0,79192,away,16,20250326
2,0,0,0,0,1,0,0,54795,away,16,20250326
3,0,0,0,0,0,2,0,50704,away,16,20250326
3,0,0,0,0,0,1,0,76812,away,16,20250326
3,0,0,0,0,0,0,0,64006,away,16,20250326
3,0,0,0,0,1,1,0,66108,home,16,20250326
4,0,3,2,0,0,0,0,68119,home,16,20250326
0,0,0,0,0,0,0,0,52103,home,16,20250326
4,0,1,0,0,1,1,0,53123,home,16,20250326
3,1,1,1,1,2,1,0,69102,home,16,20250326
5,0,0,0,0,0,2,0,79109,home,16,20250326
1,0,0,0,0,2,0,0,76290,home,16,20250326
1,0,0,0,0,0,1,0,68110,home,16,20250326
3,0,1,0,0,1,2,0,79365,home,16,20250326
4,1,2,0,0,0,1,0,62415,home,16,20250326
3,2,2,1,0,1,0,2,65207,home,16,20250326
4,0,2,0,0,0,1,1,50500,away,17,20250326
3,0,1,0,0,1,0,0,52591,away,17,20250326
4,0,0,0,0,0,1,0,50150,away,17,20250326
4,0,0,0,0,0,0,0,54529,away,17,20250326
3,0,1,0,0,0,1,0,51551,away,17,20250326
0,0,0,0,0,0,0,0,68507,away,17,20250326
3,1,1,0,0,0,0,0,78513,away,17,20250326
3,0,1,0,0,0,0,0,68205,away,17,20250326
2,0,0,0,0,0,2,0,62802,away,17,20250326
1,0,0,0,0,0,0,0,60523,away,17,20250326
3,0,1,1,0,0,1,0,68518,away,17,20250326
4,1,1,1,1,0,0,0,50854,home,17,20250326
4,1,2,0,0,0,2,0,54812,home,17,20250326
2,0,0,0,0,1,0,0,60558,home,17,20250326
3,0,0,0,0,1,1,0,53827,home,17,20250326
3,0,1,1,0,1,1,0,69813,home,17,20250326
0,0,0,0,0,0,0,0,68805,home,17,20250326
3,1,1,0,0,1,2,0,67893,home,17,20250326
4,0,1,0,0,0,2,0,79456,home,17,20250326
1,0,0,0,0,1,1,0,51868,home,17,20250326
0,0,0,0,0,0,0,0,76802,home,17,20250326
2,0,1,1,0,0,0,0,54805,home,17,20250326
1,0,0,0,0,0,0,0,62895,home,17,20250326
0,0,0,0,0,0,0,0,66864,home,17,20250326
3,1,1,0,0,0,1,2,62907,away,18,20250326
2,0,0,0,0,1,0,0,66965,away,18,20250326
4,1,1,1,0,0,1,0,51907,away,18,20250326
3,2,2,0,0,1,0,0,77532,away,18,20250326
1,1,1,0,0,0,0,0,50996,away,18,20250326
5,2,3,3,1,0,0,0,54944,away,18,20250326
5,1,2,1,0,0,0,0,79215,away,18,20250326
2,0,2,0,0,2,0,0,63963,away,18,20250326
0,0,0,0,0,0,0,1,67905,away,18,20250326
3,0,1,0,0,1,0,0,68912,away,18,20250326
3,0,1,2,0,0,1,0,50903,away,18,20250326
1,0,0,0,0,0,0,0,51344,away,18,20250326
5,0,1,0,0,0,0,0,69995,away,18,20250326
4,2,1,0,0,0,1,0,50458,home,18,20250326
2,2,0,0,0,1,1,0,52415,home,18,20250326
4,0,2,2,0,0,0,0,62404,home,18,20250326
4,0,1,2,0,0,1,0,74540,home,18,20250326
4,0,0,0,0,0,1,0,54400,home,18,20250326
4,1,1,0,0,0,2,0,52430,home,18,20250326
4,1,1,2,1,0,1,0,75125,home,18,20250326
4,0,0,0,0,0,1,0,62234,home,18,20250326
3,0,0,0,0,0,1,0,68463,home,18,20250326
1,0,0,0,0,0,0,0,61404,home,18,20250326
4,1,1,0,0,0,1,0,53554,away,19,20250326
1,0,0,0,0,0,0,0,54214,away,19,20250326
4,0,1,0,0,0,1,0,78224,away,19,20250326
4,1,1,0,0,0,1,0,63123,away,19,20250326
4,1,2,1,0,0,0,0,55208,away,19,20250326
4,0,2,1,0,0,0,0,76232,away,19,20250326
4,0,1,1,0,0,1,0,64153,away,19,20250326
0,0,0,0,0,0,0,0,50204,away,19,20250326
4,0,1,0,0,0,1,0,66928,away,19,20250326
3,0,0,0,0,0,2,0,50208,away,19,20250326
1,0,0,0,0,0,0,0,67207,away,19,20250326
4,0,1,0,0,0,0,0,79231,away,19,20250326
5,0,1,0,0,0,0,0,68050,home,19,20250326
4,0,1,0,0,0,1,0,67025,home,19,20250326
4,0,1,1,0,0,0,0,79240,home,19,20250326
4,0,2,0,0,0,0,0,64004,home,19,20250326
4,1,1,0,0,0,1,0,78548,home,19,20250326
2,0,0,0,0,0,1,0,76313,home,19,20250326
1,0,0,0,0,1,0,0,64007,home,19,20250326
2,0,1,1,0,1,0,0,64504,home,19,20250326
1,0,0,0,0,0,1,0,50054,home,19,20250326
4,0,0,0,0,0,1,0,64166,home,19,20250326
3,1,2,0,0,1,0,0,79402,home,19,20250326
0,0,0,0,0,0,0,0,50092,home,19,20250326
5,2,2,1,0,0,0,0,52366,away,20,20250326
2,1,1,0,0,0,0,0,50357,away,20,20250326
6,1,3,2,0,0,1,0,50167,away,20,20250326
4,2,2,4,1,2,2,0,54444,away,20,20250326
5,2,2,2,0,1,1,0,65357,away,20,20250326
6,2,3,2,0,0,0,0,76267,away,20,20250326
5,3,4,2,0,0,0,0,55397,away,20,20250326
1,0,0,0,0,0,1,0,78135,away,20,20250326
2,1,1,0,0,2,0,0,55393,away,20,20250326
1,0,1,0,0,1,0,0,64984,away,20,20250326
5,2,1,1,0,0,0,0,62332,away,20,20250326
5,1,1,1,0,1,1,0,78756,away,20,20250326
4,1,1,0,0,1,1,1,66606,home,20,20250326
1,0,1,1,0,0,0,0,78168,home,20,20250326
2,2,1,0,0,2,1,0,55645,home,20,20250326
1,0,1,2,0,1,0,0,66614,home,20,20250326
3,0,1,3,0,2,0,0,62947,home,20,20250326
1,0,0,0,0,0,0,0,55636,home,20,20250326
4,1,2,2,0,1,0,0,72443,home,20,20250326
0,1,0,0,0,1,0,0,50600,home,20,20250326
5,0,0,0,0,1,1,0,78603,home,20,20250326
5,0,1,1,0,0,0,0,63260,home,20,20250326
1,0,0,0,0,0,1,0,67609,home,20,20250326
6,1,2,1,0,0,3,0,69727,home,20,20250326
2,0,0,0,0,1,0,0,78122,home,20,20250326
3,1,1,0,0,0,0,0,68646,home,20,20250326
3,3,2,0,0,2,0,0,52667,home,20,20250326
3,1,0,0,0,1,2,0,66704,away,21,20250327
4,0,0,0,0,0,1,0,53764,away,21,20250327
3,0,1,1,0,1,0,0,55734,away,21,20250327
4,0,0,0,0,0,0,0,69737,away,21,20250327
3,0,0,0,0,0,0,0,79192,away,21,20250327
3,0,0,0,0,0,1,0,79608,away,21,20250327
2,0,1,0,0,1,0,0,50704,away,21,20250327
0,0,0,0,0,0,0,0,68700,away,21,20250327
1,0,0,0,0,0,0,0,78288,away,21,20250327
1,0,0,0,0,0,0,0,50707,away,21,20250327
0,0,0,0,0,0,0,0,76812,away,21,20250327
3,0,0,0,0,0,1,0,64006,away,21,20250327
4,0,1,0,0,0,1,0,66108,home,21,20250327
1,0,0,0,0,0,0,1,68119,home,21,20250327
3,0,1,0,0,0,1,0,68110,home,21,20250327
3,1,1,0,0,1,1,0,53123,home,21,20250327
4,1,1,0,0,0,1,0,69102,home,21,20250327
3,0,0,0,0,1,1,0,79109,home,21,20250327
4,0,1,2,0,0,0,0,76290,home,21,20250327
2,0,0,0,0,1,1,0,52154,home,21,20250327
0,0,0,0,0,0,0,0,52103,home,21,20250327
1,0,0,0,0,0,0,0,79365,home,21,20250327
2,0,0,0,0,1,1,0,62415,home,21,20250327
3,0,0,0,0,0,0,0,65207,home,21,20250327
1,1,0,0,0,3,0,0,52591,away,22,20250327
2,0,0,0,0,2,2,0,60523,away,22,20250327
3,0,0,0,0,0,0,0,51551,away,22,20250327
3,0,0,1,0,0,2,0,54529,away,22,20250327
4,0,0,0,0,0,1,0,78513,away,22,20250327
3,0,0,0,0,0,0,0,50150,away,22,20250327
2,1,0,0,0,0,1,1,62802,away,22,20250327
0,0,0,0,0,1,0,0,52568,away,22,20250327
3,0,0,0,0,0,2,0,68205,away,22,20250327
1,0,1,0,0,0,0,0,61102,away,22,20250327
0,0,0,0,0,0,0,0,50500,away,22,20250327
4,0,1,1,0,0,2,0,68518,away,22,20250327
4,1,2,1,0,1,0,0,50854,home,22,20250327
4,2,1,0,0,0,1,0,54812,home,22,20250327
2,1,1,1,0,2,0,0,67893,home,22,20250327
4,0,2,2,0,0,1,0,53827,home,22,20250327
4,0,2,1,0,0,1,0,62895,home,22,20250327
4,0,1,0,0,0,3,0,69813,home,22,20250327
0,0,0,0,0,0,0,0,79456,home,22,20250327
4,0,0,0,0,0,1,0,51868,home,22,20250327
0,0,0,0,0,0,0,0,60558,home,22,20250327
4,0,1,0,0,0,2,0,54805,home,22,20250327
3,0,1,0,0,0,1,0,51865,home,22,20250327
1,1,0,0,0,0,0,0,68805,home,22,20250327
4,4,3,1,1,2,0,0,63963,away,23,20250327
4,3,4,4,0,1,0,1,51907,away,23,20250327
6,0,3,2,0,0,0,0,77532,away,23,20250327
3,0,0,3,0,1,0,0,54944,away,23,20250327
0,0,0,0,0,0,0,0,50903,away,23,20250327
5,0,2,0,0,0,1,0,79215,away,23,20250327
5,1,1,0,0,0,3,0,68912,away,23,20250327
4,2,2,0,0,1,0,0,66965,away,23,20250327
4,0,1,1,0,0,2,0,51344,away,23,20250327
1,0,0,0,0,0,0,0,69995,away,23,20250327
1,1,0,0,0,1,0,0,50996,away,23,20250327
3,0,1,0,0,0,1,0,67905,away,23,20250327
3,1,1,0,0,2,0,0,50458,home,23,20250327
0,0,0,0,0,0,0,0,54408,home,23,20250327
4,2,2,1,1,1,1,0,52415,home,23,20250327
4,1,0,0,0,1,0,0,62404,home,23,20250327
2,0,0,1,0,1,0,0,52430,home,23,20250327
3,0,0,0,0,1,1,0,75125,home,23,20250327
4,1,1,0,0,0,1,0,54400,home,23,20250327
3,0,0,0,0,0,0,0,62234,home,23,20250327
3,0,0,0,0,1,0,0,61404,home,23,20250327
3,0,1,0,0,0,0,0,69428,home,23,20250327
1,0,0,0,0,0,1,0,67449,home,23,20250327
3,0,1,0,0,1,0,1,67207,away,24,20250327
1,0,0,0,0,0,1,0,63257,away,24,20250327
4,1,2,1,1,0,1,0,78224,away,24,20250327
5,0,0,0,0,0,1,0,63123,away,24,20250327
4,0,1,0,0,0,1,1,55208,away,24,20250327
3,1,0,0,0,1,2,0,76232,away,24,20250327
4,0,0,0,0,0,2,0,64153,away,24,20250327
3,1,1,0,0,1,0,0,66928,away,24,20250327
1,0,0,0,0,0,1,0,53554,away,24,20250327
1,0,1,2,0,0,0,0,66112,away,24,20250327
3,0,2,0,0,0,0,0,79231,away,24,20250327
4,0,0,0,0,0,2,0,68050,home,24,20250327
2,1,0,0,0,2,0,0,67025,home,24,20250327
4,1,2,0,0,0,1,0,79240,home,24,20250327
2,1,1,0,0,0,0,1,64004,home,24,20250327
0,0,0,0,0,0,0,0,51007,home,24,20250327
4,0,1,1,0,0,3,0,78548,home,24,20250327
3,0,1,2,0,0,0,0,50054,home,24,20250327
1,0,0,0,0,0,0,0,64504,home,24,20250327
4,0,0,0,0,0,2,0,64007,home,24,20250327
4,1,1,1,1,0,2,0,64166,home,24,20250327
3,0,1,0,0,0,0,0,79402,home,24,20250327
4,1,1,0,0,1,0,0,52366,away,25,20250327
3,0,2,0,0,2,1,0,50167,away,25,20250327
2,1,0,1,0,2,1,0,54444,away,25,20250327
4,1,0,0,0,1,1,0,65357,away,25,20250327
5,1,2,2,0,0,0,0,76267,away,25,20250327
4,0,1,0,0,0,1,0,55397,away,25,20250327
3,0,0,0,0,0,0,0,78135,away,25,20250327
2,0,1,1,0,0,0,0,55392,away,25,20250327
3,1,1,0,0,0,0,0,62332,away,25,20250327
0,0,0,0,0,0,0,0,50357,away,25,20250327
1,0,0,0,0,0,1,0,55393,away,25,20250327
1,0,0,0,0,0,1,0,78756,away,25,20250327
1,0,0,0,0,1,0,0,64984,away,25,20250327
1,0,1,0,0,0,0,0,53344,away,25,20250327
4,1,3,0,0,1,0,0,78603,home,25,20250327
4,0,0,0,0,1,0,0,55645,home,25,20250327
3,1,1,2,1,2,1,0,62947,home,25,20250327
3,1,0,0,0,1,0,0,72443,home,25,20250327
3,0,0,0,0,1,1,0,63260,home,25,20250327
0,0,0,0,0,0,0,0,67609,home,25,20250327
4,0,0,0,0,0,0,0,68646,home,25,20250327
3,0,1,0,0,1,2,0,66606,home,25,20250327
3,0,0,0,0,0,0,0,69727,home,25,20250327
4,0,1,1,0,0,1,0,66614,home,25,20250327
4,0,2,0,0,0,0,0,50458,away,26,20250328
4,0,1,0,0,0,2,0,52415,away,26,20250328
4,0,0,0,0,0,0,0,62404,away,26,20250328
4,0,1,0,0,0,0,0,74540,away,26,20250328
4,0,0,0,0,0,2,0,54400,away,26,20250328
2,0,0,0,0,1,0,0,75125,away,26,20250328
3,0,1,0,0,0,1,0,52430,away,26,20250328
0,0,0,0,0,0,0,0,67449,away,26,20250328
2,0,0,0,0,0,0,0,61404,away,26,20250328
1,0,0,0,0,0,1,0,65586,away,26,20250328
2,0,1,0,0,1,0,0,62234,away,26,20250328
3,0,0,0,0,0,1,0,53554,home,26,20250328
1,0,0,0,0,0,0,0,54214,home,26,20250328
3,1,1,0,0,0,1,0,78224,home,26,20250328
3,0,1,2,0,0,1,0,63123,home,26,20250328
3,0,0,0,0,0,1,0,55208,home,26,20250328
2,0,0,0,0,1,1,0,76232,home,26,20250328
3,0,1,0,0,0,1,0,64153,home,26,20250328
0,0,0,0,0,0,0,0,64468,home,26,20250328
3,0,0,0,0,0,2,0,66928,home,26,20250328
3,0,0,0,0,0,3,0,67207,home,26,20250328
3,1,1,0,0,0,0,0,79231,home,26,20250328
5,0,1,0,0,0,2,0,68050,away,27,20250328
3,0,0,0,0,1,2,0,67025,away,27,20250328
4,0,0,0,0,0,1,0,79240,away,27,20250328
4,0,2,0,0,0,1,0,64004,away,27,20250328
4,0,0,0,0,0,0,0,78548,away,27,20250328
3,0,0,0,0,0,0,0,50054,away,27,20250328
1,1,1,0,0,0,0,0,76313,away,27,20250328
4,1,1,0,0,0,1,0,64007,away,27,20250328
0,0,0,0,0,0,0,0,64504,away,27,20250328
4,0,1,1,0,0,1,0,64166,away,27,20250328
2,0,1,1,0,2,0,0,79402,away,27,20250328
4,0,0,0,0,0,2,0,52591,home,27,20250328
4,0,0,0,0,0,0,0,60523,home,27,20250328
4,0,0,0,0,0,0,0,78513,home,27,20250328
4,0,0,0,0,0,0,0,54529,home,27,20250328
4,0,1,0,0,0,3,0,51551,home,27,20250328
3,0,0,0,0,1,0,0,50150,home,27,20250328
3,0,0,0,0,0,3,0,68205,home,27,20250328
0,0,0,0,0,0,0,0,54598,home,27,20250328
1,0,0,0,0,0,1,0,52516,home,27,20250328
3,0,2,0,0,0,0,0,77564,home,27,20250328
0,0,0,0,0,0,0,0,68507,home,27,20250328
0,0,0,0,0,0,0,0,52568,home,27,20250328
2,0,1,0,0,0,0,0,61102,home,27,20250328
0,0,0,0,0,0,0,0,68518,home,27,20250328
4,0,0,0,0,0,2,0,66108,away,28,20250328
4,0,2,0,0,0,1,0,68110,away,28,20250328
0,1,0,0,0,0,0,0,52103,away,28,20250328
2,0,0,0,0,0,2,0,51100,away,28,20250328
3,1,1,1,1,2,0,0,53123,away,28,20250328
3,1,0,0,0,2,0,0,69102,away,28,20250328
5,1,3,1,0,0,0,0,79365,away,28,20250328
3,0,0,0,0,0,1,0,52121,away,28,20250328
2,1,1,0,0,0,1,0,76290,away,28,20250328
2,0,1,0,0,1,0,0,69100,away,28,20250328
1,1,1,1,0,0,0,0,79109,away,28,20250328
3,2,0,0,0,2,1,0,62415,away,28,20250328
4,0,2,3,0,1,0,0,65207,away,28,20250328
0,1,0,0,0,0,0,0,63963,home,28,20250328
3,0,0,0,0,0,1,0,50903,home,28,20250328
1,0,0,0,0,0,0,0,67905,home,28,20250328
4,0,0,0,0,1,1,0,51907,home,28,20250328
4,0,2,2,0,1,0,0,77532,home,28,20250328
4,0,1,1,0,0,2,0,54944,home,28,20250328
3,1,1,0,0,1,2,0,79215,home,28,20250328
4,0,1,1,0,0,2,0,68912,home,28,20250328
4,0,2,0,0,0,0,1,66965,home,28,20250328
3,0,1,0,0,0,0,0,51344,home,28,20250328
1,1,0,0,0,0,1,0,69995,home,28,20250328
3,1,1,0,0,1,1,0,50996,home,28,20250328
3,1,1,0,0,0,1,0,50854,away,29,20250328
1,0,1,1,0,0,0,0,60558,away,29,20250328
3,1,1,1,1,0,0,0,67893,away,29,20250328
1,0,0,0,0,0,0,0,76802,away,29,20250328
3,0,1,1,0,0,0,0,53827,away,29,20250328
1,0,0,0,0,0,1,0,68805,away,29,20250328
4,0,0,0,0,0,2,0,62895,away,29,20250328
4,0,2,0,0,0,0,0,51868,away,29,20250328
2,0,0,0,0,1,1,0,79456,away,29,20250328
1,0,0,0,0,0,0,0,51865,away,29,20250328
3,0,0,0,0,0,3,0,66864,away,29,20250328
1,0,0,0,0,0,0,0,54812,away,29,20250328
4,0,0,0,0,0,1,0,69813,away,29,20250328
3,1,1,0,0,0,1,0,54805,away,29,20250328
5,2,2,2,1,0,0,0,52366,home,29,20250328
0,0,0,0,0,0,0,0,50357,home,29,20250328
5,1,1,0,0,0,3,0,50167,home,29,20250328
3,1,1,1,0,1,0,0,54444,home,29,20250328
1,0,0,0,0,0,1,0,78135,home,29,20250328
5,1,2,2,0,0,1,0,65357,home,29,20250328
3,0,1,1,0,1,0,0,76267,home,29,20250328
3,1,1,0,0,1,2,0,55397,home,29,20250328
3,1,0,0,0,1,2,0,53344,home,29,20250328
0,0,0,0,0,0,0,0,62332,home,29,20250328
4,1,2,0,0,0,1,0,64984,home,29,20250328
3,1,1,1,0,0,0,0,55392,home,29,20250328
0,0,0,0,0,0,0,0,78756,home,29,20250328
3,0,1,0,0,0,1,0,78603,away,30,20250328
2,0,0,0,0,0,2,0,69727,away,30,20250328
4,0,0,0,0,0,2,0,50600,away,30,20250328
3,0,0,0,0,1,1,0,62947,away,30,20250328
4,1,1,0,0,0,0,0,72443,away,30,20250328
2,1,1,2,1,1,1,0,55645,away,30,20250328
3,0,1,0,0,0,1,0,63260,away,30,20250328
1,0,1,0,0,0,0,0,67609,away,30,20250328
3,0,2,0,0,0,1,0,66606,away,30,20250328
1,0,0,0,0,0,0,0,55636,away,30,20250328
3,0,0,0,0,0,0,0,78122,away,30,20250328
1,0,0,0,0,0,0,0,78168,away,30,20250328
3,0,1,0,0,0,2,0,66614,away,30,20250328
0,0,0,0,0,1,0,0,68646,away,30,20250328
4,1,0,1,0,1,1,0,54795,home,30,20250328
3,0,0,1,0,0,1,0,50707,home,30,20250328
0,0,0,0,0,0,0,0,76812,home,30,20250328
3,0,1,2,0,1,1,1,55734,home,30,20250328
4,0,0,0,0,0,2,0,69737,home,30,20250328
3,0,1,0,0,1,1,0,79192,home,30,20250328
4,2,2,1,1,0,0,0,66704,home,30,20250328
2,0,0,0,0,1,1,0,50704,home,30,20250328
1,1,0,0,0,0,0,1,68700,home,30,20250328
2,0,2,0,0,0,0,0,78288,home,30,20250328
1,2,0,0,0,1,0,0,66657,home,30,20250328
2,0,0,0,0,0,0,1,64006,home,30,20250328
0,1,0,0,0,1,0,0,53764,home,30,20250328
1,0,1,1,0,0,0,0,65703,home,30,20250328
4,1,1,0,0,0,0,0,50854,away,31,20250329
3,0,1,0,0,1,2,0,54812,away,31,20250329
4,0,0,0,0,0,2,0,67893,away,31,20250329
4,0,1,0,0,0,0,0,53827,away,31,20250329
4,0,2,1,0,0,0,0,51868,away,31,20250329
4,0,1,0,0,0,2,0,62895,away,31,20250329
0,0,0,0,0,0,0,0,68805,away,31,20250329
3,0,0,0,0,0,0,0,79456,away,31,20250329
1,0,0,0,0,0,0,0,60558,away,31,20250329
3,0,0,0,0,0,1,0,54805,away,31,20250329
1,0,0,0,0,0,1,0,69813,away,31,20250329
2,0,1,0,0,0,0,0,54815,away,31,20250329
3,0,1,0,0,0,0,0,52366,home,31,20250329
4,0,1,0,0,0,1,0,50167,home,31,20250329
4,1,2,2,1,0,0,0,54444,home,31,20250329
3,0,1,0,0,1,0,0,65357,home,31,20250329
4,1,2,1,1,0,1,0,76267,home,31,20250329
4,0,1,0,0,0,2,0,53344,home,31,20250329
3,0,1,0,0,1,1,1,50357,home,31,20250329
1,0,0,0,0,0,0,0,78756,home,31,20250329
4,0,0,0,0,0,1,0,64984,home,31,20250329
5,0,0,0,0,0,2,0,66606,away,32,20250329
4,0,0,0,0,0,1,0,78168,away,32,20250329
1,0,0,0,0,0,0,0,78603,away,32,20250329
2,1,0,0,0,2,0,0,62947,away,32,20250329
4,2,2,2,1,0,1,0,72443,away,32,20250329
2,1,1,1,1,2,1,0,55645,away,32,20250329
3,0,0,0,0,1,1,0,63260,away,32,20250329
0,0,0,0,0,0,0,0,67609,away,32,20250329
3,0,1,1,0,0,0,0,68646,away,32,20250329
0,0,0,0,0,0,0,0,78122,away,32,20250329
3,0,1,0,0,0,2,0,50600,away,32,20250329
0,0,0,0,0,1,0,0,55636,away,32,20250329
3,0,1,0,0,1,1,0,66614,away,32,20250329
5,1,1,1,0,0,2,0,54795,home,32,20250329
3,0,0,1,0,1,1,0,66704,home,32,20250329
4,0,1,0,0,0,1,0,55734,home,32,20250329
3,0,0,0,0,1,0,0,69737,home,32,20250329
3,0,2,1,0,0,0,0,79192,home,32,20250329
0,0,0,0,0,0,0,0,50704,home,32,20250329
3,0,1,0,0,0,0,0,66657,home,32,20250329
1,1,1,0,0,0,0,0,53764,home,32,20250329
0,0,0,0,0,0,0,0,76812,home,32,20250329
3,0,0,0,0,0,1,0,68700,home,32,20250329
1,1,0,0,0,0,0,0,65703,home,32,20250329
2,1,1,0,0,1,1,0,78288,home,32,20250329
1,0,1,2,0,0,0,0,79608,home,32,20250329
0,0,0,0,0,0,0,1,50707,home,32,20250329
3,1,1,0,0,0,1,0,64006,home,32,20250329
6,1,2,2,0,0,1,0,50458,away,33,20250329
5,1,2,1,0,1,1,0,52415,away,33,20250329
4,1,0,0,0,1,2,0,62404,away,33,20250329
4,1,1,0,0,1,1,0,74540,away,33,20250329
0,0,0,0,0,0,0,0,69428,away,33,20250329
2,1,0,0,0,1,1,0,75125,away,33,20250329
2,0,1,1,0,0,0,0,54400,away,33,20250329
4,1,3,1,0,0,0,0,52430,away,33,20250329
0,0,0,0,0,1,0,0,65586,away,33,20250329
4,1,1,1,0,0,1,0,61404,away,33,20250329
1,1,0,0,0,0,0,0,68463,away,33,20250329
2,0,0,0,0,0,1,0,54408,away,33,20250329
3,3,3,1,0,0,0,0,62234,away,33,20250329
4,2,2,2,0,0,1,0,67449,away,33,20250329
3,0,0,0,0,0,1,0,53554,home,33,20250329
1,0,0,0,0,0,1,0,63257,home,33,20250329
4,1,1,0,0,0,1,0,78224,home,33,20250329
3,1,0,0,0,1,1,0,63123,home,33,20250329
2,0,1,1,0,1,0,0,55208,home,33,20250329
1,0,0,0,0,0,1,0,64468,home,33,20250329
2,0,0,1,0,0,0,0,76232,home,33,20250329
1,0,0,0,0,0,0,0,66112,home,33,20250329
3,0,0,0,0,0,2,0,64153,home,33,20250329
3,0,0,0,0,0,1,0,66928,home,33,20250329
3,0,0,0,0,0,0,0,67207,home,33,20250329
3,0,1,0,0,0,0,0,79231,home,33,20250329
0,0,0,0,0,0,0,0,54214,home,33,20250329
4,0,1,0,0,1,1,0,68050,away,34,20250329
2,1,0,0,0,2,0,0,67025,away,34,20250329
4,0,2,0,0,0,0,0,79240,away,34,20250329
4,0,1,1,0,0,2,0,64004,away,34,20250329
4,0,0,0,0,0,2,0,78548,away,34,20250329
0,0,0,0,0,0,0,0,68089,away,34,20250329
4,0,0,0,0,0,1,0,76313,away,34,20250329
4,0,1,0,0,0,3,0,50054,away,34,20250329
4,0,0,0,0,0,0,0,64166,away,34,20250329
2,0,1,0,0,2,0,0,79402,away,34,20250329
4,0,1,1,0,0,0,0,78513,home,34,20250329
0,0,0,0,0,0,0,0,52591,home,34,20250329
4,0,0,1,0,0,1,0,77564,home,34,20250329
0,0,0,0,0,0,0,0,68205,home,34,20250329
4,0,1,0,0,0,0,0,50150,home,34,20250329
4,0,1,0,0,0,0,0,54529,home,34,20250329
4,1,2,1,1,0,1,0,51551,home,34,20250329
2,0,0,0,0,0,1,0,61102,home,34,20250329
2,0,0,0,0,0,0,0,68518,home,34,20250329
3,1,1,0,0,0,1,0,60523,home,34,20250329
2,0,1,0,0,0,1,0,52568,home,34,20250329
0,0,0,0,0,1,0,0,54598,home,34,20250329
1,1,1,0,0,0,0,0,68507,home,34,20250329
3,2,1,1,0,2,0,0,66108,away,35,20250329
1,0,0,0,0,0,0,0,52121,away,35,20250329
5,3,2,3,0,1,0,0,65207,away,35,20250329
5,1,2,3,1,0,0,0,53123,away,35,20250329
1,1,0,0,0,0,0,0,51100,away,35,20250329
3,2,1,2,1,0,1,0,69102,away,35,20250329
3,0,0,0,0,0,0,0,69100,away,35,20250329
4,0,3,2,0,0,1,0,79109,away,35,20250329
3,1,0,0,0,2,0,0,68110,away,35,20250329
3,0,1,1,0,1,0,0,76290,away,35,20250329
1,1,0,0,0,0,0,1,52103,away,35,20250329
3,1,0,0,0,1,1,0,79365,away,35,20250329
1,0,1,0,0,0,0,0,52154,away,35,20250329
3,2,1,0,0,1,2,0,62415,away,35,20250329
0,0,0,0,0,0,0,0,51526,away,35,20250329
0,0,0,0,0,0,0,0,55167,away,35,20250329
2,0,0,0,0,1,2,0,62907,home,35,20250329
1,0,0,0,0,0,0,0,50903,home,35,20250329
4,0,0,0,0,0,0,0,51907,home,35,20250329
3,1,2,0,0,0,1,0,77532,home,35,20250329
1,0,0,0,0,0,1,0,50996,home,35,20250329
4,1,2,2,1,0,0,0,54944,home,35,20250329
3,0,0,0,0,0,1,0,79215,home,35,20250329
1,0,0,0,0,0,0,0,67905,home,35,20250329
4,0,0,0,0,0,2,0,63963,home,35,20250329
2,0,0,0,0,0,1,0,66965,home,35,20250329
2,0,1,0,0,0,0,0,69995,home,35,20250329
2,1,1,1,1,0,0,0,68912,home,35,20250329
2,0,0,0,0,0,1,0,62244,home,35,20250329
4,1,2,1,1,0,0,0,51344,home,35,20250329
1,2,1,0,0,1,0,1,50458,away,36,20250330
1,0,0,0,0,1,0,0,61404,away,36,20250330
1,0,1,2,0,1,0,0,52415,away,36,20250330
2,0,0,0,0,0,1,0,54408,away,36,20250330
4,0,1,1,0,0,0,0,62404,away,36,20250330
4,0,1,0,0,0,0,0,74540,away,36,20250330
4,0,0,0,0,0,0,0,54400,away,36,20250330
4,0,0,0,0,0,2,0,52430,away,36,20250330
3,0,0,0,0,0,0,0,75125,away,36,20250330
3,0,0,0,0,0,0,0,62234,away,36,20250330
3,1,1,0,0,0,0,0,67449,away,36,20250330
3,0,0,1,0,0,1,0,79231,home,36,20250330
3,0,0,0,0,1,1,0,78224,home,36,20250330
0,0,0,0,0,0,0,0,68362,home,36,20250330
4,1,2,1,1,0,1,0,63123,home,36,20250330
4,0,0,0,0,0,1,0,55208,home,36,20250330
4,0,0,0,0,0,1,0,76232,home,36,20250330
3,0,0,0,0,0,1,0,66112,home,36,20250330
1,0,0,0,0,0,0,0,63257,home,36,20250330
2,0,0,0,0,1,1,0,50208,home,36,20250330
2,1,1,0,0,0,0,0,64468,home,36,20250330
1,0,0,0,0,0,1,0,53554,home,36,20250330
0,0,0,0,0,0,0,0,66928,home,36,20250330
3,0,1,0,0,0,0,0,67207,home,36,20250330
4,0,0,1,0,1,2,0,67025,away,37,20250330
4,0,0,0,0,0,1,0,68050,away,37,20250330
1,0,1,0,0,0,0,0,78548,away,37,20250330
0,0,0,0,0,1,0,0,50054,away,37,20250330
4,0,1,1,0,1,0,0,79240,away,37,20250330
4,0,1,0,0,0,0,0,64004,away,37,20250330
0,0,0,0,0,0,0,0,51007,away,37,20250330
1,0,0,0,0,0,1,0,67006,away,37,20250330
2,1,0,0,0,3,0,0,79402,away,37,20250330
0,0,0,0,0,0,0,0,51003,away,37,20250330
5,0,1,0,0,0,3,0,64007,away,37,20250330
4,1,1,0,0,1,2,0,76313,away,37,20250330
0,0,0,0,0,0,0,0,68089,away,37,20250330
4,2,1,2,0,0,0,0,64504,away,37,20250330
4,0,1,0,0,0,1,0,64166,away,37,20250330
4,0,2,0,0,1,1,0,78513,home,37,20250330
5,0,1,0,0,0,2,0,50150,home,37,20250330
4,1,1,1,1,1,1,0,51551,home,37,20250330
4,0,1,1,0,0,1,0,54529,home,37,20250330
3,1,0,0,0,2,1,0,52591,home,37,20250330
3,0,1,0,0,1,0,0,77564,home,37,20250330
0,1,0,0,0,0,0,0,68205,home,37,20250330
3,0,0,0,0,0,1,0,68518,home,37,20250330
1,0,0,0,0,0,0,0,61102,home,37,20250330
3,0,0,0,0,0,1,0,54598,home,37,20250330
1,0,1,1,0,0,0,0,60523,home,37,20250330
1,0,1,1,0,0,0,0,52568,home,37,20250330
5,1,2,0,0,0,1,0,68507,home,37,20250330
5,1,2,1,0,0,0,0,50854,away,39,20250330
3,2,0,0,0,1,1,1,54812,away,39,20250330
4,1,2,1,0,0,0,0,53827,away,39,20250330
2,1,1,2,1,2,0,0,62895,away,39,20250330
1,1,0,0,0,0,0,0,66864,away,39,20250330
4,1,0,1,0,1,0,0,67893,away,39,20250330
2,0,0,0,0,1,1,0,51868,away,39,20250330
0,1,0,1,0,0,0,0,68805,away,39,20250330
2,0,0,1,0,1,0,0,60558,away,39,20250330
4,0,1,0,0,0,1,0,79456,away,39,20250330
3,0,0,1,0,0,1,0,54805,away,39,20250330
5,0,0,0,0,0,0,0,52366,home,39,20250330
2,1,1,0,0,2,0,0,50167,home,39,20250330
4,0,0,0,0,0,1,0,54444,home,39,20250330
2,1,1,1,1,2,0,0,65357,home,39,20250330
4,0,1,1,0,0,0,0,76267,home,39,20250330
4,0,2,0,0,0,1,0,55397,home,39,20250330
3,0,0,0,0,0,2,0,50357,home,39,20250330
2,0,0,0,0,0,1,0,62332,home,39,20250330
1,0,0,0,0,0,0,0,55392,home,39,20250330
1,0,0,0,0,0,0,0,53344,home,39,20250330
4,0,2,0,0,0,0,0,64984,home,39,20250330
5,0,1,0,0,0,2,1,55636,away,40,20250330
4,1,2,2,1,0,1,0,55645,away,40,20250330
4,1,1,0,0,0,2,0,62947,away,40,20250330
0,0,0,0,0,0,0,0,66606,away,40,20250330
4,0,1,0,0,0,0,0,72443,away,40,20250330
2,0,0,0,0,1,0,0,63260,away,40,20250330
1,0,0,0,0,0,0,0,68646,away,40,20250330
3,0,2,1,0,0,0,0,69727,away,40,20250330
1,1,0,0,0,0,0,0,50600,away,40,20250330
3,0,1,0,0,0,1,1,78168,away,40,20250330
2,0,0,0,0,0,0,0,78122,away,40,20250330
1,0,1,1,0,0,0,0,78603,away,40,20250330
1,1,0,0,0,0,0,0,67609,away,40,20250330
4,1,2,1,0,0,1,0,66614,away,40,20250330
4,0,1,0,0,1,1,0,54795,home,40,20250330
4,0,0,0,0,1,1,0,79608,home,40,20250330
3,0,1,2,0,1,0,0,55734,home,40,20250330
4,0,0,0,0,0,3,0,69737,home,40,20250330
4,0,0,0,0,0,1,0,79192,home,40,20250330
2,1,0,0,0,1,1,1,66704,home,40,20250330
3,0,0,0,0,0,0,0,50704,home,40,20250330
1,0,0,0,0,0,1,0,50707,home,40,20250330
2,1,1,0,0,0,0,0,78288,home,40,20250330
1,0,0,0,0,0,0,0,53764,home,40,20250330
0,0,0,0,0,0,0,0,76812,home,40,20250330
4,1,3,1,0,0,0,1,64006,home,40,20250330
3,1,0,0,0,1,1,0,52366,away,46,20250402
3,1,1,3,1,0,0,0,50167,away,46,20250402
4,0,1,0,0,0,1,0,54444,away,46,20250402
4,0,0,0,0,0,1,0,65357,away,46,20250402
4,0,1,0,0,0,2,0,76267,away,46,20250402
4,0,0,0,0,0,2,0,55397,away,46,20250402
2,0,0,0,0,0,1,0,55392,away,46,20250402
2,0,1,0,0,0,1,0,64984,away,46,20250402
3,1,1,0,0,0,2,0,62332,away,46,20250402
1,0,0,0,0,0,0,0,50357,away,46,20250402
1,0,0,0,0,0,1,0,64346,away,46,20250402
0,0,0,0,0,0,0,0,78756,away,46,20250402
5,1,2,0,0,0,1,0,79231,home,46,20250402
3,0,1,0,0,1,0,0,68362,home,46,20250402
3,0,1,0,0,1,1,0,63123,home,46,20250402
3,0,0,1,0,2,0,0,78224,home,46,20250402
5,0,0,0,0,0,0,0,76232,home,46,20250402
3,1,1,1,1,1,0,0,64153,home,46,20250402
4,0,0,0,0,0,1,0,53554,home,46,20250402
0,0,0,0,0,0,0,0,64468,home,46,20250402
4,1,1,0,0,0,1,0,50208,home,46,20250402
0,0,0,0,0,0,0,0,66209,home,46,20250402
3,1,1,0,0,1,2,0,66928,home,46,20250402
0,1,0,0,0,0,0,0,67207,home,46,20250402
2,2,1,0,0,2,1,0,66108,away,48,20250402
5,0,1,0,0,0,3,1,68110,away,48,20250402
4,2,2,2,1,1,0,1,53123,away,48,20250402
4,1,2,1,0,0,1,0,69102,away,48,20250402
4,0,0,0,0,1,2,0,79365,away,48,20250402
5,0,2,2,0,0,2,0,79109,away,48,20250402
2,0,0,0,0,0,0,0,69100,away,48,20250402
1,0,0,0,0,0,0,0,76290,away,48,20250402
1,0,0,0,0,0,0,0,52121,away,48,20250402
3,0,0,0,0,1,1,1,62415,away,48,20250402
0,0,0,0,0,0,0,0,52103,away,48,20250402
3,0,1,0,0,1,0,1,65207,away,48,20250402
3,2,1,2,1,1,1,0,67025,home,48,20250402
4,1,1,1,0,0,0,0,68050,home,48,20250402
4,0,0,0,0,0,1,0,79240,home,48,20250402
3,2,1,0,0,1,1,0,64004,home,48,20250402
0,0,0,0,0,0,0,0,51007,home,48,20250402
4,1,1,2,0,0,0,0,78548,home,48,20250402
2,1,2,1,0,1,0,0,79402,home,48,20250402
1,0,0,0,0,0,0,0,76313,home,48,20250402
4,1,1,0,0,0,3,0,64504,home,48,20250402
3,0,1,1,0,0,0,0,64166,home,48,20250402
4,1,1,2,0,0,1,0,51003,home,48,20250402
4,1,1,0,0,1,1,1,50458,away,49,20250402
3,0,0,0,0,0,1,0,52415,away,49,20250402
3,1,1,0,0,1,1,0,62404,away,49,20250402
4,1,2,2,0,0,2,0,75125,away,49,20250402
3,1,1,0,0,1,0,0,54400,away,49,20250402
4,0,1,2,0,0,0,0,52430,away,49,20250402
3,0,1,0,0,1,2,0,61404,away,49,20250402
4,0,0,0,0,0,2,0,62234,away,49,20250402
0,0,0,0,0,0,0,0,54408,away,49,20250402
3,0,0,0,0,0,1,0,69428,away,49,20250402
1,0,0,0,0,0,0,0,74540,away,49,20250402
4,0,0,0,0,0,1,0,66606,home,49,20250402
3,1,1,2,1,1,2,0,55645,home,49,20250402
4,0,1,0,0,0,1,0,62947,home,49,20250402
3,0,0,0,0,1,1,0,72443,home,49,20250402
3,0,0,0,0,1,2,0,63260,home,49,20250402
3,0,0,0,0,0,2,0,69727,home,49,20250402
1,0,0,0,0,0,1,0,55636,home,49,20250402
3,0,1,0,0,0,1,0,65464,home,49,20250402
1,0,0,0,0,0,0,0,78603,home,49,20250402
3,0,0,0,0,1,0,0,68646,home,49,20250402
3,1,1,0,0,0,1,0,66614,home,49,20250402
4,0,0,1,0,0,0,0,78513,away,50,20250402
0,0,0,0,0,0,0,0,68507,away,50,20250402
4,1,2,1,0,1,0,0,50150,away,50,20250402
0,0,0,0,0,0,0,0,68205,away,50,20250402
4,0,2,0,0,0,0,0,51551,away,50,20250402
5,0,0,1,0,0,1,0,54529,away,50,20250402
4,1,1,1,1,0,0,0,60523,away,50,20250402
4,1,1,1,1,0,3,0,52591,away,50,20250402
4,1,1,0,0,0,1,0,77564,away,50,20250402
1,1,1,0,0,1,0,0,61102,away,50,20250402
0,0,0,0,0,0,0,0,52504,away,50,20250402
1,0,0,0,0,0,1,0,68518,away,50,20250402
3,1,2,1,0,0,0,0,54598,away,50,20250402
4,0,2,0,0,0,1,0,54795,home,50,20250402
4,0,0,0,0,0,0,0,79608,home,50,20250402
4,0,0,1,0,0,2,0,55734,home,50,20250402
4,0,0,0,0,0,2,0,69737,home,50,20250402
4,0,1,0,0,0,0,0,79192,home,50,20250402
4,0,1,0,0,0,0,0,66704,home,50,20250402
1,1,0,0,0,1,0,0,66657,home,50,20250402
2,0,1,0,0,0,0,0,78288,home,50,20250402
2,0,1,0,0,0,0,0,76812,home,50,20250402
1,0,0,0,0,0,1,0,68700,home,50,20250402
3,1,2,0,0,0,0,0,64006,home,50,20250402
4,0,1,0,0,0,2,0,52366,away,51,20250403
4,0,2,0,0,0,1,0,50167,away,51,20250403
0,0,0,0,0,0,0,0,50357,away,51,20250403
4,0,1,0,0,0,3,0,54444,away,51,20250403
4,0,0,0,0,0,0,0,65357,away,51,20250403
3,1,2,0,0,1,0,0,76267,away,51,20250403
2,0,1,1,0,2,0,0,53344,away,51,20250403
2,0,0,0,0,0,0,0,78135,away,51,20250403
1,0,0,0,0,0,1,0,64346,away,51,20250403
1,0,0,0,0,0,0,0,62925,away,51,20250403
4,0,0,0,0,0,1,0,64984,away,51,20250403
1,0,0,0,0,0,1,0,55397,away,51,20250403
3,0,1,1,0,1,1,1,79231,home,51,20250403
4,0,0,0,0,0,1,0,68362,home,51,20250403
4,1,0,0,0,0,2,1,63123,home,51,20250403
3,1,0,0,0,1,1,0,78224,home,51,20250403
4,1,1,3,1,0,1,0,76232,home,51,20250403
4,1,3,1,1,0,1,0,64153,home,51,20250403
0,1,0,0,0,0,0,0,54205,home,51,20250403
3,0,1,0,0,0,0,0,64468,home,51,20250403
0,0,0,0,0,1,0,0,65269,home,51,20250403
3,1,1,0,0,0,1,0,50208,home,51,20250403
1,0,1,1,0,0,0,0,63257,home,51,20250403
0,0,0,0,0,0,0,0,66928,home,51,20250403
4,0,0,0,0,0,1,0,66209,home,51,20250403
5,0,1,1,0,0,1,1,66108,away,53,20250403
5,0,0,0,0,0,1,0,65207,away,53,20250403
4,1,1,1,1,1,1,0,53123,away,53,20250403
0,0,0,0,0,0,0,0,51100,away,53,20250403
0,0,0,0,0,0,0,0,53139,away,53,20250403
5,0,2,0,0,0,1,0,69102,away,53,20250403
4,0,0,0,0,0,0,0,68110,away,53,20250403
4,2,2,0,0,0,0,0,79109,away,53,20250403
3,2,1,1,0,1,0,0,79365,away,53,20250403
2,0,1,0,0,1,1,0,52121,away,53,20250403
0,0,0,0,0,0,0,0,69100,away,53,20250403
3,0,0,0,0,0,0,1,62415,away,53,20250403
1,0,1,2,0,0,0,0,76290,away,53,20250403
0,0,0,0,0,0,0,1,52103,away,53,20250403
5,0,0,0,0,0,2,0,67025,home,53,20250403
2,0,1,1,0,2,0,0,68050,home,53,20250403
3,0,0,0,0,1,0,0,64004,home,53,20250403
4,0,0,0,0,0,2,0,78548,home,53,20250403
0,0,0,0,0,0,0,0,68089,home,53,20250403
4,0,1,0,0,0,1,0,76313,home,53,20250403
3,0,2,0,0,1,0,0,50054,home,53,20250403
2,0,0,0,0,1,1,0,64007,home,53,20250403
1,0,0,0,0,0,0,0,64504,home,53,20250403
4,0,1,0,0,0,0,0,64166,home,53,20250403
4,1,2,0,0,0,1,0,51003,home,53,20250403
4,0,0,0,0,0,1,0,50458,away,54,20250403
4,0,0,0,0,0,1,0,52415,away,54,20250403
4,0,0,0,0,0,0,0,62404,away,54,20250403
4,0,0,0,0,0,1,0,54400,away,54,20250403
0,1,0,0,0,0,0,0,54408,away,54,20250403
3,0,2,1,0,0,0,0,74540,away,54,20250403
4,0,1,0,0,0,1,1,52430,away,54,20250403
3,0,0,0,0,0,1,0,75125,away,54,20250403
0,0,0,0,0,0,0,0,68463,away,54,20250403
3,0,0,0,0,0,0,0,61404,away,54,20250403
1,0,0,0,0,0,1,0,67449,away,54,20250403
3,0,1,0,0,1,0,1,62234,away,54,20250403
4,0,0,0,0,0,1,0,66606,home,54,20250403
4,0,0,0,0,0,1,0,55636,home,54,20250403
2,1,0,0,0,2,1,0,62947,home,54,20250403
3,1,0,0,0,1,1,0,55645,home,54,20250403
3,1,2,0,0,1,0,0,63260,home,54,20250403
0,0,0,0,0,0,0,0,67609,home,54,20250403
3,0,2,3,0,0,0,0,69727,home,54,20250403
3,0,0,0,0,0,0,0,50600,home,54,20250403
3,0,0,0,0,0,0,0,78122,home,54,20250403
3,0,0,0,0,0,2,0,66614,home,54,20250403
3,0,0,1,0,0,1,0,78513,away,55,20250403
1,0,1,0,0,0,0,0,52568,away,55,20250403
5,0,1,0,0,0,3,0,60523,away,55,20250403
3,0,1,0,0,1,1,0,51551,away,55,20250403
1,1,0,0,0,0,0,0,68507,away,55,20250403
4,0,3,1,0,0,1,0,54529,away,55,20250403
0,0,0,0,0,0,0,0,52504,away,55,20250403
4,0,0,0,0,0,1,0,77564,away,55,20250403
4,1,1,0,0,0,1,0,52591,away,55,20250403
3,2,2,0,0,1,0,0,54598,away,55,20250403
3,0,0,0,0,0,1,0,68205,away,55,20250403
4,0,1,2,0,0,1,0,68518,away,55,20250403
4,0,2,0,0,1,0,0,54795,home,55,20250403
3,0,0,0,0,2,0,0,79608,home,55,20250403
4,0,0,0,0,1,2,0,55734,home,55,20250403
4,1,1,0,0,0,0,0,69737,home,55,20250403
4,0,0,0,0,0,2,0,79192,home,55,20250403
4,1,1,0,0,0,1,0,66704,home,55,20250403
2,0,1,0,0,0,1,0,50704,home,55,20250403
2,0,1,1,0,0,1,0,66657,home,55,20250403
2,0,0,0,0,0,2,0,78288,home,55,20250403
1,0,0,1,0,0,0,0,53764,home,55,20250403
1,0,1,0,0,0,0,0,76812,home,55,20250403
0,0,0,0,0,0,0,0,68700,home,55,20250403
3,0,0,0,0,1,0,0,64006,home,55,20250403
4,1,2,0,0,1,1,0,63260,away,56,20250404
0,0,0,0,0,0,0,0,65464,away,56,20250404
5,0,2,0,0,0,1,0,55645,away,56,20250404
3,1,0,0,0,1,1,0,62947,away,56,20250404
0,0,0,0,0,1,0,0,67609,away,56,20250404
4,0,3,0,0,0,0,0,72443,away,56,20250404
1,0,0,0,0,0,0,0,78122,away,56,20250404
4,0,2,2,0,1,0,0,69727,away,56,20250404
5,0,0,0,0,0,3,0,68646,away,56,20250404
4,0,1,0,0,0,0,0,66606,away,56,20250404
3,0,0,0,0,1,0,0,66614,away,56,20250404
3,0,0,0,0,0,1,0,78168,away,56,20250404
1,0,0,0,0,0,0,0,55636,away,56,20250404
4,1,2,0,0,1,0,0,66108,home,56,20250404
4,1,0,0,0,1,0,0,65207,home,56,20250404
2,4,2,0,0,2,0,0,53123,home,56,20250404
3,2,2,4,0,0,0,0,69102,home,56,20250404
4,0,3,3,0,0,0,0,76290,home,56,20250404
2,0,0,0,0,0,1,0,52121,home,56,20250404
2,0,0,0,0,0,0,0,62415,home,56,20250404
2,0,0,0,0,0,1,0,69100,home,56,20250404
1,0,0,0,0,1,1,1,79109,home,56,20250404
2,0,1,0,0,0,1,0,52154,home,56,20250404
2,0,0,0,0,0,2,0,79365,home,56,20250404
2,0,0,0,0,0,0,0,52103,home,56,20250404
1,0,0,0,0,0,0,0,68110,home,56,20250404
1,0,0,0,0,0,0,0,50108,home,56,20250404
5,1,3,0,0,1,1,0,67025,away,57,20250404
6,0,3,0,0,0,2,0,68050,away,57,20250404
5,0,1,1,0,1,1,0,79240,away,57,20250404
3,0,0,0,0,2,0,0,78548,away,57,20250404
0,0,0,0,0,0,0,0,67006,away,57,20250404
1,0,0,0,0,0,0,0,68089,away,57,20250404
2,0,1,0,0,2,1,0,79402,away,57,20250404
0,0,0,0,0,0,0,0,51003,away,57,20250404
2,0,0,0,0,0,0,0,64007,away,57,20250404
2,0,0,0,0,1,1,0,64004,away,57,20250404
5,1,1,0,0,0,3,1,64166,away,57,20250404
3,0,0,0,0,0,0,0,64504,away,57,20250404
1,0,0,0,0,1,1,0,50054,away,57,20250404
2,0,1,0,0,0,0,0,51007,away,57,20250404
3,0,0,0,0,0,2,0,76313,away,57,20250404
3,0,0,0,0,2,1,0,50854,home,57,20250404
4,1,0,0,0,2,1,1,54812,home,57,20250404
4,1,0,0,0,2,2,0,53827,home,57,20250404
5,0,2,0,0,1,0,0,62895,home,57,20250404
0,1,0,0,0,0,0,1,66864,home,57,20250404
3,0,0,0,0,1,1,0,51868,home,57,20250404
0,0,0,0,0,0,0,0,68805,home,57,20250404
2,0,0,0,0,0,2,0,69813,home,57,20250404
4,0,3,2,0,2,0,1,67893,home,57,20250404
5,0,2,1,0,1,1,0,60558,home,57,20250404
5,0,0,0,0,0,0,0,79456,home,57,20250404
4,0,1,0,0,1,0,0,76802,home,57,20250404
5,4,3,2,0,1,0,1,67207,away,58,20250404
5,1,0,0,0,0,2,0,63123,away,58,20250404
1,0,1,0,0,0,0,0,66112,away,58,20250404
5,2,3,3,0,0,0,0,76232,away,58,20250404
1,1,0,0,0,0,0,0,50208,away,58,20250404
5,1,2,1,0,0,1,0,64153,away,58,20250404
3,0,1,0,0,0,1,0,65269,away,58,20250404
0,0,0,0,0,0,0,0,54205,away,58,20250404
2,2,2,3,1,1,0,0,63257,away,58,20250404
6,1,3,1,0,0,1,0,64468,away,58,20250404
4,0,1,1,0,1,0,0,66928,away,58,20250404
3,0,1,0,0,0,0,0,68362,away,58,20250404
1,2,0,0,0,1,0,1,66209,away,58,20250404
5,1,2,0,0,0,0,0,79231,away,58,20250404
5,0,0,0,0,0,2,0,78513,home,58,20250404
3,1,0,0,0,2,2,0,77564,home,58,20250404
4,0,0,0,0,0,1,0,51551,home,58,20250404
4,1,2,0,0,0,1,1,54529,home,58,20250404
0,0,0,0,0,0,0,0,60523,home,58,20250404
4,1,1,1,0,0,0,0,52591,home,58,20250404
3,0,2,2,0,0,0,0,61102,home,58,20250404
0,0,0,0,0,0,0,0,54567,home,58,20250404
0,0,0,0,0,0,0,0,68518,home,58,20250404
1,0,0,0,0,0,1,0,55563,home,58,20250404
1,0,0,0,0,0,1,0,52516,home,58,20250404
3,0,0,0,0,0,1,0,68507,home,58,20250404
3,0,0,0,0,0,1,0,54598,home,58,20250404
0,0,0,0,0,1,0,0,52568,home,58,20250404
4,0,3,0,0,0,0,1,68205,home,58,20250404
3,0,0,0,0,0,0,0,54795,away,59,20250404
1,0,0,0,0,0,0,0,65703,away,59,20250404
4,0,1,0,0,0,0,0,79608,away,59,20250404
4,0,2,0,0,0,0,0,66704,away,59,20250404
4,0,0,0,0,0,2,0,69737,away,59,20250404
3,0,0,0,0,0,0,0,79192,away,59,20250404
3,0,0,0,0,0,2,0,55734,away,59,20250404
0,0,0,0,0,0,0,0,76812,away,59,20250404
2,0,0,0,0,0,2,0,68700,away,59,20250404
1,0,0,0,0,0,1,0,53764,away,59,20250404
2,0,0,0,0,0,0,0,78288,away,59,20250404
1,0,0,0,0,0,0,0,50707,away,59,20250404
3,0,0,0,0,0,1,0,64006,away,59,20250404
4,0,1,0,0,0,0,0,50458,home,59,20250404
1,0,1,0,0,0,0,0,67449,home,59,20250404
4,1,0,0,0,1,2,0,62404,home,59,20250404
0,0,0,0,0,0,0,0,61404,home,59,20250404
5,1,2,1,1,0,0,0,52430,home,59,20250404
3,1,3,2,0,1,0,0,74540,home,59,20250404
4,0,0,0,0,0,2,0,54400,home,59,20250404
0,0,0,0,0,0,0,0,54408,home,59,20250404
3,1,1,2,1,0,2,0,75125,home,59,20250404
4,0,1,0,0,0,0,0,52415,home,59,20250404
3,0,0,0,0,1,2,0,68463,home,59,20250404
2,1,0,0,0,2,0,0,62234,home,59,20250404
5,0,1,0,0,0,2,0,62907,away,60,20250404
3,0,0,0,0,1,0,0,51907,away,60,20250404
3,0,0,0,0,0,1,0,77532,away,60,20250404
1,0,0,0,0,0,1,0,67905,away,60,20250404
4,0,1,0,0,0,2,0,54944,away,60,20250404
2,0,0,0,0,1,0,0,79215,away,60,20250404
1,0,0,0,0,0,0,0,62244,away,60,20250404
3,0,1,0,0,0,1,0,63963,away,60,20250404
1,1,1,0,0,0,0,0,50996,away,60,20250404
3,0,1,0,0,0,1,0,66965,away,60,20250404
3,0,0,0,0,0,1,0,68912,away,60,20250404
1,0,1,1,0,0,0,0,50903,away,60,20250404
2,0,0,0,0,2,1,0,51344,away,60,20250404
4,1,2,4,1,0,0,0,52366,home,60,20250404
4,0,0,0,0,0,2,0,50167,home,60,20250404
2,0,0,0,0,2,0,0,54444,home,60,20250404
0,0,0,0,0,0,0,0,50357,home,60,20250404
4,0,0,0,0,0,2,0,76267,home,60,20250404
4,1,1,0,0,0,2,0,53312,home,60,20250404
1,0,0,0,0,1,1,0,55397,home,60,20250404
1,0,0,0,0,0,1,0,65357,home,60,20250404
3,1,2,1,0,1,0,0,62925,home,60,20250404
3,1,1,0,0,1,0,0,64984,home,60,20250404
2,1,1,0,0,0,1,0,78756,home,60,20250404
2,1,0,0,0,3,0,0,54795,away,62,20250405
2,0,0,0,0,2,0,0,79608,away,62,20250405
1,0,0,0,0,0,0,0,65703,away,62,20250405
4,0,0,0,0,0,1,0,66704,away,62,20250405
0,1,0,0,0,1,0,0,50704,away,62,20250405
0,0,0,0,0,0,0,0,53754,away,62,20250405
4,0,2,1,0,1,0,0,69737,away,62,20250405
0,1,0,0,0,0,0,0,68700,away,62,20250405
3,0,0,0,0,0,1,0,79192,away,62,20250405
2,2,2,4,2,0,0,0,53764,away,62,20250405
5,1,2,0,0,0,0,0,55734,away,62,20250405
4,1,1,2,1,1,1,0,66657,away,62,20250405
2,0,0,0,0,0,0,0,78288,away,62,20250405
1,0,0,0,0,0,1,0,50707,away,62,20250405
1,0,1,0,0,0,0,0,76812,away,62,20250405
4,0,0,0,0,0,2,0,64006,away,62,20250405
4,1,2,2,1,1,0,0,52415,home,62,20250405
5,1,0,0,0,0,0,0,62404,home,62,20250405
5,0,1,0,0,0,0,0,52430,home,62,20250405
4,0,2,2,0,0,0,0,74540,home,62,20250405
4,0,0,0,0,0,2,0,75125,home,62,20250405
0,0,0,0,0,0,0,0,62234,home,62,20250405
4,1,1,1,1,0,0,0,54400,home,62,20250405
4,1,2,1,1,0,0,0,61404,home,62,20250405
2,0,0,0,0,1,1,0,65586,home,62,20250405
1,0,0,0,0,0,1,0,54408,home,62,20250405
3,2,2,0,0,1,0,0,67449,home,62,20250405
3,0,0,0,0,1,2,0,79231,away,64,20250405
0,0,0,0,0,0,0,0,66209,away,64,20250405
3,0,0,0,0,0,1,0,63257,away,64,20250405
1,0,0,0,0,0,1,0,65269,away,64,20250405
4,0,1,0,0,0,0,0,76232,away,64,20250405
0,1,0,0,0,0,0,0,54205,away,64,20250405
4,0,0,0,0,0,2,0,78224,away,64,20250405
3,0,2,0,0,0,1,0,64153,away,64,20250405
0,0,0,0,0,0,0,0,50208,away,64,20250405
1,0,1,0,0,0,0,0,66112,away,64,20250405
4,0,1,1,0,0,1,0,63123,away,64,20250405
3,0,1,0,0,0,1,0,66928,away,64,20250405
1,0,0,0,0,0,0,0,68362,away,64,20250405
2,0,0,0,0,0,1,0,64468,away,64,20250405
3,0,1,0,0,0,1,0,67207,away,64,20250405
3,0,0,0,0,0,2,0,68507,home,64,20250405
1,0,0,0,0,0,0,0,78513,home,64,20250405
0,0,0,0,0,0,0,0,52516,home,64,20250405
4,1,3,1,0,0,1,0,60523,home,64,20250405
1,1,1,0,0,0,0,0,52568,home,64,20250405
4,0,0,0,0,1,0,0,51551,home,64,20250405
4,1,2,1,0,0,0,0,54529,home,64,20250405
3,2,1,1,1,1,1,0,61102,home,64,20250405
3,0,1,0,0,1,1,1,52591,home,64,20250405
4,0,2,2,0,0,0,0,77564,home,64,20250405
4,0,0,0,0,0,2,0,54598,home,64,20250405
4,1,1,0,0,0,1,0,68205,home,64,20250405
4,2,2,0,0,0,1,0,62907,away,65,20250405
4,2,1,2,1,1,0,0,51907,away,65,20250405
5,1,2,2,0,0,2,0,77532,away,65,20250405
0,0,0,0,0,0,0,0,50996,away,65,20250405
4,0,1,1,0,0,1,0,54944,away,65,20250405
1,0,0,0,0,0,0,1,66965,away,65,20250405
4,0,2,2,0,0,0,0,79215,away,65,20250405
3,0,2,0,0,1,0,0,63963,away,65,20250405
0,0,0,0,0,0,0,0,67905,away,65,20250405
4,0,1,0,0,0,2,0,69995,away,65,20250405
2,1,0,0,0,1,2,0,62244,away,65,20250405
1,0,0,0,0,0,0,0,68912,away,65,20250405
4,1,1,0,0,0,1,0,50903,away,65,20250405
3,0,0,0,0,1,1,0,52366,home,65,20250405
4,1,0,0,0,1,0,0,65357,home,65,20250405
4,0,1,0,0,1,1,0,54444,home,65,20250405
3,0,0,0,0,1,0,0,76267,home,65,20250405
2,1,0,1,0,1,2,0,53312,home,65,20250405
1,2,1,0,0,1,0,0,64346,home,65,20250405
1,0,0,0,0,0,0,0,62925,home,65,20250405
1,0,1,0,0,0,0,0,78135,home,65,20250405
3,1,1,3,1,1,2,0,50357,home,65,20250405
3,0,0,0,0,1,0,0,64984,home,65,20250405
3,0,0,0,0,0,2,0,55397,home,65,20250405
1,0,0,0,0,0,0,0,50167,home,65,20250405
4,0,1,0,0,0,0,0,64646,away,66,20250406
4,0,0,0,0,0,3,0,63260,away,66,20250406
3,1,1,0,0,1,0,0,62947,away,66,20250406
4,0,0,0,0,0,3,0,72443,away,66,20250406
4,0,0,0,0,0,1,0,55645,away,66,20250406
3,0,1,1,0,0,2,0,69727,away,66,20250406
3,0,0,0,0,0,0,0,66614,away,66,20250406
1,0,1,0,0,0,0,0,78122,away,66,20250406
1,0,0,0,0,0,0,0,68646,away,66,20250406
2,0,0,0,0,0,1,0,67609,away,66,20250406
1,0,0,0,0,0,0,0,66606,away,66,20250406
3,0,1,3,0,0,2,0,66108,home,66,20250406
4,0,2,0,0,0,0,0,65207,home,66,20250406
3,0,0,1,0,0,0,0,53123,home,66,20250406
4,0,0,0,0,0,2,0,69102,home,66,20250406
4,0,0,0,0,0,1,0,79109,home,66,20250406
4,1,1,0,0,0,1,0,76290,home,66,20250406
0,0,0,0,0,0,0,0,52103,home,66,20250406
2,1,1,0,0,1,0,0,79365,home,66,20250406
1,1,0,0,0,0,1,0,69100,home,66,20250406
1,2,1,0,0,2,0,1,62415,home,66,20250406
3,0,1,0,0,1,0,0,67025,away,67,20250406
0,0,0,0,0,0,0,0,67006,away,67,20250406
4,0,1,0,0,0,0,0,79240,away,67,20250406
3,0,0,0,0,0,0,0,68050,away,67,20250406
4,0,2,0,0,0,1,0,78548,away,67,20250406
4,0,0,0,0,0,1,0,79402,away,67,20250406
3,0,0,0,0,0,1,0,51007,away,67,20250406
3,0,0,0,0,0,0,0,64007,away,67,20250406
2,0,0,0,0,1,1,0,64504,away,67,20250406
3,0,2,0,0,0,0,0,64166,away,67,20250406
4,0,1,0,0,0,0,0,50854,home,67,20250406
4,0,1,0,0,0,0,0,54812,home,67,20250406
3,1,1,0,0,1,1,0,53827,home,67,20250406
3,0,0,0,0,0,1,0,62895,home,67,20250406
1,0,1,0,0,0,0,0,68805,home,67,20250406
3,0,1,0,0,1,1,0,67893,home,67,20250406
4,0,2,1,0,0,0,2,60558,home,67,20250406
3,0,0,0,0,0,2,0,68868,home,67,20250406
3,0,0,0,0,0,1,0,54805,home,67,20250406
2,0,0,0,0,0,0,0,51865,home,67,20250406
1,0,0,0,0,0,0,0,51868,home,67,20250406
0,0,0,0,0,0,0,0,79456,home,67,20250406
2,1,1,0,0,1,0,1,67207,away,68,20250406
3,0,0,1,0,0,1,0,63257,away,68,20250406
0,0,0,0,0,0,0,0,50208,away,68,20250406
6,3,3,0,0,1,1,0,79231,away,68,20250406
3,2,2,1,0,2,0,0,76232,away,68,20250406
4,2,2,5,1,0,0,0,64153,away,68,20250406
5,1,3,2,0,1,1,0,63123,away,68,20250406
6,1,2,1,0,0,1,0,66112,away,68,20250406
6,2,4,1,0,0,0,0,68362,away,68,20250406
1,0,0,0,0,2,0,0,66928,away,68,20250406
1,1,1,1,0,1,0,0,78224,away,68,20250406
0,0,0,0,0,0,0,1,66209,away,68,20250406
5,2,2,3,0,1,1,0,64468,away,68,20250406
5,0,3,2,0,1,1,1,78513,home,68,20250406
6,2,1,1,0,0,1,0,60523,home,68,20250406
2,1,0,0,0,3,0,0,51551,home,68,20250406
1,1,0,0,0,0,0,1,52568,home,68,20250406
4,2,2,2,0,2,2,1,54529,home,68,20250406
4,1,1,2,0,1,3,0,61102,home,68,20250406
1,0,1,0,0,0,0,0,68518,home,68,20250406
5,2,2,4,1,1,0,0,77564,home,68,20250406
2,0,0,0,0,0,2,0,52591,home,68,20250406
2,0,0,0,0,0,0,0,68507,home,68,20250406
4,2,1,0,0,1,1,0,54598,home,68,20250406
2,1,1,1,0,2,1,0,68205,home,68,20250406
3,0,0,0,0,0,1,0,79608,away,69,20250406
3,0,0,0,0,0,1,0,55734,away,69,20250406
3,0,0,0,0,0,2,0,66704,away,69,20250406
3,0,1,0,0,0,0,0,53764,away,69,20250406
3,0,0,0,0,0,0,0,69737,away,69,20250406
2,0,0,0,0,0,1,0,66657,away,69,20250406
1,0,0,0,0,0,1,0,50704,away,69,20250406
3,0,0,0,0,0,1,0,79192,away,69,20250406
2,0,0,0,0,0,0,0,76812,away,69,20250406
1,0,0,0,0,0,0,0,68700,away,69,20250406
2,0,0,0,0,0,0,0,64006,away,69,20250406
1,0,0,0,0,0,0,0,50707,away,69,20250406
4,2,1,0,0,1,0,0,52415,home,69,20250406
0,0,0,0,0,0,0,0,54408,home,69,20250406
4,2,2,1,0,1,0,1,67449,home,69,20250406
5,0,0,0,0,0,2,0,62404,home,69,20250406
0,0,0,0,0,0,0,0,68463,home,69,20250406
4,2,3,2,0,1,1,0,74540,home,69,20250406
0,0,0,0,0,0,0,0,69428,home,69,20250406
2,0,0,1,0,2,1,0,52430,home,69,20250406
5,2,4,4,1,0,1,0,54400,home,69,20250406
3,0,1,0,0,1,1,0,75125,home,69,20250406
0,0,0,0,0,1,0,0,65586,home,69,20250406
5,1,1,0,0,0,1,0,61404,home,69,20250406
3,1,1,2,0,1,0,0,62234,home,69,20250406
4,0,2,1,0,1,0,0,63963,away,70,20250406
4,1,1,1,0,1,2,0,51907,away,70,20250406
4,1,1,1,0,1,1,0,62907,away,70,20250406
4,0,0,0,0,0,2,0,54944,away,70,20250406
1,0,1,1,0,0,0,0,66965,away,70,20250406
2,0,1,0,0,2,0,0,79215,away,70,20250406
1,1,0,0,0,0,1,0,50996,away,70,20250406
2,0,1,0,0,0,0,0,50903,away,70,20250406
3,0,2,0,0,0,1,0,67905,away,70,20250406
5,2,2,1,1,0,2,0,51344,away,70,20250406
4,2,2,3,1,0,1,0,68912,away,70,20250406
1,0,0,0,0,0,0,0,69995,away,70,20250406
1,1,0,0,0,1,0,0,77532,away,70,20250406
4,0,0,0,0,0,1,0,52366,home,70,20250406
3,1,0,0,0,0,1,0,50167,home,70,20250406
2,0,1,0,0,2,0,0,54444,home,70,20250406
4,1,0,0,0,0,1,1,65357,home,70,20250406
3,0,0,1,0,0,0,0,76267,home,70,20250406
2,0,1,0,0,0,1,0,50357,home,70,20250406
2,0,1,1,0,0,0,0,78135,home,70,20250406
3,0,1,0,0,0,0,0,64984,home,70,20250406
2,0,0,0,0,0,0,0,62332,home,70,20250406
1,0,0,0,0,0,0,0,64346,home,70,20250406
1,0,0,0,0,0,0,0,53312,home,70,20250406
2,0,1,0,0,1,1,0,55397,home,70,20250406
6,2,2,0,0,0,1,0,54795,away,71,20250408
6,1,2,0,0,0,0,0,55734,away,71,20250408
4,1,3,4,1,1,1,0,69737,away,71,20250408
5,0,1,0,0,0,0,0,79192,away,71,20250408
5,0,0,0,0,0,3,0,53764,away,71,20250408
4,0,1,0,0,0,0,0,66704,away,71,20250408
1,1,0,0,0,0,0,0,68700,away,71,20250408
4,0,2,0,0,0,1,0,66657,away,71,20250408
1,0,0,0,0,0,0,0,52704,away,71,20250408
1,0,0,1,0,1,0,0,78288,away,71,20250408
1,0,0,0,0,0,1,0,76812,away,71,20250408
5,0,1,0,0,0,2,0,64006,away,71,20250408
4,1,1,0,0,1,0,0,79231,home,71,20250408
5,0,0,0,0,0,1,0,68362,home,71,20250408
4,1,3,2,1,0,1,0,76232,home,71,20250408
0,1,0,0,0,0,0,0,50204,home,71,20250408
2,0,1,1,0,0,1,0,66112,home,71,20250408
5,0,0,0,0,0,2,0,64153,home,71,20250408
3,1,2,0,0,2,1,1,63123,home,71,20250408
5,0,0,0,0,0,0,0,78224,home,71,20250408
5,1,1,1,0,0,1,0,64468,home,71,20250408
3,0,0,0,0,0,3,0,66928,home,71,20250408
0,0,0,0,0,1,0,0,63257,home,71,20250408
1,0,1,0,0,0,0,0,50208,home,71,20250408
0,1,0,0,0,0,0,0,54205,home,71,20250408
4,0,2,0,0,0,0,0,66209,home,71,20250408
4,1,1,0,0,1,1,0,64646,away,72,20250408
5,1,1,0,0,0,1,0,55645,away,72,20250408
5,0,0,0,0,0,1,0,62947,away,72,20250408
4,1,2,0,0,0,2,0,72443,away,72,20250408
1,1,1,0,0,0,0,1,55636,away,72,20250408
2,0,0,1,0,1,0,0,63260,away,72,20250408
1,0,0,0,0,1,0,0,67609,away,72,20250408
5,1,2,3,0,0,1,0,69727,away,72,20250408
2,0,0,0,0,2,0,0,66606,away,72,20250408
4,0,1,1,0,0,0,0,78122,away,72,20250408
4,0,0,0,0,0,2,1,66614,away,72,20250408
4,2,2,0,0,1,0,1,50500,home,72,20250408
5,0,1,0,0,0,2,0,60523,home,72,20250408
5,0,3,2,0,0,1,0,54529,home,72,20250408
4,0,1,0,0,0,1,0,78513,home,72,20250408
4,0,1,0,0,0,1,0,77564,home,72,20250408
0,1,0,0,0,0,0,0,52568,home,72,20250408
4,0,0,0,0,0,2,0,61102,home,72,20250408
3,1,2,0,0,1,0,0,69517,home,72,20250408
4,0,2,1,0,0,0,0,68205,home,72,20250408
2,0,0,0,0,0,0,0,62802,home,72,20250408
1,0,0,0,0,0,0,0,51551,home,72,20250408
1,0,0,0,0,0,1,0,54598,home,72,20250408
5,1,1,0,0,0,2,1,50854,away,73,20250408
3,1,0,0,0,1,2,0,54812,away,73,20250408
1,0,0,0,0,0,1,0,76802,away,73,20250408
4,0,3,0,0,0,0,0,53827,away,73,20250408
4,0,1,2,0,0,0,0,62895,away,73,20250408
2,0,0,0,0,0,0,0,60558,away,73,20250408
2,0,0,0,0,0,2,0,51868,away,73,20250408
2,0,0,0,0,2,2,0,67893,away,73,20250408
4,1,2,1,1,0,0,0,79456,away,73,20250408
0,0,0,0,0,0,0,0,51865,away,73,20250408
2,0,0,0,0,2,1,0,68868,away,73,20250408
3,0,0,0,0,0,1,0,54805,away,73,20250408
1,0,0,0,0,0,0,0,66864,away,73,20250408
4,2,1,0,0,1,0,0,52415,home,73,20250408
4,0,1,1,0,0,2,0,67449,home,73,20250408
4,1,2,2,0,0,1,0,52430,home,73,20250408
4,0,1,2,0,0,1,0,74540,home,73,20250408
3,0,1,0,0,1,2,0,54400,home,73,20250408
4,1,1,0,0,0,2,0,62404,home,73,20250408
4,1,1,1,1,0,1,0,75125,home,73,20250408
4,1,2,1,0,0,0,0,62234,home,73,20250408
4,1,1,0,0,0,1,0,61404,home,73,20250408
3,1,2,0,0,1,0,1,62907,away,74,20250408
4,0,1,0,0,0,3,0,51907,away,74,20250408
4,0,0,1,0,0,1,0,77532,away,74,20250408
4,0,0,0,0,0,4,0,54944,away,74,20250408
3,0,0,0,0,0,1,0,63963,away,74,20250408
3,0,0,0,0,0,0,0,51344,away,74,20250408
1,0,0,0,0,0,1,0,62244,away,74,20250408
2,1,1,1,1,0,0,0,68912,away,74,20250408
3,0,0,0,0,0,1,0,67905,away,74,20250408
2,0,0,0,0,0,1,0,50996,away,74,20250408
1,0,0,0,0,0,1,0,50903,away,74,20250408
0,0,0,0,0,0,0,0,69203,away,74,20250408
3,1,0,0,0,1,2,0,67025,home,74,20250408
0,0,0,0,0,0,0,0,51007,home,74,20250408
4,1,1,0,0,0,0,0,79240,home,74,20250408
3,0,0,0,0,1,1,0,68050,home,74,20250408
3,0,1,0,0,1,0,0,64004,home,74,20250408
0,0,0,0,0,0,0,0,51013,home,74,20250408
3,0,1,2,0,1,2,0,78548,home,74,20250408
3,0,0,0,0,1,0,0,79402,home,74,20250408
4,1,1,0,0,0,1,1,76313,home,74,20250408
2,0,0,0,0,1,2,0,64166,home,74,20250408
2,0,0,0,0,1,1,0,51003,home,74,20250408
0,0,0,0,0,0,0,0,64115,home,74,20250408
3,2,1,0,0,1,1,0,66108,away,75,20250408
1,0,0,0,0,0,1,0,68110,away,75,20250408
3,2,1,1,0,1,0,0,65207,away,75,20250408
1,0,0,0,0,0,0,0,69100,away,75,20250408
4,2,1,2,0,0,0,0,53123,away,75,20250408
0,1,0,0,0,0,0,0,52121,away,75,20250408
5,1,2,2,0,0,0,0,69102,away,75,20250408
4,1,2,3,0,0,0,0,79109,away,75,20250408
4,1,1,1,1,1,0,0,76290,away,75,20250408
4,1,3,2,1,0,0,0,79365,away,75,20250408
0,0,0,0,0,1,0,0,52154,away,75,20250408
5,0,0,0,0,0,2,0,50108,away,75,20250408
2,2,1,0,0,1,1,0,62415,away,75,20250408
2,0,0,0,0,0,0,0,52103,away,75,20250408
4,0,2,0,0,0,0,0,52366,home,75,20250408
0,0,0,0,0,0,0,0,50357,home,75,20250408
4,0,0,0,0,0,2,0,50167,home,75,20250408
0,0,0,0,0,0,0,0,64346,home,75,20250408
4,0,0,0,0,0,0,0,76267,home,75,20250408
3,1,2,0,0,0,0,0,65357,home,75,20250408
1,0,0,0,0,0,0,0,55397,home,75,20250408
3,0,0,0,0,1,1,0,55393,home,75,20250408
3,0,0,0,0,1,1,0,62925,home,75,20250408
2,0,1,1,0,1,0,0,78756,home,75,20250408
3,0,1,0,0,0,1,0,53312,home,75,20250408
5,1,0,0,0,0,0,0,54795,away,76,20250409
3,1,2,2,0,2,1,1,55734,away,76,20250409
5,0,1,1,0,0,1,0,53764,away,76,20250409
3,1,1,0,0,1,1,1,69737,away,76,20250409
2,0,1,0,0,1,1,0,79192,away,76,20250409
0,1,0,0,0,0,0,0,68700,away,76,20250409
0,0,0,0,0,1,0,0,50707,away,76,20250409
0,0,0,0,0,0,0,0,52704,away,76,20250409
4,0,1,0,0,0,2,1,66704,away,76,20250409
3,0,0,1,0,0,3,0,66657,away,76,20250409
2,1,2,1,0,1,0,0,78288,away,76,20250409
0,0,0,0,0,0,0,0,65703,away,76,20250409
1,0,0,0,0,0,1,0,76812,away,76,20250409
4,0,1,0,0,0,1,0,64006,away,76,20250409
3,1,1,0,0,1,2,1,79231,home,76,20250409
4,1,1,0,0,0,1,0,68362,home,76,20250409
4,1,2,2,0,0,0,0,76232,home,76,20250409
3,0,1,1,0,1,1,0,64153,home,76,20250409
4,1,1,0,0,0,1,0,63123,home,76,20250409
3,0,1,0,0,0,2,0,78224,home,76,20250409
0,0,0,0,0,0,0,0,54205,home,76,20250409
1,0,1,0,0,0,0,0,63257,home,76,20250409
0,0,0,0,0,0,0,0,50204,home,76,20250409
3,0,1,1,0,0,1,0,64468,home,76,20250409
3,0,0,0,0,0,1,0,50208,home,76,20250409
1,0,0,0,0,0,0,0,66112,home,76,20250409
0,0,0,0,0,0,0,1,66928,home,76,20250409
4,0,0,0,0,0,2,0,66209,home,76,20250409
5,0,0,0,0,0,0,0,64646,away,77,20250409
2,1,0,0,0,2,1,0,55645,away,77,20250409
3,1,2,2,1,1,0,0,62947,away,77,20250409
0,0,0,0,0,0,0,0,55636,away,77,20250409
4,0,1,0,0,0,3,0,72443,away,77,20250409
4,0,0,0,0,0,0,0,63260,away,77,20250409
0,0,0,0,0,0,0,0,67609,away,77,20250409
4,0,0,0,0,0,0,0,69727,away,77,20250409
3,1,1,0,0,1,0,0,66606,away,77,20250409
4,0,2,1,0,0,0,0,78122,away,77,20250409
4,0,0,0,0,0,2,0,66614,away,77,20250409
5,1,0,0,0,0,2,0,50500,home,77,20250409
4,0,2,0,0,1,0,0,69517,home,77,20250409
4,0,0,1,0,0,2,0,54529,home,77,20250409
3,0,2,0,0,1,1,0,78513,home,77,20250409
4,0,1,0,0,0,0,0,77564,home,77,20250409
0,0,0,0,0,0,0,0,52568,home,77,20250409
4,0,1,0,0,0,0,0,51551,home,77,20250409
4,0,0,0,0,0,0,0,60523,home,77,20250409
3,0,0,0,0,0,1,0,68518,home,77,20250409
1,0,1,0,0,0,0,0,61102,home,77,20250409
4,0,3,0,0,0,0,0,68205,home,77,20250409
5,0,2,0,0,0,0,0,50854,away,78,20250409
5,1,1,0,0,0,0,1,54812,away,78,20250409
4,1,1,0,0,1,2,0,53827,away,78,20250409
4,0,0,0,0,0,2,0,62895,away,78,20250409
0,0,0,0,0,0,0,0,68805,away,78,20250409
4,1,2,2,1,0,2,0,51868,away,78,20250409
5,0,1,1,0,0,1,0,67893,away,78,20250409
4,0,2,0,0,1,0,0,79456,away,78,20250409
2,0,0,0,0,0,1,0,68868,away,78,20250409
3,0,0,0,0,0,1,0,60558,away,78,20250409
4,0,1,0,0,0,1,0,76802,away,78,20250409
0,0,0,0,0,0,0,0,66864,away,78,20250409
5,0,1,0,0,0,3,0,52415,home,78,20250409
5,0,1,0,0,0,1,1,67449,home,78,20250409
5,0,1,0,0,0,2,0,52430,home,78,20250409
5,0,2,0,0,0,1,1,74540,home,78,20250409
4,0,1,0,0,0,1,0,54400,home,78,20250409
1,0,1,0,0,0,0,0,54408,home,78,20250409
5,1,1,1,1,0,1,0,62404,home,78,20250409
4,0,0,0,0,1,3,0,75125,home,78,20250409
0,0,0,0,0,0,0,0,65586,home,78,20250409
5,0,1,0,0,0,2,0,62234,home,78,20250409
3,0,0,0,0,0,3,0,68463,home,78,20250409
1,0,1,0,0,0,0,0,61404,home,78,20250409
4,0,0,0,0,1,1,0,63963,away,79,20250409
3,0,0,0,0,1,2,0,51907,away,79,20250409
4,0,1,0,0,0,0,1,62907,away,79,20250409
2,0,0,0,0,0,2,0,54944,away,79,20250409
2,0,1,0,0,0,1,1,69995,away,79,20250409
4,1,1,0,0,0,1,0,51344,away,79,20250409
3,0,1,1,0,1,2,0,68912,away,79,20250409
4,0,1,0,0,0,0,0,67905,away,79,20250409
1,0,0,0,0,0,0,0,69203,away,79,20250409
2,0,1,0,0,0,0,0,77532,away,79,20250409
0,0,0,0,0,1,0,0,50996,away,79,20250409
2,0,0,0,0,0,2,0,50903,away,79,20250409
1,0,0,0,0,0,0,0,66965,away,79,20250409
3,0,0,0,0,1,0,0,67025,home,79,20250409
0,0,0,0,0,0,0,0,51007,home,79,20250409
4,0,1,0,0,0,0,0,79240,home,79,20250409
4,1,1,0,0,0,0,0,64004,home,79,20250409
0,0,0,0,0,0,0,0,51013,home,79,20250409
3,2,2,2,1,1,0,0,78548,home,79,20250409
3,1,1,2,1,1,2,0,68050,home,79,20250409
4,0,0,0,0,0,0,0,79402,home,79,20250409
0,0,0,0,0,0,0,0,64504,home,79,20250409
4,0,1,0,0,0,0,0,76313,home,79,20250409
2,0,0,0,0,0,1,0,64166,home,79,20250409
3,0,0,0,0,0,0,0,64115,home,79,20250409
4,0,0,0,0,0,2,0,66108,away,80,20250409
4,0,1,0,0,0,1,0,65207,away,80,20250409
4,0,1,0,0,0,1,0,53123,away,80,20250409
4,0,0,0,0,0,2,0,69102,away,80,20250409
4,0,0,0,0,0,2,0,79365,away,80,20250409
4,0,0,0,0,0,2,0,68110,away,80,20250409
2,0,0,0,0,0,1,0,52121,away,80,20250409
1,0,0,0,0,0,0,0,68119,away,80,20250409
0,0,0,0,0,0,0,0,62415,away,80,20250409
2,0,0,0,0,0,1,0,69100,away,80,20250409
0,0,0,0,0,1,0,0,79109,away,80,20250409
2,0,1,0,0,0,1,0,52103,away,80,20250409
1,0,1,0,0,0,0,0,76290,away,80,20250409
4,1,1,1,1,0,0,0,65357,home,80,20250409
4,0,0,0,0,0,2,0,52366,home,80,20250409
2,2,1,1,1,1,0,0,50167,home,80,20250409
3,0,1,0,0,0,0,0,76267,home,80,20250409
1,0,0,0,0,0,0,0,62925,home,80,20250409
2,1,2,2,1,1,0,2,50357,home,80,20250409
3,0,1,0,0,1,1,0,55397,home,80,20250409
0,0,0,0,0,0,0,0,78756,home,80,20250409
3,0,0,0,0,0,1,0,62332,home,80,20250409
3,0,0,0,0,0,1,0,64984,home,80,20250409
4,0,0,0,0,1,3,0,65703,away,81,20250410
5,1,1,0,0,0,1,1,55734,away,81,20250410
0,0,0,0,0,0,0,0,52704,away,81,20250410
5,2,4,0,0,0,0,2,53764,away,81,20250410
4,2,1,0,0,1,2,1,69737,away,81,20250410
4,0,1,0,0,1,1,0,79192,away,81,20250410
4,1,3,3,0,1,0,0,66704,away,81,20250410
3,0,1,0,0,0,0,0,66657,away,81,20250410
2,1,0,0,0,0,1,1,68700,away,81,20250410
3,0,1,2,0,1,0,0,76812,away,81,20250410
4,0,1,0,0,0,1,0,62700,away,81,20250410
4,0,0,0,0,0,3,0,79231,home,81,20250410
0,0,0,0,0,0,0,0,50204,home,81,20250410
4,0,2,0,0,0,2,0,55208,home,81,20250410
3,0,0,0,0,0,1,0,76232,home,81,20250410
0,0,0,0,0,1,0,0,66928,home,81,20250410
4,0,0,0,0,0,1,0,64153,home,81,20250410
4,0,0,0,0,0,2,0,63123,home,81,20250410
3,1,1,0,0,0,0,0,78224,home,81,20250410
3,1,1,2,1,0,0,0,68362,home,81,20250410
3,0,0,0,0,0,0,0,64468,home,81,20250410
2,0,0,0,0,0,0,0,50208,home,81,20250410
1,0,0,0,0,0,1,0,66112,home,81,20250410
3,0,0,0,0,1,1,0,64646,away,82,20250410
1,0,0,0,0,0,1,0,65464,away,82,20250410
4,1,1,0,0,0,1,0,55636,away,82,20250410
3,1,2,1,0,1,0,0,62947,away,82,20250410
3,1,1,0,0,1,1,0,55645,away,82,20250410
4,0,2,2,0,0,1,0,63260,away,82,20250410
3,0,0,0,0,1,1,0,69727,away,82,20250410
4,0,0,0,0,0,0,0,66606,away,82,20250410
3,0,0,0,0,0,0,0,78122,away,82,20250410
1,0,0,0,0,0,1,0,68646,away,82,20250410
2,0,0,0,0,1,1,0,78168,away,82,20250410
1,0,0,0,0,0,1,0,66614,away,82,20250410
5,1,2,2,0,0,0,1,50500,home,82,20250410
4,0,1,0,0,1,1,0,69517,home,82,20250410
0,0,0,0,0,0,0,0,54598,home,82,20250410
4,0,0,1,0,0,0,0,78513,home,82,20250410
1,0,0,0,0,0,1,0,68507,home,82,20250410
3,0,1,1,0,0,0,0,54529,home,82,20250410
4,1,2,0,0,0,2,0,61102,home,82,20250410
0,0,0,0,0,0,0,0,68518,home,82,20250410
3,1,0,0,0,0,0,0,77564,home,82,20250410
4,1,2,3,1,0,0,0,51551,home,82,20250410
4,1,3,0,0,0,0,0,60523,home,82,20250410
0,1,0,0,0,0,0,0,52568,home,82,20250410
4,2,2,0,0,0,1,0,68205,home,82,20250410
5,0,1,1,0,0,1,0,50854,away,83,20250410
2,0,0,0,0,0,0,0,54812,away,83,20250410
2,0,0,0,0,0,0,0,76802,away,83,20250410
3,0,1,0,0,2,1,0,53827,away,83,20250410
0,0,0,0,0,0,0,0,54815,away,83,20250410
4,1,2,0,0,0,1,0,62895,away,83,20250410
0,0,0,0,0,1,0,0,68805,away,83,20250410
5,0,1,0,0,0,2,0,51868,away,83,20250410
0,0,0,0,0,0,0,0,51867,away,83,20250410
5,0,2,1,0,0,0,0,79456,away,83,20250410
5,0,1,0,0,0,0,0,67893,away,83,20250410
5,1,2,0,0,0,0,0,60558,away,83,20250410
3,0,1,0,0,0,1,0,54805,away,83,20250410
5,0,1,1,0,0,3,0,52415,home,83,20250410
3,0,0,0,0,1,0,0,62234,home,83,20250410
5,0,0,0,0,0,5,0,52430,home,83,20250410
4,0,1,0,0,0,1,0,74540,home,83,20250410
1,1,1,1,0,0,0,0,54408,home,83,20250410
4,0,1,1,0,0,1,0,54400,home,83,20250410
0,0,0,0,0,0,0,0,68463,home,83,20250410
0,0,0,0,0,0,0,0,69428,home,83,20250410
2,0,1,0,0,2,0,0,62404,home,83,20250410
4,0,0,0,0,0,2,0,75125,home,83,20250410
4,0,2,0,0,0,0,0,61404,home,83,20250410
3,2,0,0,0,0,0,0,67449,home,83,20250410
4,0,0,0,0,0,0,0,62907,away,84,20250410
0,0,0,0,0,0,0,0,50996,away,84,20250410
4,2,2,1,1,0,0,0,51907,away,84,20250410
4,0,2,1,0,0,1,0,77532,away,84,20250410
0,1,0,0,0,0,0,0,69992,away,84,20250410
4,2,2,2,1,0,0,0,54944,away,84,20250410
0,0,0,0,0,0,0,0,69995,away,84,20250410
2,0,0,0,0,1,1,0,63963,away,84,20250410
1,1,0,0,0,0,0,0,67905,away,84,20250410
3,0,0,1,0,1,1,0,51344,away,84,20250410
3,0,0,1,0,0,1,0,68912,away,84,20250410
3,1,1,1,1,0,0,0,53992,away,84,20250410
1,0,1,0,0,0,0,0,62244,away,84,20250410
4,0,1,0,0,0,2,0,62934,away,84,20250410
4,0,0,0,0,0,2,0,67025,home,84,20250410
3,0,0,0,0,0,2,0,79240,home,84,20250410
4,0,1,0,0,0,2,0,68050,home,84,20250410
0,0,0,0,0,0,0,0,68089,home,84,20250410
4,0,0,0,0,0,1,0,64004,home,84,20250410
2,0,0,0,0,0,2,0,76313,home,84,20250410
2,0,0,0,0,0,0,0,51007,home,84,20250410
3,0,0,0,0,1,2,1,51013,home,84,20250410
2,0,0,0,0,0,1,0,64166,home,84,20250410
1,0,0,0,0,0,0,0,52001,home,84,20250410
1,0,0,0,0,0,1,0,64504,home,84,20250410
3,0,1,0,0,0,1,0,64115,home,84,20250410
3,0,1,0,0,0,2,0,51003,home,84,20250410
5,0,0,0,0,0,1,0,65207,away,85,20250410
3,1,1,0,0,1,0,0,68119,away,85,20250410
1,0,0,0,0,0,0,0,79109,away,85,20250410
5,1,2,0,0,0,1,0,53123,away,85,20250410
5,0,2,1,0,0,1,0,69102,away,85,20250410
0,0,0,0,0,0,0,0,52121,away,85,20250410
3,2,2,0,0,1,0,0,76290,away,85,20250410
1,1,0,0,0,0,1,0,52103,away,85,20250410
3,1,2,1,0,2,0,1,79365,away,85,20250410
4,1,2,4,1,0,1,0,68110,away,85,20250410
4,0,2,1,0,0,1,0,69100,away,85,20250410
4,0,0,0,0,0,2,0,62415,away,85,20250410
4,0,0,0,0,0,0,1,65357,home,85,20250410
0,0,0,0,0,0,0,0,78756,home,85,20250410
3,0,0,0,0,1,2,0,52366,home,85,20250410
0,0,0,0,0,0,0,0,55393,home,85,20250410
4,0,2,0,0,0,1,0,50167,home,85,20250410
4,1,1,0,0,0,2,0,50357,home,85,20250410
4,1,1,0,0,0,0,0,55397,home,85,20250410
2,0,0,0,0,0,0,0,62925,home,85,20250410
2,0,1,1,0,0,0,0,64346,home,85,20250410
4,1,1,1,1,0,1,0,53312,home,85,20250410
3,0,1,0,0,0,1,0,64984,home,85,20250410
3,0,0,0,0,0,0,0,79231,away,86,20250411
3,0,1,1,0,0,0,1,55208,away,86,20250411
3,0,0,0,0,1,2,0,76232,away,86,20250411
3,0,0,0,0,1,1,0,64153,away,86,20250411
4,0,0,0,0,0,1,0,63123,away,86,20250411
3,0,0,0,0,0,2,0,66112,away,86,20250411
1,0,0,0,0,0,0,0,63257,away,86,20250411
4,1,1,0,0,0,0,0,68362,away,86,20250411
2,1,0,0,0,2,1,0,64468,away,86,20250411
3,0,2,1,0,0,0,0,66928,away,86,20250411
4,0,1,0,0,0,1,0,65207,home,86,20250411
4,0,1,0,0,0,0,0,76290,home,86,20250411
0,1,0,0,0,0,0,0,52103,home,86,20250411
4,0,1,1,0,0,0,0,53123,home,86,20250411
0,0,0,0,0,0,0,0,69100,home,86,20250411
3,1,1,0,0,1,0,0,69102,home,86,20250411
4,1,1,1,1,0,0,0,79109,home,86,20250411
3,1,2,0,0,0,0,0,68119,home,86,20250411
3,0,0,0,0,0,2,0,68110,home,86,20250411
2,0,0,0,0,0,0,0,52154,home,86,20250411
1,1,1,3,1,0,0,0,79365,home,86,20250411
3,0,0,0,0,0,0,0,62415,home,86,20250411
5,1,3,1,0,0,0,1,50500,away,87,20250411
4,1,2,0,0,1,0,0,69517,away,87,20250411
0,1,0,0,0,0,0,0,54598,away,87,20250411
4,1,1,1,0,1,0,0,51551,away,87,20250411
5,0,1,0,0,0,1,0,54529,away,87,20250411
5,0,0,0,0,0,2,0,60523,away,87,20250411
5,1,3,3,0,0,0,0,77564,away,87,20250411
2,1,1,1,0,1,0,0,61102,away,87,20250411
0,1,0,0,0,0,0,0,52568,away,87,20250411
0,0,0,0,0,0,0,0,68518,away,87,20250411
3,0,1,0,0,1,0,0,68507,away,87,20250411
4,0,1,1,0,0,2,0,68205,away,87,20250411
3,0,0,0,0,1,1,0,62907,home,87,20250411
4,0,0,0,0,0,2,0,51907,home,87,20250411
3,1,1,0,0,0,0,0,77532,home,87,20250411
1,0,0,0,0,0,1,0,53992,home,87,20250411
4,1,1,0,0,0,1,0,54944,home,87,20250411
2,2,0,0,0,2,1,0,63963,home,87,20250411
4,0,1,1,0,0,1,0,51344,home,87,20250411
4,1,3,4,1,0,0,0,68904,home,87,20250411
2,0,0,0,0,0,2,0,62244,home,87,20250411
2,0,0,0,0,0,1,0,68912,home,87,20250411
0,0,0,0,0,0,0,0,62934,home,87,20250411
2,0,0,0,0,0,1,0,67905,home,87,20250411
1,0,0,0,0,0,1,0,69992,home,87,20250411
1,0,0,0,0,0,0,0,69995,home,87,20250411
4,0,0,0,0,0,2,0,52415,away,88,20250411
4,0,0,0,0,0,0,0,67449,away,88,20250411
4,1,1,1,1,0,1,0,62404,away,88,20250411
3,0,1,0,0,1,0,0,54400,away,88,20250411
4,0,0,0,0,0,1,0,52430,away,88,20250411
4,1,1,0,0,0,2,0,75125,away,88,20250411
2,1,1,0,0,0,0,0,61404,away,88,20250411
0,0,0,0,0,0,0,0,68463,away,88,20250411
1,0,0,0,0,0,0,0,54408,away,88,20250411
2,0,1,1,0,1,1,1,62234,away,88,20250411
2,0,0,0,0,0,1,0,69428,away,88,20250411
1,0,1,0,0,0,0,0,74540,away,88,20250411
4,1,2,0,0,0,1,0,67025,home,88,20250411
2,0,0,0,0,2,0,0,79240,home,88,20250411
4,1,2,0,0,0,0,1,64004,home,88,20250411
3,0,0,1,0,0,0,0,78548,home,88,20250411
4,0,2,1,0,0,1,0,68050,home,88,20250411
2,1,0,0,0,2,0,1,79402,home,88,20250411
2,1,0,0,0,1,1,0,64166,home,88,20250411
1,0,0,0,0,0,1,0,64504,home,88,20250411
2,1,1,1,0,0,0,0,76313,home,88,20250411
4,0,2,2,0,0,1,0,64115,home,88,20250411
5,2,2,0,0,0,0,0,50854,away,89,20250411
2,3,0,0,0,3,0,1,60558,away,89,20250411
2,0,1,1,0,1,0,0,67893,away,89,20250411
0,0,0,0,0,0,0,0,76802,away,89,20250411
3,3,2,2,0,2,0,0,62895,away,89,20250411
0,0,0,0,0,0,0,0,68805,away,89,20250411
4,0,1,1,0,1,1,0,51868,away,89,20250411
4,1,2,1,0,0,0,0,79456,away,89,20250411
4,0,1,1,0,1,1,0,54805,away,89,20250411
4,0,1,2,0,1,1,0,50840,away,89,20250411
5,0,2,0,0,0,2,0,66864,away,89,20250411
4,1,1,1,1,0,0,0,78168,home,89,20250411
3,0,1,0,0,1,1,0,64646,home,89,20250411
4,0,0,0,0,0,2,0,62947,home,89,20250411
0,0,0,0,0,0,0,0,67609,home,89,20250411
3,1,1,0,0,1,1,0,72443,home,89,20250411
4,0,1,1,0,0,1,0,63260,home,89,20250411
0,0,0,0,0,0,0,0,55636,home,89,20250411
1,0,0,0,0,1,0,0,68646,home,89,20250411
2,0,0,0,0,0,1,0,78122,home,89,20250411
3,1,1,0,0,1,0,0,66606,home,89,20250411
2,0,0,0,0,0,0,0,65464,home,89,20250411
2,0,1,1,0,0,0,0,69727,home,89,20250411
2,0,1,0,0,0,1,0,66614,home,89,20250411
2,0,0,0,0,0,0,0,55645,home,89,20250411
4,0,1,0,0,0,0,0,65357,away,90,20250411
0,0,0,0,0,0,0,0,55393,away,90,20250411
4,0,1,0,0,0,1,0,52366,away,90,20250411
4,0,0,0,0,0,1,0,50357,away,90,20250411
4,0,0,0,0,0,2,0,53312,away,90,20250411
4,0,0,0,0,0,0,0,55397,away,90,20250411
2,0,0,0,0,0,1,0,78756,away,90,20250411
2,0,0,0,0,0,2,0,64984,away,90,20250411
3,0,1,0,0,0,0,0,64346,away,90,20250411
4,1,1,0,0,0,0,0,54795,home,90,20250411
1,0,1,0,0,0,0,0,50707,home,90,20250411
4,2,3,3,1,0,0,0,55734,home,90,20250411
5,2,4,4,1,0,0,0,53764,home,90,20250411
5,1,2,1,0,0,1,0,69737,home,90,20250411
4,1,1,0,0,1,1,0,79192,home,90,20250411
3,2,1,1,0,1,0,0,66704,home,90,20250411
0,0,0,0,0,0,0,0,68700,home,90,20250411
4,2,2,1,0,0,1,0,66657,home,90,20250411
1,0,0,0,0,0,1,0,65703,home,90,20250411
4,0,1,1,0,0,0,0,78288,home,90,20250411
1,0,0,0,0,0,0,0,62700,home,90,20250411
3,1,1,1,0,1,0,0,64006,home,90,20250411
1,0,0,0,0,0,0,0,76812,home,90,20250411
3,0,0,0,0,1,0,0,79231,away,91,20250412
4,0,1,0,0,0,2,0,55208,away,91,20250412
3,0,1,0,0,1,1,0,76232,away,91,20250412
4,0,0,0,0,0,3,0,68362,away,91,20250412
3,0,0,0,0,1,1,0,64153,away,91,20250412
4,0,1,0,0,0,1,0,63257,away,91,20250412
0,0,0,0,0,0,0,0,50204,away,91,20250412
4,0,1,0,0,0,2,0,63123,away,91,20250412
3,0,0,0,0,0,2,0,64468,away,91,20250412
3,0,1,0,0,0,0,0,66928,away,91,20250412
2,0,0,0,0,2,0,0,65207,home,91,20250412
4,1,2,0,0,0,0,0,76290,home,91,20250412
0,0,0,0,0,0,0,0,69100,home,91,20250412
3,0,0,0,0,1,0,0,53123,home,91,20250412
2,0,1,0,0,2,1,0,69102,home,91,20250412
0,1,0,0,0,0,0,0,52103,home,91,20250412
4,2,2,1,0,0,0,0,79109,home,91,20250412
4,0,2,2,0,0,2,0,68119,home,91,20250412
3,0,0,0,0,0,2,0,79365,home,91,20250412
2,0,0,1,0,2,1,0,68110,home,91,20250412
4,0,0,0,0,0,1,0,62415,home,91,20250412
4,0,2,0,0,0,0,0,50500,away,93,20250412
4,0,0,0,0,0,1,0,69517,away,93,20250412
1,0,1,1,0,3,0,0,51551,away,93,20250412
3,0,2,1,0,1,0,0,54529,away,93,20250412
3,0,0,0,0,1,1,0,77564,away,93,20250412
4,0,1,0,0,0,0,0,78513,away,93,20250412
4,0,1,0,0,0,0,0,68507,away,93,20250412
3,0,1,0,0,1,0,0,68518,away,93,20250412
3,2,2,0,0,0,0,0,68205,away,93,20250412
3,0,0,0,0,1,0,0,63963,home,93,20250412
3,0,0,0,0,0,1,0,51907,home,93,20250412
3,0,1,0,0,0,0,0,77532,home,93,20250412
3,0,0,0,0,0,2,0,54944,home,93,20250412
1,0,0,0,0,1,0,0,53992,home,93,20250412
1,0,0,0,0,0,1,0,67905,home,93,20250412
2,0,0,0,0,1,1,0,51344,home,93,20250412
2,0,1,0,0,1,1,0,68904,home,93,20250412
2,0,0,0,0,1,1,0,68912,home,93,20250412
3,0,1,0,0,0,1,0,69995,home,93,20250412
3,2,3,3,1,3,0,0,65357,away,95,20250412
6,0,1,1,0,0,1,0,52366,away,95,20250412
3,0,0,0,0,3,1,0,76267,away,95,20250412
5,0,3,1,0,1,1,1,50357,away,95,20250412
3,1,0,0,0,0,1,0,64346,away,95,20250412
4,0,0,0,0,0,3,0,55397,away,95,20250412
1,0,1,0,0,0,0,0,55393,away,95,20250412
0,0,0,0,0,0,0,0,78756,away,95,20250412
5,1,2,0,0,0,0,0,53312,away,95,20250412
0,0,0,0,0,0,0,0,62332,away,95,20250412
5,2,3,1,0,0,1,0,64984,away,95,20250412
2,0,0,0,0,0,0,0,54795,home,95,20250412
2,0,2,0,0,1,0,0,50707,home,95,20250412
5,1,1,1,0,0,1,0,55734,home,95,20250412
4,0,1,1,0,0,0,0,53764,home,95,20250412
4,0,1,0,0,0,1,0,69737,home,95,20250412
4,0,2,0,0,0,0,0,79192,home,95,20250412
4,0,2,0,0,0,0,0,66704,home,95,20250412
2,0,0,0,0,0,2,0,66657,home,95,20250412
2,0,0,0,0,0,0,0,65703,home,95,20250412
1,0,0,0,0,1,0,0,76812,home,95,20250412
0,1,0,0,0,0,0,0,52704,home,95,20250412
1,0,0,0,0,0,0,0,78288,home,95,20250412
1,0,0,0,0,0,0,0,64006,home,95,20250412
3,0,0,0,0,0,3,0,62700,home,95,20250412
4,2,2,1,0,1,0,0,79231,away,96,20250413
1,0,0,0,0,0,0,0,54214,away,96,20250413
4,0,1,0,0,0,2,0,64468,away,96,20250413
1,0,0,0,0,0,0,0,52267,away,96,20250413
5,2,2,4,1,0,1,0,55208,away,96,20250413
1,0,0,0,0,0,0,0,50204,away,96,20250413
2,2,1,0,0,3,0,0,76232,away,96,20250413
4,1,2,1,0,0,1,0,64153,away,96,20250413
4,0,0,0,0,1,2,0,63123,away,96,20250413
2,0,0,1,0,2,0,0,66112,away,96,20250413
1,0,0,0,0,0,0,0,55252,away,96,20250413
5,1,2,0,0,0,1,0,66928,away,96,20250413
3,1,2,1,0,1,1,0,66209,away,96,20250413
3,0,1,0,0,1,1,0,66108,home,96,20250413
1,0,0,0,0,0,0,0,52103,home,96,20250413
5,0,1,0,0,0,1,0,68119,home,96,20250413
2,0,0,0,0,0,1,0,53123,home,96,20250413
1,0,0,0,0,2,0,0,65207,home,96,20250413
4,1,0,0,0,1,2,0,69102,home,96,20250413
2,0,1,0,0,1,1,0,76290,home,96,20250413
2,0,1,0,0,0,1,0,62415,home,96,20250413
1,0,0,0,0,0,0,0,79109,home,96,20250413
2,1,0,0,0,1,0,0,52154,home,96,20250413
0,0,0,0,0,1,0,0,79365,home,96,20250413
2,0,0,1,0,0,0,0,52121,home,96,20250413
4,0,1,0,0,0,2,0,68110,home,96,20250413
4,0,2,1,0,0,0,0,69100,home,96,20250413
4,1,0,0,0,1,0,0,50500,away,97,20250413
3,1,1,0,0,2,1,0,69517,away,97,20250413
3,1,0,0,0,2,2,0,51551,away,97,20250413
3,1,1,0,0,1,1,0,54529,away,97,20250413
0,0,0,0,0,0,0,0,54598,away,97,20250413
1,0,0,0,0,0,1,0,60523,away,97,20250413
0,0,0,0,0,0,0,0,52568,away,97,20250413
2,0,0,0,0,0,0,0,61102,away,97,20250413
1,0,0,0,0,1,0,0,68518,away,97,20250413
4,1,1,1,0,0,0,0,77564,away,97,20250413
5,1,2,3,0,0,1,0,78513,away,97,20250413
5,0,1,2,0,0,0,0,68507,away,97,20250413
3,0,2,0,0,1,0,0,68205,away,97,20250413
4,1,0,0,0,1,1,0,63963,home,97,20250413
3,0,0,0,0,2,1,1,51907,home,97,20250413
3,1,1,2,0,1,1,0,77532,home,97,20250413
0,0,0,0,0,0,0,1,62907,home,97,20250413
0,0,0,0,0,0,0,0,50996,home,97,20250413
4,1,1,2,1,0,2,0,53992,home,97,20250413
0,0,0,0,0,1,0,1,67905,home,97,20250413
5,0,0,0,0,0,3,0,68904,home,97,20250413
2,2,1,0,0,1,0,0,54944,home,97,20250413
3,1,1,2,1,1,1,0,51344,home,97,20250413
3,2,1,2,1,1,2,0,68912,home,97,20250413
4,1,2,0,0,0,0,1,69995,home,97,20250413
3,2,0,0,0,2,0,0,52415,away,98,20250413
5,1,3,0,0,0,2,0,62234,away,98,20250413
4,1,1,1,0,0,1,0,62404,away,98,20250413
4,0,1,0,0,1,1,0,74540,away,98,20250413
5,0,1,0,0,0,1,0,54400,away,98,20250413
0,0,0,0,0,0,0,0,54408,away,98,20250413
4,0,1,0,0,1,2,0,52430,away,98,20250413
4,0,0,0,0,0,1,0,75125,away,98,20250413
1,0,0,0,0,0,0,0,61404,away,98,20250413
3,1,2,0,0,1,0,0,68463,away,98,20250413
3,0,2,1,0,1,0,0,67449,away,98,20250413
5,2,3,0,0,0,0,0,67025,home,98,20250413
3,1,1,0,0,2,0,0,79240,home,98,20250413
5,1,1,1,0,0,1,0,68050,home,98,20250413
5,1,1,1,0,0,1,0,64004,home,98,20250413
0,0,0,0,0,0,0,0,51007,home,98,20250413
2,0,1,2,0,1,0,0,78548,home,98,20250413
4,1,3,1,0,0,0,0,64166,home,98,20250413
2,0,0,0,0,1,0,0,76313,home,98,20250413
0,0,0,0,0,1,0,0,64504,home,98,20250413
4,0,2,1,0,0,0,0,64115,home,98,20250413
4,0,0,0,0,0,0,0,79402,home,98,20250413
2,0,0,1,0,0,0,0,50854,away,99,20250413
1,0,0,0,0,0,0,0,68868,away,99,20250413
2,1,0,0,0,2,1,0,54812,away,99,20250413
4,1,1,0,0,0,0,0,60558,away,99,20250413
3,0,0,0,0,0,1,0,62895,away,99,20250413
0,1,0,0,0,1,0,0,76802,away,99,20250413
3,0,0,0,0,0,1,0,67893,away,99,20250413
1,0,1,3,0,0,0,0,66864,away,99,20250413
4,0,0,0,0,0,0,0,51868,away,99,20250413
2,1,1,0,0,0,0,0,79456,away,99,20250413
2,0,0,0,0,0,1,0,51865,away,99,20250413
4,1,1,1,0,0,2,0,50840,away,99,20250413
2,0,1,0,0,0,1,0,54805,away,99,20250413
4,0,1,2,0,0,0,0,64646,home,99,20250413
0,0,0,0,0,1,0,0,78168,home,99,20250413
4,1,1,3,1,1,0,0,69636,home,99,20250413
5,0,2,1,0,0,0,0,62947,home,99,20250413
0,0,0,0,0,0,0,0,60337,home,99,20250413
3,1,2,0,0,1,0,0,72443,home,99,20250413
0,0,0,0,0,0,0,0,67609,home,99,20250413
1,0,0,0,0,0,0,0,55636,home,99,20250413
5,3,3,3,2,0,1,0,55645,home,99,20250413
4,0,1,0,0,0,0,0,69727,home,99,20250413
4,1,1,0,0,0,0,0,66606,home,99,20250413
2,2,1,0,0,1,0,0,78122,home,99,20250413
0,1,0,0,0,1,0,0,63722,home,99,20250413
3,2,2,1,0,0,0,0,66614,home,99,20250413
4,1,1,0,0,0,1,0,65357,away,100,20250413
4,0,0,0,0,0,1,0,52366,away,100,20250413
4,0,1,0,0,0,2,0,50357,away,100,20250413
3,0,1,1,0,0,0,0,76267,away,100,20250413
1,0,0,0,0,0,1,0,78756,away,100,20250413
3,0,0,0,0,1,1,0,64346,away,100,20250413
4,0,1,0,0,0,2,0,55397,away,100,20250413
4,0,1,0,0,0,1,0,53312,away,100,20250413
3,0,0,0,0,0,2,0,55393,away,100,20250413
2,0,1,0,0,0,0,0,64984,away,100,20250413
4,0,2,1,0,1,0,1,68700,home,100,20250413
5,1,3,0,0,0,0,0,55734,home,100,20250413
0,0,0,0,0,0,0,0,52704,home,100,20250413
4,0,1,0,0,1,1,0,50707,home,100,20250413
5,1,1,1,0,0,0,0,69737,home,100,20250413
5,2,4,0,0,0,1,0,66704,home,100,20250413
5,1,3,1,0,0,1,0,79192,home,100,20250413
4,2,2,0,0,1,0,0,54795,home,100,20250413
3,0,0,1,0,2,1,0,78288,home,100,20250413
3,0,1,3,0,1,0,0,65703,home,100,20250413
3,0,0,0,0,1,0,0,67449,away,101,20250415
4,0,0,0,0,0,3,0,62234,away,101,20250415
3,0,0,0,0,0,2,0,62404,away,101,20250415
3,0,0,0,0,0,2,0,74540,away,101,20250415
3,0,0,0,0,0,1,0,54400,away,101,20250415
3,0,0,0,0,0,1,0,61404,away,101,20250415
2,0,0,0,0,0,2,0,68463,away,101,20250415
1,0,0,0,0,0,1,0,75125,away,101,20250415
3,0,0,0,0,0,1,0,52430,away,101,20250415
1,0,0,0,0,1,0,0,52415,away,101,20250415
0,0,0,0,0,0,0,0,54408,away,101,20250415
5,1,1,0,0,0,1,0,66108,home,101,20250415
4,0,1,0,0,0,1,0,76290,home,101,20250415
4,0,1,0,0,0,1,0,53123,home,101,20250415
0,1,0,0,0,0,0,0,52103,home,101,20250415
0,0,0,0,0,0,0,0,69100,home,101,20250415
3,1,3,1,0,1,0,0,69102,home,101,20250415
3,0,0,0,0,0,0,0,79109,home,101,20250415
4,0,2,2,0,0,0,0,68119,home,101,20250415
3,0,2,0,0,1,0,0,79365,home,101,20250415
3,0,1,0,0,1,1,1,62415,home,101,20250415
2,0,0,0,0,1,1,0,65207,home,101,20250415
1,0,0,0,0,0,1,0,68110,home,101,20250415
0,0,0,0,0,0,0,0,51100,home,101,20250415
3,1,1,0,0,0,1,0,66657,away,102,20250415
2,0,0,1,0,0,0,0,68700,away,102,20250415
5,0,1,0,0,0,4,0,55734,away,102,20250415
0,0,0,0,0,0,0,0,76812,away,102,20250415
4,0,0,1,0,0,1,0,53764,away,102,20250415
3,0,0,0,0,0,2,0,69737,away,102,20250415
4,0,0,0,0,0,1,0,66704,away,102,20250415
3,0,0,0,0,1,2,0,79192,away,102,20250415
3,1,1,0,0,1,2,0,54795,away,102,20250415
2,0,1,0,0,0,0,1,78288,away,102,20250415
0,0,0,0,0,0,0,0,52704,away,102,20250415
3,0,0,0,0,0,2,0,64006,away,102,20250415
3,0,0,0,0,1,0,0,50854,home,102,20250415
3,0,1,0,0,1,1,0,54812,home,102,20250415
4,0,0,0,0,0,2,0,67893,home,102,20250415
4,0,1,0,0,0,2,0,62895,home,102,20250415
0,0,0,0,0,0,0,0,68805,home,102,20250415
3,0,0,0,0,1,1,0,79456,home,102,20250415
3,0,0,0,0,0,2,0,60558,home,102,20250415
3,0,0,0,0,0,1,0,51868,home,102,20250415
2,0,0,0,0,1,2,0,50840,home,102,20250415
0,0,0,0,0,0,0,0,54815,home,102,20250415
2,0,0,0,0,0,2,0,54805,home,102,20250415
1,0,0,0,0,0,1,0,68868,home,102,20250415
0,0,0,0,0,0,0,0,76802,home,102,20250415
4,1,1,1,1,1,0,0,65357,away,103,20250415
4,1,0,0,0,0,1,0,54444,away,103,20250415
4,1,1,0,0,1,3,0,50167,away,103,20250415
5,1,4,2,0,0,0,0,76267,away,103,20250415
4,0,0,0,0,1,0,0,52366,away,103,20250415
2,1,0,0,0,2,1,0,50357,away,103,20250415
3,1,1,1,0,0,1,0,55397,away,103,20250415
1,0,0,0,0,0,1,0,55393,away,103,20250415
0,0,0,0,0,0,0,0,78756,away,103,20250415
4,0,1,1,0,0,0,0,62332,away,103,20250415
4,0,1,0,0,0,1,0,64984,away,103,20250415
3,1,1,0,0,1,0,0,50500,home,103,20250415
4,2,2,1,0,0,1,0,68205,home,103,20250415
4,1,1,2,1,1,0,0,78513,home,103,20250415
0,0,0,0,0,0,0,0,60523,home,103,20250415
5,1,3,0,0,0,0,0,54529,home,103,20250415
0,1,0,0,0,0,0,0,52568,home,103,20250415
3,1,2,2,0,2,0,0,51551,home,103,20250415
0,0,0,0,0,0,0,0,52504,home,103,20250415
3,0,1,1,0,1,1,0,61102,home,103,20250415
1,0,0,0,0,0,0,0,68518,home,103,20250415
4,0,1,2,0,0,2,0,69517,home,103,20250415
0,0,0,0,0,0,0,0,54598,home,103,20250415
4,0,0,0,0,0,1,0,77564,home,103,20250415
4,1,2,0,0,0,0,0,68507,home,103,20250415
4,0,0,0,0,0,0,0,67025,away,105,20250415
4,0,1,0,0,0,0,0,79240,away,105,20250415
4,0,1,0,0,0,0,0,64004,away,105,20250415
4,0,2,0,0,0,1,0,68050,away,105,20250415
3,0,1,0,0,1,1,0,78548,away,105,20250415
4,0,1,0,0,0,2,0,76313,away,105,20250415
2,0,0,0,0,0,2,0,64166,away,105,20250415
1,0,0,0,0,0,0,0,51013,away,105,20250415
1,0,0,0,0,0,0,0,51007,away,105,20250415
3,0,0,0,0,0,2,0,64115,away,105,20250415
3,0,0,0,0,0,2,0,79402,away,105,20250415
3,0,0,0,0,1,1,0,64646,home,105,20250415
4,0,2,0,0,0,1,0,69636,home,105,20250415
0,0,0,0,0,0,0,1,55636,home,105,20250415
3,0,0,0,0,0,2,0,62947,home,105,20250415
0,0,0,0,0,0,0,0,67609,home,105,20250415
4,0,1,0,0,0,1,0,72443,home,105,20250415
2,0,0,0,0,2,2,0,55645,home,105,20250415
4,0,1,0,0,0,2,0,69727,home,105,20250415
4,1,1,1,1,0,0,0,66606,home,105,20250415
3,0,0,0,0,0,1,0,78122,home,105,20250415
3,0,0,0,0,0,3,0,66614,home,105,20250415
3,0,0,0,0,0,1,0,67449,away,106,20250416
1,0,0,0,0,0,0,0,55440,away,106,20250416
3,1,1,0,0,1,1,0,52415,away,106,20250416
0,0,0,0,0,0,0,0,54408,away,106,20250416
3,1,1,0,0,0,0,0,62404,away,106,20250416
1,0,0,0,0,0,1,0,68463,away,106,20250416
1,0,0,1,0,0,0,0,74540,away,106,20250416
2,0,1,0,0,0,0,0,69428,away,106,20250416
3,0,1,1,0,0,0,0,54400,away,106,20250416
1,0,0,0,0,0,1,0,52430,away,106,20250416
3,0,1,0,0,0,0,0,61404,away,106,20250416
1,0,1,0,0,0,0,0,62234,away,106,20250416
4,0,1,0,0,0,0,0,75125,away,106,20250416
4,0,1,0,0,0,1,0,66406,away,106,20250416
4,0,0,0,0,0,2,0,65586,away,106,20250416
5,0,1,1,0,0,2,0,66108,home,106,20250416
0,0,0,0,0,0,0,0,69100,home,106,20250416
2,2,1,1,0,2,0,0,76290,home,106,20250416
1,0,0,0,0,0,0,0,68110,home,106,20250416
3,1,0,0,0,2,0,0,53123,home,106,20250416
0,0,0,0,0,0,0,0,52103,home,106,20250416
5,1,3,1,0,0,1,0,69102,home,106,20250416
2,1,1,1,0,1,1,0,79109,home,106,20250416
1,0,0,0,0,0,0,0,51100,home,106,20250416
1,3,0,0,0,4,0,0,68119,home,106,20250416
4,3,3,5,2,0,0,0,79365,home,106,20250416
0,0,0,0,0,0,0,0,52154,home,106,20250416
3,0,1,2,0,0,0,0,62415,home,106,20250416
4,1,0,1,0,0,1,0,65207,home,106,20250416
3,1,0,0,0,2,0,0,54795,away,107,20250416
4,1,2,1,0,1,2,0,55734,away,107,20250416
0,1,0,0,0,0,0,0,52704,away,107,20250416
5,0,1,0,0,0,1,0,53764,away,107,20250416
5,3,3,5,2,0,0,1,69737,away,107,20250416
4,0,0,0,0,0,1,0,66704,away,107,20250416
1,0,0,0,0,0,0,0,50707,away,107,20250416
4,2,3,2,1,0,0,0,79192,away,107,20250416
3,1,1,1,0,0,0,0,66657,away,107,20250416
2,0,0,0,0,0,2,0,68700,away,107,20250416
4,0,1,1,0,1,2,0,76812,away,107,20250416
4,1,1,0,0,1,0,0,65703,away,107,20250416
5,1,1,0,0,0,2,0,50854,home,107,20250416
4,0,0,0,0,1,1,0,54812,home,107,20250416
3,1,2,1,0,0,1,0,67893,home,107,20250416
2,1,1,0,0,0,0,0,76802,home,107,20250416
3,0,0,0,0,0,2,0,62895,home,107,20250416
1,0,0,0,0,0,1,0,54805,home,107,20250416
4,1,2,1,0,0,0,0,79456,home,107,20250416
3,0,0,0,0,1,3,0,60558,home,107,20250416
4,0,3,2,0,0,0,0,51868,home,107,20250416
4,0,1,0,0,0,0,0,50840,home,107,20250416
3,0,0,0,0,0,3,0,66864,home,107,20250416
1,0,0,0,0,0,1,0,68868,home,107,20250416
5,1,1,0,0,0,0,0,65357,away,108,20250416
4,1,1,0,0,0,2,0,50167,away,108,20250416
4,0,0,0,0,0,0,0,76267,away,108,20250416
3,1,2,2,0,1,0,0,54444,away,108,20250416
4,0,1,1,0,0,1,0,50357,away,108,20250416
2,0,0,0,0,0,2,0,52366,away,108,20250416
4,1,1,0,0,0,2,0,55392,away,108,20250416
4,0,1,1,0,0,2,0,53312,away,108,20250416
1,0,0,0,0,0,0,0,78756,away,108,20250416
1,0,1,0,0,0,0,0,64340,away,108,20250416
2,0,0,0,0,0,2,0,55397,away,108,20250416
5,1,4,1,0,0,0,2,50500,home,108,20250416
4,0,1,0,0,0,3,0,68205,home,108,20250416
4,1,1,0,0,1,1,0,51551,home,108,20250416
4,0,0,0,0,1,0,0,54529,home,108,20250416
4,1,3,1,0,0,0,0,78513,home,108,20250416
0,0,0,0,0,0,0,0,52504,home,108,20250416
1,0,0,0,0,0,0,0,60523,home,108,20250416
0,0,0,0,0,0,0,0,62528,home,108,20250416
4,1,1,0,0,0,0,0,69517,home,108,20250416
0,0,0,0,0,0,0,0,54598,home,108,20250416
4,1,2,0,0,0,1,0,61102,home,108,20250416
0,0,0,0,0,0,0,0,68518,home,108,20250416
3,1,2,1,0,1,0,0,77564,home,108,20250416
0,0,0,0,0,0,0,1,52568,home,108,20250416
4,0,1,2,0,0,0,0,68507,home,108,20250416
4,0,1,0,0,0,1,0,67025,away,110,20250416
4,1,2,0,0,0,0,0,79240,away,110,20250416
3,0,0,0,0,1,0,0,64004,away,110,20250416
0,0,0,0,0,0,0,0,51007,away,110,20250416
4,1,2,1,1,0,0,0,68050,away,110,20250416
2,0,0,1,0,1,0,0,78548,away,110,20250416
4,0,0,0,0,0,2,0,76313,away,110,20250416
4,1,0,0,0,0,1,0,64115,away,110,20250416
3,0,1,1,0,0,1,0,64166,away,110,20250416
4,0,0,0,0,0,0,0,79402,away,110,20250416
3,0,0,0,0,1,0,0,64646,home,110,20250416
0,0,0,0,0,0,0,0,63722,home,110,20250416
2,0,0,0,0,0,1,0,69636,home,110,20250416
1,0,0,0,0,1,0,0,63260,home,110,20250416
4,0,0,0,0,0,0,0,62947,home,110,20250416
4,0,1,0,0,0,1,0,72443,home,110,20250416
2,0,0,0,0,1,0,0,55645,home,110,20250416
3,0,0,0,0,0,2,0,69727,home,110,20250416
3,0,0,0,0,0,2,0,66606,home,110,20250416
2,0,0,0,0,0,0,0,78122,home,110,20250416
1,0,0,0,0,0,0,0,78168,home,110,20250416
1,0,0,0,0,0,1,0,66614,home,110,20250416
1,0,0,0,0,0,0,0,50600,home,110,20250416
4,0,1,1,0,1,2,1,52415,away,111,20250417
4,0,0,0,0,0,1,0,61404,away,111,20250417
4,2,2,0,0,1,1,0,62404,away,111,20250417
5,0,1,2,0,0,1,0,74540,away,111,20250417
4,1,2,2,1,1,0,0,54400,away,111,20250417
4,0,1,0,0,0,1,1,51407,away,111,20250417
0,0,0,0,0,0,0,0,75125,away,111,20250417
0,0,0,0,0,0,0,0,66406,away,111,20250417
5,0,0,0,0,0,2,0,52430,away,111,20250417
2,2,1,0,0,3,0,1,55438,away,111,20250417
4,1,2,1,0,0,0,1,67449,away,111,20250417
3,0,1,1,0,1,0,0,66108,home,111,20250417
4,0,0,0,0,0,0,0,76290,home,111,20250417
3,0,0,0,0,0,0,0,79109,home,111,20250417
2,0,1,0,0,0,0,0,51100,home,111,20250417
4,1,1,1,1,1,0,0,69102,home,111,20250417
4,0,0,0,0,1,2,0,79365,home,111,20250417
4,0,2,0,0,0,0,0,68110,home,111,20250417
4,0,0,0,0,0,2,0,52154,home,111,20250417
2,1,2,0,0,0,0,0,62415,home,111,20250417
1,0,0,0,0,0,1,0,68119,home,111,20250417
1,1,1,0,0,0,0,0,52103,home,111,20250417
1,0,0,0,0,0,0,0,65207,home,111,20250417
1,0,1,1,0,1,0,0,69100,home,111,20250417
4,1,2,1,0,0,1,0,50707,away,112,20250417
0,0,0,0,0,0,0,0,52704,away,112,20250417
4,0,2,2,0,0,1,1,55734,away,112,20250417
4,0,0,0,0,0,3,0,53764,away,112,20250417
4,1,2,0,0,0,1,0,69737,away,112,20250417
4,0,2,1,0,0,2,0,79192,away,112,20250417
2,0,0,0,0,0,2,0,66657,away,112,20250417
1,0,0,0,0,0,1,0,66704,away,112,20250417
1,0,0,0,0,0,0,0,76812,away,112,20250417
4,0,0,0,0,0,0,0,54795,away,112,20250417
1,1,0,0,0,1,0,0,78288,away,112,20250417
1,1,0,0,0,0,1,0,68700,away,112,20250417
2,0,0,0,0,0,2,0,64006,away,112,20250417
1,0,0,0,0,0,0,0,65703,away,112,20250417
5,1,3,0,0,0,0,0,50854,home,112,20250417
4,1,1,1,0,0,1,0,67893,home,112,20250417
4,0,0,0,0,0,0,0,79456,home,112,20250417
3,0,1,0,0,1,1,0,62895,home,112,20250417
4,0,2,1,0,0,0,0,51868,home,112,20250417
4,0,0,0,0,0,3,0,60558,home,112,20250417
3,0,1,0,0,1,1,0,76802,home,112,20250417
3,0,0,0,0,0,1,0,50840,home,112,20250417
0,0,0,0,0,1,0,0,68868,home,112,20250417
0,0,0,0,0,0,0,0,66864,home,112,20250417
2,0,0,0,0,0,0,0,54805,home,112,20250417
2,0,0,0,0,0,0,0,54812,home,112,20250417
4,0,2,0,0,1,1,0,65357,away,113,20250417
4,0,0,0,0,0,3,0,50167,away,113,20250417
4,1,1,0,0,0,2,0,54444,away,113,20250417
0,0,0,0,0,0,0,0,50357,away,113,20250417
4,0,1,0,0,0,0,0,76267,away,113,20250417
0,0,0,0,0,0,0,0,64340,away,113,20250417
3,0,1,0,0,0,2,0,53312,away,113,20250417
1,0,1,1,0,0,0,0,53344,away,113,20250417
3,0,0,0,0,1,2,0,55397,away,113,20250417
4,0,1,0,0,0,2,0,52366,away,113,20250417
4,0,1,0,0,0,0,0,64984,away,113,20250417
4,0,1,0,0,0,3,0,55392,away,113,20250417
5,1,2,1,0,0,0,1,50500,home,113,20250417
3,0,1,1,0,1,0,0,69517,home,113,20250417
1,0,0,0,0,0,0,0,54598,home,113,20250417
4,0,1,1,0,1,1,0,78513,home,113,20250417
0,0,0,0,0,0,0,0,52504,home,113,20250417
5,1,1,0,0,0,1,0,54529,home,113,20250417
3,2,2,0,0,1,0,0,51551,home,113,20250417
3,1,0,1,0,0,1,0,61102,home,113,20250417
3,0,0,0,0,1,0,0,77564,home,113,20250417
4,1,3,0,0,0,1,0,68205,home,113,20250417
4,1,1,2,0,0,0,0,68507,home,113,20250417
5,0,1,0,0,0,2,0,67025,away,115,20250417
4,0,1,0,0,1,0,0,79240,away,115,20250417
5,1,3,0,0,0,1,1,64004,away,115,20250417
4,0,1,1,0,1,0,0,68050,away,115,20250417
3,1,2,0,0,1,0,0,78548,away,115,20250417
3,1,2,2,1,0,0,0,76313,away,115,20250417
1,1,0,0,0,0,0,0,64504,away,115,20250417
3,0,2,0,0,0,0,0,64115,away,115,20250417
3,0,0,0,0,0,3,0,64166,away,115,20250417
1,0,0,1,0,0,0,0,51013,away,115,20250417
0,0,0,0,0,0,0,0,51007,away,115,20250417
4,0,1,0,0,0,0,0,79402,away,115,20250417
5,1,3,1,0,0,0,0,64646,home,115,20250417
3,0,1,0,0,1,0,0,50600,home,115,20250417
4,0,1,2,0,1,1,0,62947,home,115,20250417
4,0,0,0,0,0,0,0,72443,home,115,20250417
4,1,2,1,1,0,1,0,55645,home,115,20250417
4,0,1,0,0,0,1,0,69636,home,115,20250417
3,1,1,0,0,1,0,0,69727,home,115,20250417
3,1,2,0,0,0,0,0,63722,home,115,20250417
1,0,1,0,0,0,0,0,63260,home,115,20250417
0,0,0,0,0,0,0,0,55636,home,115,20250417
4,1,1,1,0,0,0,0,66606,home,115,20250417
3,0,1,0,0,1,0,0,64646,away,116,20250418
0,0,0,0,0,0,0,0,66614,away,116,20250418
2,0,0,0,0,0,1,0,78603,away,116,20250418
1,0,0,0,0,0,0,0,50600,away,116,20250418
4,0,0,0,0,0,1,0,62947,away,116,20250418
0,0,0,0,0,0,0,0,55636,away,116,20250418
3,0,0,0,0,1,1,0,55645,away,116,20250418
4,0,0,0,0,0,0,0,72443,away,116,20250418
3,1,2,1,1,1,0,0,63260,away,116,20250418
4,0,0,0,0,0,2,0,69727,away,116,20250418
1,0,0,0,0,1,0,0,78122,away,116,20250418
1,0,0,0,0,0,1,0,69636,away,116,20250418
0,0,0,0,0,0,0,0,63722,away,116,20250418
3,0,0,0,0,0,2,0,66606,away,116,20250418
3,2,2,1,0,1,0,2,79231,home,116,20250418
1,0,0,0,0,0,0,0,54214,home,116,20250418
3,1,1,0,0,1,1,0,64468,home,116,20250418
0,0,0,0,0,1,0,0,55252,home,116,20250418
4,1,3,3,0,0,0,1,55208,home,116,20250418
3,1,2,0,0,2,0,0,76232,home,116,20250418
4,0,1,2,0,1,1,0,64153,home,116,20250418
4,1,1,0,0,0,0,0,63123,home,116,20250418
2,0,0,0,0,0,0,0,66112,home,116,20250418
1,0,0,0,0,0,0,0,52267,home,116,20250418
2,0,0,0,0,0,0,0,66928,home,116,20250418
1,0,1,1,0,0,0,0,63257,home,116,20250418
0,0,0,0,0,0,0,0,50204,home,116,20250418
3,1,0,0,0,1,0,1,66209,home,116,20250418
4,1,0,0,0,0,0,0,66108,away,117,20250418
1,0,0,0,0,1,0,0,65207,away,117,20250418
1,0,0,0,0,0,0,0,76290,away,117,20250418
0,0,0,0,0,1,0,0,53123,away,117,20250418
1,1,1,0,0,0,0,1,52103,away,117,20250418
5,1,1,1,0,0,2,0,68119,away,117,20250418
4,0,0,0,0,0,0,0,69102,away,117,20250418
4,2,4,2,1,0,0,1,79109,away,117,20250418
4,0,2,1,0,0,1,0,79365,away,117,20250418
3,0,0,0,0,0,0,0,68110,away,117,20250418
0,0,0,0,0,0,0,0,51100,away,117,20250418
3,0,0,0,0,1,1,0,69100,away,117,20250418
3,0,1,0,0,0,0,0,62415,away,117,20250418
4,0,0,0,0,0,2,0,67893,home,117,20250418
3,0,1,0,0,1,1,1,54812,home,117,20250418
4,0,0,0,0,0,1,0,50854,home,117,20250418
3,0,0,0,0,1,1,0,62895,home,117,20250418
4,0,0,0,0,0,1,0,51868,home,117,20250418
3,1,1,0,0,1,0,0,79456,home,117,20250418
3,0,1,0,0,0,1,0,68868,home,117,20250418
1,0,0,0,0,0,1,0,68805,home,117,20250418
1,0,0,0,0,0,0,0,50840,home,117,20250418
2,0,1,0,0,0,0,0,76802,home,117,20250418
3,0,0,1,0,0,1,0,54805,home,117,20250418
5,1,2,1,0,0,1,0,50500,away,118,20250418
4,2,2,1,0,0,0,1,69517,away,118,20250418
1,0,0,0,0,0,0,0,54598,away,118,20250418
4,1,2,1,0,0,2,0,78513,away,118,20250418
1,0,0,0,0,0,0,0,68507,away,118,20250418
4,1,1,2,1,0,0,0,54529,away,118,20250418
0,0,0,0,0,0,0,0,52591,away,118,20250418
4,0,1,0,0,0,1,0,60523,away,118,20250418
4,1,1,2,1,0,1,0,51551,away,118,20250418
3,0,0,0,0,0,1,0,77564,away,118,20250418
1,0,0,0,0,0,1,0,52568,away,118,20250418
4,1,1,0,0,0,0,0,68205,away,118,20250418
4,1,3,1,1,0,0,0,68518,away,118,20250418
3,0,0,0,0,0,2,0,52415,home,118,20250418
2,0,1,0,0,0,0,0,54408,home,118,20250418
4,0,2,0,0,0,0,1,61404,home,118,20250418
1,0,0,0,0,0,1,0,66406,home,118,20250418
3,0,2,0,0,1,1,0,62404,home,118,20250418
1,0,0,0,0,0,1,0,68463,home,118,20250418
4,0,1,0,0,0,1,0,74540,home,118,20250418
1,0,0,0,0,0,0,0,69428,home,118,20250418
3,0,0,0,0,0,1,0,54400,home,118,20250418
1,0,0,0,0,0,1,0,52430,home,118,20250418
1,0,0,0,0,0,1,0,75125,home,118,20250418
2,1,1,1,1,0,0,0,51407,home,118,20250418
4,0,2,0,0,0,2,0,62234,home,118,20250418
4,0,0,0,0,0,1,1,55438,home,118,20250418
3,0,1,0,0,1,2,0,67449,home,118,20250418
5,1,1,0,0,0,2,0,67025,away,119,20250418
5,1,3,1,0,0,0,0,64004,away,119,20250418
0,0,0,0,0,0,0,0,64166,away,119,20250418
5,1,1,0,0,0,2,0,68050,away,119,20250418
5,0,1,0,0,0,1,0,78548,away,119,20250418
2,0,0,0,0,3,1,0,76313,away,119,20250418
3,0,2,1,0,0,1,0,64007,away,119,20250418
2,0,1,1,0,1,1,0,51003,away,119,20250418
1,0,0,0,0,0,1,0,51007,away,119,20250418
3,0,0,0,0,0,0,0,51013,away,119,20250418
4,0,0,0,0,0,0,0,79402,away,119,20250418
5,1,1,1,0,0,2,0,52366,home,119,20250418
4,0,0,0,0,0,2,0,54444,home,119,20250418
3,1,1,0,0,1,0,1,65357,home,119,20250418
3,0,1,0,0,0,1,0,53344,home,119,20250418
1,0,1,0,0,0,0,0,76267,home,119,20250418
4,1,3,2,0,0,0,1,64340,home,119,20250418
2,0,0,0,0,0,0,0,50167,home,119,20250418
4,0,0,0,0,0,2,0,53312,home,119,20250418
3,0,0,0,0,0,2,0,78756,home,119,20250418
1,0,0,0,0,0,0,0,50357,home,119,20250418
3,0,1,0,0,0,1,0,55392,home,119,20250418
1,1,1,0,0,0,0,0,64984,home,119,20250418
3,2,1,1,0,0,0,0,62907,away,120,20250418
1,0,0,0,0,0,1,0,69992,away,120,20250418
4,0,1,0,0,0,1,0,51907,away,120,20250418
4,0,4,3,0,0,0,0,77532,away,120,20250418
0,0,0,0,0,0,0,0,50996,away,120,20250418
4,0,1,0,0,0,1,0,68904,away,120,20250418
4,0,0,0,0,0,0,0,63963,away,120,20250418
4,0,0,0,0,0,2,0,51344,away,120,20250418
3,0,0,0,0,0,1,0,69995,away,120,20250418
1,0,0,0,0,1,0,0,68912,away,120,20250418
2,1,0,0,0,0,1,0,62244,away,120,20250418
2,1,1,0,0,0,1,0,67905,away,120,20250418
2,0,0,0,0,0,1,0,53992,away,120,20250418
4,1,0,0,0,1,1,0,50707,home,120,20250418
1,0,0,0,0,0,0,0,68700,home,120,20250418
5,1,1,0,0,0,1,1,55734,home,120,20250418
1,0,1,0,0,0,0,0,66657,home,120,20250418
5,1,2,0,0,1,0,0,53764,home,120,20250418
3,4,1,1,1,2,0,0,69737,home,120,20250418
4,3,4,5,1,0,0,0,79192,home,120,20250418
0,0,0,0,0,0,0,0,50711,home,120,20250418
4,1,1,0,0,1,1,0,66704,home,120,20250418
5,1,3,4,0,0,1,0,65703,home,120,20250418
2,0,0,0,0,2,1,0,78288,home,120,20250418
1,0,0,0,0,0,0,0,76812,home,120,20250418
3,0,1,1,0,1,0,0,62700,home,120,20250418
1,0,0,0,0,0,0,0,54795,home,120,20250418
5,1,1,0,0,0,1,0,64646,away,121,20250419
3,0,0,1,0,1,1,0,50600,away,121,20250419
5,0,1,0,0,0,0,0,62947,away,121,20250419
3,1,1,1,1,2,0,0,72443,away,121,20250419
4,1,1,1,0,1,0,0,55645,away,121,20250419
3,1,0,0,0,1,0,0,63260,away,121,20250419
1,0,0,0,0,0,1,0,55636,away,121,20250419
5,2,2,1,0,0,1,0,69727,away,121,20250419
2,1,1,0,0,1,0,0,78122,away,121,20250419
4,1,3,3,0,0,0,0,66606,away,121,20250419
4,1,2,2,1,1,0,1,79231,home,121,20250419
5,0,0,0,0,0,3,0,64468,home,121,20250419
5,1,2,0,0,0,1,0,55208,home,121,20250419
4,0,1,1,0,1,2,0,76232,home,121,20250419
3,0,1,0,0,1,1,0,64153,home,121,20250419
3,0,0,0,0,0,2,0,63123,home,121,20250419
1,0,0,0,0,0,0,0,63257,home,121,20250419
0,0,0,0,0,0,0,0,50204,home,121,20250419
4,1,2,0,0,0,0,0,66112,home,121,20250419
0,0,0,0,0,0,0,0,54214,home,121,20250419
4,0,1,0,0,0,2,0,66928,home,121,20250419
4,1,1,1,0,0,0,1,66209,home,121,20250419
4,1,1,1,0,1,2,1,66108,away,122,20250419
4,1,2,0,0,1,0,0,68119,away,122,20250419
1,0,0,0,0,0,1,0,68110,away,122,20250419
4,2,1,3,1,1,0,0,53123,away,122,20250419
1,0,0,0,0,0,0,0,51100,away,122,20250419
5,1,1,0,0,1,2,0,69102,away,122,20250419
5,1,1,1,0,1,1,0,79109,away,122,20250419
4,0,3,1,0,1,1,0,76290,away,122,20250419
0,1,0,0,0,0,0,0,52103,away,122,20250419
4,1,2,1,0,0,0,0,79365,away,122,20250419
0,0,0,0,0,0,0,0,52154,away,122,20250419
3,2,1,0,0,2,1,0,62415,away,122,20250419
4,0,2,1,0,0,0,0,69100,away,122,20250419
1,1,1,2,0,0,0,0,65207,away,122,20250419
5,0,0,0,0,0,1,0,67893,home,122,20250419
4,2,1,0,0,1,0,0,76802,home,122,20250419
3,1,1,0,0,1,2,0,50854,home,122,20250419
3,1,1,1,0,1,1,0,62895,home,122,20250419
4,0,2,1,0,0,2,0,51868,home,122,20250419
2,0,0,0,0,0,0,0,79456,home,122,20250419
1,0,0,0,0,0,0,0,68868,home,122,20250419
1,0,0,0,0,0,0,0,51865,home,122,20250419
4,0,2,2,0,0,1,1,60558,home,122,20250419
2,0,0,0,0,1,2,0,50840,home,122,20250419
1,0,0,0,0,0,1,0,54812,home,122,20250419
1,0,0,0,0,0,1,0,54805,home,122,20250419
3,0,0,0,0,0,2,0,66864,home,122,20250419
4,1,2,0,0,0,0,0,50500,away,123,20250419
1,0,0,0,0,0,0,0,68507,away,123,20250419
5,0,1,1,0,0,1,0,69517,away,123,20250419
4,0,1,0,0,1,1,0,78513,away,123,20250419
3,0,1,0,0,0,1,0,54529,away,123,20250419
2,0,1,0,0,0,0,0,52591,away,123,20250419
3,0,0,0,0,1,0,0,51551,away,123,20250419
3,1,2,0,0,1,0,0,60523,away,123,20250419
3,1,1,2,1,0,0,0,68205,away,123,20250419
1,0,0,0,0,0,0,0,54598,away,123,20250419
2,0,0,0,0,1,0,0,77564,away,123,20250419
1,0,0,0,0,0,0,0,52568,away,123,20250419
3,0,0,0,0,0,2,0,68518,away,123,20250419
1,0,0,0,0,0,0,0,61102,away,123,20250419
4,3,3,1,1,1,1,0,52415,home,123,20250419
5,2,2,1,0,0,0,0,67449,home,123,20250419
4,2,2,3,1,1,1,0,62404,home,123,20250419
0,0,0,0,0,0,0,0,52424,home,123,20250419
3,1,2,3,1,1,1,0,75125,home,123,20250419
1,0,1,1,0,1,0,0,51407,home,123,20250419
3,0,1,0,0,0,1,0,54400,home,123,20250419
5,0,1,0,0,0,0,0,61404,home,123,20250419
4,1,1,1,1,0,1,0,52430,home,123,20250419
1,1,0,0,0,0,0,0,69428,home,123,20250419
2,0,0,0,0,0,1,0,74540,home,123,20250419
2,0,0,0,0,0,1,0,55438,home,123,20250419
0,0,0,0,0,1,0,0,62234,home,123,20250419
4,2,3,3,2,1,1,0,67025,away,124,20250419
1,0,0,0,0,0,0,0,51007,away,124,20250419
4,1,1,0,0,0,0,0,64004,away,124,20250419
1,0,0,0,0,0,0,0,64166,away,124,20250419
3,3,2,0,0,2,0,0,79240,away,124,20250419
0,0,0,0,0,0,0,0,50092,away,124,20250419
2,1,1,0,0,1,0,0,78548,away,124,20250419
0,0,0,0,0,1,0,0,50066,away,124,20250419
2,2,0,0,0,2,0,0,64007,away,124,20250419
1,0,0,0,0,0,0,0,67006,away,124,20250419
3,1,1,2,0,2,1,0,51013,away,124,20250419
3,0,0,1,0,1,1,0,76313,away,124,20250419
1,0,1,0,0,0,0,0,51003,away,124,20250419
4,0,0,1,0,1,1,0,64115,away,124,20250419
5,1,1,0,0,0,1,0,64504,away,124,20250419
2,0,0,1,0,0,0,0,65357,home,124,20250419
1,0,0,0,0,0,0,0,55397,home,124,20250419
4,0,0,0,0,0,2,0,50167,home,124,20250419
4,0,1,0,0,0,1,0,76267,home,124,20250419
0,0,0,0,0,0,0,0,78756,home,124,20250419
4,0,0,0,0,0,3,0,52366,home,124,20250419
4,0,0,0,0,0,2,0,64340,home,124,20250419
4,0,0,0,0,0,4,0,50357,home,124,20250419
3,0,0,0,0,0,2,0,53344,home,124,20250419
0,0,0,0,0,0,0,0,62332,home,124,20250419
3,1,3,0,0,0,0,0,64984,home,124,20250419
2,0,1,0,0,1,1,0,55392,home,124,20250419
0,0,0,0,0,0,0,0,63963,away,125,20250419
1,1,0,0,0,1,0,1,69992,away,125,20250419
3,1,1,1,0,0,1,0,51907,away,125,20250419
2,0,1,1,0,0,0,0,62907,away,125,20250419
2,0,1,0,0,0,0,0,77532,away,125,20250419
2,0,0,0,0,0,1,0,68904,away,125,20250419
2,0,0,0,0,0,1,0,51344,away,125,20250419
0,0,0,0,0,0,0,0,69995,away,125,20250419
2,0,1,0,0,0,1,0,68912,away,125,20250419
2,0,0,0,0,0,2,0,67905,away,125,20250419
2,0,1,0,0,0,1,0,50996,away,125,20250419
3,1,1,1,0,0,1,0,66704,home,125,20250419
3,2,2,2,1,0,0,0,55734,home,125,20250419
2,1,2,0,0,1,0,1,53764,home,125,20250419
3,1,1,3,1,0,1,0,69737,home,125,20250419
3,0,0,0,0,0,2,0,79192,home,125,20250419
2,1,1,0,0,0,0,0,66657,home,125,20250419
2,1,1,0,0,0,0,0,65703,home,125,20250419
0,0,0,1,0,1,0,0,78288,home,125,20250419
2,0,0,0,0,0,1,0,62700,home,125,20250419
5,2,4,0,0,0,0,0,64646,away,126,20250420
2,0,1,1,0,2,0,0,78603,away,126,20250420
0,2,0,0,0,0,0,0,50600,away,126,20250420
4,0,0,1,0,1,2,0,62947,away,126,20250420
5,1,1,1,0,0,4,0,55645,away,126,20250420
4,0,1,1,0,1,1,0,72443,away,126,20250420
4,0,1,0,0,0,0,0,63260,away,126,20250420
1,0,0,0,0,0,0,0,63722,away,126,20250420
5,0,0,0,0,0,2,0,69727,away,126,20250420
0,0,0,0,0,0,0,0,66614,away,126,20250420
2,0,0,0,0,0,0,0,78122,away,126,20250420
1,1,1,0,0,1,0,0,69636,away,126,20250420
0,0,0,0,0,0,0,0,55636,away,126,20250420
4,0,0,0,0,0,0,0,66606,away,126,20250420
3,0,1,0,0,2,0,0,79231,home,126,20250420
4,0,3,0,0,1,0,1,55208,home,126,20250420
5,1,1,0,0,0,1,0,76232,home,126,20250420
4,1,1,0,0,1,1,0,64153,home,126,20250420
3,0,1,0,0,1,2,0,63257,home,126,20250420
0,0,0,0,0,0,0,0,54214,home,126,20250420
4,0,0,0,0,0,2,0,63123,home,126,20250420
4,0,1,2,0,0,2,0,66928,home,126,20250420
3,0,1,0,0,0,1,0,55252,home,126,20250420
1,0,1,0,0,0,0,0,53554,home,126,20250420
4,0,1,0,0,0,3,0,66209,home,126,20250420
2,0,0,0,0,0,1,0,66108,away,127,20250420
2,0,1,0,0,0,1,0,68110,away,127,20250420
4,1,1,0,0,0,0,0,68119,away,127,20250420
3,1,1,0,0,1,0,0,76290,away,127,20250420
4,1,1,3,1,0,1,0,53123,away,127,20250420
4,0,0,0,0,0,2,0,79109,away,127,20250420
4,0,1,0,0,0,0,0,69100,away,127,20250420
2,0,0,0,0,0,0,0,52154,away,127,20250420
1,0,0,0,0,0,1,0,52103,away,127,20250420
2,0,0,0,0,0,2,0,62415,away,127,20250420
0,0,0,0,0,1,0,0,69102,away,127,20250420
0,0,0,0,0,0,0,0,51100,away,127,20250420
2,0,0,0,0,0,1,0,65207,away,127,20250420
1,0,0,0,0,0,1,0,79365,away,127,20250420
4,1,1,2,0,0,1,1,50854,home,127,20250420
4,0,1,1,0,1,1,0,54812,home,127,20250420
3,0,0,0,0,1,2,1,60558,home,127,20250420
5,1,1,0,0,0,3,0,62895,home,127,20250420
4,2,2,1,0,1,0,0,67893,home,127,20250420
4,1,2,1,0,0,1,1,51868,home,127,20250420
1,1,0,0,0,0,1,0,68805,home,127,20250420
3,0,0,0,0,0,1,1,79456,home,127,20250420
1,0,0,0,0,0,0,0,51865,home,127,20250420
3,3,2,3,1,0,1,0,68868,home,127,20250420
3,0,1,0,0,0,1,0,52804,home,127,20250420
0,0,0,0,0,1,0,0,66662,home,127,20250420
0,0,0,0,0,0,0,0,66864,home,127,20250420
5,0,2,0,0,0,0,0,50500,away,128,20250420
4,0,1,0,0,0,1,1,69517,away,128,20250420
0,0,0,0,0,0,0,0,54598,away,128,20250420
2,0,0,0,0,2,0,0,78513,away,128,20250420
0,1,0,0,0,0,0,0,68507,away,128,20250420
4,0,0,0,0,0,3,0,54529,away,128,20250420
4,1,2,2,1,0,0,0,51551,away,128,20250420
3,0,0,0,0,1,2,0,50150,away,128,20250420
0,0,0,0,0,0,0,0,77564,away,128,20250420
4,1,1,0,0,0,0,0,52591,away,128,20250420
3,1,1,2,1,0,1,0,61102,away,128,20250420
1,0,0,0,0,0,0,0,68518,away,128,20250420
4,0,1,0,0,0,0,0,68205,away,128,20250420
4,0,1,1,0,0,0,1,50458,home,128,20250420
0,0,0,0,0,0,0,0,55438,home,128,20250420
2,0,0,1,0,3,0,0,52415,home,128,20250420
4,0,0,0,0,1,1,0,62404,home,128,20250420
4,0,1,0,0,1,1,0,74540,home,128,20250420
5,0,2,0,0,0,0,0,54400,home,128,20250420
0,0,0,0,0,0,0,0,54408,home,128,20250420
2,0,0,0,0,1,2,0,75125,home,128,20250420
1,1,0,0,0,1,1,0,51407,home,128,20250420
5,1,1,0,0,0,1,0,61404,home,128,20250420
3,1,1,1,0,1,1,0,52430,home,128,20250420
3,0,2,0,0,0,1,0,62234,home,128,20250420
1,0,1,0,0,0,0,0,67449,home,128,20250420
4,1,1,0,0,1,2,0,67025,away,129,20250420
0,0,0,0,0,0,0,0,51007,away,129,20250420
4,0,2,2,0,0,0,0,64004,away,129,20250420
0,0,0,0,0,0,0,0,67006,away,129,20250420
5,0,2,1,0,0,1,0,79240,away,129,20250420
5,0,0,0,0,0,1,0,78548,away,129,20250420
4,0,2,0,0,0,1,0,64007,away,129,20250420
3,1,0,0,0,1,0,0,76313,away,129,20250420
3,0,0,0,0,0,0,0,64115,away,129,20250420
2,0,0,0,0,0,1,0,64166,away,129,20250420
2,1,0,0,0,0,0,0,51013,away,129,20250420
4,2,3,2,0,0,1,0,64504,away,129,20250420
4,0,0,0,0,0,2,0,65357,home,129,20250420
4,0,1,0,0,0,1,0,54444,home,129,20250420
3,0,0,0,0,0,0,0,76267,home,129,20250420
3,0,0,0,0,0,1,0,52366,home,129,20250420
3,0,0,0,0,0,0,0,50167,home,129,20250420
3,0,0,0,0,0,0,0,68305,home,129,20250420
3,0,0,0,0,0,0,0,64984,home,129,20250420
1,0,0,0,0,0,1,0,62332,home,129,20250420
1,0,1,0,0,0,0,0,64340,home,129,20250420
1,0,0,0,0,0,1,0,53312,home,129,20250420
3,0,1,0,0,0,1,0,55392,home,129,20250420
4,0,0,0,0,0,1,0,62907,away,130,20250420
0,0,0,0,0,0,0,0,68928,away,130,20250420
4,0,1,0,0,0,1,0,51907,away,130,20250420
4,0,1,0,0,0,1,0,77532,away,130,20250420
3,0,0,0,0,0,2,0,68912,away,130,20250420
1,0,0,0,0,0,0,0,62244,away,130,20250420
3,0,0,0,0,0,2,0,68904,away,130,20250420
2,0,0,0,0,0,2,0,53992,away,130,20250420
0,1,0,0,0,1,0,0,66965,away,130,20250420
2,0,0,0,0,1,2,0,50903,away,130,20250420
2,0,0,0,0,0,1,0,51344,away,130,20250420
0,0,0,0,0,0,0,0,50906,away,130,20250420
1,0,1,0,0,0,0,0,69995,away,130,20250420
2,0,0,0,0,0,2,0,50996,away,130,20250420
0,0,0,1,0,0,0,0,67905,away,130,20250420
2,0,0,0,0,0,0,0,66704,home,130,20250420
1,0,1,0,0,0,0,0,50707,home,130,20250420
0,2,0,0,0,2,0,0,68700,home,130,20250420
4,0,2,0,0,1,1,0,55734,home,130,20250420
4,0,2,4,0,0,1,0,53764,home,130,20250420
2,1,1,1,1,1,1,0,69737,home,130,20250420
1,0,0,0,0,0,0,0,54795,home,130,20250420
4,1,1,0,0,0,1,0,79192,home,130,20250420
2,0,0,0,0,0,1,0,66657,home,130,20250420
2,0,0,0,0,0,1,0,76812,home,130,20250420
4,0,0,0,0,0,1,0,65703,home,130,20250420
2,0,2,1,0,0,0,0,78288,home,130,20250420
2,1,1,0,0,0,0,0,52704,home,130,20250420
4,2,3,0,0,0,1,0,62700,home,130,20250420
5,0,3,1,0,0,0,0,62907,away,131,20250422
4,0,0,0,0,1,0,0,51907,away,131,20250422
4,0,1,0,0,0,1,0,77532,away,131,20250422
1,0,0,0,0,0,0,0,50996,away,131,20250422
3,0,0,0,0,0,2,0,68904,away,131,20250422
2,0,0,0,0,0,1,0,53992,away,131,20250422
4,2,2,0,0,1,0,0,63963,away,131,20250422
4,1,2,1,0,0,1,0,51344,away,131,20250422
0,0,0,0,0,0,0,0,66965,away,131,20250422
5,2,2,3,1,0,0,0,69995,away,131,20250422
3,0,2,1,0,1,1,0,68912,away,131,20250422
0,1,0,0,0,0,0,1,50906,away,131,20250422
0,0,0,0,0,1,0,0,62244,away,131,20250422
5,0,0,0,0,0,3,0,67905,away,131,20250422
4,1,1,0,0,1,2,0,66108,home,131,20250422
5,0,0,0,0,0,0,0,68119,home,131,20250422
5,2,3,2,1,0,0,0,53123,home,131,20250422
5,0,0,0,0,0,1,0,69102,home,131,20250422
5,0,1,1,0,0,2,0,76290,home,131,20250422
3,2,1,1,1,1,0,0,79365,home,131,20250422
4,0,2,0,0,0,0,0,69100,home,131,20250422
0,0,0,0,0,0,0,0,52103,home,131,20250422
0,0,0,0,0,0,0,0,79109,home,131,20250422
2,0,1,1,0,0,0,0,62415,home,131,20250422
1,0,0,0,0,1,0,0,65207,home,131,20250422
0,0,0,0,0,1,0,0,68110,home,131,20250422
1,0,0,0,0,0,1,0,51100,home,131,20250422
4,0,2,0,0,0,2,1,50854,away,134,20250422
0,0,0,0,0,0,0,0,68805,away,134,20250422
1,0,1,1,0,0,0,0,66662,away,134,20250422
5,1,1,0,0,0,2,0,76802,away,134,20250422
5,0,2,1,0,0,3,0,60558,away,134,20250422
4,0,0,0,0,0,2,0,62895,away,134,20250422
4,0,0,0,0,0,1,0,67893,away,134,20250422
0,0,0,0,0,0,0,0,66864,away,134,20250422
4,1,2,0,0,0,0,0,51868,away,134,20250422
2,1,0,0,0,2,2,0,68868,away,134,20250422
1,0,0,0,0,1,0,0,52804,away,134,20250422
2,0,0,0,0,0,0,0,54812,away,134,20250422
3,0,1,1,0,1,0,0,51865,away,134,20250422
1,2,0,0,0,4,0,0,67025,home,134,20250422
0,1,0,0,0,0,0,0,51013,home,134,20250422
5,2,3,1,0,0,0,0,64004,home,134,20250422
0,1,0,0,0,0,0,1,51007,home,134,20250422
4,0,3,2,0,0,1,0,79240,home,134,20250422
1,1,1,2,0,0,0,0,51003,home,134,20250422
4,1,1,2,1,1,2,0,78548,home,134,20250422
0,0,0,0,0,0,0,0,50066,home,134,20250422
5,0,3,0,0,0,1,0,64007,home,134,20250422
4,0,2,1,0,1,0,0,76313,home,134,20250422
4,1,1,0,0,0,1,0,64115,home,134,20250422
1,0,0,0,0,0,0,0,50092,home,134,20250422
3,0,1,0,0,1,1,0,64166,home,134,20250422
3,0,0,0,0,0,1,0,64504,home,134,20250422
4,0,0,0,0,0,0,0,79231,away,135,20250422
4,1,2,0,0,0,2,0,55208,away,135,20250422
4,1,1,2,1,0,0,0,76232,away,135,20250422
4,0,1,0,0,0,2,0,64153,away,135,20250422
4,2,2,1,1,0,0,0,78224,away,135,20250422
4,0,1,1,0,0,1,0,53554,away,135,20250422
3,0,1,0,0,0,1,0,66928,away,135,20250422
2,0,0,0,0,0,0,0,55252,away,135,20250422
0,0,0,0,0,1,0,0,63257,away,135,20250422
0,0,0,0,0,0,0,0,50204,away,135,20250422
1,0,0,0,0,0,1,0,64468,away,135,20250422
2,0,0,0,0,0,0,0,54205,away,135,20250422
4,0,0,0,0,0,1,0,65357,home,135,20250422
0,0,0,0,0,0,0,0,64984,home,135,20250422
4,0,1,0,0,0,0,0,50167,home,135,20250422
3,0,0,0,0,1,1,0,54444,home,135,20250422
4,1,1,0,0,0,1,0,76267,home,135,20250422
4,1,1,2,1,0,2,0,52366,home,135,20250422
2,2,1,0,0,1,0,1,64340,home,135,20250422
0,0,0,0,0,1,0,1,50357,home,135,20250422
4,1,1,0,0,0,2,0,62332,home,135,20250422
3,0,3,1,0,0,0,0,78756,home,135,20250422
3,0,1,1,0,0,0,0,55392,home,135,20250422
4,0,0,0,0,0,2,0,62907,away,136,20250423
4,0,1,0,0,0,2,0,51907,away,136,20250423
3,0,0,0,0,1,0,0,77532,away,136,20250423
2,0,0,0,0,1,1,0,53992,away,136,20250423
0,0,0,0,0,1,0,0,66965,away,136,20250423
3,0,0,0,0,1,0,0,63963,away,136,20250423
4,0,0,0,0,0,2,0,51344,away,136,20250423
3,0,0,0,0,0,1,0,69995,away,136,20250423
3,0,0,0,0,0,2,0,68912,away,136,20250423
0,0,0,0,0,0,0,0,62244,away,136,20250423
2,0,0,0,0,0,0,0,67905,away,136,20250423
1,0,0,0,0,0,1,0,68904,away,136,20250423
0,0,0,0,0,0,0,0,50996,away,136,20250423
4,0,0,0,0,0,2,0,68110,home,136,20250423
1,0,0,0,0,0,1,0,66108,home,136,20250423
4,1,1,0,0,1,1,0,68119,home,136,20250423
3,0,2,0,0,2,0,0,53123,home,136,20250423
0,1,0,0,0,4,0,0,69102,home,136,20250423
4,1,0,1,0,1,1,1,79365,home,136,20250423
4,0,0,0,0,0,0,0,69100,home,136,20250423
0,0,0,0,0,0,0,0,79109,home,136,20250423
3,0,0,0,0,0,3,0,52154,home,136,20250423
0,0,0,0,0,0,0,0,53139,home,136,20250423
1,0,1,2,0,0,0,0,76290,home,136,20250423
0,0,0,0,0,0,0,0,75867,home,136,20250423
4,0,2,0,0,0,1,2,62415,home,136,20250423
2,0,0,0,0,2,0,0,65207,home,136,20250423
4,0,0,0,0,0,1,0,54795,away,137,20250423
1,0,0,0,0,0,0,0,79608,away,137,20250423
0,0,0,0,0,0,0,0,65703,away,137,20250423
4,2,3,0,0,1,1,0,55734,away,137,20250423
4,1,0,0,0,1,1,0,53764,away,137,20250423
4,1,2,2,0,0,0,0,69737,away,137,20250423
3,1,0,0,0,1,1,0,79192,away,137,20250423
3,1,1,2,0,1,0,0,66657,away,137,20250423
4,0,2,1,0,0,1,1,50704,away,137,20250423
3,0,0,1,0,0,0,0,76812,away,137,20250423
4,0,0,0,0,0,1,0,64006,away,137,20250423
5,0,1,0,0,0,2,0,50500,home,137,20250423
5,0,1,0,0,0,2,0,69517,home,137,20250423
4,1,0,0,0,1,2,0,78513,home,137,20250423
4,2,3,0,0,1,0,0,54529,home,137,20250423
0,0,0,0,0,0,0,0,68507,home,137,20250423
4,0,2,2,0,1,1,0,51551,home,137,20250423
0,0,0,0,0,0,0,0,52568,home,137,20250423
5,1,3,1,0,0,1,0,52591,home,137,20250423
4,0,0,0,0,0,2,0,50150,home,137,20250423
3,0,1,0,0,0,2,0,61102,home,137,20250423
1,0,0,0,0,0,0,0,68518,home,137,20250423
4,0,2,1,0,0,0,0,68205,home,137,20250423
4,0,1,0,0,0,2,0,64646,away,138,20250423
4,0,1,0,0,0,1,0,78603,away,138,20250423
4,1,2,0,0,0,0,0,62947,away,138,20250423
0,0,0,0,0,0,0,1,66606,away,138,20250423
3,0,1,0,0,1,1,0,72443,away,138,20250423
4,1,2,1,0,0,1,1,55645,away,138,20250423
1,0,0,1,0,1,0,0,63260,away,138,20250423
1,0,0,0,0,0,0,0,55636,away,138,20250423
4,0,1,0,0,0,2,0,69636,away,138,20250423
4,0,0,0,0,0,3,0,69727,away,138,20250423
3,0,0,0,0,0,2,0,63722,away,138,20250423
1,0,0,0,0,0,1,0,78122,away,138,20250423
5,2,3,1,0,0,1,0,50458,home,138,20250423
0,0,0,0,0,0,0,0,52424,home,138,20250423
4,0,1,2,0,0,0,0,67449,home,138,20250423
3,0,1,1,0,0,0,0,62404,home,138,20250423
4,0,2,0,0,0,0,0,54400,home,138,20250423
4,0,0,0,0,0,0,0,74540,home,138,20250423
3,3,2,1,1,1,0,0,75125,home,138,20250423
4,1,1,2,1,0,0,0,52430,home,138,20250423
3,0,0,0,0,1,1,0,52415,home,138,20250423
4,1,2,0,0,0,1,0,55438,home,138,20250423
6,1,3,1,0,0,0,1,50854,away,139,20250423
5,0,0,0,0,0,1,0,54812,away,139,20250423
4,1,0,0,0,1,1,1,60558,away,139,20250423
5,2,2,2,1,0,0,0,51868,away,139,20250423
5,2,2,2,1,0,0,0,67893,away,139,20250423
0,0,0,0,0,0,0,0,66864,away,139,20250423
5,2,3,1,0,0,0,0,62895,away,139,20250423
5,1,1,2,1,0,1,0,76802,away,139,20250423
3,1,2,1,0,1,0,0,68868,away,139,20250423
0,0,0,0,0,0,0,0,68805,away,139,20250423
4,1,4,2,1,0,0,0,51865,away,139,20250423
1,0,0,0,0,0,0,0,66662,away,139,20250423
3,1,1,1,1,0,0,0,67025,home,139,20250423
1,0,0,1,0,1,0,0,67006,home,139,20250423
4,0,1,0,0,0,0,0,64004,home,139,20250423
3,1,2,2,1,1,1,0,64007,home,139,20250423
2,0,0,0,0,0,0,0,78548,home,139,20250423
1,0,0,0,0,1,1,0,50066,home,139,20250423
2,0,0,0,0,0,1,0,76313,home,139,20250423
2,0,0,0,0,0,0,0,50092,home,139,20250423
4,0,0,0,0,0,3,0,51013,home,139,20250423
3,1,0,0,0,1,0,0,64115,home,139,20250423
2,0,0,0,0,0,0,0,64166,home,139,20250423
1,1,0,0,0,1,0,0,51007,home,139,20250423
4,1,1,0,0,0,1,0,51003,home,139,20250423
4,0,1,0,0,1,0,1,79231,away,140,20250423
5,1,2,0,0,0,1,0,55208,away,140,20250423
4,0,1,0,0,0,1,0,76232,away,140,20250423
1,0,0,0,0,0,1,0,66112,away,140,20250423
4,2,2,1,1,0,1,0,64153,away,140,20250423
0,1,0,0,0,0,0,0,66209,away,140,20250423
3,2,1,0,0,2,0,0,78224,away,140,20250423
0,0,0,0,0,0,0,0,50204,away,140,20250423
4,1,1,0,0,1,0,0,53554,away,140,20250423
4,0,1,1,0,0,1,0,63123,away,140,20250423
1,0,0,0,0,0,0,0,66928,away,140,20250423
1,0,1,2,0,0,0,0,63257,away,140,20250423
2,1,0,0,0,0,1,0,64468,away,140,20250423
4,0,2,3,0,0,0,0,50208,away,140,20250423
5,0,0,0,0,0,1,0,65357,home,140,20250423
4,0,0,0,0,1,2,0,50167,home,140,20250423
3,1,0,0,0,1,0,0,54444,home,140,20250423
4,1,1,2,1,0,1,0,76267,home,140,20250423
3,0,2,0,0,0,0,0,52366,home,140,20250423
2,0,0,0,0,1,2,0,64340,home,140,20250423
1,0,0,0,0,0,1,0,53312,home,140,20250423
1,0,0,0,0,0,0,0,62332,home,140,20250423
2,0,2,0,0,0,0,0,50357,home,140,20250423
1,0,0,0,0,1,0,0,78756,home,140,20250423
1,0,0,0,0,0,1,0,68305,home,140,20250423
1,0,0,0,0,0,0,0,64984,home,140,20250423
4,0,0,0,0,0,1,0,55392,home,140,20250423
4,0,1,0,0,0,2,0,50996,away,141,20250424
2,0,0,1,0,1,1,0,51907,away,141,20250424
4,1,2,0,0,0,1,0,62907,away,141,20250424
3,0,0,0,0,1,1,0,77532,away,141,20250424
3,1,0,0,0,0,0,0,63963,away,141,20250424
1,0,0,0,0,0,1,0,68904,away,141,20250424
0,0,0,0,0,0,0,0,67905,away,141,20250424
4,1,3,2,0,0,0,0,69995,away,141,20250424
2,0,0,0,0,0,0,0,51344,away,141,20250424
1,0,0,0,0,0,0,0,66965,away,141,20250424
3,0,0,0,0,1,3,0,68912,away,141,20250424
4,0,1,0,0,0,0,0,64101,away,141,20250424
3,1,1,0,0,2,0,0,62415,home,141,20250424
3,0,0,0,0,1,0,0,66108,home,141,20250424
4,0,2,0,0,0,1,0,53123,home,141,20250424
4,0,1,0,0,0,2,0,69102,home,141,20250424
4,0,1,1,0,0,1,0,76290,home,141,20250424
4,0,0,0,0,0,1,0,79365,home,141,20250424
4,0,0,0,0,0,1,0,68119,home,141,20250424
3,0,0,0,0,0,1,0,69100,home,141,20250424
1,0,1,0,0,0,0,0,68110,home,141,20250424
4,0,0,0,0,0,1,0,65207,home,141,20250424
3,0,1,2,0,0,1,1,79608,away,142,20250424
1,0,0,0,0,0,0,0,54795,away,142,20250424
1,0,0,0,0,0,1,0,62700,away,142,20250424
5,0,0,0,0,0,3,0,55734,away,142,20250424
3,0,1,0,0,0,1,1,53764,away,142,20250424
4,1,1,0,0,0,0,0,69737,away,142,20250424
2,1,0,0,0,2,1,0,79192,away,142,20250424
2,1,0,0,0,2,1,0,66657,away,142,20250424
0,0,0,0,0,0,0,0,68700,away,142,20250424
2,0,0,0,0,2,2,0,50704,away,142,20250424
3,0,0,0,0,0,0,0,78288,away,142,20250424
1,0,0,0,0,0,0,0,76812,away,142,20250424
3,0,1,1,0,0,1,0,64006,away,142,20250424
1,0,0,0,0,0,1,0,65703,away,142,20250424
3,1,1,0,0,0,1,0,50500,home,142,20250424
0,0,0,0,0,0,0,0,68507,home,142,20250424
4,2,2,1,1,0,2,0,52591,home,142,20250424
3,0,1,0,0,0,1,0,69517,home,142,20250424
0,0,0,0,0,0,0,0,54598,home,142,20250424
3,1,1,0,0,1,0,0,54529,home,142,20250424
0,1,0,0,0,0,0,0,52568,home,142,20250424
0,0,0,0,0,0,0,0,62528,home,142,20250424
4,0,1,2,0,0,2,0,51551,home,142,20250424
3,0,1,1,0,1,0,0,78513,home,142,20250424
3,0,1,0,0,0,1,0,61102,home,142,20250424
1,0,0,0,0,0,0,0,68518,home,142,20250424
2,0,0,0,0,0,1,0,50150,home,142,20250424
1,0,0,0,0,0,0,0,60523,home,142,20250424
0,0,0,0,0,0,0,0,77564,home,142,20250424
3,0,1,0,0,0,0,0,68205,home,142,20250424
3,1,2,1,1,0,0,0,64646,away,143,20250424
2,1,2,0,0,0,0,0,50600,away,143,20250424
3,0,0,0,0,0,0,0,78603,away,143,20250424
2,0,0,0,0,0,0,0,66614,away,143,20250424
3,1,2,1,1,0,0,0,55645,away,143,20250424
1,0,0,0,0,1,0,0,55636,away,143,20250424
2,0,0,0,0,1,0,0,72443,away,143,20250424
1,0,0,0,0,0,0,0,63722,away,143,20250424
4,0,0,0,0,0,2,0,63260,away,143,20250424
4,1,1,0,0,0,2,0,69636,away,143,20250424
4,1,1,0,0,0,1,0,69727,away,143,20250424
4,0,1,1,0,0,0,0,78122,away,143,20250424
4,0,1,1,0,0,1,1,66606,away,143,20250424
3,2,1,1,0,1,0,0,50458,home,143,20250424
1,1,0,0,0,1,1,0,52424,home,143,20250424
6,3,4,2,1,0,0,1,67449,home,143,20250424
4,2,2,0,0,0,2,0,62404,home,143,20250424
2,1,1,0,0,0,0,0,61404,home,143,20250424
4,2,2,4,1,0,0,0,54400,home,143,20250424
1,0,0,0,0,0,1,0,51407,home,143,20250424
4,2,3,3,0,1,0,0,52430,home,143,20250424
4,1,2,3,1,0,2,0,75125,home,143,20250424
4,0,1,1,0,0,0,0,74540,home,143,20250424
1,0,0,0,0,0,0,0,69428,home,143,20250424
2,0,1,0,0,0,0,0,62234,home,143,20250424
3,1,2,1,0,0,1,1,55438,home,143,20250424
3,1,1,0,0,1,0,0,52415,home,143,20250424
1,1,1,0,0,0,0,0,54408,home,143,20250424
2,1,1,1,0,2,0,2,50854,away,144,20250424
2,0,1,3,0,2,0,0,68868,away,144,20250424
1,1,0,0,0,0,1,1,68805,away,144,20250424
4,0,0,0,0,0,1,0,60558,away,144,20250424
5,0,2,2,0,0,2,0,51868,away,144,20250424
5,0,0,0,0,0,0,0,67893,away,144,20250424
4,1,1,0,0,1,0,0,62895,away,144,20250424
2,1,0,0,0,1,0,0,76802,away,144,20250424
0,0,0,0,0,0,0,0,66662,away,144,20250424
0,0,0,0,0,0,0,0,66864,away,144,20250424
3,0,1,0,0,0,0,0,51865,away,144,20250424
1,2,0,0,0,2,0,1,54812,away,144,20250424
5,1,2,2,0,0,1,0,67025,home,144,20250424
5,1,2,1,0,0,0,0,64004,home,144,20250424
4,0,1,0,0,1,0,0,79240,home,144,20250424
3,0,1,2,0,0,2,0,78548,home,144,20250424
4,0,0,0,0,0,1,0,64007,home,144,20250424
4,0,1,0,0,0,1,0,76313,home,144,20250424
0,0,0,0,0,0,0,0,50092,home,144,20250424
3,1,1,0,0,0,1,0,64504,home,144,20250424
3,1,0,0,0,1,1,0,64166,home,144,20250424
4,1,1,0,0,0,0,0,51003,home,144,20250424
3,2,2,0,0,0,0,0,79231,away,145,20250424
1,0,0,0,0,0,0,0,66209,away,145,20250424
3,2,2,3,1,1,0,1,55208,away,145,20250424
1,0,0,0,0,0,0,0,63257,away,145,20250424
5,1,1,0,0,0,0,0,76232,away,145,20250424
0,0,0,0,0,0,0,0,66112,away,145,20250424
4,1,1,0,0,0,0,0,64153,away,145,20250424
1,0,0,0,0,0,0,0,50204,away,145,20250424
5,1,3,5,1,0,0,0,78224,away,145,20250424
4,0,0,0,0,0,2,0,53554,away,145,20250424
3,1,0,0,0,0,1,1,63123,away,145,20250424
0,0,0,0,0,0,0,0,64468,away,145,20250424
4,0,0,0,0,0,2,0,66928,away,145,20250424
3,1,2,1,0,1,1,0,50208,away,145,20250424
4,0,2,0,0,1,0,0,55397,home,145,20250424
3,0,1,0,0,0,1,0,76267,home,145,20250424
1,0,0,0,0,0,0,0,65357,home,145,20250424
3,0,0,0,0,1,0,0,54444,home,145,20250424
0,0,0,1,0,0,0,0,68305,home,145,20250424
5,0,0,0,0,0,2,0,50357,home,145,20250424
4,0,1,0,0,0,1,0,64340,home,145,20250424
3,0,1,0,0,1,0,0,64984,home,145,20250424
3,1,0,0,0,1,0,0,78756,home,145,20250424
4,1,1,0,0,0,1,0,53312,home,145,20250424
4,1,1,2,0,0,1,0,55392,home,145,20250424
6,1,2,1,0,0,1,1,50500,away,146,20250425
4,1,2,1,0,1,0,0,69517,away,146,20250425
0,0,0,0,0,0,0,0,54598,away,146,20250425
4,1,0,0,0,0,0,0,54529,away,146,20250425
1,1,1,1,0,0,0,0,68507,away,146,20250425
4,1,2,3,1,0,2,0,51551,away,146,20250425
3,0,1,0,0,1,1,0,60523,away,146,20250425
1,0,0,0,0,0,0,0,78513,away,146,20250425
4,1,1,0,0,1,1,0,52591,away,146,20250425
3,1,0,0,0,2,1,0,77564,away,146,20250425
4,1,0,0,0,1,0,0,68205,away,146,20250425
4,0,1,1,0,0,2,0,68518,away,146,20250425
4,0,0,0,0,0,0,0,79231,home,146,20250425
4,0,0,0,0,0,0,0,55208,home,146,20250425
0,0,0,0,0,0,0,0,64468,home,146,20250425
1,0,0,0,0,0,0,0,76232,home,146,20250425
2,1,1,0,0,1,0,0,66112,home,146,20250425
3,1,1,1,0,0,1,0,64153,home,146,20250425
1,0,0,0,0,0,0,0,53554,home,146,20250425
3,0,1,0,0,1,0,0,78224,home,146,20250425
3,0,1,1,0,1,2,0,63123,home,146,20250425
3,0,0,0,0,0,1,0,50208,home,146,20250425
1,0,0,0,0,0,0,0,54219,home,146,20250425
3,0,1,0,0,0,1,0,50204,home,146,20250425
3,0,0,0,0,0,2,0,66209,home,146,20250425
3,0,0,0,0,1,1,1,55397,away,147,20250425
4,0,0,0,0,0,1,0,65357,away,147,20250425
3,0,0,0,0,1,0,0,76267,away,147,20250425
4,0,1,0,0,0,0,0,54444,away,147,20250425
4,1,1,0,0,0,1,0,50167,away,147,20250425
4,1,0,0,0,0,2,0,64340,away,147,20250425
3,1,1,3,1,1,0,0,64984,away,147,20250425
2,0,0,0,0,1,1,0,62332,away,147,20250425
1,0,0,0,0,0,1,0,50357,away,147,20250425
3,0,0,0,0,0,1,0,55392,away,147,20250425
4,1,2,0,0,0,0,0,50854,home,147,20250425
0,0,0,0,0,0,0,0,66864,home,147,20250425
4,0,1,0,0,0,2,0,68868,home,147,20250425
0,0,0,0,0,0,0,0,68805,home,147,20250425
4,0,1,1,0,0,2,0,55844,home,147,20250425
4,0,1,0,0,0,2,0,51868,home,147,20250425
3,0,0,0,0,1,1,0,67893,home,147,20250425
4,1,2,0,0,0,0,0,62895,home,147,20250425
3,2,1,1,1,0,0,0,51865,home,147,20250425
2,0,0,0,0,0,1,0,52804,home,147,20250425
1,0,0,0,0,1,1,0,60558,home,147,20250425
2,0,0,0,0,0,0,0,54812,home,147,20250425
1,0,1,2,0,0,0,0,76802,home,147,20250425
0,1,0,0,0,1,0,1,50996,away,148,20250425
1,0,0,0,0,0,1,0,63963,away,148,20250425
2,1,1,0,0,0,0,1,67905,away,148,20250425
4,0,0,0,0,1,0,1,51907,away,148,20250425
4,2,1,2,0,1,0,0,62907,away,148,20250425
4,0,1,1,0,1,1,0,77532,away,148,20250425
4,0,0,1,0,0,0,0,69995,away,148,20250425
4,0,2,0,0,1,0,0,51344,away,148,20250425
2,1,2,2,1,0,0,1,64101,away,148,20250425
3,0,0,0,0,0,2,0,68912,away,148,20250425
2,0,0,0,0,0,1,0,62244,away,148,20250425
2,1,0,0,0,1,1,0,50903,away,148,20250425
0,0,0,0,0,1,0,0,66965,away,148,20250425
5,1,1,1,0,0,0,1,50458,home,148,20250425
5,2,3,1,0,0,1,2,67449,home,148,20250425
2,2,1,0,0,3,1,0,62404,home,148,20250425
0,0,0,0,0,0,0,0,61404,home,148,20250425
4,3,3,7,3,1,0,0,54400,home,148,20250425
5,0,1,0,0,0,3,0,52430,home,148,20250425
4,0,0,0,0,0,1,0,75125,home,148,20250425
1,0,0,0,0,0,0,0,55438,home,148,20250425
2,1,0,0,0,2,2,0,52415,home,148,20250425
4,1,1,0,0,0,1,0,62234,home,148,20250425
0,0,0,0,0,1,0,0,69428,home,148,20250425
0,0,0,0,0,1,0,0,54408,home,148,20250425
1,0,0,0,0,1,0,0,74540,home,148,20250425
4,0,0,0,0,1,2,0,62415,away,149,20250425
2,1,1,0,0,3,0,0,76290,away,149,20250425
0,0,0,0,0,0,0,1,52103,away,149,20250425
3,2,0,0,0,2,0,0,53123,away,149,20250425
5,2,2,2,0,0,2,0,69102,away,149,20250425
4,0,2,1,0,1,2,0,79365,away,149,20250425
3,1,2,1,0,0,0,0,66108,away,149,20250425
2,0,0,0,0,0,0,0,68110,away,149,20250425
2,0,1,1,0,0,0,0,68119,away,149,20250425
2,0,0,0,0,0,0,0,69100,away,149,20250425
1,0,0,0,0,1,1,0,79109,away,149,20250425
4,0,1,0,0,0,1,0,65207,away,149,20250425
2,0,0,0,0,2,2,1,64646,home,149,20250425
5,0,2,0,0,0,2,0,78603,home,149,20250425
3,0,0,0,0,1,1,0,55645,home,149,20250425
5,0,1,2,0,0,2,0,72443,home,149,20250425
5,0,1,0,0,0,2,0,62947,home,149,20250425
4,1,1,0,0,1,3,0,63260,home,149,20250425
3,2,2,0,0,1,1,0,68646,home,149,20250425
0,0,0,0,0,0,0,0,66614,home,149,20250425
1,0,1,0,0,0,0,0,78122,home,149,20250425
4,1,1,0,0,1,1,0,69727,home,149,20250425
1,0,1,1,0,0,0,0,66606,home,149,20250425
1,0,1,2,0,0,0,0,52605,home,149,20250425
2,1,0,0,0,0,2,0,55636,home,149,20250425
1,0,0,0,0,0,0,0,69636,home,149,20250425
4,0,1,1,0,1,0,0,67025,away,150,20250425
5,0,0,0,0,0,1,0,64004,away,150,20250425
0,0,0,0,0,0,0,0,67006,away,150,20250425
4,0,1,0,0,0,1,0,79240,away,150,20250425
3,0,0,0,0,1,1,0,78548,away,150,20250425
4,0,1,0,0,0,0,0,76313,away,150,20250425
3,1,1,0,0,0,1,0,64504,away,150,20250425
2,0,0,0,0,0,2,0,51007,away,150,20250425
0,0,0,0,0,1,0,0,51013,away,150,20250425
4,1,1,0,0,0,0,1,64166,away,150,20250425
3,0,1,1,0,1,2,0,51003,away,150,20250425
0,0,0,0,0,0,0,0,64115,away,150,20250425
3,0,0,0,0,0,1,0,66704,home,150,20250425
1,0,1,0,0,0,0,0,54795,home,150,20250425
4,0,0,0,0,0,3,0,55734,home,150,20250425
3,0,1,0,0,1,0,0,53764,home,150,20250425
4,1,1,1,1,0,1,0,69737,home,150,20250425
3,0,1,0,0,0,2,0,79192,home,150,20250425
0,0,0,0,0,0,0,1,68700,home,150,20250425
1,0,0,0,0,0,1,0,50704,home,150,20250425
3,0,0,0,0,0,2,0,66657,home,150,20250425
3,0,1,0,0,0,1,0,65703,home,150,20250425
3,0,0,0,0,0,1,0,76812,home,150,20250425
3,0,0,0,0,0,0,0,64006,home,150,20250425
3,0,0,0,0,0,2,0,50500,away,151,20250426
1,0,0,0,0,0,1,0,60523,away,151,20250426
0,1,0,0,0,1,0,0,68507,away,151,20250426
5,3,4,1,0,0,0,1,52591,away,151,20250426
4,0,2,1,0,0,1,1,54529,away,151,20250426
0,1,0,0,0,0,0,0,52568,away,151,20250426
1,0,0,1,0,0,0,0,77564,away,151,20250426
5,0,2,2,0,0,2,0,51551,away,151,20250426
3,0,1,0,0,1,0,0,78513,away,151,20250426
4,0,1,0,0,0,2,0,61102,away,151,20250426
1,0,0,0,0,0,0,0,68518,away,151,20250426
3,0,0,0,0,0,2,0,69517,away,151,20250426
0,0,0,0,0,0,0,0,54598,away,151,20250426
3,2,2,0,0,0,1,0,50150,away,151,20250426
3,0,1,1,0,0,0,0,68205,away,151,20250426
5,0,1,1,0,0,0,0,79231,home,151,20250426
4,0,0,0,0,1,1,0,55208,home,151,20250426
3,1,0,0,0,0,2,0,64153,home,151,20250426
0,0,0,0,0,0,0,0,64468,home,151,20250426
0,0,0,0,0,1,0,0,63257,home,151,20250426
4,0,1,0,0,1,0,0,78224,home,151,20250426
5,1,0,0,0,0,3,0,63123,home,151,20250426
4,1,2,2,0,0,0,0,50208,home,151,20250426
3,0,2,0,0,0,0,0,53554,home,151,20250426
1,0,0,0,0,0,0,0,66209,home,151,20250426
2,0,1,1,0,1,1,0,66112,home,151,20250426
3,1,1,0,0,1,0,0,66928,home,151,20250426
3,0,0,0,0,0,2,0,62415,away,152,20250426
1,1,1,1,0,0,0,0,68110,away,152,20250426
3,0,0,1,0,1,1,0,76290,away,152,20250426
3,0,0,0,0,0,0,0,53123,away,152,20250426
1,0,1,1,0,0,0,0,51100,away,152,20250426
3,0,1,0,0,0,2,0,69102,away,152,20250426
1,0,0,0,0,0,1,0,52103,away,152,20250426
2,0,0,0,0,0,1,0,79365,away,152,20250426
2,1,1,1,1,0,0,0,52154,away,152,20250426
4,0,0,0,0,0,3,0,66108,away,152,20250426
2,0,0,0,0,0,0,0,68119,away,152,20250426
2,0,0,0,0,0,1,0,79109,away,152,20250426
4,1,1,0,0,0,1,0,69100,away,152,20250426
1,1,0,0,0,2,0,0,65207,away,152,20250426
3,1,1,0,0,0,1,0,64646,home,152,20250426
0,0,0,0,0,2,0,0,66614,home,152,20250426
4,1,0,0,0,1,0,0,78603,home,152,20250426
4,1,2,2,1,0,1,0,52605,home,152,20250426
4,1,2,1,0,0,1,0,72443,home,152,20250426
0,0,0,0,0,0,0,0,55636,home,152,20250426
1,0,0,0,0,0,0,0,62947,home,152,20250426
3,1,1,0,0,0,1,0,63260,home,152,20250426
3,1,0,0,0,1,1,0,68646,home,152,20250426
4,2,3,4,1,0,0,0,69636,home,152,20250426
4,0,2,1,0,0,1,0,69727,home,152,20250426
4,0,0,0,0,0,1,0,66606,home,152,20250426
3,0,0,0,0,0,2,0,55397,away,153,20250426
2,0,1,0,0,0,0,0,68305,away,153,20250426
5,0,1,1,0,0,1,0,65357,away,153,20250426
5,0,1,0,0,0,3,0,76267,away,153,20250426
3,0,0,0,0,0,2,0,54444,away,153,20250426
3,0,0,0,0,1,3,0,50167,away,153,20250426
4,0,1,0,0,0,2,0,64340,away,153,20250426
3,1,0,0,0,1,1,0,64984,away,153,20250426
4,0,0,0,0,0,3,0,53312,away,153,20250426
0,0,0,0,0,0,0,0,62332,away,153,20250426
1,0,0,0,0,0,1,0,55392,away,153,20250426
1,0,0,0,0,0,1,0,50357,away,153,20250426
2,1,2,1,0,0,0,0,78756,away,153,20250426
4,1,1,0,0,0,3,1,54812,home,153,20250426
4,0,1,0,0,0,0,0,76802,home,153,20250426
0,0,0,0,0,0,0,0,52804,home,153,20250426
4,0,0,1,0,0,0,0,55844,home,153,20250426
4,0,1,0,0,0,1,0,51868,home,153,20250426
2,0,0,0,0,1,0,0,62895,home,153,20250426
0,0,0,0,0,0,0,0,68805,home,153,20250426
1,0,0,0,0,0,1,0,66662,home,153,20250426
4,0,1,0,0,0,1,0,51865,home,153,20250426
3,0,0,0,0,0,0,0,68868,home,153,20250426
2,0,0,0,0,0,2,0,60558,home,153,20250426
2,0,0,0,0,0,0,0,50854,home,153,20250426
2,0,0,0,0,0,2,0,66864,home,153,20250426
1,0,0,0,0,0,1,0,67893,home,153,20250426
3,0,0,0,0,1,1,0,64101,away,154,20250426
1,0,0,0,0,0,1,0,50906,away,154,20250426
2,0,0,0,0,0,1,0,51907,away,154,20250426
2,0,0,0,0,0,2,0,50903,away,154,20250426
3,0,0,0,0,0,1,0,62907,away,154,20250426
4,0,3,0,0,0,1,0,63963,away,154,20250426
0,0,0,0,0,0,0,0,67905,away,154,20250426
4,0,2,0,0,0,0,0,77532,away,154,20250426
0,0,0,0,0,0,0,0,50996,away,154,20250426
4,0,1,0,0,0,0,0,69995,away,154,20250426
4,0,0,0,0,0,1,0,66965,away,154,20250426
4,0,0,0,0,0,1,0,51344,away,154,20250426
4,1,1,1,1,0,2,0,62244,away,154,20250426
3,0,0,0,0,1,0,1,50458,home,154,20250426
1,0,0,0,0,0,1,0,52424,home,154,20250426
3,3,2,1,0,2,0,2,67449,home,154,20250426
2,1,0,0,0,1,2,0,62404,home,154,20250426
2,2,2,2,0,0,0,0,61404,home,154,20250426
5,2,3,1,0,0,1,0,54400,home,154,20250426
2,0,0,0,0,1,1,0,52430,home,154,20250426
0,0,0,0,0,1,0,0,75125,home,154,20250426
1,0,0,0,0,0,1,0,51407,home,154,20250426
2,0,2,3,0,2,0,0,52415,home,154,20250426
0,0,0,0,0,0,0,0,54408,home,154,20250426
4,0,1,2,0,0,0,0,74540,home,154,20250426
0,0,0,0,0,0,0,0,69428,home,154,20250426
4,1,1,0,0,1,0,1,62234,home,154,20250426
4,0,0,0,0,0,2,0,55438,home,154,20250426
3,0,0,1,0,0,2,0,67025,away,155,20250426
4,0,0,0,0,0,1,0,64004,away,155,20250426
4,0,0,0,0,0,1,0,79240,away,155,20250426
3,0,0,0,0,1,2,0,78548,away,155,20250426
4,0,0,0,0,0,1,0,64007,away,155,20250426
3,0,0,0,0,0,1,0,64504,away,155,20250426
2,1,0,0,0,1,1,0,51013,away,155,20250426
2,0,0,0,0,0,1,0,64166,away,155,20250426
1,0,0,0,0,0,0,0,76313,away,155,20250426
0,0,0,0,0,0,0,0,51007,away,155,20250426
3,0,3,0,0,0,0,0,51003,away,155,20250426
4,0,1,0,0,0,1,0,79608,home,155,20250426
4,0,1,1,0,0,1,0,55734,home,155,20250426
3,0,0,0,0,1,1,0,53764,home,155,20250426
0,0,0,0,0,0,0,0,68700,home,155,20250426
4,0,1,0,0,0,1,0,69737,home,155,20250426
4,0,1,0,0,0,0,0,79192,home,155,20250426
3,1,1,0,0,0,0,0,66704,home,155,20250426
3,0,1,1,0,0,0,0,65703,home,155,20250426
2,0,0,0,0,1,0,0,78288,home,155,20250426
3,1,1,0,0,0,0,0,64006,home,155,20250426
4,0,1,2,0,0,0,0,50500,away,156,20250427
0,0,0,0,0,0,0,0,68507,away,156,20250427
4,0,0,0,0,0,1,0,52591,away,156,20250427
3,0,0,0,0,1,0,0,54529,away,156,20250427
2,0,1,0,0,1,0,0,51551,away,156,20250427
1,0,0,0,0,0,0,0,60523,away,156,20250427
3,0,1,0,0,0,0,0,61102,away,156,20250427
1,0,0,0,0,0,1,0,68518,away,156,20250427
3,0,0,0,0,0,0,0,50150,away,156,20250427
1,0,0,0,0,0,0,0,77564,away,156,20250427
3,2,2,1,1,0,0,0,78513,away,156,20250427
2,1,1,0,0,1,0,0,69517,away,156,20250427
1,0,0,0,0,0,0,0,52568,away,156,20250427
3,1,1,1,0,0,0,0,68205,away,156,20250427
1,0,0,0,0,0,0,0,54598,away,156,20250427
3,1,1,1,0,2,0,0,79231,home,156,20250427
1,0,0,0,0,0,0,0,54219,home,156,20250427
4,1,2,0,0,1,0,0,63257,home,156,20250427
0,1,0,0,0,0,0,0,66209,home,156,20250427
5,2,4,1,0,0,0,1,55208,home,156,20250427
3,1,0,0,0,2,1,0,64153,home,156,20250427
0,1,0,0,0,0,0,0,50204,home,156,20250427
2,1,0,1,0,2,1,0,78224,home,156,20250427
4,2,3,6,1,1,0,0,50208,home,156,20250427
2,2,0,0,0,2,0,0,63123,home,156,20250427
1,0,0,0,0,0,0,0,64468,home,156,20250427
3,1,1,2,0,0,1,0,66112,home,156,20250427
1,0,0,0,0,0,0,0,53554,home,156,20250427
5,0,2,2,0,0,1,0,66928,home,156,20250427
4,1,1,0,0,0,0,0,55397,away,157,20250427
1,0,0,0,0,0,1,0,54344,away,157,20250427
5,2,3,1,0,0,0,0,76267,away,157,20250427
3,1,2,1,0,2,0,1,54444,away,157,20250427
3,1,1,0,0,2,0,0,65357,away,157,20250427
3,0,0,0,0,0,3,0,64340,away,157,20250427
2,0,0,0,0,0,0,1,50357,away,157,20250427
4,1,2,5,1,0,0,0,78756,away,157,20250427
4,0,0,0,0,1,1,0,64984,away,157,20250427
5,1,2,0,0,0,0,0,62332,away,157,20250427
4,0,1,0,0,1,1,1,50854,home,157,20250427
4,0,1,0,0,0,2,0,68868,home,157,20250427
5,1,1,1,1,0,3,0,55844,home,157,20250427
3,0,0,0,0,2,1,0,51868,home,157,20250427
5,1,1,0,0,0,0,0,67893,home,157,20250427
4,0,2,1,0,0,0,0,62895,home,157,20250427
0,1,0,0,0,0,0,0,68805,home,157,20250427
3,0,2,0,0,1,0,0,76802,home,157,20250427
4,0,1,1,0,0,1,0,51865,home,157,20250427
0,0,0,0,0,0,0,0,66662,home,157,20250427
4,0,1,0,0,0,0,0,54812,home,157,20250427
2,0,0,0,0,0,0,0,62907,away,158,20250427
1,0,1,1,0,0,0,0,66965,away,158,20250427
1,0,0,0,0,0,1,0,69203,away,158,20250427
3,1,1,1,0,0,0,0,64101,away,158,20250427
4,1,1,1,0,0,0,0,77532,away,158,20250427
2,0,0,0,0,2,0,0,63963,away,158,20250427
4,0,2,1,0,0,0,0,69995,away,158,20250427
4,0,0,0,0,0,1,0,51344,away,158,20250427
4,0,0,0,0,0,1,0,50996,away,158,20250427
4,1,1,0,0,0,1,0,68912,away,158,20250427
3,1,1,0,0,0,0,1,51907,away,158,20250427
3,1,0,0,0,2,0,0,67449,home,158,20250427
5,2,3,2,0,0,2,1,62234,home,158,20250427
3,2,1,2,1,1,1,0,62404,home,158,20250427
0,0,0,0,0,0,0,0,52424,home,158,20250427
1,0,0,0,0,0,0,0,50458,home,158,20250427
5,2,3,3,2,0,0,0,54400,home,158,20250427
4,0,3,1,0,1,1,0,52415,home,158,20250427
5,0,1,0,0,0,1,0,61404,home,158,20250427
3,0,1,0,0,1,0,0,52430,home,158,20250427
1,0,0,0,0,0,0,0,75125,home,158,20250427
4,0,0,0,0,0,0,0,69428,home,158,20250427
4,1,2,0,0,0,1,0,54408,home,158,20250427
2,1,0,0,0,2,1,0,66108,away,159,20250427
2,1,0,0,0,2,0,0,76290,away,159,20250427
4,0,1,1,0,0,2,0,53123,away,159,20250427
4,0,1,0,0,0,1,0,69102,away,159,20250427
3,0,1,0,0,1,0,0,79109,away,159,20250427
4,0,1,0,0,0,0,0,79365,away,159,20250427
0,0,0,0,0,0,0,1,52103,away,159,20250427
4,0,0,0,0,0,0,0,68119,away,159,20250427
4,0,0,0,0,0,1,0,62415,away,159,20250427
3,0,1,0,0,0,0,0,65207,away,159,20250427
3,1,2,0,0,0,0,0,64646,home,159,20250427
4,0,2,1,0,0,0,0,78603,home,159,20250427
4,0,0,0,0,0,2,0,52605,home,159,20250427
3,1,1,2,1,1,0,0,72443,home,159,20250427
0,0,0,0,0,0,0,0,67609,home,159,20250427
4,0,1,0,0,0,2,0,69636,home,159,20250427
0,0,0,0,0,0,0,0,66614,home,159,20250427
4,0,1,0,0,0,1,0,69727,home,159,20250427
4,0,1,0,0,0,0,0,66606,home,159,20250427
2,1,1,0,0,1,0,0,78122,home,159,20250427
1,0,0,0,0,0,0,0,68646,home,159,20250427
1,0,0,0,0,1,1,0,65653,home,159,20250427
2,0,1,0,0,2,0,0,51003,away,160,20250427
1,0,0,0,0,0,0,0,64115,away,160,20250427
3,0,0,0,0,0,1,0,51013,away,160,20250427
1,0,0,0,0,0,1,0,51007,away,160,20250427
3,0,0,0,0,1,0,0,79240,away,160,20250427
4,1,1,0,0,0,1,0,67025,away,160,20250427
3,1,1,0,0,1,1,0,78548,away,160,20250427
4,1,2,1,0,0,1,0,76313,away,160,20250427
2,0,0,0,0,0,0,0,64007,away,160,20250427
1,0,0,0,0,0,0,0,50092,away,160,20250427
1,0,0,0,0,0,0,0,64004,away,160,20250427
3,0,1,2,0,1,1,0,64166,away,160,20250427
3,0,0,0,0,0,0,0,64504,away,160,20250427
4,0,1,1,0,0,0,0,79608,home,160,20250427
0,0,0,0,0,0,0,0,50704,home,160,20250427
4,0,1,0,0,0,0,0,55734,home,160,20250427
4,0,0,0,0,0,0,0,53764,home,160,20250427
0,0,0,0,0,0,0,0,66704,home,160,20250427
3,0,0,0,0,1,3,1,69737,home,160,20250427
4,1,1,0,0,0,3,0,79192,home,160,20250427
3,1,3,0,0,0,0,0,66657,home,160,20250427
0,1,0,0,0,0,0,0,68700,home,160,20250427
1,0,0,1,0,0,0,0,65703,home,160,20250427
1,0,0,1,0,0,0,0,78288,home,160,20250427
1,0,0,0,0,0,0,0,54795,home,160,20250427
0,0,0,0,0,0,0,0,76812,home,160,20250427
3,1,1,1,0,0,0,0,64006,home,160,20250427
4,0,2,0,0,0,0,0,64004,away,161,20250429
0,0,0,0,0,0,0,0,67006,away,161,20250429
4,1,0,0,0,0,0,0,51003,away,161,20250429
3,0,0,0,0,1,1,0,68050,away,161,20250429
3,1,2,1,0,1,1,0,67025,away,161,20250429
4,0,0,0,0,0,0,0,76313,away,161,20250429
3,1,1,1,0,0,0,0,50054,away,161,20250429
0,0,0,0,0,1,0,0,64115,away,161,20250429
4,0,1,1,0,0,0,0,64007,away,161,20250429
4,0,1,0,0,0,3,0,64166,away,161,20250429
3,0,0,0,0,0,2,0,50066,away,161,20250429
1,0,0,0,0,0,0,0,78548,away,161,20250429
4,0,1,0,0,0,0,0,79231,home,161,20250429
3,0,0,0,0,1,1,0,55208,home,161,20250429
4,0,0,0,0,0,1,0,76232,home,161,20250429
3,0,1,0,0,1,1,0,78224,home,161,20250429
0,1,0,0,0,0,0,0,50204,home,161,20250429
3,1,1,0,0,1,0,0,63257,home,161,20250429
4,0,1,1,0,0,2,0,64153,home,161,20250429
0,0,0,0,0,0,0,1,66209,home,161,20250429
4,0,0,1,0,0,2,0,50208,home,161,20250429
4,0,2,0,0,0,2,0,66928,home,161,20250429
3,0,0,0,0,0,2,0,63123,home,161,20250429
1,0,0,0,0,0,0,0,50458,away,162,20250429
4,0,0,0,0,0,1,0,61404,away,162,20250429
5,1,2,1,0,0,0,0,67449,away,162,20250429
5,1,3,1,1,0,0,0,62404,away,162,20250429
3,0,0,0,0,2,3,0,54400,away,162,20250429
4,0,1,0,0,0,3,0,52430,away,162,20250429
1,0,0,0,0,0,0,0,75125,away,162,20250429
4,0,0,0,0,0,2,0,52415,away,162,20250429
3,0,1,0,0,1,0,0,74540,away,162,20250429
4,1,1,0,0,0,0,0,62234,away,162,20250429
2,0,1,0,0,1,0,1,54408,away,162,20250429
3,0,0,0,0,1,0,0,50854,home,162,20250429
2,0,1,1,0,1,0,0,68868,home,162,20250429
3,0,0,0,0,0,2,0,55844,home,162,20250429
1,0,0,0,0,0,1,0,68805,home,162,20250429
4,0,0,0,0,0,1,0,62895,home,162,20250429
3,0,1,0,0,1,1,0,67893,home,162,20250429
4,0,0,0,0,0,0,1,60558,home,162,20250429
3,0,0,0,0,1,1,0,51865,home,162,20250429
4,1,1,0,0,0,1,1,54812,home,162,20250429
2,0,1,0,0,0,0,0,66864,home,162,20250429
1,0,0,0,0,0,1,0,51868,home,162,20250429
0,0,0,0,0,0,0,0,76802,home,162,20250429
3,0,1,0,0,0,0,0,62907,away,163,20250429
2,0,1,0,0,0,0,0,69203,away,163,20250429
5,0,0,0,0,0,1,0,51907,away,163,20250429
3,0,1,0,0,0,0,0,77532,away,163,20250429
1,0,0,0,0,1,0,0,67905,away,163,20250429
3,1,0,0,0,0,1,0,54944,away,163,20250429
2,0,1,0,0,0,0,0,63963,away,163,20250429
1,0,0,0,0,0,0,0,50902,away,163,20250429
3,0,1,0,0,0,0,1,69995,away,163,20250429
1,0,0,0,0,0,0,0,50996,away,163,20250429
0,0,0,0,0,0,0,0,66965,away,163,20250429
1,1,0,0,0,2,0,0,64101,away,163,20250429
3,1,1,3,1,0,1,0,68912,away,163,20250429
1,0,0,0,0,0,1,0,62244,away,163,20250429
3,0,1,0,0,1,0,0,51344,away,163,20250429
5,2,1,0,0,1,0,0,64646,home,163,20250429
5,3,4,3,0,0,0,0,78603,home,163,20250429
1,0,0,0,0,0,0,0,66614,home,163,20250429
2,2,2,2,0,2,0,0,52605,home,163,20250429
0,1,0,0,0,1,0,0,69636,home,163,20250429
5,1,2,3,0,0,1,1,55645,home,163,20250429
5,0,2,1,0,0,1,0,63260,home,163,20250429
3,0,1,1,0,2,1,0,69727,home,163,20250429
4,0,1,1,0,0,1,0,66606,home,163,20250429
1,0,0,0,0,1,0,0,78122,home,163,20250429
3,1,0,0,0,0,1,0,68646,home,163,20250429
1,1,0,0,0,1,0,0,65653,home,163,20250429
0,1,0,0,0,1,0,0,72443,home,163,20250429
1,1,1,0,0,1,0,0,67609,home,163,20250429
4,0,2,1,0,1,0,1,50500,away,164,20250429
1,0,0,1,0,0,0,0,60523,away,164,20250429
0,0,0,0,0,0,0,0,63543,away,164,20250429
5,0,1,0,0,1,1,0,69517,away,164,20250429
5,1,2,0,0,0,1,0,54529,away,164,20250429
1,1,0,0,0,0,0,0,68507,away,164,20250429
4,1,1,1,0,1,0,0,51551,away,164,20250429
5,2,2,1,0,0,1,0,52591,away,164,20250429
4,2,2,1,0,1,1,0,78513,away,164,20250429
4,0,2,2,0,0,0,0,50150,away,164,20250429
3,1,2,2,0,1,0,0,61102,away,164,20250429
0,0,0,0,0,0,0,0,52568,away,164,20250429
1,1,1,0,0,0,0,0,68518,away,164,20250429
3,0,2,0,0,0,0,0,68205,away,164,20250429
0,0,0,0,0,0,0,0,54598,away,164,20250429
2,0,0,0,0,0,2,0,64340,home,164,20250429
2,1,1,0,0,0,0,0,68305,home,164,20250429
3,0,0,0,0,1,0,0,76267,home,164,20250429
3,1,1,1,1,1,0,0,54444,home,164,20250429
3,0,0,1,0,1,0,0,65357,home,164,20250429
3,0,1,1,0,0,0,0,78756,home,164,20250429
0,0,0,0,0,0,0,0,55392,home,164,20250429
4,0,0,0,0,0,1,0,54307,home,164,20250429
1,0,0,0,0,0,0,0,50357,home,164,20250429
2,0,0,0,0,0,1,0,62332,home,164,20250429
2,0,0,0,0,0,1,0,53312,home,164,20250429
2,0,0,0,0,0,2,0,54344,home,164,20250429
2,1,1,0,0,0,0,0,64984,home,164,20250429
3,0,1,0,0,0,1,0,66108,away,165,20250429
4,1,0,0,0,0,0,0,76290,away,165,20250429
4,1,1,2,1,0,2,0,53123,away,165,20250429
3,0,0,0,0,1,0,0,69102,away,165,20250429
4,0,1,0,0,0,1,0,79109,away,165,20250429
4,0,1,0,0,0,0,0,68119,away,165,20250429
3,0,1,0,0,1,2,2,62415,away,165,20250429
2,0,0,0,0,0,0,0,65207,away,165,20250429
1,0,1,0,0,0,0,0,68110,away,165,20250429
0,0,0,0,0,0,0,0,52103,away,165,20250429
1,0,0,0,0,0,0,0,52154,away,165,20250429
3,0,0,0,0,0,0,0,79365,away,165,20250429
4,0,0,0,0,0,2,0,79608,home,165,20250429
3,0,1,0,0,1,1,0,55734,home,165,20250429
4,0,2,0,0,0,1,1,53764,home,165,20250429
0,0,0,0,0,0,0,0,68700,home,165,20250429
4,0,0,0,0,0,2,0,69737,home,165,20250429
4,1,1,0,0,0,1,0,79192,home,165,20250429
2,1,1,1,1,1,0,0,66657,home,165,20250429
3,0,0,0,0,0,0,0,65703,home,165,20250429
2,0,0,1,0,0,0,0,76812,home,165,20250429
3,1,1,1,1,0,2,0,64006,home,165,20250429
3,1,1,0,0,0,0,0,64004,away,166,20250430
0,1,0,0,0,1,0,0,67006,away,166,20250430
5,2,3,1,0,0,1,0,76313,away,166,20250430
5,1,1,1,0,0,1,0,52001,away,166,20250430
4,1,3,4,1,1,1,0,67025,away,166,20250430
5,0,0,0,0,0,1,0,78548,away,166,20250430
2,0,0,0,0,2,0,0,64007,away,166,20250430
3,1,1,0,0,0,0,0,51003,away,166,20250430
3,0,0,0,0,0,1,0,64166,away,166,20250430
4,1,2,1,0,0,0,0,64115,away,166,20250430
4,0,0,0,0,0,0,0,79231,home,166,20250430
3,0,0,1,0,1,1,0,55208,home,166,20250430
3,0,2,1,0,1,0,0,76232,home,166,20250430
3,0,1,0,0,0,0,0,78224,home,166,20250430
1,0,0,0,0,0,0,0,66209,home,166,20250430
4,1,2,1,1,0,1,0,66112,home,166,20250430
4,0,0,0,0,0,2,0,64153,home,166,20250430
2,0,1,0,0,1,0,0,66928,home,166,20250430
1,0,0,0,0,0,1,0,53554,home,166,20250430
4,1,0,0,0,0,1,0,50208,home,166,20250430
4,1,1,0,0,0,1,0,63123,home,166,20250430
6,1,1,0,0,0,1,0,52415,away,167,20250430
6,2,4,1,1,0,0,0,67449,away,167,20250430
5,0,1,1,0,1,0,0,62404,away,167,20250430
4,0,1,1,0,1,1,0,54400,away,167,20250430
5,1,1,1,1,0,0,0,74540,away,167,20250430
4,1,1,0,0,1,0,0,62234,away,167,20250430
3,1,2,1,1,1,0,0,75125,away,167,20250430
1,0,1,0,0,0,0,0,61404,away,167,20250430
3,0,2,1,0,1,1,0,68463,away,167,20250430
3,0,0,0,0,0,1,0,54408,away,167,20250430
1,0,0,0,0,0,1,0,52430,away,167,20250430
1,0,0,0,0,0,0,0,55438,away,167,20250430
4,1,3,0,0,1,0,0,50854,home,167,20250430
3,2,2,3,1,0,0,0,68868,home,167,20250430
4,1,2,2,1,0,1,0,55844,home,167,20250430
1,0,0,0,0,0,1,0,66864,home,167,20250430
5,0,0,0,0,0,2,0,62895,home,167,20250430
0,0,0,0,0,0,0,0,66662,home,167,20250430
5,1,1,0,0,0,2,0,51868,home,167,20250430
5,0,1,0,0,0,1,0,67893,home,167,20250430
5,0,1,1,0,0,1,0,76802,home,167,20250430
4,0,0,0,0,0,0,0,54812,home,167,20250430
3,1,0,0,0,0,0,0,51865,home,167,20250430
1,0,0,0,0,0,0,0,60558,home,167,20250430
4,0,1,0,0,0,1,0,63963,away,168,20250430
0,0,0,0,0,0,0,0,50996,away,168,20250430
5,1,2,0,0,0,1,0,51907,away,168,20250430
4,1,2,1,0,0,0,0,62907,away,168,20250430
0,0,0,0,0,0,0,0,50902,away,168,20250430
2,1,1,1,1,2,1,0,54944,away,168,20250430
1,1,0,0,0,0,0,0,66965,away,168,20250430
4,0,2,2,0,0,1,0,77532,away,168,20250430
1,1,0,0,0,0,1,0,67905,away,168,20250430
3,0,1,0,0,0,1,0,69995,away,168,20250430
1,0,1,0,0,0,0,0,79215,away,168,20250430
0,0,0,0,0,0,0,0,69203,away,168,20250430
4,1,1,3,1,0,0,0,68912,away,168,20250430
1,0,0,0,0,0,0,0,62244,away,168,20250430
3,1,0,0,0,1,0,0,51344,away,168,20250430
3,0,0,0,0,1,0,0,64101,away,168,20250430
3,0,0,0,0,0,0,0,64646,home,168,20250430
1,0,0,0,0,0,1,0,69727,home,168,20250430
3,0,0,0,0,1,0,0,78603,home,168,20250430
3,0,0,0,0,0,1,0,52605,home,168,20250430
1,0,0,0,0,0,0,0,66614,home,168,20250430
3,0,1,0,0,1,0,0,72443,home,168,20250430
3,0,1,0,0,0,2,0,55645,home,168,20250430
0,0,0,0,0,0,0,0,67609,home,168,20250430
3,0,0,0,0,0,2,0,69636,home,168,20250430
3,0,1,0,0,0,1,0,63260,home,168,20250430
3,0,1,0,0,0,1,0,68646,home,168,20250430
3,0,1,0,0,0,1,0,66606,home,168,20250430
4,1,1,1,0,1,0,0,50500,away,169,20250430
5,1,1,1,0,0,0,0,69517,away,169,20250430
0,0,0,0,0,0,0,0,62802,away,169,20250430
5,1,4,2,0,0,0,0,54529,away,169,20250430
5,1,1,2,1,0,1,0,51551,away,169,20250430
0,0,0,0,0,0,0,0,60523,away,169,20250430
5,1,0,0,0,0,1,0,52591,away,169,20250430
3,0,0,0,0,1,0,0,78513,away,169,20250430
1,0,1,0,0,0,0,0,68507,away,169,20250430
5,1,2,0,0,0,0,0,50150,away,169,20250430
0,0,0,0,0,0,0,0,77564,away,169,20250430
2,2,2,1,0,1,0,0,61102,away,169,20250430
0,0,0,0,0,0,0,0,68518,away,169,20250430
4,2,3,2,0,0,0,0,54598,away,169,20250430
5,2,2,0,0,0,0,0,76267,home,169,20250430
2,1,0,0,0,0,0,0,54444,home,169,20250430
2,2,2,3,1,0,0,0,54307,home,169,20250430
4,2,3,4,1,1,0,0,65357,home,169,20250430
2,0,0,0,0,0,0,0,78756,home,169,20250430
5,0,1,1,0,0,0,0,68305,home,169,20250430
4,0,1,0,0,0,1,0,64984,home,169,20250430
2,0,0,0,0,0,1,0,50357,home,169,20250430
1,0,0,0,0,0,1,0,54344,home,169,20250430
1,0,0,0,0,0,1,0,55392,home,169,20250430
2,0,0,0,0,0,0,0,62332,home,169,20250430
2,0,0,0,0,0,1,0,53312,home,169,20250430
4,0,1,0,0,0,1,0,66108,away,170,20250430
3,0,1,0,0,0,1,0,68110,away,170,20250430
1,0,0,0,0,0,0,0,65207,away,170,20250430
4,1,1,0,0,0,1,0,53123,away,170,20250430
4,0,1,0,0,0,2,0,69102,away,170,20250430
4,0,1,1,0,0,1,0,76290,away,170,20250430
3,0,0,0,0,0,2,0,79109,away,170,20250430
2,1,1,1,1,1,0,0,79365,away,170,20250430
3,0,0,0,0,0,1,0,62415,away,170,20250430
2,0,0,0,0,0,0,0,69100,away,170,20250430
1,0,0,0,0,0,0,0,68119,away,170,20250430
4,0,0,0,0,0,2,0,66704,home,170,20250430
4,0,0,0,0,0,3,0,55734,home,170,20250430
4,1,2,1,1,0,0,0,53764,home,170,20250430
2,2,2,0,0,2,0,0,69737,home,170,20250430
4,0,0,0,0,0,2,0,79192,home,170,20250430
3,0,2,0,0,0,0,0,66657,home,170,20250430
0,1,0,0,0,0,0,0,68700,home,170,20250430
1,0,1,1,0,0,0,0,52764,home,170,20250430
0,0,0,0,0,0,0,0,50704,home,170,20250430
3,0,0,1,0,0,0,0,65703,home,170,20250430
2,0,1,0,0,0,0,0,78288,home,170,20250430
1,1,1,2,1,0,0,0,54795,home,170,20250430
0,0,0,0,0,0,0,0,76812,home,170,20250430
3,0,0,0,0,0,1,0,64006,home,170,20250430
5,0,1,0,0,0,3,0,51003,away,171,20250501
4,0,1,0,0,1,1,0,76313,away,171,20250501
5,1,1,1,1,0,1,0,68050,away,171,20250501
1,1,0,0,0,4,1,0,67025,away,171,20250501
0,0,0,0,0,0,0,0,67006,away,171,20250501
3,0,0,0,0,0,0,0,50054,away,171,20250501
2,0,0,0,0,0,2,0,64007,away,171,20250501
5,1,1,2,1,0,0,0,52001,away,171,20250501
4,0,0,0,0,0,2,0,78548,away,171,20250501
4,0,0,0,0,0,1,0,64166,away,171,20250501
2,0,0,0,0,0,0,0,64115,away,171,20250501
0,0,0,0,0,0,0,0,69064,away,171,20250501
2,0,0,0,0,0,2,0,50092,away,171,20250501
5,0,2,0,0,1,0,1,79231,home,171,20250501
2,0,0,0,0,1,1,0,63257,home,171,20250501
2,1,0,0,0,1,1,2,66209,home,171,20250501
4,1,2,0,0,1,1,0,55208,home,171,20250501
2,1,1,0,0,0,1,0,76232,home,171,20250501
2,0,0,0,0,0,1,0,66112,home,171,20250501
3,0,2,3,0,2,1,0,78224,home,171,20250501
1,0,0,0,0,0,1,0,50208,home,171,20250501
4,0,0,0,0,0,1,0,64468,home,171,20250501
5,0,1,0,0,0,1,0,64153,home,171,20250501
0,0,0,0,0,0,0,0,53554,home,171,20250501
3,0,0,0,0,0,1,0,66928,home,171,20250501
1,0,0,0,0,0,1,0,50204,home,171,20250501
4,0,0,0,0,0,2,0,63123,home,171,20250501
1,0,0,0,0,0,0,0,54219,home,171,20250501
4,0,0,0,0,0,1,0,67449,away,172,20250501
3,1,1,0,0,1,0,0,61404,away,172,20250501
3,0,1,0,0,1,0,0,54400,away,172,20250501
1,0,0,0,0,1,0,0,75125,away,172,20250501
1,0,1,0,0,1,0,0,62404,away,172,20250501
2,0,1,0,0,0,0,0,62234,away,172,20250501
2,0,1,0,0,0,0,0,74540,away,172,20250501
3,0,0,1,0,1,1,0,52415,away,172,20250501
4,0,1,0,0,0,1,0,68463,away,172,20250501
2,0,0,0,0,1,1,0,55438,away,172,20250501
1,0,0,0,0,0,0,0,69207,away,172,20250501
2,0,0,0,0,0,2,0,69428,away,172,20250501
2,0,0,0,0,0,0,0,54408,away,172,20250501
4,1,2,2,1,0,0,0,50854,home,172,20250501
3,1,1,0,0,0,1,0,76802,home,172,20250501
2,0,1,0,0,2,1,0,55844,home,172,20250501
4,0,2,1,0,0,0,0,51868,home,172,20250501
3,0,0,0,0,1,0,1,68868,home,172,20250501
4,0,0,0,0,0,3,0,67893,home,172,20250501
4,1,1,0,0,0,2,1,60558,home,172,20250501
4,1,1,0,0,0,1,0,51865,home,172,20250501
3,0,1,0,0,0,1,0,67900,home,172,20250501
1,0,0,0,0,0,0,0,54812,home,172,20250501
3,2,1,1,0,1,0,1,50500,away,174,20250501
4,1,1,0,0,1,0,0,69517,away,174,20250501
0,0,0,0,0,0,0,0,62802,away,174,20250501
4,0,2,1,0,1,1,0,54529,away,174,20250501
5,0,1,2,0,0,0,0,51551,away,174,20250501
3,0,0,0,0,1,0,0,52591,away,174,20250501
0,1,0,0,0,0,0,1,68507,away,174,20250501
4,0,1,0,0,0,1,0,50150,away,174,20250501
4,1,2,1,0,0,1,0,78513,away,174,20250501
0,0,0,0,0,0,0,1,52504,away,174,20250501
4,0,0,0,0,0,2,0,54598,away,174,20250501
4,0,0,0,0,0,1,0,68518,away,174,20250501
4,0,0,0,0,0,0,0,65357,home,174,20250501
4,0,1,0,0,0,1,0,54444,home,174,20250501
4,0,1,0,0,0,2,0,76267,home,174,20250501
3,0,0,0,0,0,0,0,78756,home,174,20250501
0,0,0,0,0,0,0,0,55392,home,174,20250501
3,0,0,0,0,0,2,0,54307,home,174,20250501
3,0,0,0,0,0,0,0,53344,home,174,20250501
3,0,1,0,0,0,0,0,54394,home,174,20250501
3,0,1,0,0,0,1,0,78135,home,174,20250501
0,0,0,0,0,0,0,0,68305,home,174,20250501
5,0,2,0,0,0,1,0,50854,away,176,20250502
3,1,1,0,0,1,0,0,76802,away,176,20250502
3,1,1,2,1,1,0,0,75847,away,176,20250502
3,0,1,0,0,1,0,0,51868,away,176,20250502
2,0,0,0,0,1,2,0,55844,away,176,20250502
1,0,0,0,0,0,0,0,66662,away,176,20250502
3,0,0,0,0,1,1,0,67893,away,176,20250502
2,0,0,0,0,0,1,0,60558,away,176,20250502
2,0,0,0,0,0,2,0,68868,away,176,20250502
2,0,0,0,0,0,0,0,51865,away,176,20250502
2,0,0,0,0,0,0,0,62895,away,176,20250502
2,0,0,0,0,0,0,0,67900,away,176,20250502
1,0,0,0,0,0,0,0,54812,away,176,20250502
4,0,1,0,0,0,1,0,66108,home,176,20250502
3,0,0,0,0,1,2,0,68119,home,176,20250502
4,0,2,0,0,0,0,0,53123,home,176,20250502
4,0,0,0,0,0,0,0,69102,home,176,20250502
3,0,0,0,0,1,1,0,76290,home,176,20250502
4,0,0,0,0,0,3,0,79109,home,176,20250502
3,0,0,0,0,1,1,0,79365,home,176,20250502
0,0,0,0,0,0,0,0,52103,home,176,20250502
3,1,2,0,0,0,1,0,62415,home,176,20250502
3,0,1,0,0,0,0,1,65207,home,176,20250502
4,0,2,0,0,0,1,0,63963,away,177,20250502
0,1,0,0,0,0,0,0,67905,away,177,20250502
1,0,1,0,0,0,0,0,50996,away,177,20250502
5,0,0,1,0,0,0,0,51907,away,177,20250502
4,1,1,0,0,1,0,2,62907,away,177,20250502
4,0,1,0,0,0,0,0,54944,away,177,20250502
3,0,0,0,0,1,0,0,77532,away,177,20250502
1,0,0,1,0,3,0,0,69995,away,177,20250502
3,0,0,0,0,1,1,0,68912,away,177,20250502
2,0,0,0,0,0,1,0,51344,away,177,20250502
1,0,0,0,0,0,0,0,79215,away,177,20250502
1,0,0,0,0,0,0,0,66965,away,177,20250502
3,1,0,0,0,1,1,0,64101,away,177,20250502
4,1,1,0,0,0,0,0,50500,home,177,20250502
4,1,2,0,0,0,0,0,69517,home,177,20250502
0,1,0,0,0,0,0,0,68507,home,177,20250502
3,1,1,1,0,0,1,0,54529,home,177,20250502
0,0,0,0,0,0,0,0,52504,home,177,20250502
0,0,0,0,0,0,0,0,62802,home,177,20250502
3,0,1,2,0,1,0,0,51551,home,177,20250502
4,0,1,1,0,0,0,0,52591,home,177,20250502
4,0,1,0,0,0,0,0,78513,home,177,20250502
2,0,0,0,0,1,1,0,50150,home,177,20250502
3,0,0,0,0,0,0,0,61102,home,177,20250502
0,0,0,0,0,0,0,0,68518,home,177,20250502
2,0,0,0,0,0,2,0,54598,home,177,20250502
1,0,0,0,0,0,0,0,60523,home,177,20250502
0,0,0,0,0,0,0,0,77564,home,177,20250502
5,0,1,0,0,0,0,0,79231,away,178,20250502
3,1,1,0,0,1,0,0,63257,away,178,20250502
0,0,0,0,0,0,0,1,66209,away,178,20250502
3,1,1,0,0,1,0,0,55208,away,178,20250502
4,0,1,1,0,0,0,0,76232,away,178,20250502
3,0,1,1,0,1,1,0,78224,away,178,20250502
4,0,1,0,0,0,1,0,64153,away,178,20250502
3,0,0,0,0,0,2,0,63123,away,178,20250502
4,0,0,0,0,0,1,0,66928,away,178,20250502
3,0,0,0,0,0,1,0,54236,away,178,20250502
0,0,0,0,0,0,0,0,50204,away,178,20250502
1,0,0,0,0,0,0,0,53554,away,178,20250502
3,1,1,0,0,0,0,0,52415,home,178,20250502
1,1,0,0,0,1,0,0,67449,home,178,20250502
3,1,1,1,0,0,0,0,62404,home,178,20250502
4,1,1,1,0,0,0,0,54400,home,178,20250502
4,1,1,3,1,0,1,0,74540,home,178,20250502
2,0,1,0,0,0,0,0,75125,home,178,20250502
1,1,1,0,0,0,0,0,69207,home,178,20250502
4,0,0,0,0,0,1,1,62234,home,178,20250502
0,0,0,0,0,0,0,0,55438,home,178,20250502
2,0,1,0,0,0,1,0,61404,home,178,20250502
2,0,1,0,0,0,0,0,68463,home,178,20250502
1,0,0,0,0,1,0,0,54408,home,178,20250502
2,0,1,1,0,0,1,0,65586,home,178,20250502
6,1,3,2,0,0,0,0,65357,away,179,20250502
5,1,3,1,0,0,0,0,76267,away,179,20250502
5,0,3,1,0,0,2,0,54444,away,179,20250502
5,0,1,0,0,0,0,0,54307,away,179,20250502
3,1,1,0,0,0,1,0,68305,away,179,20250502
1,0,0,0,0,1,1,1,78135,away,179,20250502
2,0,1,1,0,2,1,0,64984,away,179,20250502
5,0,2,0,0,0,1,0,62332,away,179,20250502
3,1,0,0,0,1,0,0,55392,away,179,20250502
1,0,0,0,0,0,1,0,78756,away,179,20250502
5,0,1,0,0,0,0,0,64004,home,179,20250502
5,0,3,0,0,0,0,0,76313,home,179,20250502
5,0,0,0,0,0,2,0,68050,home,179,20250502
4,1,0,0,0,1,0,0,67025,home,179,20250502
4,2,3,3,2,0,1,0,52001,home,179,20250502
2,0,0,0,0,2,2,0,51003,home,179,20250502
2,0,1,0,0,2,0,0,78548,home,179,20250502
0,0,0,0,0,0,0,0,52002,home,179,20250502
0,0,0,0,0,0,0,0,50066,home,179,20250502
2,0,1,0,0,0,0,0,69064,home,179,20250502
1,0,0,0,0,1,0,0,50054,home,179,20250502
1,0,0,0,0,0,1,0,50092,home,179,20250502
2,0,0,0,0,0,1,0,64007,home,179,20250502
5,0,0,0,0,0,1,0,54795,away,180,20250502
4,0,0,0,0,1,2,1,55734,away,180,20250502
5,0,1,0,0,0,1,1,53764,away,180,20250502
4,1,1,1,1,1,2,0,69737,away,180,20250502
5,1,1,0,0,0,2,0,79192,away,180,20250502
4,1,2,2,1,1,2,1,66657,away,180,20250502
2,0,0,0,0,0,1,0,68700,away,180,20250502
1,0,0,0,0,0,0,0,50707,away,180,20250502
2,0,1,0,0,0,0,0,78288,away,180,20250502
3,0,2,0,0,0,0,1,76812,away,180,20250502
1,0,0,0,0,0,0,1,50704,away,180,20250502
1,0,0,0,0,0,0,0,64006,away,180,20250502
3,0,0,0,0,0,2,0,65703,away,180,20250502
6,1,2,1,0,0,1,1,64646,home,180,20250502
4,0,0,0,0,0,0,0,78603,home,180,20250502
1,0,0,0,0,0,0,0,66614,home,180,20250502
5,0,2,0,0,0,2,0,52605,home,180,20250502
2,0,0,0,0,1,0,0,72443,home,180,20250502
5,0,1,1,0,0,1,0,55645,home,180,20250502
3,0,1,0,0,1,1,0,63260,home,180,20250502
0,0,0,0,0,0,0,0,67609,home,180,20250502
1,0,0,0,0,0,1,0,69727,home,180,20250502
2,0,0,0,0,1,0,0,69636,home,180,20250502
1,0,0,0,0,0,0,0,65653,home,180,20250502
5,0,0,0,0,0,1,0,68646,home,180,20250502
3,1,0,0,0,2,1,1,66606,home,180,20250502
4,0,3,0,0,0,0,0,50854,away,182,20250503
3,0,0,0,0,1,1,0,68868,away,182,20250503
4,0,0,0,0,0,1,0,75847,away,182,20250503
3,1,2,0,0,1,0,0,62895,away,182,20250503
0,0,0,0,0,0,0,0,69825,away,182,20250503
4,0,1,0,0,0,1,0,51868,away,182,20250503
2,0,0,0,0,2,1,0,67893,away,182,20250503
4,0,1,0,0,0,0,0,76802,away,182,20250503
2,0,0,0,0,0,0,0,66662,away,182,20250503
0,0,0,1,0,1,0,0,60558,away,182,20250503
0,0,0,0,0,0,0,0,51865,away,182,20250503
2,0,0,0,0,0,1,0,67900,away,182,20250503
1,0,0,0,0,0,0,0,55844,away,182,20250503
0,0,0,0,0,0,0,0,54812,away,182,20250503
4,1,1,0,0,0,0,0,66108,home,182,20250503
4,0,0,0,0,0,0,0,76290,home,182,20250503
0,0,0,0,0,0,0,0,68119,home,182,20250503
4,1,1,1,0,0,1,0,53123,home,182,20250503
3,1,1,2,0,1,0,0,69102,home,182,20250503
4,0,2,1,0,0,2,0,79365,home,182,20250503
4,0,0,0,0,0,2,0,79109,home,182,20250503
2,0,0,0,0,0,2,0,68110,home,182,20250503
1,0,0,0,0,0,0,0,62415,home,182,20250503
3,0,1,0,0,0,0,0,54156,home,182,20250503
3,1,1,0,0,0,0,0,69100,home,182,20250503
5,0,1,2,0,0,1,0,63963,away,183,20250503
1,0,0,0,0,0,0,0,67905,away,183,20250503
4,2,2,0,0,0,1,1,51907,away,183,20250503
1,0,1,0,0,0,0,0,79215,away,183,20250503
1,1,1,1,0,0,0,0,50902,away,183,20250503
6,1,2,1,0,0,2,0,62907,away,183,20250503
6,1,2,2,1,0,1,0,54944,away,183,20250503
2,0,1,1,0,2,1,0,77532,away,183,20250503
1,1,0,0,0,0,0,0,50996,away,183,20250503
2,0,1,1,0,0,0,0,69995,away,183,20250503
2,0,0,0,0,0,1,0,66965,away,183,20250503
4,2,3,2,1,0,0,0,68912,away,183,20250503
0,1,0,0,0,1,0,0,62244,away,183,20250503
5,2,2,0,0,0,1,0,51344,away,183,20250503
4,2,3,3,0,0,0,0,64101,away,183,20250503
5,0,1,0,0,0,0,0,50500,home,183,20250503
5,0,1,0,0,0,0,0,69517,home,183,20250503
5,0,0,0,0,0,0,0,54529,home,183,20250503
3,1,1,0,0,1,0,0,51551,home,183,20250503
4,1,2,0,0,0,0,0,52591,home,183,20250503
0,0,0,0,0,0,0,0,68518,home,183,20250503
4,1,1,2,0,0,0,0,78513,home,183,20250503
4,0,0,0,0,0,1,0,50150,home,183,20250503
4,1,3,2,1,0,0,0,61102,home,183,20250503
0,0,0,0,0,0,0,0,52504,home,183,20250503
3,0,2,0,0,0,1,0,54598,home,183,20250503
1,0,0,0,0,0,1,0,60523,home,183,20250503
0,0,0,0,0,0,0,0,62802,home,183,20250503
5,0,1,1,0,0,1,0,55208,away,184,20250503
4,1,1,0,0,0,1,0,63257,away,184,20250503
0,0,0,0,0,1,0,0,50208,away,184,20250503
0,0,0,0,0,0,0,1,66209,away,184,20250503
3,1,2,2,1,1,0,0,76232,away,184,20250503
1,0,0,0,0,0,1,0,66112,away,184,20250503
5,0,0,0,0,0,3,0,78224,away,184,20250503
4,1,1,0,0,0,1,0,64153,away,184,20250503
3,1,2,0,0,1,1,1,63123,away,184,20250503
4,1,1,1,0,0,2,1,66928,away,184,20250503
4,0,0,0,0,0,1,0,54236,away,184,20250503
4,1,2,2,0,0,0,1,79231,away,184,20250503
4,0,0,0,0,0,3,0,52415,home,184,20250503
0,0,0,0,0,0,0,0,54408,home,184,20250503
3,0,1,0,0,1,1,0,67449,home,184,20250503
4,1,1,0,0,0,0,0,62404,home,184,20250503
4,0,0,0,0,0,2,0,54400,home,184,20250503
3,0,1,1,0,1,0,0,74540,home,184,20250503
3,0,0,0,0,0,1,0,75125,home,184,20250503
3,0,0,0,0,0,0,0,62234,home,184,20250503
2,0,1,0,0,0,0,0,65586,home,184,20250503
1,0,0,0,0,0,1,0,55438,home,184,20250503
2,0,0,0,0,0,1,0,69207,home,184,20250503
1,0,0,0,0,0,1,0,68463,home,184,20250503
2,0,0,0,0,1,0,1,65357,away,185,20250503
1,0,0,0,0,0,0,0,55392,away,185,20250503
3,0,1,0,0,0,1,0,54444,away,185,20250503
1,0,0,0,0,0,1,0,54307,away,185,20250503
3,0,0,0,0,0,1,0,76267,away,185,20250503
1,0,0,0,0,0,0,0,64984,away,185,20250503
4,0,1,0,0,0,2,0,53344,away,185,20250503
4,0,1,0,0,0,1,0,78756,away,185,20250503
4,0,1,0,0,0,0,0,54394,away,185,20250503
4,0,1,0,0,0,1,0,62332,away,185,20250503
1,0,0,0,0,2,0,0,78135,away,185,20250503
0,0,0,0,0,0,0,0,68305,away,185,20250503
4,1,1,2,0,0,0,0,64004,home,185,20250503
1,1,1,0,0,0,0,0,52002,home,185,20250503
4,1,3,2,0,0,0,0,76313,home,185,20250503
0,0,0,0,0,1,0,0,69064,home,185,20250503
3,0,0,0,0,1,1,0,67025,home,185,20250503
1,0,1,1,0,0,0,0,64166,home,185,20250503
4,0,2,2,0,0,1,0,52001,home,185,20250503
1,0,0,0,0,0,1,0,67006,home,185,20250503
4,0,0,0,0,1,0,0,68050,home,185,20250503
2,1,0,0,0,2,1,0,78548,home,185,20250503
1,0,0,0,0,0,0,0,50066,home,185,20250503
4,1,3,0,0,1,0,0,51003,home,185,20250503
3,2,1,0,0,1,0,0,64007,home,185,20250503
1,0,0,0,0,0,0,0,50092,home,185,20250503
4,2,1,2,0,1,1,0,50054,home,185,20250503
4,1,1,0,0,0,1,0,50854,away,186,20250504
0,0,0,0,0,0,0,0,69825,away,186,20250504
4,0,1,0,0,0,0,0,54812,away,186,20250504
2,2,2,2,1,0,0,0,75847,away,186,20250504
1,0,0,0,0,0,0,0,68868,away,186,20250504
4,0,2,0,0,0,1,0,62895,away,186,20250504
0,0,0,0,0,0,0,0,60558,away,186,20250504
4,1,1,2,1,0,0,0,55844,away,186,20250504
4,0,0,0,0,0,1,0,51868,away,186,20250504
4,0,0,0,0,0,0,0,67893,away,186,20250504
2,0,0,0,0,1,0,0,51865,away,186,20250504
1,0,0,0,0,0,0,0,66662,away,186,20250504
3,0,0,0,0,0,1,0,67900,away,186,20250504
2,1,0,0,0,3,0,0,66108,home,186,20250504
0,1,0,0,0,0,0,0,52103,home,186,20250504
4,2,1,0,0,1,0,1,68119,home,186,20250504
2,3,0,0,0,3,0,0,76290,home,186,20250504
4,3,2,7,2,1,0,0,69102,home,186,20250504
4,1,2,1,1,0,0,0,79365,home,186,20250504
0,0,0,0,0,1,0,0,65207,home,186,20250504
2,1,1,1,0,1,0,0,79109,home,186,20250504
0,0,0,0,0,1,0,0,52154,home,186,20250504
2,0,0,0,0,0,0,0,54156,home,186,20250504
2,0,1,0,0,1,0,0,53123,home,186,20250504
4,0,2,2,0,0,2,0,62415,home,186,20250504
0,0,0,0,0,0,0,0,68110,home,186,20250504
3,0,0,0,0,1,1,0,69100,home,186,20250504
5,1,2,2,1,0,1,0,63963,away,187,20250504
1,1,0,0,0,0,1,0,64101,away,187,20250504
5,1,2,2,1,0,1,0,51907,away,187,20250504
4,1,1,0,0,1,1,0,77532,away,187,20250504
2,1,1,0,0,2,1,0,54944,away,187,20250504
1,0,0,0,0,0,0,0,66965,away,187,20250504
5,1,2,3,1,0,1,0,68912,away,187,20250504
4,0,0,0,0,0,1,0,51344,away,187,20250504
5,2,4,0,0,0,0,2,67905,away,187,20250504
5,0,0,0,0,0,1,0,50996,away,187,20250504
1,1,1,1,0,1,0,1,50902,away,187,20250504
2,0,0,1,0,1,0,0,62907,away,187,20250504
4,1,1,0,0,1,0,0,50500,home,187,20250504
0,0,0,0,0,0,0,0,68507,home,187,20250504
5,0,2,0,0,0,1,0,69517,home,187,20250504
5,0,1,3,0,0,0,0,54529,home,187,20250504
5,1,1,0,0,0,0,0,51551,home,187,20250504
3,1,0,0,0,1,0,0,52591,home,187,20250504
4,1,3,0,0,0,0,0,78513,home,187,20250504
3,1,0,1,0,1,0,0,61102,home,187,20250504
0,0,0,0,0,0,0,0,68518,home,187,20250504
3,1,1,1,0,1,0,0,50150,home,187,20250504
3,0,1,1,0,0,0,0,54598,home,187,20250504
4,2,1,1,0,0,1,0,79231,away,188,20250504
0,0,0,0,0,0,0,0,63257,away,188,20250504
4,2,2,3,0,0,0,0,55208,away,188,20250504
0,0,0,0,0,0,0,0,66209,away,188,20250504
4,1,1,1,0,0,1,0,76232,away,188,20250504
5,1,1,2,1,0,0,0,78224,away,188,20250504
0,0,0,0,0,0,0,0,54236,away,188,20250504
4,1,2,2,0,1,0,0,64153,away,188,20250504
0,0,0,0,0,0,0,0,50204,away,188,20250504
4,0,1,1,0,0,2,0,63123,away,188,20250504
1,0,0,0,0,0,0,0,53554,away,188,20250504
5,1,2,0,0,0,0,0,50208,away,188,20250504
4,1,2,0,0,0,1,0,66112,away,188,20250504
1,0,1,0,0,0,0,0,54219,away,188,20250504
4,2,2,1,1,1,0,0,66928,away,188,20250504
4,1,0,0,0,1,1,1,67449,home,188,20250504
2,0,0,1,0,0,0,0,68463,home,188,20250504
0,0,0,0,0,1,0,0,62234,home,188,20250504
4,2,2,1,1,0,0,0,62404,home,188,20250504
0,0,0,0,0,0,0,0,69207,home,188,20250504
4,1,1,2,1,0,0,0,54400,home,188,20250504
2,0,0,0,0,1,2,0,75125,home,188,20250504
1,0,0,0,0,0,0,0,52415,home,188,20250504
4,0,1,0,0,0,0,0,66406,home,188,20250504
3,2,2,1,1,1,0,0,65586,home,188,20250504
1,0,1,0,0,1,0,0,54408,home,188,20250504
2,0,0,0,0,0,0,0,66409,home,188,20250504
1,0,0,0,0,0,0,0,69428,home,188,20250504
3,0,1,0,0,0,1,0,74540,home,188,20250504
4,1,1,1,0,0,1,0,65357,away,189,20250504
4,1,1,1,0,0,2,0,54444,away,189,20250504
4,0,1,1,0,0,1,0,76267,away,189,20250504
4,0,1,1,0,0,1,0,52366,away,189,20250504
3,0,0,0,0,1,1,0,54307,away,189,20250504
3,1,0,0,0,1,1,0,64984,away,189,20250504
3,0,1,0,0,0,1,0,62332,away,189,20250504
1,0,0,0,0,0,1,0,78135,away,189,20250504
4,1,2,0,0,0,0,0,55392,away,189,20250504
4,1,1,0,0,0,0,0,64004,home,189,20250504
0,0,0,0,0,0,0,0,64166,home,189,20250504
3,1,0,0,0,1,2,0,76313,home,189,20250504
2,1,1,0,0,1,0,0,67025,home,189,20250504
3,1,2,4,1,0,0,0,52001,home,189,20250504
3,0,0,0,0,1,1,0,68050,home,189,20250504
4,1,2,0,0,0,1,0,51003,home,189,20250504
4,0,1,1,0,0,1,0,50054,home,189,20250504
0,0,0,0,0,0,0,0,69064,home,189,20250504
4,0,1,0,0,0,1,0,64007,home,189,20250504
2,0,0,0,0,1,0,0,50066,home,189,20250504
0,0,0,0,0,0,0,0,78548,home,189,20250504
5,0,0,0,0,0,3,0,79608,away,190,20250504
4,0,1,0,0,0,2,0,66704,away,190,20250504
0,1,0,0,0,0,0,0,52704,away,190,20250504
1,0,0,0,0,0,1,0,53764,away,190,20250504
2,1,1,0,0,0,0,0,55734,away,190,20250504
3,0,0,0,0,1,1,0,69737,away,190,20250504
4,0,1,1,0,0,1,0,79192,away,190,20250504
2,1,1,1,0,1,1,0,66657,away,190,20250504
3,0,1,0,0,0,0,0,65703,away,190,20250504
1,0,0,0,0,0,1,0,78288,away,190,20250504
0,0,0,0,0,0,0,0,68700,away,190,20250504
2,0,0,0,0,0,0,0,64006,away,190,20250504
1,0,0,0,0,0,1,0,54795,away,190,20250504
1,0,1,1,0,0,0,0,50707,away,190,20250504
2,0,0,0,0,0,0,0,76812,away,190,20250504
2,0,0,0,0,2,1,0,64646,home,190,20250504
4,0,0,0,0,0,2,0,55645,home,190,20250504
4,0,1,0,0,0,0,0,52605,home,190,20250504
4,1,0,0,0,0,2,0,72443,home,190,20250504
4,0,1,0,0,0,0,0,78603,home,190,20250504
3,0,0,0,0,0,1,0,63260,home,190,20250504
0,0,0,0,0,0,0,0,67609,home,190,20250504
3,0,1,0,0,0,1,0,69636,home,190,20250504
2,0,0,0,0,0,0,0,78122,home,190,20250504
1,0,0,0,0,0,0,0,68646,home,190,20250504
3,0,0,0,0,0,2,0,66606,home,190,20250504
4,0,2,0,0,1,0,0,66108,away,191,20250505
2,0,0,1,0,0,0,0,68110,away,191,20250505
1,0,1,1,0,0,0,0,76290,away,191,20250505
3,0,0,0,0,1,0,0,53123,away,191,20250505
3,0,1,0,0,0,2,0,69102,away,191,20250505
4,0,0,0,0,0,2,1,79109,away,191,20250505
3,0,0,0,0,0,1,0,52121,away,191,20250505
1,0,0,0,0,0,0,0,79365,away,191,20250505
2,1,1,0,0,0,0,0,69100,away,191,20250505
2,0,0,0,0,0,1,0,68119,away,191,20250505
3,0,1,0,0,1,2,0,62415,away,191,20250505
2,1,0,0,0,1,1,0,52154,away,191,20250505
1,0,1,0,0,0,0,0,65207,away,191,20250505
3,3,3,2,1,2,0,0,79231,home,191,20250505
5,0,0,0,0,0,1,0,55208,home,191,20250505
4,0,2,1,0,0,1,0,76232,home,191,20250505
4,0,2,1,0,0,0,0,78224,home,191,20250505
4,0,0,0,0,0,1,0,64153,home,191,20250505
0,0,0,0,0,0,0,0,50204,home,191,20250505
3,1,0,0,0,1,0,0,63123,home,191,20250505
3,0,0,0,0,0,2,0,63257,home,191,20250505
1,0,1,0,0,0,0,1,66209,home,191,20250505
3,0,1,0,0,1,0,0,50208,home,191,20250505
3,1,1,1,0,0,0,0,66928,home,191,20250505
4,2,3,1,0,1,0,0,50854,away,192,20250505
3,1,1,0,0,1,1,0,54812,away,192,20250505
5,1,1,3,1,0,1,0,75847,away,192,20250505
5,1,1,1,0,0,1,0,62895,away,192,20250505
0,0,0,0,0,0,0,0,69804,away,192,20250505
4,1,2,1,0,0,1,0,55844,away,192,20250505
0,0,0,0,0,0,0,0,60558,away,192,20250505
4,0,1,1,0,0,2,0,51868,away,192,20250505
3,1,0,0,0,1,0,0,76802,away,192,20250505
4,0,1,0,0,0,1,0,51865,away,192,20250505
4,0,0,0,0,0,1,0,66917,away,192,20250505
1,0,0,0,0,0,0,0,50500,home,192,20250505
3,1,2,0,0,0,0,0,52504,home,192,20250505
4,0,0,0,0,0,1,0,69517,home,192,20250505
3,0,1,1,0,0,0,0,54529,home,192,20250505
2,0,0,0,0,1,1,0,51551,home,192,20250505
3,0,0,0,0,0,1,0,52591,home,192,20250505
3,0,0,0,0,0,0,0,78513,home,192,20250505
3,0,0,0,0,0,0,0,50150,home,192,20250505
0,0,0,0,0,0,0,0,61102,home,192,20250505
3,0,0,0,0,0,0,0,68518,home,192,20250505
3,0,0,0,0,0,1,0,54598,home,192,20250505
4,1,0,0,0,0,0,0,63963,away,193,20250505
4,1,2,1,0,0,1,0,51907,away,193,20250505
0,0,0,0,0,0,0,0,50902,away,193,20250505
4,1,1,1,0,0,0,0,62907,away,193,20250505
3,0,0,1,0,0,0,0,54944,away,193,20250505
0,0,0,0,0,0,0,0,66965,away,193,20250505
4,0,2,1,0,0,0,0,77532,away,193,20250505
0,0,0,0,0,0,0,0,50996,away,193,20250505
4,0,0,0,0,0,0,0,68912,away,193,20250505
4,1,1,0,0,0,1,0,51344,away,193,20250505
4,1,2,1,0,0,0,0,67905,away,193,20250505
4,1,2,1,0,0,0,0,64101,away,193,20250505
4,0,0,0,0,0,0,0,76313,home,193,20250505
4,0,2,0,0,0,0,0,64004,home,193,20250505
0,0,0,0,0,0,0,0,52002,home,193,20250505
4,0,0,0,0,0,0,0,67025,home,193,20250505
3,1,1,0,0,1,0,0,52001,home,193,20250505
3,0,1,0,0,0,0,0,78548,home,193,20250505
0,0,0,0,0,0,0,0,50092,home,193,20250505
0,0,0,0,0,0,0,0,50066,home,193,20250505
1,1,1,2,1,0,0,0,68050,home,193,20250505
3,0,1,0,0,1,0,0,51003,home,193,20250505
4,0,0,0,0,0,1,0,64166,home,193,20250505
3,0,1,0,0,0,1,0,64007,home,193,20250505
1,0,0,0,0,0,1,0,50054,home,193,20250505
4,0,0,0,0,0,2,0,69064,home,193,20250505
4,1,2,4,0,1,0,1,64646,away,194,20250505
1,0,0,0,0,0,0,0,66614,away,194,20250505
4,1,0,1,0,1,1,0,55645,away,194,20250505
1,0,0,0,0,0,0,0,69727,away,194,20250505
6,1,1,0,0,0,1,0,52605,away,194,20250505
4,3,4,3,1,1,0,0,72443,away,194,20250505
1,0,1,0,0,0,0,0,63722,away,194,20250505
3,2,2,0,0,2,1,0,78603,away,194,20250505
1,0,0,0,0,0,1,0,67610,away,194,20250505
5,1,2,2,0,0,2,0,69636,away,194,20250505
4,1,1,2,0,0,0,0,68646,away,194,20250505
3,2,1,0,0,1,1,0,53659,away,194,20250505
0,0,0,0,0,0,0,0,63260,away,194,20250505
4,1,1,1,0,1,1,0,67609,away,194,20250505
1,0,0,0,0,0,1,0,54307,home,194,20250505
4,1,1,0,0,0,2,0,54444,home,194,20250505
4,0,1,0,0,0,0,0,76267,home,194,20250505
4,0,0,0,0,0,1,0,52366,home,194,20250505
3,0,3,1,0,1,0,0,65357,home,194,20250505
2,0,1,0,0,1,0,0,78756,home,194,20250505
1,0,0,0,0,0,1,0,64984,home,194,20250505
4,0,0,0,0,0,1,0,54394,home,194,20250505
2,0,0,0,0,0,1,0,62332,home,194,20250505
2,0,0,0,0,0,1,0,53344,home,194,20250505
3,0,1,0,0,0,0,0,55392,home,194,20250505
4,0,1,0,0,0,1,0,52415,away,195,20250505
4,0,1,0,0,0,0,0,67449,away,195,20250505
4,0,0,0,0,0,1,0,62404,away,195,20250505
4,0,0,0,0,0,2,0,54400,away,195,20250505
3,0,0,0,0,0,0,0,74540,away,195,20250505
2,0,0,0,0,1,0,0,75125,away,195,20250505
3,0,2,0,0,0,0,0,62234,away,195,20250505
2,0,0,0,0,0,1,0,65586,away,195,20250505
1,0,0,0,0,0,1,0,68463,away,195,20250505
0,0,0,0,0,0,0,0,54408,away,195,20250505
3,1,1,1,1,0,2,0,66409,away,195,20250505
4,0,0,0,0,0,1,0,50707,home,195,20250505
4,1,1,0,0,0,2,1,55734,home,195,20250505
4,1,2,1,1,0,0,0,53764,home,195,20250505
0,1,0,0,0,0,0,0,52704,home,195,20250505
4,0,2,1,0,0,2,0,69737,home,195,20250505
4,0,1,1,0,0,0,0,79192,home,195,20250505
3,0,1,0,0,0,1,0,66657,home,195,20250505
1,0,0,0,0,0,0,0,68700,home,195,20250505
3,0,1,0,0,1,0,0,54795,home,195,20250505
2,0,1,0,0,0,1,0,76812,home,195,20250505
3,0,0,0,0,0,1,0,64006,home,195,20250505
4,2,2,0,0,1,2,0,66108,away,196,20250506
4,1,1,0,0,0,0,0,62415,away,196,20250506
3,1,2,4,1,0,0,0,53123,away,196,20250506
0,0,0,0,0,0,0,0,52121,away,196,20250506
3,0,1,0,0,1,0,0,69102,away,196,20250506
3,1,1,1,1,0,0,0,79365,away,196,20250506
4,0,1,0,0,0,0,0,76290,away,196,20250506
4,0,0,0,0,0,3,0,79109,away,196,20250506
4,0,0,0,0,0,0,0,68119,away,196,20250506
0,0,0,0,0,0,0,0,52103,away,196,20250506
2,0,0,0,0,0,1,0,65207,away,196,20250506
1,0,0,0,0,0,1,0,68110,away,196,20250506
1,0,1,0,0,0,0,0,69100,away,196,20250506
4,1,1,0,0,0,0,0,79231,home,196,20250506
4,0,0,0,0,0,1,0,63257,home,196,20250506
4,0,1,0,0,0,1,0,76232,home,196,20250506
0,0,0,0,0,0,0,0,54236,home,196,20250506
4,0,1,1,0,0,1,0,78224,home,196,20250506
3,0,1,0,0,1,0,0,64153,home,196,20250506
0,0,0,0,0,0,0,0,50204,home,196,20250506
4,0,1,0,0,0,0,0,50208,home,196,20250506
3,0,0,0,0,0,1,0,63123,home,196,20250506
3,0,0,0,0,0,1,0,66928,home,196,20250506
2,0,0,0,0,0,1,0,66209,home,196,20250506
1,0,1,0,0,0,0,0,53554,home,196,20250506
4,0,0,0,0,0,3,0,50854,away,197,20250506
0,0,0,0,0,0,0,0,67900,away,197,20250506
3,0,0,0,0,0,1,0,54812,away,197,20250506
1,0,0,0,0,0,0,0,60558,away,197,20250506
2,0,1,0,0,1,0,0,75847,away,197,20250506
1,0,0,0,0,0,0,0,68868,away,197,20250506
4,0,1,0,0,0,1,0,62895,away,197,20250506
0,0,0,0,0,0,0,0,69804,away,197,20250506
4,0,0,0,0,0,2,0,55844,away,197,20250506
2,0,0,0,0,2,1,0,67893,away,197,20250506
2,0,0,0,0,0,1,0,51868,away,197,20250506
3,0,0,0,0,0,0,0,76802,away,197,20250506
0,0,0,0,0,0,0,0,66917,away,197,20250506
3,0,1,0,0,0,0,0,51865,away,197,20250506
0,0,0,0,0,0,0,0,66662,away,197,20250506
3,2,2,2,1,1,0,0,52591,home,197,20250506
4,0,1,0,0,0,1,0,69517,home,197,20250506
0,0,0,0,0,0,0,0,68518,home,197,20250506
4,1,1,2,1,0,0,0,54529,home,197,20250506
0,0,0,0,0,0,0,0,62802,home,197,20250506
4,1,0,0,0,0,0,0,51551,home,197,20250506
2,1,0,0,0,1,1,0,78513,home,197,20250506
0,0,0,0,0,1,0,0,68507,home,197,20250506
2,0,0,0,0,0,0,0,50150,home,197,20250506
1,0,0,0,0,0,0,0,77564,home,197,20250506
3,0,1,2,0,0,1,0,60523,home,197,20250506
1,0,0,0,0,0,1,0,52516,home,197,20250506
2,0,1,0,0,1,0,0,61102,home,197,20250506
0,0,0,0,0,0,0,0,52504,home,197,20250506
3,1,1,0,0,0,1,0,54598,home,197,20250506
3,0,0,0,0,1,0,0,63963,away,198,20250506
1,0,1,0,0,0,0,0,79215,away,198,20250506
0,1,0,0,0,0,0,0,50996,away,198,20250506
3,1,0,0,0,1,0,0,51907,away,198,20250506
5,1,2,1,0,0,0,0,62907,away,198,20250506
5,2,3,1,1,0,0,0,54944,away,198,20250506
3,1,2,3,1,2,0,1,68912,away,198,20250506
2,0,0,0,0,0,1,0,51344,away,198,20250506
1,0,0,0,0,0,0,0,77532,away,198,20250506
2,0,0,0,0,0,0,0,66965,away,198,20250506
4,0,1,0,0,0,0,0,67905,away,198,20250506
4,0,2,0,0,0,1,0,50902,away,198,20250506
4,0,0,0,0,0,1,0,64101,away,198,20250506
5,0,1,0,0,0,1,0,64004,home,198,20250506
4,1,1,0,0,0,2,0,76313,home,198,20250506
4,0,0,0,0,0,3,0,67025,home,198,20250506
4,0,1,0,0,0,0,0,52001,home,198,20250506
4,0,2,1,0,0,0,0,68050,home,198,20250506
0,0,0,0,0,0,0,0,52002,home,198,20250506
3,1,1,0,0,1,2,0,51003,home,198,20250506
4,1,2,1,0,0,1,0,50054,home,198,20250506
4,0,1,0,0,0,1,0,64007,home,198,20250506
4,0,2,1,0,0,1,0,50066,home,198,20250506
4,0,1,0,0,1,0,1,64646,away,199,20250506
4,1,1,2,0,1,2,0,55645,away,199,20250506
4,0,1,0,0,1,0,0,52605,away,199,20250506
4,0,1,0,0,1,0,0,72443,away,199,20250506
3,0,0,1,0,0,1,0,78603,away,199,20250506
1,0,0,0,0,0,0,0,63260,away,199,20250506
4,1,1,0,0,1,1,0,69636,away,199,20250506
3,1,2,0,0,1,0,0,68646,away,199,20250506
2,1,0,0,0,1,0,0,53659,away,199,20250506
1,0,1,1,0,0,0,1,66614,away,199,20250506
3,1,1,0,0,0,1,1,67609,away,199,20250506
2,1,0,0,0,2,1,0,65357,home,199,20250506
3,1,0,0,0,1,1,0,76267,home,199,20250506
4,0,1,1,0,0,0,0,54444,home,199,20250506
4,0,1,1,0,0,0,0,52366,home,199,20250506
4,0,2,1,0,0,0,0,64984,home,199,20250506
4,0,0,0,0,0,1,0,55392,home,199,20250506
4,0,1,0,0,0,1,0,78135,home,199,20250506
2,0,0,0,0,0,2,0,53344,home,199,20250506
2,0,1,0,0,0,1,0,64346,home,199,20250506
1,0,0,0,0,0,0,0,62332,home,199,20250506
5,0,1,0,0,0,2,0,52415,away,200,20250506
5,0,1,0,0,0,1,1,67449,away,200,20250506
1,1,1,0,0,0,0,0,62404,away,200,20250506
2,0,1,0,0,1,1,0,69207,away,200,20250506
2,0,0,0,0,2,0,0,74540,away,200,20250506
1,0,0,0,0,0,0,0,65132,away,200,20250506
4,0,1,1,0,0,1,0,54400,away,200,20250506
3,0,0,0,0,1,1,0,62234,away,200,20250506
3,0,0,0,0,1,0,0,75125,away,200,20250506
0,0,0,0,0,0,0,0,54408,away,200,20250506
4,0,1,0,0,0,0,1,66409,away,200,20250506
2,0,0,0,0,1,1,0,66406,away,200,20250506
1,0,0,0,0,0,1,0,65586,away,200,20250506
4,0,2,0,0,0,0,0,50707,home,200,20250506
0,0,0,0,0,0,0,0,52704,home,200,20250506
4,0,1,1,0,0,0,0,55734,home,200,20250506
3,0,0,0,0,0,1,0,53764,home,200,20250506
1,0,1,0,0,0,0,0,76812,home,200,20250506
4,1,2,0,0,0,1,0,69737,home,200,20250506
3,0,0,0,0,0,2,0,79192,home,200,20250506
2,0,0,0,0,1,0,0,66657,home,200,20250506
3,1,1,1,0,0,0,0,54795,home,200,20250506
2,0,2,1,0,0,0,0,78288,home,200,20250506
1,1,0,0,0,0,0,0,68700,home,200,20250506
3,0,0,0,0,0,1,0,64006,home,200,20250506
4,0,2,0,0,0,0,0,66108,away,201,20250507
4,0,0,0,0,0,1,0,62415,away,201,20250507
3,1,1,1,0,0,2,0,79365,away,201,20250507
4,0,1,1,0,0,1,0,69102,away,201,20250507
3,0,1,0,0,1,2,0,76290,away,201,20250507
0,0,0,0,0,0,0,0,52103,away,201,20250507
3,0,0,0,0,0,1,0,68110,away,201,20250507
1,0,0,0,0,0,0,0,79109,away,201,20250507
3,0,1,0,0,1,0,0,68119,away,201,20250507
4,0,0,0,0,0,1,0,69100,away,201,20250507
3,1,0,0,0,1,1,0,65207,away,201,20250507
4,0,0,0,0,1,1,0,79231,home,201,20250507
4,1,1,0,0,0,3,0,55208,home,201,20250507
3,1,1,0,0,1,0,0,76232,home,201,20250507
3,1,0,0,0,1,1,0,78224,home,201,20250507
0,0,0,0,0,0,0,0,66209,home,201,20250507
3,2,2,1,0,1,0,0,64153,home,201,20250507
0,0,0,0,0,0,0,0,50204,home,201,20250507
3,0,2,1,0,1,0,1,50208,home,201,20250507
4,0,2,3,0,0,1,0,63123,home,201,20250507
3,0,0,0,0,1,0,0,66112,home,201,20250507
4,0,0,0,0,0,1,0,66928,home,201,20250507
3,0,0,0,0,0,1,0,60558,away,202,20250507
0,1,0,0,0,1,0,0,68868,away,202,20250507
2,0,0,0,0,1,2,0,76802,away,202,20250507
1,0,1,0,0,0,0,0,54812,away,202,20250507
4,0,1,0,0,0,0,0,75847,away,202,20250507
4,0,1,1,0,0,1,0,55844,away,202,20250507
4,1,1,0,0,0,2,0,62895,away,202,20250507
3,0,0,0,0,0,1,0,51868,away,202,20250507
3,0,1,0,0,0,1,0,67893,away,202,20250507
3,0,1,1,0,0,1,0,51865,away,202,20250507
2,0,1,0,0,0,1,0,66917,away,202,20250507
1,0,0,0,0,0,0,0,50854,away,202,20250507
0,0,0,0,0,0,0,0,67900,away,202,20250507
5,1,3,0,0,0,2,0,52591,home,202,20250507
5,1,1,0,0,0,2,0,69517,home,202,20250507
0,0,0,0,0,0,0,0,62802,home,202,20250507
5,2,2,3,1,0,0,0,54529,home,202,20250507
0,0,0,0,0,0,0,0,52504,home,202,20250507
3,1,2,0,0,1,0,0,51551,home,202,20250507
2,1,1,1,0,1,1,0,78513,home,202,20250507
0,0,0,0,0,0,0,0,68507,home,202,20250507
3,0,3,1,0,0,0,0,50150,home,202,20250507
4,0,0,0,0,0,1,0,60523,home,202,20250507
4,0,1,1,0,0,0,0,54598,home,202,20250507
3,0,0,0,0,1,2,0,68518,home,202,20250507
5,1,1,1,1,1,1,0,50996,away,203,20250507
4,1,1,0,0,0,0,0,51907,away,203,20250507
1,0,0,0,0,0,0,0,69995,away,203,20250507
2,2,1,0,0,2,0,0,62907,away,203,20250507
1,1,1,0,0,0,0,0,50902,away,203,20250507
4,1,3,2,0,0,1,0,54944,away,203,20250507
1,2,1,0,0,0,0,0,51344,away,203,20250507
2,2,1,1,0,2,1,0,77532,away,203,20250507
0,0,0,0,0,1,0,0,79215,away,203,20250507
2,1,0,3,0,1,0,0,64101,away,203,20250507
5,1,3,5,1,0,0,0,67905,away,203,20250507
5,0,0,0,0,0,1,0,62244,away,203,20250507
5,0,1,0,0,0,2,0,66965,away,203,20250507
4,0,1,0,0,0,1,0,64004,home,203,20250507
0,0,0,0,0,0,0,0,51005,home,203,20250507
4,0,1,0,0,0,2,0,76313,home,203,20250507
0,0,0,0,0,0,0,0,69064,home,203,20250507
3,1,1,1,1,1,0,0,67025,home,203,20250507
4,0,1,0,0,0,2,0,52001,home,203,20250507
4,1,1,1,1,0,0,0,68050,home,203,20250507
4,0,2,0,0,0,0,0,51003,home,203,20250507
4,0,0,0,0,0,0,0,50054,home,203,20250507
1,0,0,0,0,0,1,0,64007,home,203,20250507
3,0,1,0,0,0,0,0,50092,home,203,20250507
1,0,0,0,0,0,0,0,68089,home,203,20250507
1,0,0,0,0,0,0,0,52002,home,203,20250507
1,0,0,0,0,0,0,0,50066,home,203,20250507
5,1,0,1,0,1,0,0,64646,away,204,20250507
3,0,2,1,0,2,0,1,78603,away,204,20250507
0,1,0,0,0,0,0,0,66614,away,204,20250507
4,0,2,4,0,1,0,0,52605,away,204,20250507
5,1,1,0,0,0,2,0,55645,away,204,20250507
3,1,1,0,0,1,0,0,63260,away,204,20250507
4,1,1,0,0,1,1,0,69727,away,204,20250507
2,0,0,0,0,0,1,0,53659,away,204,20250507
1,0,1,2,0,0,0,0,72443,away,204,20250507
2,2,1,0,0,0,0,0,69636,away,204,20250507
3,1,0,0,0,0,1,0,63722,away,204,20250507
1,0,0,0,0,0,1,0,68646,away,204,20250507
3,2,1,1,0,2,1,0,67609,away,204,20250507
3,2,1,1,1,2,0,0,65357,home,204,20250507
3,1,2,4,0,2,0,0,76267,home,204,20250507
5,1,1,0,0,0,1,0,52366,home,204,20250507
4,2,1,0,0,0,1,0,54444,home,204,20250507
2,1,2,2,0,0,0,0,64346,home,204,20250507
4,1,1,4,1,0,1,0,64984,home,204,20250507
2,0,0,0,0,0,0,0,62332,home,204,20250507
1,0,0,0,0,0,1,0,78135,home,204,20250507
0,1,0,0,0,1,0,0,53344,home,204,20250507
3,1,1,0,0,0,2,0,55392,home,204,20250507
1,0,0,0,0,0,1,0,78756,home,204,20250507
2,1,1,0,0,3,0,0,67449,away,205,20250507
3,2,2,1,0,1,1,0,54408,away,205,20250507
4,0,1,0,0,0,2,0,66409,away,205,20250507
1,1,1,1,0,0,0,0,68463,away,205,20250507
5,1,2,4,1,0,1,0,54400,away,205,20250507
3,0,0,0,0,0,0,0,62234,away,205,20250507
2,0,0,0,0,0,1,0,75125,away,205,20250507
4,0,0,0,0,0,2,0,65132,away,205,20250507
4,0,1,0,0,1,1,0,52415,away,205,20250507
3,1,1,0,0,0,1,0,66406,away,205,20250507
0,0,0,0,0,1,0,0,65586,away,205,20250507
4,0,1,0,0,0,1,0,69207,away,205,20250507
3,0,0,0,0,0,1,0,50707,home,205,20250507
1,1,1,2,1,0,0,0,68700,home,205,20250507
4,0,0,0,0,1,1,0,55734,home,205,20250507
0,0,0,0,0,0,0,0,52704,home,205,20250507
5,1,3,2,1,0,1,0,53764,home,205,20250507
4,1,1,0,0,1,1,0,69737,home,205,20250507
4,1,2,0,0,0,1,0,79192,home,205,20250507
1,0,0,0,0,0,1,0,66704,home,205,20250507
4,1,1,0,0,1,1,0,66657,home,205,20250507
3,2,2,0,0,1,1,0,54795,home,205,20250507
1,0,0,0,0,0,0,0,76812,home,205,20250507
3,1,2,2,0,1,0,0,78288,home,205,20250507
0,1,0,0,0,0,0,0,55712,home,205,20250507
3,1,1,3,0,0,0,0,64006,home,205,20250507
0,0,0,0,0,0,0,0,65703,home,205,20250507
5,1,2,1,0,0,0,0,54795,away,210,20250509
5,1,2,1,1,0,1,0,55734,away,210,20250509
3,1,2,3,1,0,1,0,53764,away,210,20250509
5,1,1,0,0,0,3,1,69737,away,210,20250509
5,1,2,1,0,0,1,0,79192,away,210,20250509
2,0,0,0,0,2,1,0,66657,away,210,20250509
1,0,1,1,0,0,0,0,52704,away,210,20250509
3,0,0,0,0,0,0,0,50707,away,210,20250509
2,0,1,0,0,0,1,0,78288,away,210,20250509
2,0,0,0,0,0,1,0,76812,away,210,20250509
2,1,1,0,0,0,1,0,65703,away,210,20250509
2,0,0,0,0,0,0,0,64006,away,210,20250509
1,0,1,0,0,0,0,0,66704,away,210,20250509
1,1,0,0,0,0,0,0,68700,away,210,20250509
5,1,2,1,1,0,1,0,65357,home,210,20250509
4,0,1,0,0,1,0,0,76267,home,210,20250509
3,2,3,2,2,1,0,0,50167,home,210,20250509
4,0,0,0,0,1,1,0,54444,home,210,20250509
4,0,1,0,0,1,1,0,64346,home,210,20250509
4,1,1,1,1,0,1,0,64984,home,210,20250509
3,1,1,1,1,1,0,0,52366,home,210,20250509
3,0,1,0,0,0,1,0,62332,home,210,20250509
3,0,0,0,0,0,1,0,55392,home,210,20250509
1,0,0,0,0,0,0,0,78756,home,210,20250509
5,1,3,0,0,0,1,0,54795,away,211,20250510
1,0,1,1,0,0,0,0,55712,away,211,20250510
6,3,3,0,0,0,1,0,55734,away,211,20250510
0,0,0,0,0,0,0,0,52704,away,211,20250510
3,0,0,3,0,0,0,0,53764,away,211,20250510
4,0,1,2,0,1,1,0,69737,away,211,20250510
5,0,3,2,0,0,0,0,79192,away,211,20250510
0,0,0,0,0,0,0,0,76812,away,211,20250510
4,1,2,0,0,0,0,0,66657,away,211,20250510
5,0,1,0,0,0,4,0,66704,away,211,20250510
2,1,0,0,0,2,0,0,78288,away,211,20250510
1,1,1,0,0,0,0,0,68700,away,211,20250510
1,1,1,0,0,0,0,0,64006,away,211,20250510
3,1,0,1,0,0,0,0,65703,away,211,20250510
4,1,3,1,1,0,0,0,65357,home,211,20250510
0,0,0,0,0,0,0,0,78756,home,211,20250510
2,0,0,0,0,2,1,0,52366,home,211,20250510
0,0,0,0,0,0,0,0,55392,home,211,20250510
4,0,0,0,0,0,3,0,50167,home,211,20250510
4,0,0,0,0,0,1,0,76267,home,211,20250510
4,0,0,0,0,0,1,0,54444,home,211,20250510
4,0,0,0,0,0,1,0,64984,home,211,20250510
3,0,0,0,0,0,2,0,64346,home,211,20250510
0,0,0,0,0,0,0,0,53344,home,211,20250510
2,0,1,0,0,0,0,0,62332,home,211,20250510
1,0,0,0,0,0,0,0,78135,home,211,20250510
5,1,2,0,0,0,1,0,66108,away,214,20250510
4,0,2,0,0,0,0,0,62415,away,214,20250510
4,1,0,0,0,1,0,0,79365,away,214,20250510
3,2,3,1,1,2,0,0,69102,away,214,20250510
5,1,1,2,0,0,0,0,76290,away,214,20250510
4,0,1,1,0,0,1,0,79109,away,214,20250510
4,0,4,0,0,0,0,0,68119,away,214,20250510
2,0,0,1,0,0,1,0,67504,away,214,20250510
0,0,0,0,0,0,0,0,68110,away,214,20250510
0,0,0,0,0,0,0,0,65207,away,214,20250510
4,0,0,0,0,0,0,0,69100,away,214,20250510
5,1,1,0,0,0,1,0,52415,home,214,20250510
3,0,1,1,0,1,1,0,67449,home,214,20250510
3,0,0,1,0,0,0,0,62404,home,214,20250510
3,0,1,0,0,1,0,0,74540,home,214,20250510
4,1,1,1,1,0,2,0,54400,home,214,20250510
4,0,1,0,0,0,2,0,66409,home,214,20250510
4,0,1,0,0,0,3,0,75125,home,214,20250510
4,1,1,0,0,0,0,0,62234,home,214,20250510
1,1,0,0,0,1,0,0,65586,home,214,20250510
2,0,1,0,0,0,0,1,54408,home,214,20250510
3,1,1,0,0,2,1,0,66108,away,219,20250510
0,0,0,0,0,0,0,1,52103,away,219,20250510
4,1,2,1,0,0,2,0,62415,away,219,20250510
4,1,1,1,0,1,1,0,68119,away,219,20250510
5,0,0,0,0,0,1,0,69102,away,219,20250510
4,0,1,1,0,0,2,0,76290,away,219,20250510
3,1,1,1,1,1,1,0,79109,away,219,20250510
4,0,1,0,0,0,1,0,79365,away,219,20250510
3,0,1,0,0,1,1,1,67504,away,219,20250510
0,0,0,0,0,0,0,0,69100,away,219,20250510
4,0,0,0,0,0,2,0,65207,away,219,20250510
3,0,2,0,0,2,1,0,67449,home,219,20250510
3,0,0,0,0,0,1,0,68463,home,219,20250510
1,0,0,0,0,0,0,0,75125,home,219,20250510
1,0,0,0,0,0,1,0,69207,home,219,20250510
3,0,1,0,0,1,0,0,62404,home,219,20250510
3,0,0,0,0,1,0,0,54400,home,219,20250510
4,1,0,0,0,0,0,1,52415,home,219,20250510
4,0,0,0,0,0,3,0,66409,home,219,20250510
1,0,0,0,0,0,0,0,65132,home,219,20250510
2,0,0,0,0,1,1,0,74540,home,219,20250510
2,0,1,1,0,0,0,0,65586,home,219,20250510
1,0,0,0,0,0,0,0,62234,home,219,20250510
2,0,0,0,0,0,1,0,54408,home,219,20250510
1,0,0,0,0,0,0,0,65040,home,219,20250510
5,0,1,0,0,0,2,0,63963,away,216,20250510
4,1,1,0,0,0,2,0,51907,away,216,20250510
3,1,1,0,0,1,0,0,62907,away,216,20250510
0,0,0,0,0,0,0,0,50902,away,216,20250510
4,0,2,1,0,0,0,0,54944,away,216,20250510
0,0,0,0,0,0,0,0,66965,away,216,20250510
4,0,0,0,0,0,1,0,77532,away,216,20250510
0,0,0,0,0,0,0,0,50996,away,216,20250510
3,1,0,0,0,1,0,0,79215,away,216,20250510
3,0,0,0,0,0,0,0,68912,away,216,20250510
1,0,1,0,0,0,0,0,64101,away,216,20250510
0,1,0,0,0,0,0,0,69992,away,216,20250510
0,0,0,0,0,0,0,0,62244,away,216,20250510
4,1,1,2,1,0,2,0,51344,away,216,20250510
4,1,2,2,1,0,0,1,67905,away,216,20250510
5,0,0,0,0,0,0,1,79231,home,216,20250510
5,2,2,1,1,0,1,0,55208,home,216,20250510
3,0,3,0,0,2,0,0,76232,home,216,20250510
0,0,0,0,0,0,0,0,54219,home,216,20250510
4,0,1,1,0,1,1,0,78224,home,216,20250510
5,0,0,0,0,0,1,0,64153,home,216,20250510
4,1,2,0,0,0,0,0,50208,home,216,20250510
0,1,0,0,0,0,0,1,54214,home,216,20250510
1,0,0,0,0,0,0,1,54236,home,216,20250510
4,2,2,2,1,1,0,0,63123,home,216,20250510
2,0,0,0,0,1,0,0,63257,home,216,20250510
0,0,0,1,0,0,0,0,66209,home,216,20250510
2,0,0,0,0,0,0,0,66928,home,216,20250510
1,0,0,0,0,0,0,0,66112,home,216,20250510
0,0,0,0,0,0,0,0,50204,home,216,20250510
2,2,1,1,0,1,0,3,64646,away,217,20250510
3,0,0,1,0,1,1,0,55645,away,217,20250510
2,0,1,2,0,1,0,0,52605,away,217,20250510
3,0,0,1,0,0,0,0,72443,away,217,20250510
4,0,0,0,0,0,0,0,78603,away,217,20250510
0,0,0,0,0,0,0,0,63722,away,217,20250510
3,1,0,0,0,1,1,0,63260,away,217,20250510
4,0,1,0,0,0,3,0,69636,away,217,20250510
2,0,0,0,0,1,2,0,68646,away,217,20250510
0,1,0,0,0,0,0,0,50600,away,217,20250510
3,1,0,0,0,1,1,0,67609,away,217,20250510
5,1,2,0,0,0,0,0,50854,home,217,20250510
4,0,1,2,0,1,0,0,67893,home,217,20250510
4,1,1,1,1,1,2,0,75847,home,217,20250510
2,0,0,0,0,2,1,0,62895,home,217,20250510
1,0,0,0,0,0,0,0,60558,home,217,20250510
4,1,2,1,1,0,1,0,55844,home,217,20250510
3,0,0,0,0,0,2,0,51868,home,217,20250510
1,0,0,0,0,0,1,0,68868,home,217,20250510
4,0,1,0,0,0,2,0,51865,home,217,20250510
4,0,1,0,0,0,1,0,54812,home,217,20250510
3,1,1,0,0,0,0,0,66917,home,217,20250510
1,0,0,0,0,0,0,0,76802,home,217,20250510
5,1,2,2,0,0,0,0,52591,away,218,20250510
4,1,2,1,1,0,0,0,69517,away,218,20250510
1,0,1,0,0,0,0,0,68518,away,218,20250510
5,1,2,0,0,0,1,0,54529,away,218,20250510
0,0,0,0,0,0,0,0,52504,away,218,20250510
5,0,0,0,0,0,1,0,51551,away,218,20250510
5,1,2,0,0,0,2,0,78513,away,218,20250510
4,1,2,2,0,0,1,0,50150,away,218,20250510
3,2,2,0,0,1,0,0,61102,away,218,20250510
1,0,0,0,0,0,0,0,62802,away,218,20250510
4,1,2,1,0,0,1,1,68507,away,218,20250510
3,0,1,1,0,1,0,0,54598,away,218,20250510
5,1,2,0,0,0,0,0,64004,home,218,20250510
3,0,2,0,0,2,0,0,76313,home,218,20250510
2,0,0,0,0,0,0,0,67025,home,218,20250510
1,0,0,0,0,0,0,0,64166,home,218,20250510
2,0,0,0,0,0,2,0,52002,home,218,20250510
5,2,4,2,1,0,0,0,52001,home,218,20250510
4,1,1,1,0,1,0,1,68050,home,218,20250510
3,1,2,1,1,1,0,0,78548,home,218,20250510
0,0,0,0,0,0,0,0,68089,home,218,20250510
1,0,0,0,0,0,0,0,51005,home,218,20250510
5,0,1,1,0,0,3,0,51003,home,218,20250510
4,0,1,0,0,0,0,0,64007,home,218,20250510
0,0,0,0,0,0,0,0,50054,home,218,20250510
4,0,0,0,0,0,1,0,69064,home,218,20250510
3,2,1,1,0,2,0,0,66108,away,220,20250511
3,1,0,0,0,1,2,0,62415,away,220,20250511
5,1,2,4,0,0,0,0,68119,away,220,20250511
5,0,1,0,0,0,0,0,69102,away,220,20250511
2,1,1,1,0,2,0,0,79365,away,220,20250511
4,0,2,1,0,0,1,0,76290,away,220,20250511
0,1,0,0,0,0,0,0,52103,away,220,20250511
3,0,0,0,0,1,1,0,79109,away,220,20250511
3,0,0,0,0,0,1,0,68110,away,220,20250511
1,0,0,0,0,0,0,0,65207,away,220,20250511
3,1,1,0,0,1,1,0,69100,away,220,20250511
3,0,0,1,0,0,0,0,67449,home,220,20250511
4,1,1,0,0,0,0,0,62404,home,220,20250511
4,1,1,2,1,0,1,0,52430,home,220,20250511
3,1,2,1,1,1,0,0,54400,home,220,20250511
4,0,0,0,0,0,1,0,74540,home,220,20250511
4,0,1,0,0,0,1,0,62234,home,220,20250511
3,1,2,0,0,0,1,0,75125,home,220,20250511
1,0,0,0,0,0,0,0,54408,home,220,20250511
1,0,1,0,0,0,0,0,65040,home,220,20250511
2,0,0,0,0,0,2,0,66409,home,220,20250511
1,0,0,0,0,1,1,0,52415,home,220,20250511
5,2,2,0,0,0,2,0,54795,away,221,20250511
4,1,0,0,0,1,0,0,55734,away,221,20250511
5,1,2,1,0,0,0,1,53764,away,221,20250511
5,1,2,2,0,0,0,1,69737,away,221,20250511
4,0,1,0,0,1,2,0,79192,away,221,20250511
0,0,0,0,0,0,0,0,55712,away,221,20250511
4,1,1,1,1,0,1,0,66657,away,221,20250511
1,0,0,0,0,0,1,0,52704,away,221,20250511
1,0,0,0,0,0,0,0,66704,away,221,20250511
2,1,1,1,0,1,0,1,68700,away,221,20250511
5,0,1,0,0,0,2,0,76812,away,221,20250511
3,1,1,1,0,1,1,0,65703,away,221,20250511
4,0,0,0,0,0,2,0,65357,home,221,20250511
4,0,1,0,0,0,0,0,76267,home,221,20250511
2,0,0,0,0,1,1,1,50167,home,221,20250511
3,0,0,0,0,0,1,0,52366,home,221,20250511
3,0,0,0,0,0,2,0,54444,home,221,20250511
3,0,0,0,0,0,1,0,64984,home,221,20250511
2,0,0,0,0,1,1,0,50357,home,221,20250511
1,0,0,0,0,0,1,0,62332,home,221,20250511
1,0,0,0,0,0,0,0,64346,home,221,20250511
1,0,0,0,0,0,0,0,53344,home,221,20250511
3,0,0,0,0,0,1,0,55397,home,221,20250511
6,2,3,2,0,0,0,0,64101,away,222,20250511
1,0,0,0,0,0,0,0,51907,away,222,20250511
3,1,0,0,0,0,1,0,50902,away,222,20250511
2,2,2,3,0,2,0,0,63963,away,222,20250511
2,0,1,1,0,0,0,0,50996,away,222,20250511
2,0,1,1,0,0,0,0,54944,away,222,20250511
1,0,0,0,0,0,0,0,66965,away,222,20250511
3,2,2,1,0,1,0,0,79215,away,222,20250511
1,0,0,0,0,0,1,0,69995,away,222,20250511
3,0,2,0,0,0,0,1,69992,away,222,20250511
4,2,1,0,0,1,1,0,67905,away,222,20250511
5,1,0,0,0,0,0,0,51344,away,222,20250511
0,0,0,0,0,0,0,0,62244,away,222,20250511
4,1,1,3,0,1,0,0,64022,away,222,20250511
2,0,1,1,0,1,0,0,79231,home,222,20250511
1,0,0,0,0,0,0,0,66209,home,222,20250511
4,1,1,0,0,0,0,0,55208,home,222,20250511
1,0,0,0,0,0,0,0,54214,home,222,20250511
3,1,0,0,0,1,0,0,76232,home,222,20250511
1,0,0,0,0,0,0,0,66112,home,222,20250511
5,1,0,0,0,0,1,0,78224,home,222,20250511
4,1,2,1,0,0,0,0,64153,home,222,20250511
0,0,0,0,0,0,0,0,55252,home,222,20250511
3,1,1,0,0,1,0,0,50208,home,222,20250511
3,0,1,0,0,0,0,0,63123,home,222,20250511
1,0,0,0,0,0,1,0,65269,home,222,20250511
2,0,0,0,0,2,0,0,63257,home,222,20250511
2,0,0,0,0,0,0,0,66928,home,222,20250511
1,0,0,0,0,0,1,0,54219,home,222,20250511
1,0,1,0,0,0,0,0,54236,home,222,20250511
5,0,0,0,0,0,2,0,64101,away,225,20250511
5,1,2,0,0,0,0,0,51907,away,225,20250511
4,1,2,1,0,0,1,0,77532,away,225,20250511
0,0,0,0,0,0,0,0,50996,away,225,20250511
3,0,0,0,0,0,0,0,63963,away,225,20250511
1,0,0,0,0,0,0,0,62907,away,225,20250511
3,2,1,1,1,1,1,1,67905,away,225,20250511
4,0,1,0,0,0,0,0,69995,away,225,20250511
1,1,0,0,0,2,0,0,51344,away,225,20250511
0,0,0,0,0,0,0,0,66965,away,225,20250511
4,0,1,2,0,0,1,0,62244,away,225,20250511
4,0,2,1,0,0,0,0,69992,away,225,20250511
1,0,0,0,0,0,0,0,79231,home,225,20250511
2,0,0,0,0,0,0,1,54214,home,225,20250511
1,0,0,0,0,0,0,0,54219,home,225,20250511
4,0,1,0,0,0,1,0,55208,home,225,20250511
4,0,0,0,0,0,0,0,76232,home,225,20250511
4,1,1,0,0,0,1,0,78224,home,225,20250511
4,0,3,0,0,0,0,0,64153,home,225,20250511
4,1,0,0,0,0,2,0,63123,home,225,20250511
3,0,0,0,0,1,1,0,50208,home,225,20250511
4,0,2,2,0,0,0,0,66112,home,225,20250511
0,0,0,0,0,0,0,0,66209,home,225,20250511
2,0,0,0,0,0,1,0,66928,home,225,20250511
0,0,0,0,0,1,0,0,63257,home,225,20250511
0,0,0,0,0,0,0,0,55252,home,225,20250511
4,0,2,0,0,1,0,0,64646,away,223,20250511
0,0,0,0,0,0,0,0,66614,away,223,20250511
2,0,0,0,0,0,0,0,55645,away,223,20250511
2,1,1,1,0,1,0,0,69727,away,223,20250511
4,0,0,0,0,0,2,0,52605,away,223,20250511
1,0,0,0,0,0,0,0,53659,away,223,20250511
4,1,2,2,1,0,0,0,72443,away,223,20250511
1,0,0,0,0,0,0,0,67610,away,223,20250511
4,0,0,0,0,0,1,0,78603,away,223,20250511
3,1,0,0,0,1,1,0,69636,away,223,20250511
3,0,1,0,0,1,1,1,50600,away,223,20250511
3,0,1,0,0,1,0,0,68646,away,223,20250511
3,1,0,1,0,1,0,0,67609,away,223,20250511
5,1,2,1,0,0,0,0,50854,home,223,20250511
3,1,2,1,0,1,0,0,67893,home,223,20250511
4,0,0,0,0,1,2,0,75847,home,223,20250511
3,2,1,0,0,1,1,0,62895,home,223,20250511
0,0,0,0,0,0,0,0,51868,home,223,20250511
3,1,3,1,0,1,0,0,55844,home,223,20250511
0,0,0,0,0,0,0,0,60558,home,223,20250511
0,0,0,0,0,0,0,0,69804,home,223,20250511
4,1,2,1,0,0,1,1,68868,home,223,20250511
1,1,0,1,0,1,0,1,76802,home,223,20250511
3,0,0,0,0,1,2,0,54812,home,223,20250511
4,1,2,3,0,0,0,0,51865,home,223,20250511
4,0,0,0,0,0,0,0,64646,away,226,20250511
4,0,0,0,0,0,1,0,78603,away,226,20250511
0,0,0,0,0,0,0,0,66614,away,226,20250511
4,1,1,1,1,0,1,0,52605,away,226,20250511
4,0,0,0,0,0,1,0,72443,away,226,20250511
3,0,0,0,0,1,1,0,69727,away,226,20250511
4,0,0,0,0,0,1,0,63260,away,226,20250511
2,0,0,0,0,1,0,0,53659,away,226,20250511
2,0,0,0,0,0,1,0,63722,away,226,20250511
0,0,0,0,0,1,0,0,68646,away,226,20250511
1,0,0,0,0,0,0,0,67609,away,226,20250511
2,0,0,0,0,0,1,0,69636,away,226,20250511
2,0,0,1,0,1,1,1,50854,home,226,20250511
4,1,1,0,0,0,1,0,67893,home,226,20250511
2,1,0,0,0,2,0,0,75847,home,226,20250511
4,1,1,0,0,0,1,0,55844,home,226,20250511
2,0,0,0,0,0,1,0,51868,home,226,20250511
0,0,0,1,0,1,0,0,62895,home,226,20250511
0,1,0,0,0,1,0,0,54812,home,226,20250511
2,0,0,0,0,0,0,0,66917,home,226,20250511
2,0,1,1,0,0,0,0,68868,home,226,20250511
1,0,0,0,0,0,1,0,67900,home,226,20250511
2,0,0,1,0,1,0,0,76802,home,226,20250511
3,0,1,1,0,1,0,0,66662,home,226,20250511
4,1,1,0,0,0,1,0,69804,home,226,20250511
3,0,0,0,0,2,1,0,52591,away,224,20250511
4,1,2,1,0,0,0,0,69517,away,224,20250511
0,0,0,0,0,0,0,0,62802,away,224,20250511
4,2,3,0,0,1,0,0,54529,away,224,20250511
0,1,0,0,0,0,0,0,52504,away,224,20250511
4,0,1,1,0,1,0,0,51551,away,224,20250511
4,1,2,4,1,0,0,0,78513,away,224,20250511
5,0,1,0,0,0,1,1,50150,away,224,20250511
2,0,0,0,0,0,0,0,61102,away,224,20250511
0,0,0,0,0,0,0,0,68518,away,224,20250511
4,0,1,0,0,0,1,0,68507,away,224,20250511
1,1,0,0,0,2,0,0,54598,away,224,20250511
4,0,0,0,0,0,1,0,76313,home,224,20250511
4,1,2,0,0,0,0,1,64004,home,224,20250511
0,0,0,0,0,0,0,0,50054,home,224,20250511
4,0,1,0,0,0,2,0,67025,home,224,20250511
4,0,0,0,0,0,1,0,52001,home,224,20250511
3,0,0,0,0,1,0,0,68050,home,224,20250511
4,0,2,0,0,0,1,0,78548,home,224,20250511
0,0,0,0,0,0,0,0,68089,home,224,20250511
2,0,0,0,0,0,2,0,51003,home,224,20250511
2,0,0,0,0,0,1,0,50092,home,224,20250511
2,0,0,0,0,0,1,0,64007,home,224,20250511
1,0,0,0,0,0,1,0,64166,home,224,20250511
0,0,0,0,0,0,0,0,69056,home,224,20250511
2,0,0,0,0,0,1,0,69064,home,224,20250511
1,0,1,0,0,0,0,0,66706,home,224,20250511
2,0,0,0,0,2,1,0,52591,away,227,20250511
1,0,0,0,0,0,0,1,68507,away,227,20250511
5,0,1,0,0,0,0,0,60523,away,227,20250511
3,0,0,0,0,1,0,0,54529,away,227,20250511
0,0,0,0,0,0,0,1,52504,away,227,20250511
1,0,0,0,0,0,0,0,51551,away,227,20250511
0,0,0,0,0,0,0,0,52516,away,227,20250511
3,1,1,0,0,2,1,0,78513,away,227,20250511
3,0,0,0,0,1,1,0,61102,away,227,20250511
3,0,0,0,0,1,1,0,50150,away,227,20250511
3,0,1,0,0,0,0,0,77564,away,227,20250511
0,0,0,0,0,0,0,0,51528,away,227,20250511
1,0,0,0,0,0,1,0,54598,away,227,20250511
0,0,0,0,0,1,0,0,62802,away,227,20250511
1,0,0,1,0,1,0,0,68518,away,227,20250511
2,0,0,0,0,0,1,0,69517,away,227,20250511
3,0,0,0,0,1,2,1,76313,home,227,20250511
4,1,1,0,0,0,1,0,64004,home,227,20250511
1,0,0,0,0,0,1,0,64166,home,227,20250511
3,0,2,0,0,1,0,0,67025,home,227,20250511
3,0,1,1,0,1,1,0,52001,home,227,20250511
4,0,0,0,0,0,1,0,68050,home,227,20250511
4,0,1,0,0,0,0,0,78548,home,227,20250511
3,0,0,0,0,1,0,0,51003,home,227,20250511
2,0,0,0,0,0,0,0,50054,home,227,20250511
1,0,0,0,0,0,0,0,66706,home,227,20250511
0,0,0,0,0,1,0,0,69064,home,227,20250511
0,0,0,0,0,0,0,0,69056,home,227,20250511
2,0,0,0,0,0,0,0,64007,home,227,20250511
1,0,0,0,0,0,1,0,51013,home,227,20250511
1,0,0,0,0,0,0,0,50092,home,227,20250511
4,1,1,0,0,1,3,0,65357,away,228,20250513
4,1,0,0,0,1,1,0,76267,away,228,20250513
1,0,0,0,0,0,0,0,50167,away,228,20250513
4,0,3,3,0,0,0,0,64346,away,228,20250513
5,0,1,1,0,0,1,0,52366,away,228,20250513
5,0,0,0,0,0,2,0,54444,away,228,20250513
5,1,2,0,0,0,2,0,64984,away,228,20250513
3,1,1,1,1,1,1,0,78135,away,228,20250513
3,1,2,1,0,0,0,0,62332,away,228,20250513
1,0,0,0,0,0,0,0,55397,away,228,20250513
0,0,0,0,0,0,0,0,53344,away,228,20250513
1,0,0,0,0,0,0,0,50357,away,228,20250513
3,1,2,0,0,1,0,0,55392,away,228,20250513
5,1,2,3,1,0,1,0,66108,home,228,20250513
0,0,0,0,0,0,0,0,52103,home,228,20250513
5,0,2,1,0,0,0,0,68119,home,228,20250513
4,2,2,2,2,1,0,0,53123,home,228,20250513
4,0,0,0,0,1,0,0,69102,home,228,20250513
4,1,2,1,1,0,1,0,79365,home,228,20250513
3,1,1,0,0,0,0,0,76290,home,228,20250513
1,0,0,0,0,0,1,0,67504,home,228,20250513
3,2,2,0,0,1,1,0,79109,home,228,20250513
2,1,0,0,0,2,1,0,62415,home,228,20250513
4,1,1,2,0,0,0,0,69100,home,228,20250513
4,0,1,0,0,0,0,0,63963,away,229,20250513
0,0,0,0,0,0,0,0,69992,away,229,20250513
4,1,1,1,1,0,1,0,51907,away,229,20250513
3,1,2,0,0,1,0,0,62907,away,229,20250513
3,0,0,0,0,0,0,0,77532,away,229,20250513
1,0,0,0,0,0,1,0,64101,away,229,20250513
3,0,2,1,0,0,0,0,79215,away,229,20250513
1,1,0,0,0,0,1,0,50996,away,229,20250513
2,0,0,0,0,0,2,0,67905,away,229,20250513
4,0,0,0,0,0,0,0,68912,away,229,20250513
4,0,1,1,0,0,0,0,69995,away,229,20250513
2,0,0,0,0,0,0,0,51344,away,229,20250513
1,0,0,0,0,0,0,0,54944,away,229,20250513
0,0,0,0,0,0,0,0,50902,away,229,20250513
5,0,0,0,0,0,3,0,50854,home,229,20250513
3,2,1,0,0,1,1,0,67893,home,229,20250513
4,1,2,2,1,0,1,0,75847,home,229,20250513
4,1,2,1,0,0,1,0,62895,home,229,20250513
3,1,0,0,0,1,2,0,55844,home,229,20250513
3,0,1,2,0,1,1,0,68868,home,229,20250513
2,0,0,0,0,1,2,0,51865,home,229,20250513
0,0,0,0,0,0,0,0,69804,home,229,20250513
1,0,0,0,0,0,0,0,66662,home,229,20250513
4,0,1,1,0,0,0,0,54812,home,229,20250513
3,0,2,0,0,1,0,1,66864,home,229,20250513
5,0,2,0,0,0,1,0,52591,away,230,20250513
4,1,2,0,0,1,0,0,69517,away,230,20250513
5,0,0,0,0,0,0,0,54529,away,230,20250513
3,0,1,0,0,1,0,0,51551,away,230,20250513
0,0,0,0,0,0,0,1,52504,away,230,20250513
0,0,0,0,0,0,0,0,77564,away,230,20250513
2,0,0,0,0,1,0,0,78513,away,230,20250513
3,0,0,0,0,0,0,0,50150,away,230,20250513
1,0,0,0,0,0,0,0,61102,away,230,20250513
0,0,0,0,0,0,0,0,52568,away,230,20250513
4,0,0,0,0,0,1,0,60523,away,230,20250513
4,0,2,0,0,0,0,0,62802,away,230,20250513
4,0,1,0,0,0,0,0,68518,away,230,20250513
4,1,1,0,0,0,1,0,64646,home,230,20250513
3,0,0,0,0,1,0,0,78603,home,230,20250513
0,0,0,0,0,0,0,0,66614,home,230,20250513
4,2,2,2,0,0,0,0,52605,home,230,20250513
3,0,2,1,0,1,0,0,72443,home,230,20250513
0,0,0,0,0,0,0,0,50600,home,230,20250513
2,0,1,0,0,2,0,0,63260,home,230,20250513
4,0,1,0,0,0,2,0,69727,home,230,20250513
2,0,0,0,0,0,0,0,53659,home,230,20250513
1,0,0,0,0,1,0,0,67609,home,230,20250513
4,0,1,0,0,0,2,0,63722,home,230,20250513
3,1,0,0,0,0,2,0,55636,home,230,20250513
6,0,0,0,0,0,1,0,79231,away,231,20250513
5,0,1,0,0,0,2,0,55208,away,231,20250513
3,0,1,0,0,0,0,0,76232,away,231,20250513
1,1,1,0,0,1,0,0,66112,away,231,20250513
5,1,3,2,1,0,0,0,78224,away,231,20250513
5,0,1,0,0,0,3,0,64153,away,231,20250513
5,0,0,0,0,0,0,0,50208,away,231,20250513
4,1,1,0,0,1,1,0,63123,away,231,20250513
0,1,0,0,0,0,0,1,54214,away,231,20250513
0,0,0,0,0,0,0,0,55252,away,231,20250513
3,0,2,0,0,0,0,0,63257,away,231,20250513
2,0,0,0,0,0,1,1,66209,away,231,20250513
5,0,2,1,0,0,1,0,54236,away,231,20250513
5,0,2,0,0,0,1,0,54795,home,231,20250513
5,0,2,0,0,0,2,1,55734,home,231,20250513
5,0,2,0,0,0,1,0,53764,home,231,20250513
5,1,2,0,0,0,0,0,69737,home,231,20250513
0,0,0,0,0,0,0,0,52704,home,231,20250513
4,0,2,1,0,1,1,0,79192,home,231,20250513
4,1,0,0,0,1,1,0,66657,home,231,20250513
4,1,1,2,1,0,0,0,50707,home,231,20250513
0,0,0,0,0,0,0,0,68700,home,231,20250513
3,0,0,0,0,0,0,0,78288,home,231,20250513
1,0,0,0,0,0,1,0,66704,home,231,20250513
0,0,0,0,0,0,0,0,76812,home,231,20250513
4,0,0,0,0,0,0,0,65703,home,231,20250513
5,0,1,0,0,0,1,0,67025,away,232,20250513
4,0,1,1,0,0,0,0,76313,away,232,20250513
5,1,2,0,0,0,1,0,64004,away,232,20250513
2,0,1,0,0,1,1,0,52001,away,232,20250513
4,1,1,2,1,0,0,0,78548,away,232,20250513
4,0,0,0,0,0,1,0,64166,away,232,20250513
4,0,2,0,0,0,0,0,64007,away,232,20250513
1,0,0,0,0,1,1,0,69064,away,232,20250513
1,1,0,0,0,1,0,0,50054,away,232,20250513
3,0,0,0,0,0,1,0,51003,away,232,20250513
1,0,0,0,0,0,0,0,66706,away,232,20250513
4,0,1,2,0,1,0,0,62404,home,232,20250513
4,0,0,0,0,0,0,0,67449,home,232,20250513
3,1,1,0,0,0,1,0,52430,home,232,20250513
4,0,1,0,0,0,1,0,74540,home,232,20250513
3,1,1,2,1,1,1,0,54400,home,232,20250513
4,1,1,0,0,0,3,0,75125,home,232,20250513
2,2,1,0,0,1,0,0,62234,home,232,20250513
1,0,0,0,0,1,1,0,66409,home,232,20250513
1,0,1,0,0,0,0,0,69207,home,232,20250513
4,0,0,0,0,0,2,0,52415,home,232,20250513
4,0,1,0,0,0,0,0,65357,away,233,20250514
3,0,2,0,0,1,0,0,52366,away,233,20250514
0,0,0,0,0,0,0,0,50357,away,233,20250514
3,0,1,0,0,1,0,0,54444,away,233,20250514
4,0,0,0,0,0,2,0,76267,away,233,20250514
4,0,0,0,0,0,3,0,78135,away,233,20250514
4,0,1,0,0,0,0,0,64984,away,233,20250514
3,0,0,0,0,0,3,0,64346,away,233,20250514
2,0,0,0,0,0,0,0,62332,away,233,20250514
1,0,0,0,0,0,1,0,53344,away,233,20250514
1,0,0,0,0,0,0,0,55392,away,233,20250514
1,0,0,0,0,0,0,0,78756,away,233,20250514
1,0,0,0,0,0,0,0,55397,away,233,20250514
4,2,2,2,0,1,0,2,62415,home,233,20250514
0,0,0,0,0,0,0,0,61145,home,233,20250514
5,0,0,1,0,0,1,0,68119,home,233,20250514
4,1,0,1,0,0,0,0,53123,home,233,20250514
1,0,0,0,0,0,0,0,50108,home,233,20250514
4,2,4,1,0,0,0,1,69102,home,233,20250514
1,1,1,0,0,0,0,0,52103,home,233,20250514
4,2,2,2,0,1,0,0,76290,home,233,20250514
3,0,1,1,0,0,1,0,79109,home,233,20250514
2,0,0,0,0,0,2,0,51100,home,233,20250514
4,2,3,1,0,0,1,0,68110,home,233,20250514
4,1,1,1,0,0,1,0,69100,home,233,20250514
2,0,0,0,0,0,2,0,52154,home,233,20250514
1,0,0,0,0,0,0,0,79365,home,233,20250514
0,1,0,0,0,0,0,0,66162,home,233,20250514
2,0,1,1,0,0,1,0,52105,home,233,20250514
4,1,1,0,0,1,1,0,64101,away,234,20250514
4,1,1,0,0,1,0,0,51907,away,234,20250514
3,1,1,1,0,2,0,0,62907,away,234,20250514
0,0,0,0,0,0,0,0,50902,away,234,20250514
4,1,2,1,0,0,1,0,79215,away,234,20250514
1,1,0,0,0,0,0,1,69992,away,234,20250514
3,1,1,0,0,0,0,0,77532,away,234,20250514
2,0,0,0,0,0,1,0,67905,away,234,20250514
2,0,1,0,0,2,0,0,63963,away,234,20250514
1,0,0,0,0,0,1,0,54944,away,234,20250514
0,0,0,0,0,0,0,0,50996,away,234,20250514
3,0,2,2,0,0,0,0,69995,away,234,20250514
2,0,1,1,0,0,0,0,62244,away,234,20250514
0,0,0,0,0,1,0,0,68912,away,234,20250514
3,0,0,0,0,0,0,0,51344,away,234,20250514
4,1,2,0,0,0,0,0,50854,home,234,20250514
3,0,0,0,0,1,2,0,67893,home,234,20250514
0,0,0,0,0,0,0,0,66917,home,234,20250514
4,1,1,2,1,0,2,0,75847,home,234,20250514
4,0,1,0,0,0,3,0,62895,home,234,20250514
4,0,0,0,0,0,1,0,55844,home,234,20250514
2,0,1,0,0,2,0,0,68868,home,234,20250514
4,0,1,0,0,0,1,0,66864,home,234,20250514
2,1,0,0,0,1,1,1,54812,home,234,20250514
1,0,0,0,0,0,0,0,51868,home,234,20250514
2,0,0,0,0,0,1,0,51865,home,234,20250514
1,0,0,0,0,0,0,0,66662,home,234,20250514
4,0,0,0,0,1,1,0,52591,away,235,20250514
5,0,1,1,0,0,2,0,69517,away,235,20250514
0,0,0,0,0,0,0,0,54598,away,235,20250514
4,1,3,0,0,1,0,0,54529,away,235,20250514
0,0,0,0,0,0,0,0,52504,away,235,20250514
4,1,2,0,0,1,0,0,78513,away,235,20250514
5,0,1,1,0,0,2,0,51551,away,235,20250514
1,0,0,0,0,2,0,0,61102,away,235,20250514
1,0,0,0,0,0,0,0,68518,away,235,20250514
3,1,1,2,1,0,1,0,50150,away,235,20250514
4,0,1,0,0,0,1,0,62802,away,235,20250514
4,1,2,0,0,0,2,1,68507,away,235,20250514
4,0,2,0,0,0,0,0,64646,home,235,20250514
4,0,2,0,0,0,1,0,69636,home,235,20250514
4,0,0,0,0,0,0,0,52605,home,235,20250514
3,0,1,0,0,1,1,0,72443,home,235,20250514
4,0,0,0,0,0,0,0,68646,home,235,20250514
4,0,1,0,0,0,2,0,63260,home,235,20250514
2,0,1,0,0,0,1,0,50600,home,235,20250514
2,0,0,0,0,0,0,0,69727,home,235,20250514
2,0,0,0,0,0,2,0,55636,home,235,20250514
0,0,0,0,0,0,0,0,53659,home,235,20250514
2,0,1,0,0,0,0,0,66614,home,235,20250514
2,0,0,0,0,0,0,0,67609,home,235,20250514
1,0,0,0,0,0,0,0,78603,home,235,20250514
3,1,0,0,0,1,1,0,79231,away,236,20250514
1,1,1,0,0,0,0,0,66209,away,236,20250514
5,1,1,0,0,0,1,0,55208,away,236,20250514
5,0,3,3,0,0,0,0,76232,away,236,20250514
0,0,0,0,0,0,0,0,55252,away,236,20250514
0,0,0,0,0,0,0,0,66112,away,236,20250514
5,1,2,0,0,0,3,0,78224,away,236,20250514
3,0,0,1,0,1,1,0,64153,away,236,20250514
0,1,0,0,0,0,0,0,54205,away,236,20250514
1,0,0,0,0,0,0,0,66928,away,236,20250514
4,1,2,2,0,0,1,0,50208,away,236,20250514
3,0,2,1,0,0,1,0,63123,away,236,20250514
3,0,0,0,0,0,2,0,63257,away,236,20250514
1,0,0,0,0,0,0,0,54214,away,236,20250514
4,1,1,0,0,0,1,0,54236,away,236,20250514
4,0,0,0,0,0,1,0,50707,home,236,20250514
4,1,2,1,1,0,1,0,55734,home,236,20250514
4,0,1,0,0,0,1,0,53764,home,236,20250514
4,0,0,0,0,0,1,0,69737,home,236,20250514
3,0,0,0,0,0,2,0,79192,home,236,20250514
1,0,0,0,0,0,1,0,66704,home,236,20250514
3,0,1,0,0,0,0,0,66657,home,236,20250514
1,0,1,0,0,0,0,0,68700,home,236,20250514
3,0,1,0,0,0,1,0,54795,home,236,20250514
1,0,0,0,0,0,0,0,65703,home,236,20250514
1,0,0,0,0,1,0,0,78288,home,236,20250514
0,0,0,0,0,0,0,0,69766,home,236,20250514
1,0,0,0,0,0,0,0,76812,home,236,20250514
2,0,0,0,0,0,1,0,62700,home,236,20250514
3,1,2,0,0,1,0,0,64004,away,237,20250514
4,0,0,0,0,0,1,0,67025,away,237,20250514
0,0,0,0,0,0,0,0,66706,away,237,20250514
3,2,2,2,1,1,1,0,52001,away,237,20250514
4,0,1,1,0,0,2,0,78548,away,237,20250514
4,0,2,0,0,0,0,0,76313,away,237,20250514
4,0,0,0,0,0,0,0,64166,away,237,20250514
4,0,1,0,0,0,1,0,64007,away,237,20250514
4,0,0,0,0,0,3,0,69064,away,237,20250514
3,0,0,0,0,0,2,0,51003,away,237,20250514
3,0,0,0,0,1,0,0,62404,home,237,20250514
4,0,1,0,0,0,1,0,67449,home,237,20250514
4,0,0,0,0,0,2,0,52430,home,237,20250514
4,2,2,1,1,0,1,0,54400,home,237,20250514
3,0,1,1,0,1,0,0,74540,home,237,20250514
0,0,0,0,0,0,0,0,69207,home,237,20250514
0,0,0,0,0,0,0,0,65132,home,237,20250514
4,0,2,0,0,0,1,0,62234,home,237,20250514
3,0,0,0,0,1,1,0,75125,home,237,20250514
2,0,0,0,0,0,2,0,66409,home,237,20250514
2,0,0,0,0,0,0,0,61404,home,237,20250514
4,0,0,0,0,0,1,0,52415,home,237,20250514
4,1,1,0,0,0,1,1,65357,away,238,20250515
3,0,2,0,0,0,0,0,76267,away,238,20250515
4,0,0,0,0,0,0,0,50167,away,238,20250515
4,0,1,1,0,0,1,0,52366,away,238,20250515
2,1,0,0,0,0,0,0,54444,away,238,20250515
1,0,0,0,0,0,1,0,78756,away,238,20250515
2,0,0,0,0,0,2,0,64984,away,238,20250515
2,0,1,0,0,0,1,0,64346,away,238,20250515
3,0,0,1,0,0,1,0,50357,away,238,20250515
3,0,1,0,0,0,1,0,62332,away,238,20250515
1,0,0,0,0,0,1,0,78135,away,238,20250515
3,0,0,0,0,0,0,0,55397,away,238,20250515
4,0,0,0,0,0,1,0,62415,home,238,20250515
4,0,0,0,0,0,1,0,76290,home,238,20250515
0,0,0,0,0,0,0,0,51100,home,238,20250515
3,1,1,0,0,1,1,0,53123,home,238,20250515
3,0,0,0,0,1,0,0,69102,home,238,20250515
4,1,1,1,1,0,1,0,79365,home,238,20250515
3,1,1,2,1,1,1,0,79109,home,238,20250515
2,2,1,0,0,1,0,0,68110,home,238,20250515
4,0,2,1,0,0,0,0,50108,home,238,20250515
0,1,0,0,0,0,0,0,52103,home,238,20250515
4,0,2,2,0,0,0,0,69100,home,238,20250515
3,0,0,0,0,0,1,0,64101,away,239,20250515
4,0,1,0,0,0,1,0,51907,away,239,20250515
0,0,0,0,0,0,0,0,50902,away,239,20250515
4,0,0,0,0,0,3,0,62907,away,239,20250515
4,0,0,0,0,0,1,0,79215,away,239,20250515
0,0,0,0,0,1,0,0,77532,away,239,20250515
2,0,0,0,0,0,0,0,63963,away,239,20250515
1,0,0,0,0,0,1,0,54944,away,239,20250515
3,0,1,0,0,0,2,0,69995,away,239,20250515
3,0,1,0,0,0,1,0,68912,away,239,20250515
3,0,0,0,0,0,1,0,51344,away,239,20250515
3,0,0,0,0,0,2,0,69992,away,239,20250515
4,1,1,0,0,0,0,0,50854,home,239,20250515
4,2,1,0,0,0,0,0,67893,home,239,20250515
4,1,1,3,1,0,0,0,75847,home,239,20250515
4,0,0,0,0,0,0,0,62895,home,239,20250515
0,0,0,0,0,0,0,0,69804,home,239,20250515
4,0,0,0,0,0,1,0,55844,home,239,20250515
4,0,0,0,0,0,0,0,68868,home,239,20250515
3,0,2,0,0,0,0,0,66864,home,239,20250515
3,0,1,0,0,0,1,0,66917,home,239,20250515
3,0,2,0,0,0,1,0,51865,home,239,20250515
4,1,1,0,0,0,2,0,52591,away,240,20250515
2,1,1,1,0,1,0,0,69517,away,240,20250515
4,1,1,3,1,0,0,0,54529,away,240,20250515
4,0,0,0,0,0,0,0,78513,away,240,20250515
4,1,1,0,0,0,3,0,51551,away,240,20250515
4,0,1,0,0,0,2,0,50150,away,240,20250515
0,0,0,0,0,0,0,0,52504,away,240,20250515
0,0,0,0,0,0,0,0,77564,away,240,20250515
1,0,0,0,0,0,1,0,62802,away,240,20250515
3,1,1,0,0,0,2,0,52568,away,240,20250515
0,0,0,0,0,0,0,0,54598,away,240,20250515
4,1,2,1,0,0,1,0,68507,away,240,20250515
3,0,1,1,0,0,0,0,68518,away,240,20250515
1,0,0,0,0,0,0,0,60523,away,240,20250515
4,2,1,0,0,1,1,0,64646,home,240,20250515
4,1,2,1,0,0,1,0,69636,home,240,20250515
0,0,0,0,0,0,0,0,69727,home,240,20250515
4,2,2,2,1,0,0,0,52605,home,240,20250515
3,1,3,1,0,1,0,0,72443,home,240,20250515
4,0,1,2,0,0,0,0,78603,home,240,20250515
0,0,0,0,0,0,0,0,66614,home,240,20250515
4,0,1,0,0,0,0,0,63260,home,240,20250515
0,0,0,0,0,0,0,0,67609,home,240,20250515
3,0,1,1,0,0,1,0,68646,home,240,20250515
4,0,0,0,0,0,1,0,65653,home,240,20250515
4,1,1,0,0,0,0,1,66606,home,240,20250515
5,2,2,1,0,0,1,1,55208,away,241,20250515
5,0,2,1,0,0,0,0,68362,away,241,20250515
5,1,4,3,1,0,0,0,76232,away,241,20250515
0,0,0,0,0,0,0,0,55252,away,241,20250515
0,0,0,0,0,0,0,0,66112,away,241,20250515
5,0,0,0,0,0,3,0,78224,away,241,20250515
0,0,0,0,0,0,0,0,63257,away,241,20250515
4,2,2,1,1,0,1,0,64153,away,241,20250515
3,1,0,0,0,1,2,0,50208,away,241,20250515
4,1,1,1,1,0,1,0,63123,away,241,20250515
4,0,1,1,0,0,0,0,54236,away,241,20250515
4,1,0,0,0,0,1,0,66209,away,241,20250515
3,0,0,0,0,0,1,0,68700,home,241,20250515
3,1,1,0,0,1,1,1,55734,home,241,20250515
3,0,0,0,0,1,1,0,53764,home,241,20250515
3,0,0,0,0,0,0,0,69737,home,241,20250515
4,0,1,1,0,0,0,0,79192,home,241,20250515
4,0,1,0,0,0,1,0,66657,home,241,20250515
2,1,1,0,0,1,0,0,54795,home,241,20250515
1,0,1,0,0,0,0,0,62700,home,241,20250515
2,0,0,0,0,0,0,0,76812,home,241,20250515
1,0,0,0,0,0,0,0,50707,home,241,20250515
0,0,0,0,0,0,0,0,78288,home,241,20250515
1,0,0,0,0,0,0,0,66704,home,241,20250515
3,0,1,1,0,0,0,1,65703,home,241,20250515
1,0,0,0,0,0,0,0,69766,home,241,20250515
3,0,1,0,0,0,0,0,64004,away,242,20250515
1,0,0,0,0,0,0,0,64166,away,242,20250515
2,0,1,0,0,0,0,0,67025,away,242,20250515
1,0,0,0,0,0,0,0,68050,away,242,20250515
1,0,0,0,0,0,0,0,51013,away,242,20250515
4,0,0,0,0,0,1,0,52001,away,242,20250515
2,0,0,0,0,1,0,0,78548,away,242,20250515
0,0,0,0,0,1,0,0,68089,away,242,20250515
3,0,1,0,0,1,0,0,76313,away,242,20250515
4,0,1,0,0,0,0,0,66706,away,242,20250515
3,0,0,0,0,0,0,0,79402,away,242,20250515
1,0,0,0,0,0,0,0,69064,away,242,20250515
1,0,0,0,0,0,1,0,51003,away,242,20250515
1,0,0,0,0,0,0,0,69056,away,242,20250515
2,0,0,0,0,0,0,0,50054,away,242,20250515
2,0,0,0,0,1,1,0,64007,away,242,20250515
4,2,2,0,0,0,1,0,62404,home,242,20250515
1,0,0,0,0,0,0,0,61404,home,242,20250515
4,2,3,0,0,0,1,0,67449,home,242,20250515
0,1,0,0,0,1,0,0,69207,home,242,20250515
2,3,0,1,0,0,0,1,62234,home,242,20250515
4,1,2,3,0,1,1,1,54400,home,242,20250515
3,1,1,3,0,0,0,0,74540,home,242,20250515
0,0,0,1,0,0,0,0,65132,home,242,20250515
3,2,1,0,0,1,2,0,65586,home,242,20250515
5,1,1,0,0,0,1,1,52430,home,242,20250515
4,0,2,2,0,0,1,0,66409,home,242,20250515
3,0,1,2,0,0,2,0,52415,home,242,20250515
1,0,0,0,0,0,0,0,75125,home,242,20250515
0,0,0,0,0,0,0,0,54408,home,242,20250515
4,2,3,1,0,1,0,0,76313,away,248,20250517
5,1,2,3,0,1,0,0,64004,away,248,20250517
0,1,0,0,0,0,0,0,51013,away,248,20250517
4,2,1,3,1,2,1,0,52001,away,248,20250517
0,0,0,0,0,0,0,0,68089,away,248,20250517
3,0,1,1,0,2,1,0,78548,away,248,20250517
0,0,0,0,0,0,0,0,50054,away,248,20250517
5,0,1,1,0,0,1,0,67025,away,248,20250517
1,0,0,0,0,0,1,0,66706,away,248,20250517
5,1,3,1,0,0,0,0,79402,away,248,20250517
1,0,1,0,0,0,0,0,51003,away,248,20250517
2,0,0,0,0,0,1,0,64007,away,248,20250517
0,0,0,0,0,1,0,0,68050,away,248,20250517
2,0,0,1,0,0,1,0,69064,away,248,20250517
5,2,2,0,0,0,1,0,64166,away,248,20250517
5,3,4,1,0,0,1,0,69056,away,248,20250517
5,0,0,0,0,0,2,0,62415,home,248,20250517
5,0,1,0,0,0,1,0,68110,home,248,20250517
4,0,1,0,0,0,1,0,53123,home,248,20250517
1,0,0,0,0,0,0,0,52154,home,248,20250517
4,2,1,1,1,0,1,0,69102,home,248,20250517
1,0,0,0,0,0,0,0,55164,home,248,20250517
2,1,2,0,0,1,0,0,79365,home,248,20250517
1,1,0,0,0,0,1,0,51100,home,248,20250517
3,0,1,1,0,1,1,0,76290,home,248,20250517
3,0,1,0,0,0,2,0,79109,home,248,20250517
1,0,1,0,0,0,0,0,66162,home,248,20250517
2,0,2,1,0,0,0,0,69100,home,248,20250517
0,0,0,0,0,1,0,0,68119,home,248,20250517
1,0,0,0,0,0,0,0,52105,home,248,20250517
2,0,1,0,0,0,0,0,52103,home,248,20250517
1,0,1,1,0,0,0,0,50108,home,248,20250517
4,1,2,1,0,0,0,0,76313,away,253,20250517
3,0,0,1,0,1,0,0,68050,away,253,20250517
0,0,0,0,0,0,0,0,68089,away,253,20250517
3,0,0,1,0,2,1,0,52001,away,253,20250517
0,1,0,0,0,0,0,0,64166,away,253,20250517
5,0,1,2,0,0,1,0,78548,away,253,20250517
0,0,0,0,0,0,0,0,51013,away,253,20250517
5,1,2,1,1,0,1,0,67025,away,253,20250517
5,1,2,0,0,0,1,0,66706,away,253,20250517
3,2,1,0,0,1,0,0,64007,away,253,20250517
2,0,0,0,0,0,0,0,51003,away,253,20250517
0,1,0,0,0,1,0,0,64004,away,253,20250517
0,0,0,0,0,0,0,0,69064,away,253,20250517
0,0,0,0,0,0,0,0,50054,away,253,20250517
1,0,0,0,0,1,1,0,79402,away,253,20250517
4,0,0,0,0,1,1,0,69056,away,253,20250517
3,0,0,0,0,2,0,2,62415,home,253,20250517
4,1,1,0,0,1,2,0,50108,home,253,20250517
3,0,0,0,0,1,1,0,53123,home,253,20250517
1,0,1,0,0,0,0,0,68119,home,253,20250517
0,0,0,0,0,0,0,0,52103,home,253,20250517
4,1,1,0,0,1,1,0,69102,home,253,20250517
4,1,2,1,0,1,0,0,79365,home,253,20250517
0,0,0,0,0,0,0,0,66162,home,253,20250517
4,2,3,3,1,1,0,0,76290,home,253,20250517
4,0,0,0,0,0,1,0,79109,home,253,20250517
4,0,0,0,0,0,2,0,68110,home,253,20250517
3,1,1,2,1,1,0,0,69100,home,253,20250517
4,1,2,1,0,1,0,0,62404,away,249,20250517
5,0,3,2,0,0,1,1,67449,away,249,20250517
3,0,1,0,0,1,1,0,74540,away,249,20250517
1,0,0,0,0,0,1,0,65132,away,249,20250517
4,0,0,0,0,1,0,0,54400,away,249,20250517
3,0,0,0,0,0,3,0,52430,away,249,20250517
0,0,0,0,0,1,0,0,75125,away,249,20250517
0,0,0,0,0,0,0,0,55438,away,249,20250517
1,0,0,0,0,0,0,0,65586,away,249,20250517
3,2,2,0,0,0,0,0,62234,away,249,20250517
0,1,0,0,0,1,0,0,61404,away,249,20250517
3,0,1,2,0,0,1,0,66409,away,249,20250517
3,1,1,0,0,0,1,0,52415,away,249,20250517
1,0,0,0,0,0,1,0,54408,away,249,20250517
4,2,2,0,0,1,2,1,68507,home,249,20250517
4,1,2,0,0,1,0,0,69517,home,249,20250517
0,0,0,0,0,0,0,0,77564,home,249,20250517
4,1,2,5,1,1,1,0,54529,home,249,20250517
0,0,0,0,0,0,0,0,52504,home,249,20250517
4,1,1,0,0,0,1,0,78513,home,249,20250517
1,0,0,0,0,1,0,0,51551,home,249,20250517
2,0,1,0,0,0,0,0,60523,home,249,20250517
4,1,0,1,0,0,0,0,52591,home,249,20250517
2,0,0,0,0,1,1,0,61102,home,249,20250517
0,0,0,0,0,0,0,0,52568,home,249,20250517
1,0,0,0,0,0,0,0,68518,home,249,20250517
4,0,0,0,0,0,2,0,50150,home,249,20250517
2,0,0,0,0,0,0,0,54598,home,249,20250517
1,1,1,1,0,0,0,0,68205,home,249,20250517
4,1,0,0,0,1,1,0,62404,away,254,20250517
3,2,1,1,0,2,0,0,67449,away,254,20250517
4,1,1,0,0,0,1,0,62234,away,254,20250517
5,1,2,4,1,0,1,0,54400,away,254,20250517
2,0,1,0,0,2,0,0,66409,away,254,20250517
3,0,0,0,0,0,0,0,61404,away,254,20250517
1,0,0,0,0,0,0,0,75125,away,254,20250517
0,0,0,0,0,0,0,0,69207,away,254,20250517
4,0,1,0,0,0,0,0,52430,away,254,20250517
3,0,0,0,0,0,2,0,65132,away,254,20250517
0,0,0,0,0,0,0,0,55438,away,254,20250517
1,0,0,0,0,0,0,0,69428,away,254,20250517
4,2,2,1,1,0,0,0,52415,away,254,20250517
5,0,2,0,0,0,1,0,68507,home,254,20250517
3,1,1,0,0,2,0,0,69517,home,254,20250517
0,0,0,0,0,0,0,0,52568,home,254,20250517
0,0,0,0,0,0,0,0,54598,home,254,20250517
4,1,2,2,0,0,0,0,54529,home,254,20250517
4,1,1,0,0,0,1,0,78513,home,254,20250517
2,1,1,2,0,0,1,0,52591,home,254,20250517
1,1,0,0,0,1,1,0,52504,home,254,20250517
4,1,2,2,0,0,0,0,68205,home,254,20250517
2,0,0,0,0,0,1,0,61102,home,254,20250517
2,0,1,0,0,0,0,0,68518,home,254,20250517
4,1,2,1,0,0,0,0,60523,home,254,20250517
2,1,1,0,0,0,1,0,77564,home,254,20250517
2,0,0,0,0,0,1,0,50150,home,254,20250517
2,0,1,0,0,0,0,0,79231,away,250,20250517
1,1,0,0,0,0,1,0,68362,away,250,20250517
3,0,1,0,0,1,0,0,55208,away,250,20250517
3,0,1,1,0,1,1,0,76232,away,250,20250517
0,0,0,0,0,0,0,0,55252,away,250,20250517
4,0,0,0,0,0,2,0,78224,away,250,20250517
4,1,1,1,1,0,1,0,64153,away,250,20250517
4,0,1,0,0,0,1,0,50208,away,250,20250517
4,0,0,0,0,0,3,0,63123,away,250,20250517
3,0,1,0,0,0,1,0,54236,away,250,20250517
1,0,0,0,0,0,0,0,66112,away,250,20250517
1,0,0,0,0,1,0,0,66209,away,250,20250517
5,1,2,0,0,0,1,1,64646,home,250,20250517
1,1,1,0,0,3,0,1,78603,home,250,20250517
1,1,0,0,0,0,0,1,66614,home,250,20250517
3,0,0,0,0,2,1,0,52605,home,250,20250517
4,1,2,3,1,1,0,0,72443,home,250,20250517
3,0,0,0,0,0,1,0,63260,home,250,20250517
1,0,0,0,0,0,0,0,67609,home,250,20250517
3,0,0,0,0,0,2,0,69727,home,250,20250517
1,0,1,0,0,0,0,0,69636,home,250,20250517
3,0,0,0,0,1,1,0,66606,home,250,20250517
4,0,2,0,0,0,0,0,78122,home,250,20250517
4,1,1,0,0,0,2,0,65653,home,250,20250517
5,0,0,0,0,0,2,0,55208,away,255,20250517
3,0,1,0,0,1,1,0,50208,away,255,20250517
4,0,1,0,0,0,2,0,76232,away,255,20250517
4,0,1,0,0,0,1,0,64153,away,255,20250517
4,1,2,1,1,0,0,0,78224,away,255,20250517
4,0,0,0,0,0,1,0,66112,away,255,20250517
4,0,1,0,0,0,1,1,63123,away,255,20250517
2,0,0,0,0,0,1,0,54236,away,255,20250517
1,0,0,0,0,0,1,0,68362,away,255,20250517
1,0,0,0,0,0,0,0,66928,away,255,20250517
4,0,3,0,0,0,1,0,66209,away,255,20250517
4,1,2,0,0,0,1,0,69636,home,255,20250517
0,0,0,0,0,0,0,0,69727,home,255,20250517
3,2,1,2,1,1,0,0,66606,home,255,20250517
4,1,2,0,0,0,1,0,52605,home,255,20250517
4,0,1,1,0,0,0,0,72443,home,255,20250517
4,0,0,1,0,0,1,0,78603,home,255,20250517
0,0,0,0,0,0,0,0,50600,home,255,20250517
4,0,0,0,0,0,2,0,68646,home,255,20250517
3,0,0,0,0,0,0,0,66614,home,255,20250517
3,0,1,0,0,0,1,0,65653,home,255,20250517
3,0,1,0,0,0,0,0,67609,home,255,20250517
4,0,1,0,0,0,3,1,50854,away,251,20250517
4,0,1,0,0,0,3,0,67893,away,251,20250517
0,0,0,0,0,0,0,0,69804,away,251,20250517
4,0,0,0,0,0,3,0,75847,away,251,20250517
3,0,0,0,0,1,2,0,62895,away,251,20250517
3,0,0,0,0,0,2,0,55844,away,251,20250517
3,0,0,0,0,0,3,0,68868,away,251,20250517
3,0,1,0,0,0,1,0,66864,away,251,20250517
3,0,1,0,0,0,1,0,54812,away,251,20250517
3,0,0,0,0,0,2,0,66662,away,251,20250517
3,0,1,0,0,1,0,1,66704,home,251,20250517
4,0,0,0,0,0,0,0,55734,home,251,20250517
4,0,1,0,0,0,1,0,53764,home,251,20250517
2,0,0,0,0,2,0,1,69737,home,251,20250517
4,0,1,0,0,0,0,0,79192,home,251,20250517
4,0,0,0,0,0,1,0,66657,home,251,20250517
3,1,2,0,0,1,0,0,65703,home,251,20250517
0,0,0,0,0,0,0,0,68700,home,251,20250517
0,0,0,0,0,0,0,0,62700,home,251,20250517
2,0,1,1,0,0,1,0,78288,home,251,20250517
0,0,0,0,0,0,0,0,69766,home,251,20250517
0,0,0,0,0,0,0,0,76812,home,251,20250517
4,0,0,0,0,0,1,0,54795,home,251,20250517
5,0,1,0,0,0,1,0,50854,away,256,20250517
5,0,1,0,0,0,2,0,67893,away,256,20250517
2,0,0,1,0,1,1,0,75847,away,256,20250517
3,0,0,0,0,0,3,0,55844,away,256,20250517
1,0,0,0,0,0,1,0,69804,away,256,20250517
4,0,0,0,0,0,1,0,51868,away,256,20250517
3,1,1,0,0,1,0,0,68868,away,256,20250517
4,2,2,0,0,0,1,0,66864,away,256,20250517
4,1,3,3,0,0,1,0,54812,away,256,20250517
4,1,1,1,0,0,0,0,51865,away,256,20250517
4,0,1,0,0,0,0,0,66704,home,256,20250517
0,0,0,0,0,0,0,0,52764,home,256,20250517
3,0,0,0,0,0,3,0,55734,home,256,20250517
0,0,0,0,0,0,0,0,69766,home,256,20250517
1,0,0,0,0,0,1,0,50707,home,256,20250517
0,0,0,0,0,0,0,0,55712,home,256,20250517
4,2,2,1,1,0,0,1,53764,home,256,20250517
3,0,1,1,0,1,1,0,69737,home,256,20250517
4,0,0,0,0,0,3,0,79192,home,256,20250517
4,0,1,0,0,0,2,0,66657,home,256,20250517
2,0,0,0,0,0,1,0,65703,home,256,20250517
2,0,0,0,0,0,0,0,54795,home,256,20250517
2,0,0,0,0,0,1,0,76812,home,256,20250517
1,0,1,0,0,0,0,0,52769,home,256,20250517
3,0,1,0,0,0,0,0,62700,home,256,20250517
0,0,0,0,0,0,0,0,68700,home,256,20250517
4,0,0,0,0,1,2,0,52366,away,252,20250517
5,0,1,0,0,0,3,0,65357,away,252,20250517
3,0,0,0,0,2,1,0,54444,away,252,20250517
4,1,1,1,0,1,1,0,78135,away,252,20250517
4,0,1,0,0,0,0,0,76267,away,252,20250517
3,0,1,1,0,0,1,0,78756,away,252,20250517
1,0,0,0,0,0,0,0,55392,away,252,20250517
3,0,0,0,0,0,0,0,64346,away,252,20250517
1,0,1,0,0,0,0,0,53344,away,252,20250517
2,0,0,0,0,0,0,0,62332,away,252,20250517
1,0,0,0,0,1,1,0,64984,away,252,20250517
2,0,0,0,0,0,1,0,54394,away,252,20250517
1,1,0,0,0,1,1,0,50167,away,252,20250517
0,0,0,0,0,0,0,0,50357,away,252,20250517
3,0,0,0,0,0,1,0,64101,home,252,20250517
2,0,0,0,0,0,1,0,50996,home,252,20250517
4,0,0,0,0,0,1,0,51907,home,252,20250517
3,0,0,0,0,0,2,0,62907,home,252,20250517
1,0,0,0,0,0,1,0,69992,home,252,20250517
2,1,1,1,1,2,0,0,79215,home,252,20250517
0,1,0,0,0,0,0,0,50902,home,252,20250517
3,1,2,0,0,0,0,0,63963,home,252,20250517
3,0,1,0,0,0,1,0,69995,home,252,20250517
2,0,0,0,0,2,0,0,67905,home,252,20250517
3,0,2,2,0,1,0,0,68912,home,252,20250517
1,0,0,0,0,0,1,0,50903,home,252,20250517
1,0,0,0,0,0,0,0,51344,home,252,20250517
1,0,0,0,0,0,0,0,77532,home,252,20250517
5,1,2,1,1,0,0,0,52366,away,257,20250517
5,1,1,0,0,0,1,0,65357,away,257,20250517
4,0,0,0,0,0,0,0,54444,away,257,20250517
3,0,2,1,0,1,1,0,78135,away,257,20250517
0,0,0,0,0,0,0,0,50357,away,257,20250517
3,0,1,0,0,1,0,0,76267,away,257,20250517
2,0,0,0,0,0,2,0,53344,away,257,20250517
1,0,0,0,0,0,0,0,64346,away,257,20250517
1,0,0,0,0,0,1,0,78756,away,257,20250517
2,1,0,0,0,2,0,0,50167,away,257,20250517
2,0,0,0,0,0,1,0,54394,away,257,20250517
1,0,1,0,0,0,0,0,55397,away,257,20250517
1,0,0,0,0,0,1,0,62332,away,257,20250517
4,0,1,1,0,0,1,0,64984,away,257,20250517
4,1,1,0,0,1,0,0,69992,home,257,20250517
4,0,1,0,0,0,1,0,77532,home,257,20250517
3,0,2,1,0,1,0,0,62907,home,257,20250517
4,0,0,0,0,0,1,0,79215,home,257,20250517
0,0,0,0,0,0,0,0,50996,home,257,20250517
3,0,1,0,0,0,0,0,69995,home,257,20250517
1,0,1,0,0,0,0,0,51907,home,257,20250517
2,0,0,0,0,1,0,0,67905,home,257,20250517
1,0,0,0,0,0,0,0,63963,home,257,20250517
3,0,0,0,0,0,1,0,62244,home,257,20250517
1,1,1,1,1,0,0,0,68912,home,257,20250517
2,0,0,0,0,0,1,0,51344,home,257,20250517
1,0,0,0,0,0,1,0,64101,home,257,20250517
1,0,0,0,0,0,1,0,50903,home,257,20250517
2,0,1,0,0,0,0,0,50902,home,257,20250517
1,0,0,0,0,0,1,0,69980,home,257,20250517
4,0,1,1,0,0,1,0,76313,away,258,20250518
0,0,0,0,0,0,0,0,69064,away,258,20250518
4,0,1,0,0,0,0,0,64004,away,258,20250518
4,0,2,0,0,0,0,0,52001,away,258,20250518
3,0,1,0,0,1,0,0,78548,away,258,20250518
0,0,0,0,0,0,0,0,51013,away,258,20250518
0,0,0,0,0,0,0,0,68089,away,258,20250518
4,0,0,0,0,0,1,0,67025,away,258,20250518
3,0,0,0,0,1,1,0,68050,away,258,20250518
4,0,1,0,0,0,0,0,79402,away,258,20250518
2,1,1,0,0,0,0,1,64007,away,258,20250518
2,0,0,0,0,0,0,0,50054,away,258,20250518
2,0,0,0,0,0,1,0,69056,away,258,20250518
1,0,0,0,0,0,1,0,66706,away,258,20250518
0,0,0,0,0,0,0,0,51003,away,258,20250518
4,1,1,0,0,0,1,0,62415,home,258,20250518
3,2,2,1,0,1,1,0,76290,home,258,20250518
0,0,0,0,0,0,0,0,66162,home,258,20250518
0,0,0,0,0,0,0,0,51100,home,258,20250518
4,0,0,0,0,0,3,0,53123,home,258,20250518
4,1,1,2,1,0,1,0,69102,home,258,20250518
3,1,1,2,1,0,0,0,79365,home,258,20250518
2,0,0,0,0,1,1,0,79109,home,258,20250518
3,0,0,0,0,0,1,0,68110,home,258,20250518
3,0,1,0,0,0,1,0,69100,home,258,20250518
2,0,0,0,0,1,0,0,50108,home,258,20250518
0,0,0,0,0,0,0,0,52103,home,258,20250518
3,1,1,0,0,2,1,0,67449,away,259,20250518
5,2,3,1,0,0,0,0,61404,away,259,20250518
5,0,1,1,0,0,2,0,62404,away,259,20250518
5,0,2,1,0,0,2,0,54400,away,259,20250518
2,0,0,0,0,2,1,0,66409,away,259,20250518
0,0,0,0,0,0,0,0,65132,away,259,20250518
4,0,1,0,0,0,1,0,52415,away,259,20250518
2,0,0,0,0,0,1,0,52430,away,259,20250518
2,0,0,0,0,0,1,0,62234,away,259,20250518
2,0,0,0,0,1,1,0,65586,away,259,20250518
1,0,0,0,0,0,0,0,75125,away,259,20250518
0,0,0,0,0,0,0,0,54408,away,259,20250518
2,0,0,0,0,0,1,0,69428,away,259,20250518
2,0,0,0,0,0,0,0,50458,away,259,20250518
2,0,0,0,0,0,1,0,68507,home,259,20250518
4,1,3,2,0,0,0,1,69517,home,259,20250518
0,0,0,0,0,0,0,0,54598,home,259,20250518
4,0,0,0,0,0,2,0,54529,home,259,20250518
0,0,0,0,0,0,0,0,62528,home,259,20250518
4,1,1,0,0,0,1,0,78513,home,259,20250518
0,1,0,0,0,0,0,0,52504,home,259,20250518
4,1,1,3,1,0,0,0,68205,home,259,20250518
4,0,2,1,0,0,1,0,52591,home,259,20250518
4,0,0,0,0,0,1,0,60523,home,259,20250518
1,1,0,0,0,2,1,0,77564,home,259,20250518
2,1,0,0,0,1,0,0,68518,home,259,20250518
6,2,2,1,1,0,1,0,79231,away,260,20250518
4,0,1,0,0,2,1,0,55208,away,260,20250518
4,0,1,0,0,1,1,0,76232,away,260,20250518
5,0,0,1,0,0,0,0,78224,away,260,20250518
4,1,2,0,0,1,0,0,64153,away,260,20250518
4,1,1,0,0,1,0,0,50208,away,260,20250518
5,0,2,2,0,0,1,0,63123,away,260,20250518
3,0,0,0,0,0,1,0,54236,away,260,20250518
1,0,1,0,0,0,0,0,68362,away,260,20250518
0,0,0,0,0,0,0,0,64468,away,260,20250518
1,0,1,0,0,0,0,0,63257,away,260,20250518
0,0,0,0,0,0,0,1,66928,away,260,20250518
5,0,2,0,0,0,2,0,66209,away,260,20250518
5,0,0,0,0,0,1,0,66606,home,260,20250518
2,0,0,0,0,3,1,1,64646,home,260,20250518
4,1,1,1,0,1,1,0,52605,home,260,20250518
2,1,1,1,0,3,1,0,72443,home,260,20250518
4,1,1,2,1,0,0,0,69636,home,260,20250518
1,1,1,0,0,0,0,0,65653,home,260,20250518
2,0,0,0,0,0,0,0,50600,home,260,20250518
2,0,0,0,0,0,1,0,69727,home,260,20250518
1,0,0,0,0,0,0,0,63260,home,260,20250518
4,0,2,0,0,0,2,0,66614,home,260,20250518
3,0,0,0,0,0,1,0,78122,home,260,20250518
2,0,2,1,0,0,0,0,68646,home,260,20250518
3,1,1,0,0,0,2,0,67609,home,260,20250518
1,0,0,0,0,0,0,0,78603,home,260,20250518
6,0,2,0,0,0,3,0,54812,away,261,20250518
3,1,0,0,0,2,0,0,67893,away,261,20250518
4,0,2,2,0,1,0,0,75847,away,261,20250518
2,0,0,0,0,2,0,0,62895,away,261,20250518
0,1,0,0,0,0,0,0,69825,away,261,20250518
5,1,2,4,1,0,0,0,51868,away,261,20250518
3,0,0,0,0,0,1,0,55844,away,261,20250518
2,0,0,0,0,0,1,0,50854,away,261,20250518
4,2,2,0,0,1,1,1,66864,away,261,20250518
5,0,2,1,0,0,0,0,51865,away,261,20250518
3,1,0,0,0,1,1,0,69804,away,261,20250518
1,0,0,0,0,0,0,0,68868,away,261,20250518
2,0,0,0,0,0,0,0,66704,home,261,20250518
1,0,1,0,0,0,0,0,50707,home,261,20250518
1,0,0,0,0,0,1,0,65703,home,261,20250518
4,1,1,0,0,1,1,0,55734,home,261,20250518
5,0,1,0,0,0,0,0,53764,home,261,20250518
5,0,1,1,0,0,0,0,69737,home,261,20250518
4,0,2,0,0,0,1,0,66657,home,261,20250518
4,1,1,0,0,0,0,0,52769,home,261,20250518
3,1,2,0,0,1,0,0,62700,home,261,20250518
1,0,1,0,0,0,0,0,78288,home,261,20250518
1,0,0,0,0,0,1,0,69766,home,261,20250518
1,0,1,0,0,0,0,0,76812,home,261,20250518
2,0,1,1,0,0,0,0,54795,home,261,20250518
1,0,0,1,0,0,0,0,79192,home,261,20250518
4,0,0,0,0,0,3,0,65357,away,262,20250518
4,0,0,0,0,0,1,0,52366,away,262,20250518
3,0,0,0,0,1,0,0,76267,away,262,20250518
3,0,0,0,0,0,2,0,54444,away,262,20250518
3,0,0,0,0,0,0,0,78135,away,262,20250518
3,0,0,0,0,0,0,0,50167,away,262,20250518
0,0,0,0,0,0,0,0,53344,away,262,20250518
2,0,0,0,0,0,2,0,64984,away,262,20250518
1,0,0,0,0,0,1,0,55392,away,262,20250518
2,0,0,0,0,0,2,0,62332,away,262,20250518
1,0,0,0,0,0,0,0,64346,away,262,20250518
3,0,1,0,0,0,1,0,55397,away,262,20250518
2,0,0,0,0,1,0,0,63963,home,262,20250518
1,2,1,0,0,0,0,1,67905,home,262,20250518
2,2,1,0,0,2,0,0,51907,home,262,20250518
4,1,2,2,0,0,1,0,62907,home,262,20250518
3,0,0,1,0,0,0,0,79215,home,262,20250518
1,0,0,0,0,0,1,0,50996,home,262,20250518
4,0,1,2,0,0,0,0,77532,home,262,20250518
0,0,0,0,0,0,0,0,50902,home,262,20250518
4,0,1,0,0,0,1,0,68912,home,262,20250518
3,0,1,0,0,0,0,0,69995,home,262,20250518
3,0,0,0,0,0,1,0,51344,home,262,20250518
2,0,0,0,0,0,0,0,69992,home,262,20250518
1,0,0,0,0,0,0,0,55926,home,262,20250518
0,0,0,0,0,0,0,0,64101,home,262,20250518
5,0,1,0,0,0,0,0,50854,away,263,20250520
4,1,1,0,0,0,1,1,54812,away,263,20250520
4,1,0,0,0,1,1,0,75847,away,263,20250520
5,2,2,2,0,0,0,0,51868,away,263,20250520
2,0,0,0,0,0,1,0,55844,away,263,20250520
1,0,1,0,0,0,0,0,62895,away,263,20250520
3,0,0,0,0,0,2,0,66864,away,263,20250520
1,0,1,0,0,0,0,0,67893,away,263,20250520
4,1,1,0,0,0,0,0,51865,away,263,20250520
2,0,0,1,0,1,1,0,68868,away,263,20250520
4,0,1,2,0,0,1,0,69804,away,263,20250520
5,1,3,0,0,0,0,0,79231,home,263,20250520
5,0,1,0,0,0,1,0,55208,home,263,20250520
4,1,1,2,1,1,1,0,76232,home,263,20250520
0,0,0,0,0,0,0,0,66209,home,263,20250520
5,0,1,0,0,0,2,1,78224,home,263,20250520
3,1,0,0,0,1,3,0,64153,home,263,20250520
4,0,3,0,0,0,0,1,50208,home,263,20250520
4,0,0,1,0,0,3,0,63123,home,263,20250520
4,0,1,0,0,0,2,0,68362,home,263,20250520
1,0,0,0,0,0,1,0,54236,home,263,20250520
1,0,0,0,0,0,0,0,63257,home,263,20250520
1,0,0,0,0,0,1,0,64468,home,263,20250520
1,0,0,0,0,0,1,0,66112,home,263,20250520
5,1,1,1,0,1,1,0,62415,away,264,20250520
5,2,2,1,0,1,0,1,68119,away,264,20250520
5,1,1,0,0,1,1,0,76290,away,264,20250520
3,4,1,1,0,3,0,0,69102,away,264,20250520
0,0,0,0,0,0,0,0,52105,away,264,20250520
3,3,2,1,0,0,0,0,79109,away,264,20250520
1,0,0,0,0,0,1,0,51100,away,264,20250520
3,2,1,6,1,1,0,0,68110,away,264,20250520
4,2,2,3,0,1,0,0,69100,away,264,20250520
4,1,1,0,0,0,0,0,50108,away,264,20250520
0,0,0,1,0,1,0,0,53123,away,264,20250520
0,0,0,0,0,0,0,0,52103,away,264,20250520
2,1,1,2,0,1,0,0,52154,away,264,20250520
0,0,0,1,0,1,0,0,79365,away,264,20250520
0,0,0,0,0,0,0,0,66162,away,264,20250520
5,1,3,1,0,0,2,0,68507,home,264,20250520
1,0,1,0,0,0,0,0,77564,home,264,20250520
5,1,2,2,0,0,0,0,69517,home,264,20250520
1,0,0,0,0,0,0,0,54598,home,264,20250520
5,0,2,1,0,0,0,0,54529,home,264,20250520
0,0,0,0,0,1,0,0,52504,home,264,20250520
6,0,1,0,0,0,1,0,78513,home,264,20250520
4,1,1,0,0,1,1,0,68205,home,264,20250520
0,0,0,0,0,0,0,0,52568,home,264,20250520
4,1,1,0,0,1,0,0,51551,home,264,20250520
5,2,3,1,0,0,1,0,52591,home,264,20250520
3,1,1,0,0,1,1,0,61102,home,264,20250520
1,0,0,0,0,0,0,0,68518,home,264,20250520
3,2,2,3,1,1,1,0,50150,home,264,20250520
1,0,0,0,0,0,0,0,60523,home,264,20250520
4,0,1,0,0,0,0,0,64646,away,265,20250520
4,1,2,0,0,0,1,0,69636,away,265,20250520
4,1,1,0,0,0,0,0,52605,away,265,20250520
4,1,2,2,1,0,1,0,72443,away,265,20250520
3,0,2,1,0,0,0,0,78603,away,265,20250520
0,0,0,0,0,0,0,0,66614,away,265,20250520
3,0,0,0,0,0,1,0,63260,away,265,20250520
1,0,1,0,0,0,0,0,67609,away,265,20250520
3,0,0,0,0,0,0,0,66606,away,265,20250520
1,0,0,0,0,0,1,0,69727,away,265,20250520
3,0,0,0,0,0,0,0,68646,away,265,20250520
1,0,0,0,0,0,0,0,78122,away,265,20250520
3,0,0,0,0,0,1,0,65653,away,265,20250520
5,1,2,0,0,0,0,0,76313,home,265,20250520
2,1,0,0,0,2,0,0,64004,home,265,20250520
0,0,0,0,0,0,0,0,66706,home,265,20250520
5,2,3,0,0,0,1,0,50854,away,266,20250521
1,0,0,0,0,0,0,0,69804,away,266,20250521
2,2,0,0,0,3,0,0,67893,away,266,20250521
0,0,0,0,0,0,0,0,66917,away,266,20250521
4,1,0,0,0,1,0,0,75847,away,266,20250521
3,1,1,2,0,1,1,0,62895,away,266,20250521
0,0,0,0,0,0,0,0,69825,away,266,20250521
4,0,0,1,0,0,1,0,51868,away,266,20250521
3,1,1,2,0,2,0,0,68868,away,266,20250521
4,1,1,0,0,1,1,1,66864,away,266,20250521
4,1,2,2,0,0,1,1,54812,away,266,20250521
4,0,1,0,0,0,1,0,51865,away,266,20250521
1,0,0,0,0,0,0,0,66662,away,266,20250521
4,0,0,0,0,0,1,0,79231,home,266,20250521
0,0,0,0,0,0,0,0,50204,home,266,20250521
4,0,2,0,0,0,1,0,55208,home,266,20250521
0,0,0,0,0,0,0,0,68362,home,266,20250521
3,0,1,0,0,1,1,0,50208,home,266,20250521
0,0,0,0,0,0,0,0,54236,home,266,20250521
3,0,1,0,0,0,1,0,76232,home,266,20250521
1,0,0,0,0,0,0,0,66112,home,266,20250521
4,0,0,0,0,0,2,0,78224,home,266,20250521
3,0,1,0,0,0,1,0,64153,home,266,20250521
1,1,1,1,1,0,0,0,63257,home,266,20250521
4,0,0,0,0,0,3,0,63123,home,266,20250521
2,0,1,0,0,1,1,0,64468,home,266,20250521
3,0,1,0,0,0,0,0,66209,home,266,20250521
3,0,0,0,0,3,2,0,68119,away,267,20250521
6,2,2,1,1,0,0,0,76290,away,267,20250521
6,0,2,0,0,0,0,0,53123,away,267,20250521
5,1,3,0,0,1,1,0,69102,away,267,20250521
4,1,0,0,0,1,3,0,79365,away,267,20250521
6,1,2,1,0,0,3,0,68110,away,267,20250521
4,0,2,1,0,1,0,0,69100,away,267,20250521
3,0,0,0,0,0,0,0,62415,away,267,20250521
1,0,0,1,0,0,0,0,79109,away,267,20250521
4,2,2,2,2,0,0,0,51100,away,267,20250521
0,0,0,0,0,0,0,0,52103,away,267,20250521
1,0,0,0,0,0,0,0,50108,away,267,20250521
6,0,1,1,0,0,2,0,68507,home,267,20250521
5,1,2,2,1,0,0,0,69517,home,267,20250521
0,0,0,0,0,1,0,0,54598,home,267,20250521
6,0,1,0,0,0,0,0,54529,home,267,20250521
4,0,1,0,0,0,1,0,78513,home,267,20250521
1,0,0,0,0,0,0,0,52504,home,267,20250521
5,2,2,0,0,0,1,0,68205,home,267,20250521
3,2,3,0,0,3,0,0,51551,home,267,20250521
0,0,0,0,0,0,0,0,52568,home,267,20250521
6,1,3,2,0,0,0,0,52591,home,267,20250521
2,0,0,0,0,1,1,0,50150,home,267,20250521
1,0,0,0,0,0,1,0,60523,home,267,20250521
1,0,0,0,0,0,0,0,77564,home,267,20250521
3,0,1,1,0,0,1,0,68518,home,267,20250521
2,1,1,0,0,0,1,0,61102,home,267,20250521
5,1,1,0,0,0,0,0,64646,away,268,20250521
2,0,1,0,0,0,0,0,78603,away,268,20250521
2,0,1,0,0,0,0,0,50600,away,268,20250521
3,0,0,1,0,0,0,0,52605,away,268,20250521
4,0,3,0,0,0,0,0,72443,away,268,20250521
4,0,0,0,0,0,3,0,69636,away,268,20250521
3,0,1,0,0,1,0,0,68646,away,268,20250521
0,0,0,0,0,0,0,0,66606,away,268,20250521
4,0,1,0,0,0,1,0,65653,away,268,20250521
4,0,1,0,0,0,1,0,67609,away,268,20250521
3,0,0,0,0,0,0,0,66614,away,268,20250521
1,0,1,0,0,0,0,0,63260,away,268,20250521
5,1,2,1,0,0,2,0,76313,home,268,20250521
4,0,1,0,0,0,1,1,64004,home,268,20250521
0,0,0,0,0,0,0,0,69064,home,268,20250521
4,1,1,0,0,0,0,0,52001,home,268,20250521
4,0,0,0,0,0,0,0,78548,home,268,20250521
3,0,3,1,0,1,0,0,67025,home,268,20250521
0,0,0,0,0,0,0,0,64166,home,268,20250521
3,0,0,0,0,1,2,0,68050,home,268,20250521
3,0,0,0,0,1,1,0,79402,home,268,20250521
2,0,0,0,0,0,1,0,64007,home,268,20250521
1,0,0,0,0,0,1,0,66706,home,268,20250521
4,1,2,0,0,0,1,1,51003,home,268,20250521
3,3,2,0,0,1,0,0,50458,away,269,20250521
1,0,0,0,0,0,0,0,61404,away,269,20250521
3,1,1,1,0,0,0,0,67449,away,269,20250521
3,1,0,0,0,1,1,0,62404,away,269,20250521
0,0,0,0,0,0,0,0,66409,away,269,20250521
4,0,2,2,0,0,0,0,54400,away,269,20250521
4,0,1,2,0,0,1,0,62234,away,269,20250521
4,0,1,0,0,0,0,0,74540,away,269,20250521
2,0,0,0,0,0,2,0,75125,away,269,20250521
0,1,0,0,0,1,0,0,54408,away,269,20250521
3,0,1,0,0,1,1,0,52430,away,269,20250521
0,0,0,0,0,0,0,0,65586,away,269,20250521
3,0,0,1,0,0,1,0,52415,away,269,20250521
4,0,3,1,0,0,0,0,65357,home,269,20250521
4,0,0,0,0,0,2,0,50167,home,269,20250521
0,0,0,0,0,0,0,0,52305,home,269,20250521
4,0,1,0,0,0,1,0,64346,home,269,20250521
4,0,2,0,0,0,0,0,54444,home,269,20250521
4,0,0,0,0,0,2,0,78135,home,269,20250521
4,0,0,0,0,0,0,0,64984,home,269,20250521
2,0,0,0,0,0,0,0,53312,home,269,20250521
1,0,0,0,0,0,1,0,54307,home,269,20250521
0,0,0,0,0,0,0,0,62332,home,269,20250521
1,0,0,0,0,0,1,0,50357,home,269,20250521
3,1,0,0,0,1,2,1,55397,home,269,20250521
3,0,1,0,0,0,0,0,78756,home,269,20250521
4,1,2,0,0,0,1,1,55734,away,270,20250521
3,0,1,2,0,1,1,0,62700,away,270,20250521
4,0,1,0,0,0,1,0,53764,away,270,20250521
4,0,0,0,0,0,0,0,69737,away,270,20250521
4,0,0,0,0,0,0,0,79192,away,270,20250521
4,0,1,0,0,0,1,0,66657,away,270,20250521
3,0,1,0,0,0,1,0,65703,away,270,20250521
1,0,1,0,0,0,0,0,50707,away,270,20250521
1,1,0,0,0,1,0,0,78288,away,270,20250521
1,0,0,0,0,0,0,0,52769,away,270,20250521
0,0,0,0,0,0,0,0,76812,away,270,20250521
1,0,0,0,0,0,1,0,66704,away,270,20250521
4,0,0,0,0,0,1,0,54795,away,270,20250521
2,1,0,0,0,0,1,0,67905,home,270,20250521
3,1,1,1,0,1,1,1,51907,home,270,20250521
2,1,1,0,0,2,0,2,62907,home,270,20250521
3,0,2,2,0,0,0,0,79215,home,270,20250521
1,0,0,0,0,0,0,0,69992,home,270,20250521
4,0,0,0,0,0,0,0,77532,home,270,20250521
1,0,0,0,0,1,1,0,63963,home,270,20250521
0,0,0,0,0,0,0,0,50906,home,270,20250521
1,0,0,0,0,1,0,0,64101,home,270,20250521
3,1,0,0,0,1,2,0,68912,home,270,20250521
4,0,1,0,0,0,1,0,69995,home,270,20250521
3,1,2,1,0,0,1,0,51344,home,270,20250521
4,0,0,0,0,0,0,0,54812,away,271,20250522
1,0,0,0,0,0,1,0,66917,away,271,20250522
4,1,2,2,1,0,1,0,67893,away,271,20250522
3,0,0,0,0,0,3,0,75847,away,271,20250522
4,1,1,1,1,0,0,0,62895,away,271,20250522
0,0,0,0,0,0,0,0,60558,away,271,20250522
4,1,1,0,0,0,1,0,51868,away,271,20250522
2,1,1,0,0,2,0,0,68868,away,271,20250522
2,0,0,0,0,0,1,1,66864,away,271,20250522
1,0,1,0,0,0,0,0,50854,away,271,20250522
2,0,0,0,0,1,0,0,66662,away,271,20250522
1,0,0,0,0,0,0,0,51865,away,271,20250522
3,1,2,2,0,0,0,1,69804,away,271,20250522
4,0,1,0,0,1,0,0,79231,home,271,20250522
5,0,0,0,0,0,2,0,55208,home,271,20250522
4,0,1,0,0,0,1,0,76232,home,271,20250522
4,1,1,0,0,0,1,0,64153,home,271,20250522
3,2,1,0,0,1,1,0,78224,home,271,20250522
0,0,0,0,0,0,0,0,66209,home,271,20250522
3,1,1,0,0,1,1,0,66112,home,271,20250522
4,1,3,2,0,0,1,0,50208,home,271,20250522
2,0,0,0,0,0,1,0,63123,home,271,20250522
0,0,0,0,0,0,0,0,50204,home,271,20250522
1,0,0,0,0,0,1,0,63257,home,271,20250522
1,0,0,0,0,0,1,0,64468,home,271,20250522
4,1,3,4,1,0,0,0,54236,home,271,20250522
4,1,2,0,0,1,0,0,68119,away,272,20250522
5,0,0,0,0,0,1,0,76290,away,272,20250522
3,1,1,3,1,1,1,0,53123,away,272,20250522
3,0,1,0,0,0,1,0,79365,away,272,20250522
1,0,1,0,0,0,0,0,65207,away,272,20250522
0,0,0,0,0,0,0,0,52103,away,272,20250522
3,1,1,1,1,1,0,0,79109,away,272,20250522
0,0,0,0,0,0,0,0,50108,away,272,20250522
4,0,1,0,0,0,0,1,69100,away,272,20250522
4,0,0,0,0,0,1,0,68110,away,272,20250522
2,0,0,0,0,0,0,0,62415,away,272,20250522
1,0,0,0,0,0,0,0,52154,away,272,20250522
4,1,1,0,0,0,1,0,51100,away,272,20250522
3,1,1,3,0,1,0,1,68507,home,272,20250522
3,0,0,0,0,2,0,0,69517,home,272,20250522
1,0,0,0,0,0,0,0,51528,home,272,20250522
5,2,1,0,0,0,0,0,54529,home,272,20250522
5,1,4,1,0,0,0,0,78513,home,272,20250522
0,1,0,0,0,0,0,0,52568,home,272,20250522
5,0,0,0,0,0,1,0,51551,home,272,20250522
0,0,0,0,0,0,0,0,77564,home,272,20250522
4,2,2,1,0,1,1,0,52591,home,272,20250522
4,2,2,2,0,1,0,0,68205,home,272,20250522
2,1,0,0,0,0,0,0,61102,home,272,20250522
0,1,0,0,0,0,0,1,52504,home,272,20250522
1,0,1,2,0,0,0,0,54598,home,272,20250522
4,0,2,2,0,0,0,1,50150,home,272,20250522
5,1,3,1,0,0,0,0,64646,away,273,20250522
4,0,0,0,0,0,0,0,52667,away,273,20250522
1,0,0,0,0,0,0,0,66614,away,273,20250522
5,3,3,2,1,0,1,0,52605,away,273,20250522
4,1,2,1,0,1,0,0,72443,away,273,20250522
0,0,0,0,0,0,0,0,50600,away,273,20250522
5,1,2,1,0,0,2,0,69636,away,273,20250522
4,1,0,0,0,1,2,0,67610,away,273,20250522
3,0,1,2,0,1,0,0,63260,away,273,20250522
4,0,0,0,0,0,0,0,78122,away,273,20250522
3,1,3,1,0,0,0,0,67609,away,273,20250522
1,0,0,0,0,0,1,0,65653,away,273,20250522
3,1,1,0,0,1,1,0,76313,home,273,20250522
3,0,1,0,0,1,1,0,64004,home,273,20250522
3,1,1,0,0,1,0,0,52001,home,273,20250522
2,1,1,0,0,1,0,0,78548,home,273,20250522
1,0,0,0,0,0,0,0,50054,home,273,20250522
4,0,1,0,0,0,1,0,67025,home,273,20250522
3,0,0,1,0,0,0,0,79402,home,273,20250522
0,0,0,0,0,0,0,0,68089,home,273,20250522
1,0,1,0,0,0,0,0,68050,home,273,20250522
4,0,0,0,0,0,1,0,64166,home,273,20250522
3,0,0,0,0,0,0,0,64007,home,273,20250522
1,0,0,0,0,0,1,0,66706,home,273,20250522
2,0,0,0,0,1,0,0,51003,home,273,20250522
2,0,0,0,0,2,0,0,50458,away,274,20250522
2,1,1,0,0,2,0,1,67449,away,274,20250522
4,1,1,2,1,0,0,0,62404,away,274,20250522
4,0,0,0,0,0,0,0,54400,away,274,20250522
4,0,0,0,0,0,1,0,62234,away,274,20250522
4,0,0,0,0,0,1,0,52430,away,274,20250522
0,0,0,0,0,0,0,0,65586,away,274,20250522
3,0,0,0,0,0,2,0,66409,away,274,20250522
3,0,0,0,0,0,0,0,74540,away,274,20250522
3,0,1,0,0,0,1,0,52415,away,274,20250522
4,0,1,0,0,0,0,1,65357,home,274,20250522
4,0,2,0,0,0,1,0,76267,home,274,20250522
0,0,0,0,0,0,0,0,52305,home,274,20250522
3,0,0,0,0,0,1,0,54444,home,274,20250522
4,0,0,0,0,0,1,0,64346,home,274,20250522
4,0,1,0,0,0,1,0,64984,home,274,20250522
2,0,0,0,0,0,1,0,53312,home,274,20250522
2,0,1,0,0,0,1,0,55397,home,274,20250522
2,0,0,0,0,0,0,0,50167,home,274,20250522
3,0,0,0,0,0,1,0,50357,home,274,20250522
3,0,0,0,0,0,0,0,55392,home,274,20250522
0,0,0,0,0,0,0,0,62332,home,274,20250522
4,0,0,0,0,0,2,0,55734,away,275,20250522
3,0,1,0,0,0,1,0,50707,away,275,20250522
1,1,0,0,0,0,1,0,68700,away,275,20250522
4,0,1,0,0,0,1,0,53764,away,275,20250522
3,1,1,0,0,1,0,0,69737,away,275,20250522
4,1,2,2,1,0,0,0,79192,away,275,20250522
2,0,0,1,0,2,1,0,66657,away,275,20250522
4,0,0,0,0,0,2,0,62700,away,275,20250522
2,0,0,0,0,0,1,0,78288,away,275,20250522
1,0,0,0,0,0,0,0,66704,away,275,20250522
0,0,0,0,0,0,0,0,76812,away,275,20250522
2,0,0,0,0,0,0,0,54795,away,275,20250522
1,0,0,0,0,0,0,0,66715,away,275,20250522
0,0,0,0,0,0,0,0,65703,away,275,20250522
4,1,1,0,0,0,0,1,62907,home,275,20250522
3,0,1,0,0,0,0,1,51907,home,275,20250522
3,0,0,0,0,0,2,0,77532,home,275,20250522
1,0,0,0,0,0,0,0,68912,home,275,20250522
4,0,1,1,0,0,2,0,79215,home,275,20250522
0,0,0,0,0,0,0,0,64101,home,275,20250522
4,0,0,0,0,0,3,0,63963,home,275,20250522
4,1,1,0,0,0,0,0,69995,home,275,20250522
0,0,0,0,0,0,0,0,50902,home,275,20250522
4,2,3,0,0,0,0,1,67905,home,275,20250522
3,0,2,2,0,1,0,0,62244,home,275,20250522
4,0,1,1,0,0,1,0,51344,home,275,20250522
3,0,0,0,0,0,2,0,64101,away,276,20250523
1,0,0,0,0,0,0,0,62907,away,276,20250523
2,0,0,0,0,2,0,1,51907,away,276,20250523
2,0,1,1,0,2,0,0,63963,away,276,20250523
3,0,0,0,0,0,0,0,79215,away,276,20250523
4,0,0,0,0,0,2,0,68912,away,276,20250523
0,0,0,0,0,0,0,0,62244,away,276,20250523
4,0,0,0,0,0,1,0,67905,away,276,20250523
4,0,0,0,0,0,2,0,51344,away,276,20250523
3,0,1,0,0,0,0,0,66965,away,276,20250523
3,0,1,0,0,0,0,0,50902,away,276,20250523
0,1,0,0,0,0,0,0,50906,away,276,20250523
4,1,2,0,0,1,0,0,79231,home,276,20250523
5,0,1,0,0,0,3,0,55208,home,276,20250523
3,0,2,1,0,0,1,0,76232,home,276,20250523
0,0,0,0,0,0,0,0,50204,home,276,20250523
3,0,0,0,0,1,1,0,64153,home,276,20250523
3,0,0,0,0,0,0,0,78224,home,276,20250523
1,0,0,0,0,0,1,0,66209,home,276,20250523
3,0,0,0,0,1,0,0,66112,home,276,20250523
4,0,1,0,0,0,1,0,50208,home,276,20250523
4,0,1,0,0,0,2,0,63123,home,276,20250523
3,0,1,0,0,1,1,0,54236,home,276,20250523
0,0,0,0,0,0,0,0,64468,home,276,20250523
4,0,0,1,0,0,0,0,68119,away,277,20250523
3,0,1,1,0,0,0,0,76290,away,277,20250523
0,0,0,0,0,0,0,0,52103,away,277,20250523
4,1,1,1,1,0,0,0,53123,away,277,20250523
4,0,0,0,0,0,2,0,79365,away,277,20250523
3,0,0,0,0,1,1,0,79109,away,277,20250523
4,0,1,0,0,0,1,0,69100,away,277,20250523
3,0,0,0,0,0,1,0,68110,away,277,20250523
1,0,0,0,0,0,0,0,69102,away,277,20250523
0,0,0,0,0,0,0,0,53139,away,277,20250523
3,1,1,0,0,1,0,2,62415,away,277,20250523
2,1,1,0,0,1,1,1,51100,away,277,20250523
0,0,0,0,0,0,0,0,65207,away,277,20250523
4,1,1,0,0,0,2,1,50854,home,277,20250523
3,1,1,0,0,1,1,0,67893,home,277,20250523
3,0,0,0,0,1,3,0,75847,home,277,20250523
3,0,0,0,0,0,0,0,51868,home,277,20250523
1,0,1,0,0,0,0,0,66662,home,277,20250523
4,0,0,0,0,0,3,0,62895,home,277,20250523
3,0,0,0,0,0,2,0,66864,home,277,20250523
1,0,1,1,0,0,0,0,54812,home,277,20250523
2,0,1,0,0,0,1,0,51865,home,277,20250523
1,0,0,0,0,0,0,0,68868,home,277,20250523
1,0,0,0,0,0,0,0,79456,home,277,20250523
3,0,0,0,0,0,3,0,60558,home,277,20250523
2,0,0,0,0,1,0,0,69804,home,277,20250523
3,0,0,0,0,2,1,0,64646,away,278,20250523
3,0,1,2,0,0,1,0,52667,away,278,20250523
2,1,1,0,0,0,1,0,66614,away,278,20250523
5,1,2,2,1,1,1,0,52605,away,278,20250523
3,2,1,0,0,3,1,0,72443,away,278,20250523
4,1,1,0,0,0,3,0,69636,away,278,20250523
1,0,0,0,0,0,0,0,65653,away,278,20250523
3,0,1,1,0,0,1,0,67610,away,278,20250523
1,0,0,0,0,1,0,0,69727,away,278,20250523
5,1,3,2,0,0,1,0,63260,away,278,20250523
4,1,2,0,0,0,0,0,78122,away,278,20250523
5,0,1,0,0,0,2,0,67609,away,278,20250523
5,0,2,0,0,0,1,0,50458,home,278,20250523
5,0,1,0,0,0,2,0,67449,home,278,20250523
4,0,0,0,0,0,0,0,62404,home,278,20250523
4,2,2,0,0,0,1,0,54400,home,278,20250523
4,3,3,2,1,0,1,0,52430,home,278,20250523
3,1,0,0,0,0,2,0,61404,home,278,20250523
2,0,0,0,0,0,2,0,62234,home,278,20250523
1,0,0,0,0,0,1,0,74540,home,278,20250523
3,0,2,3,0,0,1,0,65132,home,278,20250523
1,0,0,0,0,0,1,0,65586,home,278,20250523
2,0,1,1,0,0,0,0,52415,home,278,20250523
0,0,0,0,0,0,0,0,54408,home,278,20250523
1,0,0,0,0,0,0,0,66409,home,278,20250523
5,1,4,1,0,0,0,0,76313,away,279,20250523
5,1,1,3,0,0,0,0,64004,away,279,20250523
5,0,2,1,0,0,0,0,52001,away,279,20250523
0,0,0,0,0,0,0,0,66706,away,279,20250523
4,0,0,0,0,1,1,0,78548,away,279,20250523
4,1,1,0,0,0,0,0,67025,away,279,20250523
1,0,0,0,0,0,0,0,64166,away,279,20250523
5,0,3,0,0,0,0,0,68050,away,279,20250523
0,0,0,0,0,0,0,0,69056,away,279,20250523
4,1,1,0,0,1,0,0,79402,away,279,20250523
4,2,2,2,0,0,1,0,64007,away,279,20250523
0,0,0,0,0,0,0,0,79240,away,279,20250523
3,1,0,0,0,1,0,0,51003,away,279,20250523
5,0,4,0,0,0,0,0,65357,home,279,20250523
4,0,0,0,0,0,1,0,78135,home,279,20250523
2,1,2,3,0,1,0,0,76267,home,279,20250523
5,1,1,2,1,0,0,0,54444,home,279,20250523
4,0,2,0,0,0,0,0,64346,home,279,20250523
3,0,0,0,0,0,2,0,66838,home,279,20250523
1,0,0,0,0,0,0,0,50167,home,279,20250523
3,0,0,0,0,0,1,0,53312,home,279,20250523
1,0,0,0,0,0,1,0,50357,home,279,20250523
0,0,0,0,0,0,0,0,62332,home,279,20250523
3,0,0,0,0,0,0,0,55397,home,279,20250523
1,1,1,0,0,0,0,0,55392,home,279,20250523
1,1,0,0,0,1,0,0,78756,home,279,20250523
2,1,2,0,0,0,0,0,64984,home,279,20250523
4,1,1,0,0,0,1,0,68507,away,280,20250523
4,0,1,0,0,0,2,0,52591,away,280,20250523
4,0,2,0,0,0,0,0,54529,away,280,20250523
4,0,0,0,0,0,3,0,78513,away,280,20250523
3,0,0,0,0,1,0,0,51551,away,280,20250523
0,0,0,0,0,0,0,0,52504,away,280,20250523
4,0,1,1,0,0,1,0,68205,away,280,20250523
3,0,0,0,0,0,2,0,50150,away,280,20250523
1,0,0,0,0,0,1,0,69517,away,280,20250523
3,1,1,1,1,0,0,0,61102,away,280,20250523
0,0,0,0,0,0,0,0,51528,away,280,20250523
3,0,0,0,0,0,3,0,54598,away,280,20250523
4,0,2,0,0,0,0,0,55734,home,280,20250523
3,0,0,2,0,1,0,0,50707,home,280,20250523
4,0,1,0,0,0,0,0,53764,home,280,20250523
0,0,0,0,0,0,0,0,78288,home,280,20250523
4,1,0,0,0,0,0,0,69737,home,280,20250523
3,0,0,0,0,0,0,0,79192,home,280,20250523
4,1,1,0,0,0,1,0,66657,home,280,20250523
0,0,0,0,0,0,0,0,66704,home,280,20250523
3,0,0,1,0,0,1,0,54795,home,280,20250523
2,1,1,0,0,1,0,0,76812,home,280,20250523
0,1,0,0,0,0,0,0,68700,home,280,20250523
3,0,2,1,0,0,1,0,62700,home,280,20250523
5,3,4,1,1,0,0,0,76313,away,281,20250524
4,0,1,1,0,0,0,1,64004,away,281,20250524
0,0,0,0,0,0,0,0,64166,away,281,20250524
4,2,2,2,0,1,1,0,52001,away,281,20250524
2,1,0,0,0,2,0,0,67025,away,281,20250524
1,0,1,0,0,0,0,0,78548,away,281,20250524
0,0,0,0,0,0,0,0,66706,away,281,20250524
5,3,3,4,1,0,0,0,68050,away,281,20250524
4,0,0,0,0,0,0,0,79240,away,281,20250524
0,0,0,0,0,1,0,0,64007,away,281,20250524
5,0,2,2,0,0,0,0,79402,away,281,20250524
5,0,0,0,0,0,1,0,51003,away,281,20250524
3,1,0,0,0,1,0,0,68089,away,281,20250524
4,1,2,0,0,0,0,0,65357,home,281,20250524
1,0,0,0,0,0,0,0,55397,home,281,20250524
5,0,3,0,0,0,0,0,76267,home,281,20250524
3,0,1,0,0,2,1,0,54444,home,281,20250524
4,0,1,1,0,0,1,0,64346,home,281,20250524
2,0,0,0,0,0,2,0,66838,home,281,20250524
1,1,1,1,1,1,0,0,50167,home,281,20250524
3,0,0,0,0,0,3,0,78756,home,281,20250524
1,0,0,0,0,0,0,0,64984,home,281,20250524
3,0,0,0,0,0,1,0,78135,home,281,20250524
1,0,0,0,0,0,0,0,50357,home,281,20250524
3,1,1,0,0,0,0,1,62332,home,281,20250524
1,0,0,0,0,0,0,0,53312,home,281,20250524
4,1,4,1,0,0,0,0,55392,home,281,20250524
6,2,1,2,0,0,2,0,68507,away,282,20250524
6,0,2,1,0,0,2,0,69517,away,282,20250524
0,0,0,0,0,0,0,0,77564,away,282,20250524
5,0,2,1,0,0,1,0,54529,away,282,20250524
4,1,1,1,0,0,1,0,78513,away,282,20250524
0,0,0,0,0,0,0,1,52504,away,282,20250524
4,0,1,0,0,1,0,0,52591,away,282,20250524
5,0,1,0,0,0,0,0,51551,away,282,20250524
0,1,0,0,0,0,0,0,54598,away,282,20250524
4,1,0,0,0,1,1,0,68205,away,282,20250524
2,1,0,0,0,1,2,0,61102,away,282,20250524
5,2,5,2,0,0,0,0,50150,away,282,20250524
5,1,1,1,1,0,3,0,55734,home,282,20250524
5,1,1,1,0,0,2,0,62700,home,282,20250524
5,0,3,1,0,0,0,0,53764,home,282,20250524
5,1,1,0,0,0,2,0,69737,home,282,20250524
3,1,2,2,1,0,0,0,79192,home,282,20250524
2,0,0,0,0,0,2,0,66715,home,282,20250524
5,0,2,0,0,0,1,0,66704,home,282,20250524
3,0,0,0,0,1,1,0,50707,home,282,20250524
1,1,1,0,0,1,0,0,78288,home,282,20250524
0,0,0,0,0,0,0,1,68700,home,282,20250524
1,0,0,0,0,0,1,0,76812,home,282,20250524
3,1,1,0,0,0,1,0,65703,home,282,20250524
1,0,0,0,0,0,0,0,54795,home,282,20250524
3,2,2,0,0,1,1,1,62907,away,283,20250524
3,0,0,0,0,1,1,0,51907,away,283,20250524
3,0,1,1,0,0,0,0,77532,away,283,20250524
0,1,0,0,0,0,0,1,50906,away,283,20250524
1,0,0,0,0,0,0,0,64022,away,283,20250524
2,0,0,0,0,1,1,0,79215,away,283,20250524
1,0,0,0,0,0,0,0,67905,away,283,20250524
3,1,2,2,1,0,0,0,63963,away,283,20250524
4,0,1,0,0,0,1,0,64101,away,283,20250524
3,0,0,0,0,0,1,0,66965,away,283,20250524
1,0,0,0,0,0,1,0,51344,away,283,20250524
4,1,1,1,1,0,1,0,62244,away,283,20250524
3,0,0,0,0,0,0,0,55926,away,283,20250524
0,0,0,0,0,0,0,0,50902,away,283,20250524
3,0,0,0,0,1,0,0,79231,home,283,20250524
4,0,0,0,0,0,1,0,50208,home,283,20250524
4,0,1,0,0,0,0,0,76232,home,283,20250524
3,1,1,0,0,1,1,0,78224,home,283,20250524
3,0,1,0,0,0,1,0,55208,home,283,20250524
4,0,1,0,0,0,2,0,64153,home,283,20250524
0,0,0,0,0,0,0,0,66209,home,283,20250524
3,0,2,1,0,1,0,0,66112,home,283,20250524
2,0,0,0,0,1,1,0,63123,home,283,20250524
0,0,0,0,0,1,0,0,68362,home,283,20250524
3,0,0,0,0,0,2,0,54236,home,283,20250524
1,0,0,0,0,0,1,0,63257,home,283,20250524
4,0,0,0,0,1,0,0,68119,away,284,20250524
5,2,1,0,0,0,2,0,76290,away,284,20250524
4,1,2,2,1,1,1,0,53123,away,284,20250524
3,0,1,1,0,1,0,0,69102,away,284,20250524
3,0,1,0,0,1,2,0,79365,away,284,20250524
4,1,0,0,0,0,0,0,79109,away,284,20250524
3,0,1,0,0,0,0,0,69100,away,284,20250524
3,0,1,1,0,0,1,0,62415,away,284,20250524
4,0,1,0,0,0,1,0,51100,away,284,20250524
0,0,0,0,0,0,0,0,65207,away,284,20250524
5,1,1,0,0,0,1,1,50854,home,284,20250524
4,0,1,0,0,1,1,0,67893,home,284,20250524
0,1,0,0,0,0,0,0,60558,home,284,20250524
2,2,2,2,1,2,0,0,75847,home,284,20250524
5,0,2,2,0,0,1,0,62895,home,284,20250524
4,1,2,1,1,0,0,0,51868,home,284,20250524
4,0,0,0,0,0,2,0,68868,home,284,20250524
4,0,0,0,0,0,1,0,66864,home,284,20250524
4,0,2,0,0,0,0,0,54812,home,284,20250524
4,0,0,0,0,0,1,0,51865,home,284,20250524
4,0,0,0,0,1,0,0,64646,away,285,20250524
4,0,1,0,0,0,0,0,52667,away,285,20250524
1,0,0,0,0,0,0,0,66614,away,285,20250524
4,2,3,1,1,0,0,2,52605,away,285,20250524
4,1,1,2,1,0,0,0,72443,away,285,20250524
4,0,0,0,0,0,2,0,63260,away,285,20250524
4,0,0,0,0,0,2,0,69727,away,285,20250524
4,1,2,0,0,0,1,0,69636,away,285,20250524
3,0,1,0,0,0,1,0,68646,away,285,20250524
1,0,0,0,0,0,1,0,67610,away,285,20250524
3,0,1,1,0,0,1,1,65653,away,285,20250524
1,0,0,0,0,0,0,0,67609,away,285,20250524
5,0,0,0,0,0,0,0,50458,home,285,20250524
4,0,2,2,0,1,0,0,67449,home,285,20250524
5,1,1,0,0,0,0,0,62404,home,285,20250524
3,1,1,0,0,1,1,0,54400,home,285,20250524
0,1,0,0,0,0,0,0,55438,home,285,20250524
0,0,0,0,0,0,0,0,65586,home,285,20250524
2,1,0,0,0,2,1,0,52430,home,285,20250524
2,1,0,0,0,2,2,0,74540,home,285,20250524
4,0,2,3,0,0,0,0,62234,home,285,20250524
2,0,0,0,0,0,0,0,69418,home,285,20250524
1,0,1,0,0,0,0,0,52415,home,285,20250524
0,2,0,1,0,1,0,0,66409,home,285,20250524
3,1,2,1,0,1,1,0,54408,home,285,20250524
0,1,0,1,0,0,0,1,69992,away,286,20250525
1,0,0,0,0,0,1,0,77532,away,286,20250525
1,0,0,0,0,0,0,0,64101,away,286,20250525
4,1,2,0,0,1,0,1,51907,away,286,20250525
4,0,1,1,0,0,1,0,62907,away,286,20250525
4,0,1,1,0,0,1,0,79215,away,286,20250525
3,0,0,0,0,1,2,0,63963,away,286,20250525
4,0,0,0,0,0,0,0,67905,away,286,20250525
3,0,0,0,0,0,1,0,64022,away,286,20250525
1,0,0,0,0,0,1,0,62244,away,286,20250525
4,1,2,0,0,0,1,0,51344,away,286,20250525
3,0,1,0,0,0,0,0,50902,away,286,20250525
1,0,0,0,0,0,0,0,55926,away,286,20250525
4,0,1,1,0,0,1,0,50208,home,286,20250525
5,0,2,1,0,0,1,0,55208,home,286,20250525
3,2,1,0,0,2,0,0,76232,home,286,20250525
2,1,1,0,0,2,0,0,64153,home,286,20250525
1,0,0,0,0,3,1,0,78224,home,286,20250525
0,0,0,0,0,0,0,0,66209,home,286,20250525
3,0,0,1,0,1,0,0,66112,home,286,20250525
3,2,2,1,0,0,0,0,54236,home,286,20250525
4,0,2,0,0,0,0,0,64468,home,286,20250525
3,0,0,0,0,1,0,0,79231,home,286,20250525
4,0,0,0,0,1,1,0,68119,away,287,20250525
1,0,0,0,0,0,1,0,68110,away,287,20250525
5,1,2,1,0,0,0,0,65207,away,287,20250525
4,2,2,1,1,1,0,0,53123,away,287,20250525
0,0,0,0,0,0,0,0,50108,away,287,20250525
4,3,2,1,1,1,1,0,69102,away,287,20250525
3,0,1,2,0,1,0,0,76290,away,287,20250525
0,1,0,0,0,0,0,0,52103,away,287,20250525
2,0,0,0,0,0,1,0,79109,away,287,20250525
2,0,0,0,0,1,0,0,62415,away,287,20250525
5,0,1,0,0,0,0,0,69100,away,287,20250525
5,0,1,0,0,0,4,0,51100,away,287,20250525
4,2,3,1,1,0,0,0,52154,away,287,20250525
5,0,0,0,0,0,3,0,50854,home,287,20250525
2,0,0,0,0,2,1,0,54812,home,287,20250525
3,0,1,0,0,0,1,0,67893,home,287,20250525
1,0,0,0,0,0,0,0,66917,home,287,20250525
4,0,1,0,0,0,1,0,51868,home,287,20250525
2,0,0,0,0,1,2,0,62895,home,287,20250525
1,0,0,0,0,0,1,0,68868,home,287,20250525
3,0,1,0,0,0,1,0,79456,home,287,20250525
1,1,1,1,1,0,0,0,66662,home,287,20250525
4,1,1,0,0,0,1,0,66864,home,287,20250525
3,0,0,0,0,0,1,0,69804,home,287,20250525
4,1,2,2,1,0,1,0,60558,home,287,20250525
4,0,0,0,0,0,1,0,64646,away,288,20250525
4,0,0,0,0,0,2,0,69636,away,288,20250525
4,1,1,1,1,0,2,0,52605,away,288,20250525
4,0,1,0,0,0,1,0,72443,away,288,20250525
4,0,0,0,0,0,1,0,65610,away,288,20250525
2,0,1,0,0,0,1,0,67610,away,288,20250525
2,0,0,0,0,0,2,0,63260,away,288,20250525
2,0,0,0,0,0,0,0,66614,away,288,20250525
1,0,0,0,0,0,0,0,52667,away,288,20250525
1,0,0,0,0,0,0,0,50600,away,288,20250525
4,1,3,1,1,0,0,0,78122,away,288,20250525
1,0,0,0,0,0,0,0,67609,away,288,20250525
2,0,1,0,0,0,0,0,65653,away,288,20250525
3,0,0,0,0,1,1,0,50458,home,288,20250525
4,1,1,0,0,0,2,0,67449,home,288,20250525
4,0,0,0,0,0,3,0,62404,home,288,20250525
4,2,2,3,2,0,1,0,54400,home,288,20250525
3,0,0,0,0,0,1,0,52430,home,288,20250525
3,0,0,0,0,0,0,0,62234,home,288,20250525
3,0,0,0,0,0,0,0,74540,home,288,20250525
2,0,1,0,0,1,0,0,69418,home,288,20250525
2,0,0,0,0,1,0,0,54408,home,288,20250525
3,0,1,1,0,1,1,0,76313,away,289,20250525
4,0,0,0,0,0,0,0,64004,away,289,20250525
4,0,0,0,0,0,3,0,52001,away,289,20250525
0,0,0,0,0,0,0,0,64166,away,289,20250525
4,1,1,0,0,0,0,0,67025,away,289,20250525
0,0,0,0,0,0,0,0,66706,away,289,20250525
3,0,1,0,0,1,0,0,68050,away,289,20250525
4,0,0,0,0,0,0,0,79240,away,289,20250525
3,0,2,0,0,0,0,0,78548,away,289,20250525
1,1,0,0,0,2,0,0,79402,away,289,20250525
2,0,0,0,0,1,0,0,51003,away,289,20250525
4,0,0,0,0,0,1,0,65357,home,289,20250525
4,0,0,0,0,0,0,0,76267,home,289,20250525
4,0,3,0,0,0,0,0,54444,home,289,20250525
4,0,0,0,0,0,1,0,64346,home,289,20250525
4,0,1,0,0,0,0,0,64984,home,289,20250525
4,0,1,0,0,0,1,0,50167,home,289,20250525
3,0,0,0,0,0,2,0,50357,home,289,20250525
0,0,0,0,0,1,0,0,64340,home,289,20250525
4,0,2,0,0,0,0,0,53312,home,289,20250525
4,0,1,0,0,0,1,0,55392,home,289,20250525
6,1,2,1,0,0,1,0,68507,away,290,20250525
3,1,1,0,0,2,0,0,69517,away,290,20250525
0,0,0,0,0,0,0,0,54598,away,290,20250525
5,1,1,1,0,0,2,0,54529,away,290,20250525
5,2,2,3,1,0,2,0,78513,away,290,20250525
4,0,1,1,0,1,0,0,52591,away,290,20250525
5,0,0,0,0,0,2,0,51551,away,290,20250525
3,1,0,0,0,1,0,0,50150,away,290,20250525
4,1,2,1,0,0,1,0,61102,away,290,20250525
0,0,0,0,0,0,0,1,52504,away,290,20250525
0,0,0,0,0,0,0,0,51528,away,290,20250525
4,0,1,0,0,1,2,0,68205,away,290,20250525
6,1,2,1,1,0,0,0,55734,home,290,20250525
4,2,2,1,0,0,2,0,62700,home,290,20250525
3,1,2,1,0,3,0,0,53764,home,290,20250525
4,1,2,4,1,1,1,0,69737,home,290,20250525
2,0,0,0,0,0,1,0,50707,home,290,20250525
2,0,0,0,0,1,1,0,79192,home,290,20250525
2,0,0,0,0,0,0,0,66715,home,290,20250525
3,0,0,0,0,0,1,0,66704,home,290,20250525
3,1,1,0,0,0,2,1,68700,home,290,20250525
4,2,2,0,0,1,0,0,78288,home,290,20250525
3,0,0,0,0,0,0,0,65703,home,290,20250525
2,0,1,0,0,0,0,0,54795,home,290,20250525
4,0,0,0,0,0,0,0,55734,away,291,20250527
3,0,1,0,0,1,0,0,62700,away,291,20250527
4,1,1,0,0,0,1,0,53764,away,291,20250527
4,0,1,1,0,0,2,0,69737,away,291,20250527
3,0,0,0,0,1,1,0,79192,away,291,20250527
3,0,1,0,0,0,0,0,66657,away,291,20250527
0,0,0,0,0,0,0,0,68700,away,291,20250527
1,0,0,0,0,0,0,0,50707,away,291,20250527
3,0,0,0,0,0,2,0,66715,away,291,20250527
3,0,0,0,0,0,1,0,78288,away,291,20250527
3,0,1,0,0,0,2,0,54795,away,291,20250527
4,0,1,0,0,0,0,0,68119,home,291,20250527
3,0,0,0,0,0,1,0,76290,home,291,20250527
0,0,0,0,0,0,0,0,52103,home,291,20250527
3,1,1,0,0,1,0,0,53123,home,291,20250527
3,1,2,1,0,1,0,0,69102,home,291,20250527
3,0,0,0,0,1,2,0,79365,home,291,20250527
4,0,1,1,0,0,0,0,69100,home,291,20250527
3,0,0,0,0,1,0,0,65207,home,291,20250527
2,0,0,0,0,1,0,1,62415,home,291,20250527
3,0,0,0,0,0,1,0,51100,home,291,20250527
5,0,2,0,0,0,3,0,62907,away,292,20250527
0,0,0,0,0,0,0,0,69992,away,292,20250527
5,0,1,1,0,0,1,1,51907,away,292,20250527
4,0,1,0,0,0,0,0,77532,away,292,20250527
1,0,0,0,0,0,0,0,62934,away,292,20250527
4,0,0,0,0,1,1,0,79215,away,292,20250527
4,0,1,0,0,0,2,1,63963,away,292,20250527
1,0,0,0,0,0,0,0,64101,away,292,20250527
4,0,1,0,0,0,0,1,67905,away,292,20250527
4,0,0,0,0,0,1,0,62244,away,292,20250527
0,0,0,0,0,0,0,0,64022,away,292,20250527
4,0,0,0,0,0,2,0,51344,away,292,20250527
2,0,1,0,0,1,1,0,66965,away,292,20250527
0,1,0,0,0,0,0,0,50906,away,292,20250527
1,0,0,0,0,0,0,0,50902,away,292,20250527
5,0,1,0,0,0,1,0,50854,home,292,20250527
5,0,1,0,0,0,1,0,67893,home,292,20250527
5,0,0,0,0,0,0,0,75847,home,292,20250527
5,1,1,0,0,0,3,0,62895,home,292,20250527
3,0,1,0,0,1,0,0,51868,home,292,20250527
2,0,0,1,0,0,0,0,68868,home,292,20250527
1,0,0,0,0,0,0,0,79456,home,292,20250527
2,0,0,0,0,0,1,0,66864,home,292,20250527
2,0,0,0,0,0,1,0,60558,home,292,20250527
4,0,1,0,0,0,1,0,54812,home,292,20250527
2,0,0,0,0,0,0,0,51865,home,292,20250527
1,0,0,0,0,0,1,0,66917,home,292,20250527
5,1,2,0,0,0,0,0,68507,away,293,20250527
4,1,2,0,0,0,1,0,69517,away,293,20250527
4,1,2,1,0,0,0,0,54529,away,293,20250527
4,0,1,0,0,0,1,0,78513,away,293,20250527
4,0,2,1,0,0,0,0,52591,away,293,20250527
0,0,0,0,0,0,0,0,52504,away,293,20250527
3,0,0,0,0,0,3,0,61102,away,293,20250527
1,0,0,0,0,0,0,0,51528,away,293,20250527
4,0,2,0,0,0,0,0,68205,away,293,20250527
3,0,0,0,0,0,0,0,51551,away,293,20250527
1,0,0,0,0,0,1,0,52516,away,293,20250527
3,0,1,0,0,0,0,0,50150,away,293,20250527
0,0,0,0,0,1,0,0,77564,away,293,20250527
5,2,2,1,0,0,1,1,50458,home,293,20250527
3,0,1,0,0,1,2,1,52415,home,293,20250527
4,1,1,1,0,0,2,0,67449,home,293,20250527
3,1,1,2,1,0,1,0,54400,home,293,20250527
4,0,0,0,0,0,3,0,52430,home,293,20250527
4,0,2,0,0,0,1,0,74540,home,293,20250527
4,1,0,0,0,0,0,0,62234,home,293,20250527
4,1,2,0,0,0,2,0,69418,home,293,20250527
2,1,0,0,0,0,2,1,66409,home,293,20250527
1,0,0,0,0,0,0,0,62404,home,293,20250527
4,0,1,1,0,0,1,0,79231,away,294,20250527
4,0,0,0,0,0,1,0,55208,away,294,20250527
4,0,1,0,0,0,0,0,76232,away,294,20250527
3,0,0,0,0,0,2,0,78224,away,294,20250527
4,0,0,0,0,0,2,0,64153,away,294,20250527
3,0,0,0,0,0,2,0,50208,away,294,20250527
3,0,0,0,0,0,0,0,68362,away,294,20250527
3,1,1,0,0,0,1,0,63123,away,294,20250527
2,0,0,0,0,0,1,0,54236,away,294,20250527
0,0,0,0,0,0,0,0,63257,away,294,20250527
0,0,0,0,0,0,0,0,50204,away,294,20250527
3,0,0,0,0,1,0,0,76313,home,294,20250527
4,0,1,0,0,0,1,0,64004,home,294,20250527
4,0,1,0,0,0,1,0,52001,home,294,20250527
4,0,0,0,0,0,0,0,67025,home,294,20250527
0,0,0,0,0,0,0,0,64166,home,294,20250527
2,0,1,0,0,0,0,0,68050,home,294,20250527
0,1,0,0,0,1,0,0,64007,home,294,20250527
1,0,0,0,0,0,1,0,66706,home,294,20250527
4,0,2,0,0,0,0,0,78548,home,294,20250527
4,1,1,0,0,0,0,0,79240,home,294,20250527
3,0,2,1,0,0,0,0,79402,home,294,20250527
2,0,0,1,0,0,1,0,51003,home,294,20250527
5,0,3,3,0,0,1,0,65357,away,295,20250527
4,0,0,1,0,0,1,0,76267,away,295,20250527
5,0,2,0,0,0,1,0,50167,away,295,20250527
4,0,2,0,0,0,0,0,54444,away,295,20250527
4,0,0,0,0,0,3,0,64346,away,295,20250527
3,1,1,0,0,1,1,0,75566,away,295,20250527
4,1,1,0,0,0,1,0,64984,away,295,20250527
4,2,3,1,0,0,0,0,53312,away,295,20250527
2,0,0,0,0,0,1,0,55392,away,295,20250527
1,0,0,0,0,0,0,0,64340,away,295,20250527
1,1,1,0,0,0,0,0,78756,away,295,20250527
5,0,2,0,0,0,0,1,64646,home,295,20250527
4,1,1,1,1,1,1,0,69636,home,295,20250527
3,0,1,1,0,0,1,1,52605,home,295,20250527
1,1,0,0,0,0,1,0,66614,home,295,20250527
4,2,3,2,1,0,0,0,72443,home,295,20250527
4,1,2,0,0,0,1,0,68646,home,295,20250527
3,0,1,0,0,0,1,0,67610,home,295,20250527
1,1,1,1,0,0,0,0,63260,home,295,20250527
4,0,2,2,0,0,1,0,65610,home,295,20250527
4,0,0,0,0,0,1,0,65653,home,295,20250527
3,1,1,0,0,1,1,0,50600,home,295,20250527
5,1,2,1,1,0,0,0,55734,away,296,20250528
5,1,2,1,0,0,1,0,62700,away,296,20250528
4,2,1,1,0,1,1,0,53764,away,296,20250528
4,0,1,1,0,1,1,1,69737,away,296,20250528
5,1,1,2,1,0,1,0,79192,away,296,20250528
5,0,0,0,0,0,1,0,66657,away,296,20250528
2,0,0,0,0,1,0,0,79608,away,296,20250528
1,0,0,0,0,0,1,0,68700,away,296,20250528
2,0,0,0,0,0,0,0,78288,away,296,20250528
1,0,0,0,0,0,1,0,65703,away,296,20250528
3,1,1,0,0,0,0,0,54795,away,296,20250528
1,0,0,0,0,0,0,0,50707,away,296,20250528
0,0,0,0,0,0,0,0,76812,away,296,20250528
4,0,1,0,0,0,1,0,68119,home,296,20250528
0,0,0,0,0,0,0,0,52103,home,296,20250528
2,0,0,0,0,0,1,0,50108,home,296,20250528
5,1,2,1,1,0,0,0,76290,home,296,20250528
5,0,2,0,0,0,0,0,53123,home,296,20250528
4,1,0,0,0,0,1,1,69102,home,296,20250528
5,2,2,1,1,0,1,1,79365,home,296,20250528
4,0,0,0,0,0,2,0,69100,home,296,20250528
0,0,0,0,0,1,0,0,68110,home,296,20250528
2,0,0,0,0,0,1,0,65207,home,296,20250528
3,0,1,0,0,0,1,0,79109,home,296,20250528
5,0,2,2,0,0,0,0,62415,home,296,20250528
4,1,1,1,1,0,3,0,51100,home,296,20250528
0,0,0,0,0,1,0,0,52154,home,296,20250528
3,1,0,0,0,1,1,0,63963,away,297,20250528
1,0,0,0,0,0,0,0,64101,away,297,20250528
3,1,1,0,0,1,0,0,51907,away,297,20250528
4,1,1,1,0,0,0,0,62907,away,297,20250528
0,0,0,0,0,0,0,0,69992,away,297,20250528
4,1,2,1,0,0,1,0,54944,away,297,20250528
3,1,2,2,0,0,0,0,79215,away,297,20250528
1,0,0,0,0,0,1,0,50906,away,297,20250528
3,0,1,0,0,0,2,0,67905,away,297,20250528
1,0,0,0,0,0,0,0,62934,away,297,20250528
3,0,1,0,0,0,0,0,51344,away,297,20250528
0,0,0,0,0,0,0,0,62244,away,297,20250528
3,0,0,1,0,1,0,0,64022,away,297,20250528
1,0,0,0,0,0,0,0,50902,away,297,20250528
1,0,0,0,0,0,1,0,69203,away,297,20250528
1,0,0,0,0,0,0,0,66965,away,297,20250528
4,2,1,2,0,1,0,0,50854,home,297,20250528
1,0,0,0,0,0,1,0,69804,home,297,20250528
3,2,1,2,1,2,0,0,68868,home,297,20250528
5,2,3,3,1,0,0,0,75847,home,297,20250528
5,1,2,2,1,0,2,0,62895,home,297,20250528
0,0,0,0,0,0,0,0,60558,home,297,20250528
5,1,2,1,1,0,1,0,51868,home,297,20250528
4,1,1,0,0,1,1,0,67893,home,297,20250528
0,0,0,0,0,0,0,0,66917,home,297,20250528
1,0,0,0,0,2,1,0,66662,home,297,20250528
2,0,1,0,0,0,0,0,79456,home,297,20250528
4,2,0,0,0,1,2,1,54812,home,297,20250528
3,2,2,0,0,2,0,0,66864,home,297,20250528
4,1,1,1,0,2,1,0,79231,away,299,20250528
6,2,2,0,0,0,2,0,55208,away,299,20250528
4,2,2,2,2,0,1,0,76232,away,299,20250528
2,0,0,0,0,0,0,0,66112,away,299,20250528
3,2,2,2,1,2,1,0,78224,away,299,20250528
3,1,1,1,0,1,2,0,63257,away,299,20250528
0,2,0,0,0,1,0,1,66209,away,299,20250528
4,1,1,1,0,1,1,0,50208,away,299,20250528
3,0,1,0,0,0,0,0,68362,away,299,20250528
2,1,1,1,0,0,0,0,63123,away,299,20250528
3,0,0,0,0,0,1,0,54236,away,299,20250528
1,0,1,1,0,1,0,0,64468,away,299,20250528
4,0,1,0,0,0,3,0,55226,away,299,20250528
4,0,2,0,0,0,1,0,76313,home,299,20250528
1,0,0,0,0,0,1,0,64007,home,299,20250528
4,0,0,0,0,1,1,0,64004,home,299,20250528
4,0,0,0,0,0,0,0,52001,home,299,20250528
0,0,0,0,0,0,0,0,52002,home,299,20250528
4,0,1,0,0,0,1,0,67025,home,299,20250528
3,1,1,0,0,0,0,0,78548,home,299,20250528
1,0,0,0,0,0,1,0,68089,home,299,20250528
3,1,0,0,0,1,0,0,79240,home,299,20250528
4,1,2,1,0,0,1,0,66706,home,299,20250528
3,0,0,1,0,0,0,0,79402,home,299,20250528
1,0,0,0,0,0,0,0,50092,home,299,20250528
1,0,0,0,0,0,0,0,51003,home,299,20250528
0,0,0,0,0,1,0,0,69056,home,299,20250528
1,0,1,1,0,0,0,0,64166,home,299,20250528
1,0,0,0,0,0,1,0,69064,home,299,20250528
5,1,2,0,0,0,0,1,65357,away,300,20250528
0,0,0,0,0,0,0,0,54344,away,300,20250528
5,1,1,1,0,0,1,0,76267,away,300,20250528
4,1,2,0,0,1,0,0,54444,away,300,20250528
5,1,3,1,0,0,2,0,50167,away,300,20250528
2,0,0,0,0,0,1,0,75566,away,300,20250528
2,2,1,1,1,1,0,0,64340,away,300,20250528
5,1,1,3,0,0,0,0,53312,away,300,20250528
3,0,1,1,0,1,1,0,78135,away,300,20250528
0,0,0,0,0,0,0,0,50357,away,300,20250528
3,0,1,0,0,0,1,0,78756,away,300,20250528
1,0,0,0,0,0,0,0,55397,away,300,20250528
2,0,0,0,0,0,1,0,55392,away,300,20250528
2,0,0,0,0,0,1,0,64984,away,300,20250528
3,0,0,1,0,0,0,0,64646,home,300,20250528
1,0,0,0,0,0,0,0,50657,home,300,20250528
4,1,2,2,1,0,0,0,52667,home,300,20250528
1,1,0,0,0,0,1,0,50600,home,300,20250528
5,2,2,1,1,0,0,0,69636,home,300,20250528
3,1,2,1,0,1,0,0,72443,home,300,20250528
0,1,0,0,0,0,0,0,53659,home,300,20250528
2,0,0,0,0,0,0,0,68646,home,300,20250528
3,2,2,1,0,0,0,0,78122,home,300,20250528
4,2,2,0,0,0,1,0,67610,home,300,20250528
5,1,2,1,0,0,1,0,65610,home,300,20250528
4,1,2,3,0,0,1,0,65653,home,300,20250528
5,1,3,0,0,0,1,0,66614,home,300,20250528
4,0,1,0,0,0,0,0,55734,away,301,20250529
3,1,0,0,0,1,1,0,62700,away,301,20250529
4,0,1,0,0,0,2,0,53764,away,301,20250529
3,0,0,1,0,1,1,0,69737,away,301,20250529
4,0,0,0,0,0,3,0,79192,away,301,20250529
4,0,2,0,0,0,0,0,66657,away,301,20250529
3,0,0,0,0,0,0,0,79608,away,301,20250529
3,0,1,0,0,0,1,0,76812,away,301,20250529
3,0,1,0,0,0,0,0,65703,away,301,20250529
0,0,0,0,0,0,0,0,54795,away,301,20250529
4,0,0,0,0,0,1,0,68119,home,301,20250529
4,0,3,1,0,0,0,1,76290,home,301,20250529
0,0,0,0,0,0,0,0,55167,home,301,20250529
4,0,1,0,0,0,2,0,53123,home,301,20250529
4,1,2,1,1,0,1,0,69102,home,301,20250529
0,1,0,0,0,0,0,0,52103,home,301,20250529
3,0,0,0,0,0,1,0,79109,home,301,20250529
4,0,0,0,0,0,0,0,69100,home,301,20250529
2,1,1,0,0,1,1,0,62415,home,301,20250529
2,0,1,0,0,1,0,0,65207,home,301,20250529
2,0,1,0,0,0,0,0,52154,home,301,20250529
1,0,0,0,0,1,0,0,79365,home,301,20250529
3,1,2,0,0,0,0,1,69992,away,302,20250529
1,0,0,0,0,0,0,0,64101,away,302,20250529
4,1,1,0,0,0,1,1,51907,away,302,20250529
3,0,0,0,0,1,1,0,63963,away,302,20250529
4,1,2,3,1,0,2,0,54944,away,302,20250529
4,0,1,0,0,0,1,0,79215,away,302,20250529
0,0,0,0,0,0,0,1,50906,away,302,20250529
4,0,1,0,0,0,1,1,67905,away,302,20250529
1,0,0,0,0,0,1,0,69203,away,302,20250529
3,0,1,0,0,0,0,0,62907,away,302,20250529
1,0,0,0,0,0,0,0,64022,away,302,20250529
3,0,0,0,0,0,0,0,62244,away,302,20250529
0,0,0,0,0,0,0,0,62934,away,302,20250529
4,2,1,1,1,0,0,0,51344,away,302,20250529
4,0,0,0,0,0,0,0,50854,home,302,20250529
4,1,1,0,0,0,2,0,66864,home,302,20250529
0,2,0,0,0,1,0,0,75847,home,302,20250529
1,1,0,0,0,1,0,1,60558,home,302,20250529
4,1,4,1,0,0,0,0,51868,home,302,20250529
3,1,1,1,0,1,0,1,62895,home,302,20250529
4,0,2,3,0,0,0,0,79456,home,302,20250529
4,0,0,0,0,0,0,0,67893,home,302,20250529
1,0,0,0,0,1,0,0,69804,home,302,20250529
2,0,0,0,0,0,1,0,68868,home,302,20250529
2,0,0,0,0,0,0,0,66917,home,302,20250529
2,0,0,0,0,0,1,0,54812,home,302,20250529
3,0,0,0,0,2,2,0,68507,away,303,20250529
5,1,1,0,0,0,1,0,69517,away,303,20250529
0,0,0,0,0,0,0,0,54598,away,303,20250529
5,1,2,1,1,0,0,0,54529,away,303,20250529
3,0,1,0,0,1,0,0,78513,away,303,20250529
4,0,1,1,0,0,1,0,52591,away,303,20250529
1,0,0,0,0,0,0,0,77564,away,303,20250529
3,0,1,0,0,1,2,0,68205,away,303,20250529
2,0,0,0,0,2,2,0,51551,away,303,20250529
3,0,0,0,0,0,1,0,50150,away,303,20250529
2,1,1,1,1,0,1,0,51528,away,303,20250529
1,0,0,0,0,0,0,0,61102,away,303,20250529
1,0,1,0,0,0,0,0,55563,away,303,20250529
4,1,1,1,0,0,0,0,50458,home,303,20250529
5,2,4,2,0,0,0,1,67449,home,303,20250529
3,1,2,2,0,2,0,0,62404,home,303,20250529
4,1,0,0,0,1,1,0,54400,home,303,20250529
5,0,3,3,0,0,1,0,74540,home,303,20250529
4,1,1,0,0,1,0,2,62234,home,303,20250529
0,0,0,0,0,0,0,0,54408,home,303,20250529
4,1,1,1,0,1,0,0,52415,home,303,20250529
5,1,0,0,0,0,1,0,52430,home,303,20250529
3,1,1,0,0,0,1,0,69418,home,303,20250529
1,0,0,0,0,0,1,0,66409,home,303,20250529
4,0,0,0,0,0,0,0,55208,away,304,20250529
0,0,0,0,0,0,0,0,66209,away,304,20250529
3,0,1,0,0,0,1,0,64468,away,304,20250529
0,0,0,0,0,0,0,0,63257,away,304,20250529
4,0,0,0,0,0,0,0,76232,away,304,20250529
4,0,2,0,0,0,2,0,78224,away,304,20250529
3,0,1,0,0,1,0,0,66112,away,304,20250529
3,0,1,0,0,0,1,0,50208,away,304,20250529
1,0,0,0,0,0,0,0,55226,away,304,20250529
4,2,2,0,0,0,0,1,63123,away,304,20250529
3,0,1,1,0,0,0,0,54236,away,304,20250529
1,0,0,0,0,0,0,0,64153,away,304,20250529
2,0,0,0,0,0,0,0,79231,away,304,20250529
1,0,0,1,0,0,0,0,68362,away,304,20250529
2,1,0,0,0,0,0,0,76313,home,304,20250529
3,1,1,3,0,1,1,0,66706,home,304,20250529
1,0,0,0,0,0,0,0,64004,home,304,20250529
2,2,1,0,0,2,1,0,64166,home,304,20250529
5,1,3,5,1,0,1,0,52001,home,304,20250529
0,1,0,0,0,0,0,0,52002,home,304,20250529
5,1,4,1,0,0,0,0,67025,home,304,20250529
3,1,1,0,0,1,0,0,78548,home,304,20250529
1,0,1,1,0,0,0,0,68089,home,304,20250529
3,0,1,1,0,0,0,0,64007,home,304,20250529
2,2,0,0,0,1,0,0,79240,home,304,20250529
0,0,0,0,0,1,0,0,69064,home,304,20250529
3,1,0,0,0,1,0,0,79402,home,304,20250529
1,0,0,0,0,0,0,0,69056,home,304,20250529
3,1,0,0,0,1,1,0,51003,home,304,20250529
4,0,1,0,0,2,1,0,65357,away,305,20250529
3,2,2,0,0,2,0,0,76267,away,305,20250529
0,0,0,0,0,0,0,0,75566,away,305,20250529
0,0,0,0,0,1,0,0,64340,away,305,20250529
6,0,0,0,0,0,1,0,54444,away,305,20250529
5,1,2,1,0,0,1,1,50167,away,305,20250529
5,0,3,2,0,0,0,0,53312,away,305,20250529
0,0,0,0,0,0,0,0,62332,away,305,20250529
5,0,1,0,0,0,0,0,64346,away,305,20250529
2,0,0,0,0,0,0,0,55392,away,305,20250529
2,0,0,0,0,0,0,0,78756,away,305,20250529
4,0,1,0,0,0,1,0,50357,away,305,20250529
4,0,1,0,0,1,2,0,64646,home,305,20250529
4,0,0,0,0,1,1,0,66614,home,305,20250529
3,1,1,0,0,0,0,0,69636,home,305,20250529
1,0,0,0,0,0,0,0,63260,home,305,20250529
1,0,0,0,0,0,0,0,68646,home,305,20250529
5,1,1,0,0,0,1,0,72443,home,305,20250529
5,1,2,2,0,0,1,0,67610,home,305,20250529
4,0,1,1,0,0,0,0,65610,home,305,20250529
2,0,0,0,0,0,1,0,50600,home,305,20250529
1,0,1,0,0,1,0,1,50657,home,305,20250529
4,0,0,0,0,0,0,0,78122,home,305,20250529
3,0,0,0,0,1,0,0,65653,home,305,20250529
3,0,1,2,0,0,1,0,50458,away,306,20250530
2,0,2,0,0,0,0,0,67449,away,306,20250530
2,0,1,0,0,1,1,1,69418,away,306,20250530
5,0,0,0,0,0,0,0,62404,away,306,20250530
0,0,0,0,0,0,0,0,66409,away,306,20250530
3,0,1,0,0,1,1,0,54400,away,306,20250530
0,1,0,0,0,0,0,0,55438,away,306,20250530
0,0,0,0,0,1,0,0,65586,away,306,20250530
3,0,0,0,0,0,0,0,65132,away,306,20250530
1,1,0,0,0,1,0,0,74540,away,306,20250530
3,0,0,0,0,0,2,0,62234,away,306,20250530
2,2,0,0,0,2,0,0,52415,away,306,20250530
3,0,1,0,0,1,1,0,52430,away,306,20250530
2,0,1,0,0,0,0,0,65040,away,306,20250530
1,0,1,2,0,1,0,0,54408,away,306,20250530
3,0,1,0,0,1,0,1,62415,home,306,20250530
1,0,0,0,0,0,0,0,52103,home,306,20250530
4,0,0,0,0,1,1,0,76290,home,306,20250530
3,0,0,1,0,0,0,0,53123,home,306,20250530
4,0,0,0,0,0,1,0,69102,home,306,20250530
3,0,0,0,0,0,0,0,79365,home,306,20250530
0,1,0,0,0,1,0,0,52154,home,306,20250530
3,0,2,0,0,0,1,0,79109,home,306,20250530
1,1,0,0,0,0,0,0,52121,home,306,20250530
1,0,0,0,0,1,0,0,69100,home,306,20250530
2,0,0,0,0,0,0,0,68119,home,306,20250530
2,0,0,0,0,0,1,0,68110,home,306,20250530
2,0,1,0,0,0,0,0,51100,home,306,20250530
4,1,3,2,0,0,0,0,65207,home,306,20250530
3,1,1,0,0,2,0,1,50854,away,307,20250530
5,1,2,0,0,0,2,0,66864,away,307,20250530
0,0,0,0,0,0,0,0,66917,away,307,20250530
3,0,0,0,0,0,0,0,79456,away,307,20250530
1,0,1,1,0,1,0,0,62895,away,307,20250530
3,0,0,2,0,0,0,0,51868,away,307,20250530
4,0,0,0,0,0,0,0,67893,away,307,20250530
4,1,1,0,0,0,0,0,51865,away,307,20250530
3,1,2,0,0,1,1,1,60558,away,307,20250530
3,0,1,2,0,0,2,0,69804,away,307,20250530
1,0,1,0,0,0,0,0,68868,away,307,20250530
2,0,1,0,0,0,1,0,52804,away,307,20250530
2,1,1,0,0,0,0,0,54812,away,307,20250530
5,0,0,0,0,0,4,0,68507,home,307,20250530
4,2,3,0,0,0,1,0,68205,home,307,20250530
4,3,3,1,0,0,0,0,69517,home,307,20250530
4,1,1,0,0,0,1,0,54529,home,307,20250530
2,0,1,2,0,1,1,0,52591,home,307,20250530
3,0,1,2,0,1,0,0,78513,home,307,20250530
3,0,0,0,0,0,3,0,77564,home,307,20250530
0,0,0,0,0,1,0,0,51551,home,307,20250530
0,0,0,0,0,0,0,0,52504,home,307,20250530
0,0,0,0,0,0,0,0,54598,home,307,20250530
3,0,1,0,0,0,0,0,50150,home,307,20250530
3,0,0,0,0,0,3,0,61102,home,307,20250530
1,0,0,0,0,0,1,0,51528,home,307,20250530
3,2,2,0,0,2,0,0,55734,away,308,20250530
0,0,0,0,0,0,0,0,76812,away,308,20250530
4,1,2,1,0,0,0,0,62700,away,308,20250530
4,1,1,2,0,0,2,0,53764,away,308,20250530
5,0,0,0,0,0,1,0,69737,away,308,20250530
4,1,1,1,1,0,0,0,79192,away,308,20250530
5,0,2,1,0,0,1,0,66657,away,308,20250530
5,0,0,0,0,0,2,0,79608,away,308,20250530
3,1,2,0,0,0,0,0,78288,away,308,20250530
0,0,0,0,0,0,0,0,68700,away,308,20250530
2,1,1,0,0,1,0,0,54795,away,308,20250530
0,0,0,0,0,0,0,0,65703,away,308,20250530
3,1,1,0,0,1,0,0,63963,home,308,20250530
3,0,1,1,0,0,1,0,51907,home,308,20250530
0,0,0,0,0,0,0,0,50902,home,308,20250530
4,0,0,0,0,0,1,0,62907,home,308,20250530
4,0,1,0,0,0,3,0,54944,home,308,20250530
3,0,0,0,0,0,1,0,79215,home,308,20250530
0,0,0,0,0,0,0,0,64101,home,308,20250530
2,0,0,0,0,1,0,0,51344,home,308,20250530
2,0,0,0,0,0,1,0,62934,home,308,20250530
1,0,0,0,0,0,0,0,67905,home,308,20250530
2,0,0,0,0,0,0,0,64022,home,308,20250530
1,0,0,0,0,0,1,0,51903,home,308,20250530
1,0,0,0,0,0,0,0,69992,home,308,20250530
1,0,0,0,0,0,0,0,69203,home,308,20250530
1,0,0,0,0,0,0,0,66965,home,308,20250530
4,0,1,0,0,0,0,0,64646,away,309,20250530
4,1,3,1,1,0,0,0,52667,away,309,20250530
3,0,0,0,0,1,1,0,65610,away,309,20250530
4,0,1,0,0,0,1,0,72443,away,309,20250530
4,0,0,0,0,0,1,0,63260,away,309,20250530
3,0,0,0,0,0,2,0,53659,away,309,20250530
1,0,0,0,0,0,1,0,69636,away,309,20250530
3,0,0,0,0,0,2,0,50657,away,309,20250530
3,0,0,0,0,0,1,0,78122,away,309,20250530
3,0,0,0,0,0,2,0,65653,away,309,20250530
5,1,1,1,0,0,0,0,64004,home,309,20250530
0,0,0,0,0,0,0,0,66706,home,309,20250530
4,0,1,0,0,0,2,0,79240,home,309,20250530
2,1,1,1,1,1,0,0,52001,home,309,20250530
3,0,1,1,0,0,0,0,67025,home,309,20250530
3,0,0,0,0,1,2,0,64007,home,309,20250530
0,0,0,0,0,0,0,0,64504,home,309,20250530
4,0,1,0,0,0,0,1,79402,home,309,20250530
4,1,1,0,0,0,0,0,64166,home,309,20250530
3,0,0,0,0,1,1,0,51003,home,309,20250530
2,0,1,0,0,0,1,0,68089,home,309,20250530
0,0,0,0,0,1,0,0,78548,home,309,20250530
2,1,0,0,0,1,0,0,79231,away,310,20250530
3,0,1,0,0,0,0,0,69238,away,310,20250530
5,2,2,2,1,0,0,0,55208,away,310,20250530
1,0,0,0,0,0,0,0,66209,away,310,20250530
1,1,1,0,0,4,0,0,76232,away,310,20250530
3,1,1,2,0,2,0,0,78224,away,310,20250530
4,1,1,0,0,0,1,0,64153,away,310,20250530
5,1,2,3,0,0,1,0,53554,away,310,20250530
5,1,1,1,0,0,1,1,63123,away,310,20250530
4,0,0,0,0,1,3,0,54236,away,310,20250530
3,1,1,1,0,1,0,0,64468,away,310,20250530
1,0,0,0,0,0,1,0,63257,away,310,20250530
0,0,0,0,0,0,0,0,55252,away,310,20250530
4,2,2,0,0,1,0,0,65357,home,310,20250530
3,1,1,2,1,1,1,0,76267,home,310,20250530
4,0,2,2,0,0,1,0,50167,home,310,20250530
4,0,1,0,0,0,0,0,53312,home,310,20250530
0,0,0,0,0,0,0,0,62332,home,310,20250530
4,0,0,0,0,0,1,0,64984,home,310,20250530
3,0,0,0,0,0,0,0,64346,home,310,20250530
1,0,0,0,0,0,0,0,54444,home,310,20250530
3,0,1,0,0,0,1,0,64340,home,310,20250530
1,0,1,0,0,0,0,0,78135,home,310,20250530
4,0,1,0,0,0,0,0,50357,home,310,20250530
1,1,0,0,0,0,0,0,55392,home,310,20250530
1,0,0,0,0,0,0,0,78756,home,310,20250530
5,2,3,0,0,1,0,0,55734,away,311,20250531
5,2,1,0,0,0,0,0,62700,away,311,20250531
3,1,3,1,0,2,0,1,53764,away,311,20250531
3,1,0,1,0,2,1,0,69737,away,311,20250531
3,2,2,3,1,2,0,0,79192,away,311,20250531
4,0,0,1,0,1,0,0,66657,away,311,20250531
3,0,1,0,0,0,0,0,79608,away,311,20250531
0,0,0,0,0,0,0,1,68700,away,311,20250531
2,0,0,1,0,0,0,0,66704,away,311,20250531
5,1,1,1,0,0,0,0,78288,away,311,20250531
2,0,0,0,0,0,0,0,54795,away,311,20250531
3,0,1,1,0,0,0,0,65703,away,311,20250531
5,1,2,0,0,0,0,0,64101,home,311,20250531
5,1,1,0,0,0,0,0,51907,home,311,20250531
4,1,2,2,0,0,0,0,62907,home,311,20250531
4,0,0,1,0,0,2,0,54944,home,311,20250531
4,0,1,0,0,1,0,0,79215,home,311,20250531
0,0,0,0,0,0,0,0,69992,home,311,20250531
3,0,0,0,0,1,1,0,68904,home,311,20250531
0,1,0,0,0,0,0,1,50906,home,311,20250531
1,0,0,0,0,0,0,0,63963,home,311,20250531
4,1,2,0,0,0,0,0,51344,home,311,20250531
4,0,2,1,0,0,1,0,67905,home,311,20250531
1,0,0,0,0,0,0,0,64022,home,311,20250531
2,1,2,0,0,0,0,0,51903,home,311,20250531
5,0,1,0,0,0,3,0,52667,away,312,20250531
2,0,0,0,0,1,1,0,50600,away,312,20250531
1,0,0,0,0,0,0,0,64646,away,312,20250531
4,0,1,0,0,0,0,0,69636,away,312,20250531
2,0,0,0,0,2,1,0,72443,away,312,20250531
4,0,0,0,0,0,2,0,67610,away,312,20250531
3,0,1,0,0,0,1,0,68646,away,312,20250531
1,0,0,0,0,0,0,0,63260,away,312,20250531
0,0,0,0,0,0,0,0,78122,away,312,20250531
4,0,0,0,0,0,1,0,65610,away,312,20250531
4,0,0,0,0,0,1,0,66614,away,312,20250531
3,1,2,0,0,1,0,1,65653,away,312,20250531
2,0,0,0,0,2,0,0,64004,home,312,20250531
1,0,0,0,0,0,0,0,52002,home,312,20250531
5,0,1,1,0,0,1,0,79402,home,312,20250531
4,0,0,0,0,1,2,0,52001,home,312,20250531
5,1,2,1,1,0,0,0,67025,home,312,20250531
1,0,0,0,0,3,0,0,78548,home,312,20250531
0,1,0,0,0,0,0,0,50092,home,312,20250531
0,0,0,0,0,0,0,0,68089,home,312,20250531
1,0,0,0,0,1,1,0,64007,home,312,20250531
1,1,0,0,0,1,0,0,51003,home,312,20250531
2,1,1,1,0,2,1,1,79240,home,312,20250531
2,0,0,0,0,0,1,0,64166,home,312,20250531
2,1,0,1,0,0,0,0,66706,home,312,20250531
4,0,1,1,0,0,1,0,64504,home,312,20250531
5,0,1,1,0,0,3,0,50458,away,313,20250531
4,0,0,0,0,0,0,0,52415,away,313,20250531
4,0,0,0,0,0,1,0,62404,away,313,20250531
3,1,0,0,0,1,0,0,54400,away,313,20250531
4,1,1,0,0,0,1,0,74540,away,313,20250531
4,0,2,0,0,0,0,0,62234,away,313,20250531
4,1,4,1,0,0,0,1,69418,away,313,20250531
4,1,2,2,0,0,0,0,52430,away,313,20250531
4,0,1,0,0,0,0,0,54408,away,313,20250531
4,0,1,0,0,0,2,0,62415,home,313,20250531
4,0,0,0,0,0,0,0,76290,home,313,20250531
3,1,1,0,0,1,0,0,53123,home,313,20250531
4,1,3,0,0,0,1,0,79365,home,313,20250531
4,0,0,0,0,0,0,1,79109,home,313,20250531
3,0,0,1,0,0,2,0,68119,home,313,20250531
4,0,0,0,0,0,1,0,69100,home,313,20250531
3,0,1,0,0,0,2,0,51100,home,313,20250531
3,0,1,0,0,0,0,0,65207,home,313,20250531
4,1,2,0,0,1,0,1,50854,away,314,20250531
2,1,0,0,0,1,1,0,68868,away,314,20250531
1,0,0,0,0,1,1,0,60558,away,314,20250531
4,0,0,1,0,1,1,0,75847,away,314,20250531
5,0,1,2,0,0,0,0,62895,away,314,20250531
5,1,1,1,1,0,1,0,51868,away,314,20250531
0,0,0,0,0,0,0,0,69804,away,314,20250531
3,0,0,0,0,2,1,0,67893,away,314,20250531
4,0,0,0,0,1,0,0,51865,away,314,20250531
4,1,1,0,0,1,2,1,54812,away,314,20250531
3,0,1,0,0,1,0,0,66917,away,314,20250531
4,0,2,0,0,0,0,0,68205,home,314,20250531
3,0,0,0,0,1,1,0,52591,home,314,20250531
4,0,0,0,0,0,0,0,69517,home,314,20250531
4,0,0,0,0,0,2,0,54529,home,314,20250531
4,0,0,0,0,0,3,0,78513,home,314,20250531
4,1,1,0,0,0,0,0,51551,home,314,20250531
3,0,0,0,0,1,1,0,50150,home,314,20250531
3,0,1,1,0,0,0,0,61102,home,314,20250531
0,0,0,0,0,0,0,0,51528,home,314,20250531
1,0,1,0,0,2,0,0,52504,home,314,20250531
3,0,0,0,0,1,0,0,79231,away,315,20250531
3,0,0,0,0,1,1,0,55208,away,315,20250531
4,0,0,0,0,0,0,0,76232,away,315,20250531
4,0,1,0,0,0,2,0,78224,away,315,20250531
0,0,0,0,0,0,0,0,69238,away,315,20250531
1,0,0,0,0,2,0,0,64153,away,315,20250531
0,0,0,0,0,0,0,0,55226,away,315,20250531
4,0,0,0,0,0,1,0,53554,away,315,20250531
4,0,0,0,0,0,2,0,63123,away,315,20250531
2,0,1,0,0,1,0,0,54236,away,315,20250531
0,0,0,0,0,0,0,0,66209,away,315,20250531
1,0,0,0,0,0,0,0,64468,away,315,20250531
1,0,0,0,0,0,0,0,63257,away,315,20250531
0,0,0,0,0,0,0,0,55252,away,315,20250531
3,0,0,0,0,0,0,0,65357,home,315,20250531
3,1,1,1,1,0,1,0,76267,home,315,20250531
3,0,0,0,0,0,1,0,54444,home,315,20250531
0,0,0,0,0,0,0,0,50357,home,315,20250531
3,0,0,0,0,0,2,0,50167,home,315,20250531
2,0,0,0,0,1,1,0,53312,home,315,20250531
0,0,0,0,0,0,0,0,64346,home,315,20250531
2,0,0,0,0,0,0,0,78135,home,315,20250531
0,0,0,0,0,0,0,0,62332,home,315,20250531
2,0,0,0,0,1,1,0,64340,home,315,20250531
1,0,0,0,0,0,0,0,64984,home,315,20250531
2,0,0,0,0,0,1,0,78756,home,315,20250531
4,0,0,0,0,1,1,0,53554,away,316,20250601
5,0,2,0,0,0,2,0,55226,away,316,20250601
5,0,0,0,0,0,2,0,76232,away,316,20250601
3,0,0,0,0,1,0,0,78224,away,316,20250601
4,0,1,0,0,0,1,0,55208,away,316,20250601
4,0,0,0,0,0,2,0,64153,away,316,20250601
3,0,3,0,0,0,0,0,54236,away,316,20250601
0,0,0,0,0,0,0,0,79231,away,316,20250601
2,0,0,0,0,0,0,0,64468,away,316,20250601
1,0,0,0,0,0,1,0,55252,away,316,20250601
1,0,1,0,0,0,0,0,63257,away,316,20250601
0,0,0,0,0,0,0,0,63123,away,316,20250601
3,0,2,0,0,0,0,0,69238,away,316,20250601
0,0,0,0,0,0,0,0,66209,away,316,20250601
4,0,1,0,0,0,0,0,65357,home,316,20250601
4,0,0,0,0,0,2,0,76267,home,316,20250601
4,0,0,0,0,0,1,0,50167,home,316,20250601
3,1,1,0,0,0,1,0,78135,home,316,20250601
0,0,0,0,0,0,0,0,50357,home,316,20250601
3,0,1,0,0,0,2,0,64340,home,316,20250601
3,0,1,0,0,0,0,0,64346,home,316,20250601
0,0,0,0,0,0,0,0,64984,home,316,20250601
3,0,1,1,0,0,1,0,62332,home,316,20250601
3,0,0,0,0,0,2,0,78756,home,316,20250601
5,1,2,0,0,0,0,0,50458,away,317,20250601
3,0,0,0,0,2,1,0,52430,away,317,20250601
5,2,2,0,0,0,1,0,69418,away,317,20250601
2,1,1,2,0,2,0,0,54400,away,317,20250601
5,0,2,0,0,0,0,0,74540,away,317,20250601
5,0,1,1,0,0,3,0,62404,away,317,20250601
2,0,1,1,0,1,1,0,62234,away,317,20250601
2,0,0,0,0,0,1,0,66409,away,317,20250601
5,1,2,0,0,0,0,0,54408,away,317,20250601
3,0,1,0,0,0,0,0,52415,away,317,20250601
1,1,1,2,1,0,0,0,65040,away,317,20250601
0,0,0,0,0,0,0,0,55438,away,317,20250601
4,1,1,0,0,0,0,0,62415,home,317,20250601
5,0,0,0,0,0,1,0,76290,home,317,20250601
4,1,3,2,0,0,1,0,53123,home,317,20250601
3,1,2,0,0,2,1,0,69102,home,317,20250601
5,0,0,0,0,0,2,0,79365,home,317,20250601
4,0,0,0,0,0,0,0,79109,home,317,20250601
4,0,2,2,0,1,1,0,68119,home,317,20250601
4,0,2,0,0,0,1,0,69100,home,317,20250601
4,1,1,0,0,0,0,0,65207,home,317,20250601
5,1,1,0,0,0,1,0,50854,away,318,20250601
5,0,0,0,0,0,3,0,68868,away,318,20250601
0,0,0,0,0,0,0,0,52804,away,318,20250601
4,1,1,2,0,1,2,0,75847,away,318,20250601
4,0,2,1,0,0,1,0,62895,away,318,20250601
3,0,0,0,0,1,0,0,51868,away,318,20250601
4,0,1,0,0,0,1,0,67893,away,318,20250601
4,0,1,0,0,0,0,0,79456,away,318,20250601
4,1,2,0,0,0,1,0,54812,away,318,20250601
2,1,0,0,0,0,0,0,66917,away,318,20250601
1,0,0,0,0,0,1,0,60558,away,318,20250601
4,0,0,0,0,0,2,0,68205,home,318,20250601
4,0,1,0,0,0,1,0,69517,home,318,20250601
0,0,0,0,0,0,0,0,52504,home,318,20250601
0,0,0,0,0,0,0,0,54598,home,318,20250601
2,0,0,0,0,2,1,0,54529,home,318,20250601
3,0,1,0,0,0,0,0,78513,home,318,20250601
2,2,2,1,1,2,0,1,52591,home,318,20250601
3,1,0,0,0,1,0,0,51551,home,318,20250601
4,0,1,0,0,0,1,0,50150,home,318,20250601
2,0,1,0,0,0,0,0,61102,home,318,20250601
2,0,0,1,0,0,1,0,51528,home,318,20250601
3,0,0,1,0,0,1,1,68507,home,318,20250601
3,1,1,0,0,1,0,1,55734,away,319,20250601
1,0,1,0,0,0,0,0,50707,away,319,20250601
4,1,1,0,0,0,3,0,62700,away,319,20250601
1,0,0,0,0,0,0,0,65703,away,319,20250601
5,1,1,2,0,0,2,0,53764,away,319,20250601
2,1,0,0,0,1,1,0,69737,away,319,20250601
4,1,2,2,1,0,1,0,79192,away,319,20250601
3,0,1,0,0,0,0,0,66657,away,319,20250601
0,0,0,0,0,0,0,0,68700,away,319,20250601
1,0,0,0,0,0,0,0,66704,away,319,20250601
4,0,0,0,0,0,2,0,79608,away,319,20250601
3,0,0,0,0,1,1,0,76812,away,319,20250601
4,0,0,0,0,0,0,0,54795,away,319,20250601
5,0,0,0,0,0,0,0,62907,home,319,20250601
4,2,1,0,0,0,1,0,51907,home,319,20250601
3,1,1,0,0,1,2,0,79215,home,319,20250601
1,0,0,0,0,0,0,0,69992,home,319,20250601
2,0,0,0,0,1,1,0,54944,home,319,20250601
1,2,1,2,0,0,0,0,66965,home,319,20250601
4,1,3,1,0,0,1,0,63963,home,319,20250601
1,2,1,1,0,0,0,0,50906,home,319,20250601
2,1,1,0,0,2,0,0,51344,home,319,20250601
1,1,0,0,0,0,0,0,50902,home,319,20250601
3,3,1,2,0,1,0,0,67905,home,319,20250601
2,0,1,0,0,0,1,0,51903,home,319,20250601
1,1,1,4,1,0,0,0,68904,home,319,20250601
2,0,0,0,0,0,2,0,64022,home,319,20250601
4,2,2,5,2,0,1,0,64101,home,319,20250601
4,3,3,2,2,1,0,1,52667,away,320,20250601
0,0,0,0,0,0,0,0,50600,away,320,20250601
4,0,1,0,0,0,0,1,64646,away,320,20250601
4,1,2,1,0,1,0,0,69636,away,320,20250601
5,1,2,0,0,0,0,0,72443,away,320,20250601
0,0,0,0,0,0,0,0,63260,away,320,20250601
5,0,2,0,0,0,0,0,55645,away,320,20250601
4,0,2,2,0,0,2,0,67610,away,320,20250601
1,0,0,0,0,0,1,0,66614,away,320,20250601
5,0,0,0,0,0,1,0,66606,away,320,20250601
3,0,0,0,0,1,1,0,68646,away,320,20250601
4,0,1,0,0,0,0,0,65653,away,320,20250601
5,0,0,0,0,0,0,0,66706,home,320,20250601
4,1,0,0,0,0,1,0,79402,home,320,20250601
4,1,1,0,0,0,0,0,52001,home,320,20250601
4,1,3,1,0,0,0,1,67025,home,320,20250601
4,0,1,1,0,0,2,0,78548,home,320,20250601
3,0,2,1,0,1,0,0,79240,home,320,20250601
2,0,0,0,0,0,1,0,51003,home,320,20250601
0,0,0,0,0,0,0,0,64004,home,320,20250601
0,0,0,0,0,0,0,0,69064,home,320,20250601
1,0,0,0,0,0,1,0,64007,home,320,20250601
3,0,0,0,0,0,1,0,64504,home,320,20250601
1,0,0,0,0,0,0,0,64166,home,320,20250601
4,0,0,0,0,0,3,0,67006,home,320,20250601
0,3,0,0,0,4,0,0,62415,away,321,20250603
2,1,1,0,0,0,0,0,52103,away,321,20250603
5,1,2,5,1,0,0,0,76290,away,321,20250603
1,1,1,2,0,0,0,0,68110,away,321,20250603
6,2,2,3,1,0,1,0,53123,away,321,20250603
4,1,2,1,0,2,1,0,69102,away,321,20250603
5,0,3,1,0,1,1,0,68119,away,321,20250603
4,0,1,2,0,0,3,0,79109,away,321,20250603
2,0,1,0,0,0,1,0,52121,away,321,20250603
4,0,0,0,0,0,1,0,69100,away,321,20250603
2,1,0,0,0,0,0,0,51100,away,321,20250603
4,2,2,0,0,1,1,0,52154,away,321,20250603
6,3,3,0,0,0,0,1,65207,away,321,20250603
4,0,0,0,0,0,1,0,64101,home,321,20250603
2,0,0,0,0,0,1,0,51907,home,321,20250603
2,0,0,0,0,0,0,0,66965,home,321,20250603
3,0,0,0,0,1,1,0,79215,home,321,20250603
2,0,0,0,0,0,2,0,54944,home,321,20250603
0,0,0,0,0,1,0,0,68904,home,321,20250603
2,0,0,0,0,0,1,0,63963,home,321,20250603
1,0,0,0,0,0,0,0,69992,home,321,20250603
3,0,0,0,0,0,0,0,51344,home,321,20250603
2,0,1,0,0,0,0,0,67905,home,321,20250603
1,0,0,0,0,0,0,0,50906,home,321,20250603
3,0,0,0,0,0,3,0,68912,home,321,20250603
0,0,0,0,0,0,0,0,51903,home,321,20250603
3,0,0,0,0,0,0,0,50902,home,321,20250603
2,0,1,0,0,0,0,0,64004,away,322,20250603
2,1,1,0,0,0,0,0,64166,away,322,20250603
4,0,1,0,0,0,1,0,67644,away,322,20250603
3,0,0,0,0,0,1,0,52001,away,322,20250603
0,0,0,0,0,1,0,0,64504,away,322,20250603
3,0,0,0,0,1,0,0,67025,away,322,20250603
3,0,0,0,0,0,2,0,79240,away,322,20250603
0,0,0,1,0,0,0,0,67006,away,322,20250603
1,0,0,0,0,1,0,0,78548,away,322,20250603
2,0,0,0,0,0,0,0,68089,away,322,20250603
3,0,0,0,0,0,3,0,66706,away,322,20250603
1,0,1,0,0,0,0,0,69056,away,322,20250603
2,0,0,0,0,0,0,0,69064,away,322,20250603
3,0,0,0,0,0,2,0,51003,away,322,20250603
4,2,1,0,0,1,2,2,55734,home,322,20250603
0,0,0,0,0,0,0,0,52704,home,322,20250603
4,0,2,2,0,0,1,0,62700,home,322,20250603
4,1,2,1,0,1,0,1,53764,home,322,20250603
5,0,0,1,0,0,2,0,69737,home,322,20250603
3,1,1,0,0,1,1,0,79192,home,322,20250603
0,1,0,0,0,1,0,0,66704,home,322,20250603
3,2,1,2,1,2,0,0,66657,home,322,20250603
3,1,1,0,0,0,0,0,50707,home,322,20250603
2,0,0,1,0,0,0,0,79608,home,322,20250603
3,0,0,0,0,1,1,0,78288,home,322,20250603
1,0,0,0,0,0,0,0,76812,home,322,20250603
2,0,0,1,0,0,0,0,65703,home,322,20250603
0,1,0,0,0,0,0,1,68700,home,322,20250603
1,1,1,0,0,1,0,0,54795,home,322,20250603
3,3,1,1,0,2,1,0,64646,away,323,20250603
1,0,0,0,0,0,1,0,50600,away,323,20250603
4,3,3,2,0,1,1,0,66606,away,323,20250603
4,2,2,2,0,1,0,0,52667,away,323,20250603
5,0,2,1,0,0,3,0,55645,away,323,20250603
5,0,2,2,0,0,2,0,69636,away,323,20250603
4,0,0,0,0,1,2,0,67610,away,323,20250603
1,0,0,1,0,2,0,0,65610,away,323,20250603
1,1,0,0,0,0,0,0,66614,away,323,20250603
3,0,0,0,0,0,0,0,78122,away,323,20250603
1,0,0,0,0,0,0,0,63260,away,323,20250603
0,0,0,0,0,0,0,0,68646,away,323,20250603
4,2,3,1,0,1,1,0,65653,away,323,20250603
4,2,1,0,0,0,0,0,79231,home,323,20250603
1,0,0,0,0,0,1,0,63257,home,323,20250603
4,0,0,0,0,0,0,0,69238,home,323,20250603
4,0,2,1,0,0,0,1,55208,home,323,20250603
0,0,0,0,0,0,0,0,64468,home,323,20250603
4,0,0,0,0,0,1,0,78224,home,323,20250603
4,0,1,0,0,0,1,0,66112,home,323,20250603
3,0,0,0,0,0,2,0,54236,home,323,20250603
0,1,0,0,0,1,0,0,53554,home,323,20250603
2,0,0,0,0,1,1,0,65269,home,323,20250603
1,0,0,0,0,0,0,0,55224,home,323,20250603
2,0,0,0,0,0,1,0,55226,home,323,20250603
2,0,1,0,0,0,0,0,52267,home,323,20250603
3,0,2,1,0,0,1,0,55252,home,323,20250603
4,0,0,0,0,0,0,0,50458,away,324,20250603
4,0,0,0,0,0,2,0,62234,away,324,20250603
4,1,1,0,0,0,3,0,69418,away,324,20250603
4,1,1,2,1,0,2,0,54400,away,324,20250603
4,0,2,0,0,0,0,0,74540,away,324,20250603
4,0,0,0,0,0,3,0,62404,away,324,20250603
4,1,3,0,0,0,1,0,52430,away,324,20250603
2,1,1,2,1,1,0,0,52415,away,324,20250603
2,0,0,0,0,0,1,0,54408,away,324,20250603
1,0,0,0,0,0,0,0,66409,away,324,20250603
4,0,1,1,0,0,3,0,50854,home,324,20250603
5,0,0,0,0,0,0,0,53827,home,324,20250603
4,1,1,0,0,0,1,0,75847,home,324,20250603
4,1,2,2,1,0,0,0,62895,home,324,20250603
4,1,1,1,1,0,0,0,51868,home,324,20250603
0,0,0,0,0,0,0,0,60558,home,324,20250603
3,2,3,0,0,1,0,0,67893,home,324,20250603
4,1,2,0,0,0,1,0,79456,home,324,20250603
3,0,1,1,0,1,0,2,54812,home,324,20250603
3,0,1,1,0,1,0,0,66917,home,324,20250603
4,0,0,0,0,0,1,0,65357,away,325,20250603
4,0,1,0,0,0,0,0,76267,away,325,20250603
3,0,0,0,0,0,1,0,64340,away,325,20250603
1,0,0,0,0,0,0,0,54307,away,325,20250603
4,0,0,0,0,0,1,0,53312,away,325,20250603
3,0,1,0,0,0,1,0,78135,away,325,20250603
1,0,0,0,0,0,0,0,50357,away,325,20250603
4,0,1,0,0,0,1,0,78756,away,325,20250603
1,0,1,0,0,0,0,0,64984,away,325,20250603
3,0,0,0,0,0,0,0,55392,away,325,20250603
1,0,0,0,0,1,1,0,52305,away,325,20250603
1,0,0,0,0,0,0,0,50167,away,325,20250603
2,1,0,0,0,3,1,0,68507,home,325,20250603
5,2,2,1,0,0,0,0,69517,home,325,20250603
0,0,0,0,0,0,0,0,54598,home,325,20250603
3,2,3,3,1,2,0,0,54529,home,325,20250603
0,0,0,0,0,0,0,0,52504,home,325,20250603
4,1,2,1,0,1,0,0,78513,home,325,20250603
2,0,1,1,0,1,0,0,52591,home,325,20250603
4,0,1,1,0,0,1,0,68205,home,325,20250603
1,0,0,0,0,0,0,0,52516,home,325,20250603
4,0,1,0,0,0,1,0,50150,home,325,20250603
4,0,1,0,0,0,0,0,61102,home,325,20250603
0,1,0,0,0,0,0,0,51528,home,325,20250603
4,1,1,0,0,0,1,0,60523,home,325,20250603
4,1,1,0,0,1,0,0,64646,away,326,20250604
5,1,1,2,1,0,1,0,66606,away,326,20250604
4,0,0,0,0,0,1,0,52667,away,326,20250604
1,0,0,0,0,0,0,0,50600,away,326,20250604
4,2,1,0,0,1,1,0,72443,away,326,20250604
2,2,1,0,0,3,1,0,69636,away,326,20250604
5,2,3,3,1,0,1,0,55645,away,326,20250604
3,0,0,0,0,0,2,0,67610,away,326,20250604
1,0,1,0,0,0,0,0,66614,away,326,20250604
3,0,0,1,0,0,0,0,78122,away,326,20250604
3,0,1,0,0,1,1,0,65653,away,326,20250604
3,1,0,0,0,1,2,1,79231,home,326,20250604
1,0,1,0,0,0,0,0,69238,home,326,20250604
5,1,1,0,0,0,3,0,55208,home,326,20250604
2,1,2,2,1,0,0,0,76232,home,326,20250604
2,0,0,0,0,0,1,0,66112,home,326,20250604
3,0,1,1,0,1,1,0,78224,home,326,20250604
4,0,2,0,0,0,0,1,53554,home,326,20250604
4,0,0,0,0,0,0,0,65269,home,326,20250604
3,0,0,0,0,0,0,0,55224,home,326,20250604
1,0,0,0,0,0,0,0,63257,home,326,20250604
0,0,0,0,0,0,0,0,64468,home,326,20250604
4,0,1,0,0,0,1,1,55252,home,326,20250604
3,0,0,0,0,0,2,0,55226,home,326,20250604
1,0,1,0,0,0,0,0,52267,home,326,20250604
3,0,0,0,0,0,1,0,69418,away,327,20250604
1,0,0,0,0,0,0,0,65040,away,327,20250604
4,0,1,0,0,0,0,1,50458,away,327,20250604
4,0,1,0,0,0,3,0,52415,away,327,20250604
4,0,0,0,0,0,1,0,54400,away,327,20250604
3,1,2,1,1,1,0,0,74540,away,327,20250604
4,0,1,0,0,0,1,0,52430,away,327,20250604
3,0,0,0,0,0,0,0,62234,away,327,20250604
2,0,0,0,0,0,1,0,66409,away,327,20250604
1,0,0,0,0,0,1,0,62404,away,327,20250604
3,0,2,0,0,0,0,0,54408,away,327,20250604
4,0,0,1,0,0,1,0,50854,home,327,20250604
3,0,1,1,0,1,0,0,53827,home,327,20250604
4,0,0,0,0,0,2,0,75847,home,327,20250604
3,1,2,0,0,0,0,0,62895,home,327,20250604
1,0,0,0,0,0,1,0,52804,home,327,20250604
4,1,2,0,0,0,0,0,51868,home,327,20250604
3,0,1,0,0,0,1,0,67893,home,327,20250604
2,1,1,0,0,0,1,0,54812,home,327,20250604
1,0,1,1,0,1,0,1,60558,home,327,20250604
3,1,1,1,0,0,1,0,51865,home,327,20250604
2,0,0,0,0,0,1,0,66917,home,327,20250604
5,1,2,6,1,0,1,0,65357,away,328,20250604
5,0,1,0,0,0,1,0,76267,away,328,20250604
5,0,2,0,0,0,0,0,50167,away,328,20250604
5,0,1,0,0,0,2,0,66838,away,328,20250604
5,2,2,0,0,0,0,0,64984,away,328,20250604
2,0,1,0,0,1,1,0,54307,away,328,20250604
2,1,1,2,1,0,1,0,52305,away,328,20250604
5,1,0,0,0,0,0,0,62332,away,328,20250604
0,2,0,0,0,3,0,0,55392,away,328,20250604
1,0,0,0,0,0,0,0,64340,away,328,20250604
0,0,0,0,0,0,0,0,78756,away,328,20250604
2,1,0,0,0,1,2,0,50357,away,328,20250604
1,1,1,1,1,0,0,0,78135,away,328,20250604
5,1,1,0,0,0,0,0,68507,home,328,20250604
4,0,1,0,0,1,1,0,69517,home,328,20250604
4,3,3,0,0,1,0,0,54529,home,328,20250604
0,0,0,0,0,0,0,0,54598,home,328,20250604
4,1,2,0,0,1,0,0,78513,home,328,20250604
3,0,0,3,0,0,0,0,52591,home,328,20250604
5,1,2,2,1,0,0,0,68205,home,328,20250604
5,0,3,0,0,0,0,0,50150,home,328,20250604
4,0,0,0,0,1,2,0,61102,home,328,20250604
3,0,1,0,0,1,0,0,60523,home,328,20250604
1,0,0,0,0,0,0,0,52504,home,328,20250604
6,1,1,0,0,0,1,0,62415,away,329,20250604
3,1,2,0,0,0,1,0,76290,away,329,20250604
1,0,0,0,0,0,1,0,68110,away,329,20250604
3,1,1,0,0,2,1,0,53123,away,329,20250604
4,0,2,1,0,1,1,0,69102,away,329,20250604
5,0,2,2,0,0,2,0,79365,away,329,20250604
4,0,1,1,0,1,1,0,68119,away,329,20250604
3,0,0,0,0,0,2,0,79109,away,329,20250604
1,0,0,0,0,0,1,0,52154,away,329,20250604
1,0,0,0,0,0,0,0,51100,away,329,20250604
3,0,0,0,0,0,1,0,69100,away,329,20250604
2,2,2,1,1,0,0,0,52121,away,329,20250604
3,0,1,0,0,2,0,0,65207,away,329,20250604
4,0,2,0,0,1,1,0,62907,home,329,20250604
3,2,1,0,0,2,0,1,51907,home,329,20250604
5,1,3,0,0,0,0,0,79215,home,329,20250604
3,1,2,2,1,1,0,0,54944,home,329,20250604
0,0,0,0,0,0,0,0,66965,home,329,20250604
3,0,1,2,0,0,0,0,63963,home,329,20250604
1,0,0,0,0,0,0,0,64101,home,329,20250604
4,0,0,0,0,0,1,0,51344,home,329,20250604
3,0,2,0,0,0,0,0,68904,home,329,20250604
0,1,0,0,0,1,0,0,50906,home,329,20250604
4,1,2,1,1,0,2,0,68912,home,329,20250604
1,0,0,1,0,1,0,0,67905,home,329,20250604
4,0,0,0,0,1,0,0,64004,away,330,20250604
5,0,0,0,0,0,3,0,67644,away,330,20250604
4,0,1,1,0,1,0,0,52001,away,330,20250604
4,0,2,0,0,1,0,0,67025,away,330,20250604
0,0,0,0,0,0,0,0,64166,away,330,20250604
5,0,0,0,0,0,1,0,79240,away,330,20250604
4,1,2,0,0,0,2,0,78548,away,330,20250604
0,0,0,0,0,0,0,0,67006,away,330,20250604
0,0,0,0,0,0,0,0,68089,away,330,20250604
1,1,0,0,0,1,0,0,50054,away,330,20250604
4,0,2,0,0,0,0,0,64504,away,330,20250604
4,1,2,2,0,0,0,0,51003,away,330,20250604
3,1,1,1,1,1,1,0,55734,home,330,20250604
3,0,0,0,0,0,1,0,62700,home,330,20250604
0,0,0,0,0,0,0,0,79608,home,330,20250604
1,0,1,1,0,0,0,0,50707,home,330,20250604
0,0,0,0,0,0,0,1,54795,home,330,20250604
4,0,1,0,0,0,0,0,53764,home,330,20250604
4,0,0,0,0,0,1,0,69737,home,330,20250604
3,0,2,0,0,0,0,0,79192,home,330,20250604
1,1,0,0,0,0,0,1,68700,home,330,20250604
4,0,1,0,0,0,3,0,66657,home,330,20250604
0,0,0,0,0,0,0,0,53754,home,330,20250604
4,1,1,0,0,0,2,1,66704,home,330,20250604
2,0,1,0,0,0,1,0,76812,home,330,20250604
0,0,0,0,0,0,0,0,52704,home,330,20250604
1,0,0,0,0,0,1,0,78288,home,330,20250604
3,1,1,2,0,0,1,0,65703,home,330,20250604
5,0,1,1,0,0,1,0,64646,away,331,20250605
5,0,3,0,0,0,0,0,66606,away,331,20250605
5,0,0,0,0,0,2,0,52667,away,331,20250605
0,0,0,0,0,0,0,0,50600,away,331,20250605
5,0,1,0,0,0,0,0,72443,away,331,20250605
3,0,2,0,0,1,0,0,69636,away,331,20250605
1,0,1,0,0,0,0,0,66614,away,331,20250605
4,0,0,0,0,1,2,0,55645,away,331,20250605
2,0,0,0,0,0,2,0,67610,away,331,20250605
2,0,0,0,0,0,1,0,63260,away,331,20250605
4,1,1,0,0,0,1,0,68646,away,331,20250605
4,0,0,0,0,0,3,0,65653,away,331,20250605
4,1,1,0,0,0,1,0,79231,home,331,20250605
5,1,3,0,0,0,0,0,55208,home,331,20250605
5,0,0,1,0,0,0,0,76232,home,331,20250605
4,0,1,0,0,1,2,0,78224,home,331,20250605
5,0,2,1,0,0,1,0,53554,home,331,20250605
1,0,0,0,0,0,1,0,65269,home,331,20250605
3,0,0,0,0,0,2,0,63257,home,331,20250605
0,0,0,0,0,0,0,0,69238,home,331,20250605
4,0,2,0,0,0,0,0,55252,home,331,20250605
1,0,0,0,0,0,0,0,55224,home,331,20250605
2,0,0,0,0,1,1,0,64468,home,331,20250605
3,0,0,0,0,0,1,0,54205,home,331,20250605
1,0,1,0,0,0,0,0,52267,home,331,20250605
0,0,0,0,0,0,0,0,55226,home,331,20250605
4,1,0,0,0,0,2,1,50458,away,332,20250605
3,0,1,0,0,0,1,0,65040,away,332,20250605
0,0,0,1,0,0,0,0,66409,away,332,20250605
4,0,3,2,0,1,0,0,62404,away,332,20250605
3,0,0,0,0,1,1,0,54400,away,332,20250605
4,0,1,0,0,1,2,0,52430,away,332,20250605
3,0,1,0,0,0,2,0,65132,away,332,20250605
2,0,0,0,0,0,1,0,74540,away,332,20250605
3,1,0,0,0,1,0,0,52415,away,332,20250605
4,0,0,0,0,0,0,0,69418,away,332,20250605
3,1,2,0,0,1,1,0,54408,away,332,20250605
3,0,1,0,0,1,1,0,60558,home,332,20250605
4,0,1,0,0,0,1,0,53827,home,332,20250605
3,0,0,0,0,1,2,0,75847,home,332,20250605
4,0,0,0,0,0,1,0,51868,home,332,20250605
4,0,0,0,0,0,0,0,62895,home,332,20250605
4,1,2,0,0,0,0,0,79456,home,332,20250605
3,0,0,0,0,1,2,0,67893,home,332,20250605
4,0,2,1,0,0,2,0,66917,home,332,20250605
3,0,0,0,0,0,3,0,54812,home,332,20250605
5,2,2,1,0,1,1,0,65357,away,333,20250605
6,1,1,0,0,0,1,0,76267,away,333,20250605
5,2,3,3,1,0,1,0,50167,away,333,20250605
4,2,3,2,0,1,0,0,66838,away,333,20250605
3,1,2,0,0,2,1,0,64340,away,333,20250605
4,0,2,1,0,0,0,0,53312,away,333,20250605
1,0,1,0,0,0,0,0,62332,away,333,20250605
1,0,0,0,0,0,0,0,55392,away,333,20250605
4,0,1,0,0,0,3,0,78756,away,333,20250605
5,0,0,0,0,0,1,0,52305,away,333,20250605
5,2,3,0,0,0,0,0,68507,home,333,20250605
4,0,0,0,0,0,2,0,69517,home,333,20250605
1,0,0,0,0,0,1,0,62802,home,333,20250605
5,1,3,1,0,0,0,0,54529,home,333,20250605
2,1,1,2,1,1,0,0,78513,home,333,20250605
1,0,1,0,0,1,0,0,52504,home,333,20250605
2,0,0,0,0,0,0,0,52591,home,333,20250605
2,0,2,2,0,0,0,0,52568,home,333,20250605
3,0,0,0,0,0,0,0,68205,home,333,20250605
2,0,0,0,0,0,1,0,54598,home,333,20250605
3,0,0,0,0,0,1,0,50150,home,333,20250605
0,0,0,0,0,1,0,0,55506,home,333,20250605
4,0,0,0,0,0,2,0,60523,home,333,20250605
3,1,0,0,0,1,1,0,51528,home,333,20250605
5,0,1,0,0,0,2,0,65207,away,334,20250605
3,1,0,0,0,1,1,0,62415,away,334,20250605
3,1,2,2,1,1,0,0,53123,away,334,20250605
3,0,1,0,0,1,0,0,69102,away,334,20250605
3,0,2,0,0,1,0,0,68119,away,334,20250605
2,0,0,0,0,0,1,0,52121,away,334,20250605
2,0,1,0,0,0,0,0,69100,away,334,20250605
4,1,2,0,0,0,0,0,68110,away,334,20250605
0,0,0,0,0,0,0,0,52103,away,334,20250605
3,0,0,0,0,0,1,0,52154,away,334,20250605
2,0,0,1,0,0,2,0,51100,away,334,20250605
1,0,0,0,0,0,1,0,79109,away,334,20250605
5,0,0,0,0,0,1,0,62907,home,334,20250605
4,0,0,0,0,0,1,0,51907,home,334,20250605
3,0,2,0,0,0,0,0,79215,home,334,20250605
0,0,0,0,0,0,0,0,69992,home,334,20250605
4,1,2,1,1,0,2,0,54944,home,334,20250605
0,0,0,0,0,0,0,0,50906,home,334,20250605
0,0,0,0,0,0,0,0,50902,home,334,20250605
2,0,0,0,0,0,2,0,63963,home,334,20250605
1,0,0,0,0,1,1,0,64101,home,334,20250605
4,0,1,0,0,0,1,0,51344,home,334,20250605
4,0,1,0,0,0,1,0,68904,home,334,20250605
3,0,1,0,0,1,1,0,68912,home,334,20250605
4,0,1,0,0,0,1,0,67905,home,334,20250605
4,0,1,0,0,1,1,0,64166,away,335,20250605
4,1,1,0,0,1,1,0,50054,away,335,20250605
4,2,3,3,1,1,0,0,52001,away,335,20250605
5,0,0,0,0,0,1,0,67025,away,335,20250605
0,0,0,0,0,0,0,0,66706,away,335,20250605
4,0,3,2,0,0,0,0,78548,away,335,20250605
0,1,0,0,0,0,0,0,64004,away,335,20250605
1,0,0,0,0,0,1,0,67644,away,335,20250605
4,1,2,0,0,0,2,0,64504,away,335,20250605
2,0,1,0,0,0,0,0,68504,away,335,20250605
1,0,0,0,0,0,0,0,79240,away,335,20250605
4,1,0,0,0,1,2,0,51003,away,335,20250605
5,1,3,2,0,0,1,0,68089,away,335,20250605
4,0,1,0,0,0,0,0,55734,home,335,20250605
0,0,0,0,0,0,0,0,52704,home,335,20250605
3,0,0,0,0,0,1,0,79608,home,335,20250605
1,0,0,0,0,0,0,0,68700,home,335,20250605
3,0,1,0,0,0,1,0,53764,home,335,20250605
1,0,1,0,0,0,0,0,50707,home,335,20250605
3,0,1,0,0,1,1,1,69737,home,335,20250605
2,0,0,0,0,0,0,0,79192,home,335,20250605
1,0,0,0,0,0,0,0,66704,home,335,20250605
2,0,0,0,0,1,1,0,66657,home,335,20250605
3,0,0,0,0,0,1,0,65703,home,335,20250605
2,0,0,0,0,0,1,0,78288,home,335,20250605
1,0,1,0,0,0,0,0,51762,home,335,20250605
2,0,0,0,0,0,2,0,62700,home,335,20250605
1,0,0,0,0,0,0,0,54795,home,335,20250605
3,1,0,0,0,1,1,1,52504,away,336,20250606
4,0,0,0,0,0,1,0,69517,away,336,20250606
4,1,2,2,1,0,0,0,54529,away,336,20250606
3,0,1,0,0,0,0,0,78513,away,336,20250606
4,0,0,0,0,0,1,0,68205,away,336,20250606
4,0,1,0,0,0,1,0,50150,away,336,20250606
4,0,1,0,0,0,0,0,61102,away,336,20250606
0,0,0,0,0,0,0,0,51528,away,336,20250606
4,0,1,0,0,0,0,0,52568,away,336,20250606
2,0,0,0,0,0,1,0,55506,away,336,20250606
2,0,0,0,0,0,1,0,68507,away,336,20250606
4,0,0,0,0,0,1,0,55208,home,336,20250606
4,2,3,2,1,0,0,0,52267,home,336,20250606
3,1,2,1,1,1,0,0,76232,home,336,20250606
2,0,1,1,0,0,0,0,78224,home,336,20250606
1,0,0,0,0,0,0,0,79231,home,336,20250606
3,0,1,0,0,0,1,1,53554,home,336,20250606
0,0,0,0,0,0,0,0,65269,home,336,20250606
4,0,1,0,0,0,0,1,55252,home,336,20250606
4,1,1,1,1,0,0,0,69238,home,336,20250606
4,1,1,0,0,0,1,0,64468,home,336,20250606
3,0,0,0,0,0,0,0,54205,home,336,20250606
3,0,0,0,0,0,0,0,63963,away,337,20250606
1,0,0,0,0,0,0,0,64101,away,337,20250606
4,1,2,0,0,0,1,1,51907,away,337,20250606
4,0,2,1,0,0,0,0,62907,away,337,20250606
4,1,3,1,1,0,0,0,54944,away,337,20250606
4,1,1,0,0,0,0,0,79215,away,337,20250606
4,0,2,1,0,0,1,0,68904,away,337,20250606
3,0,0,0,0,0,0,0,67905,away,337,20250606
3,0,1,0,0,0,0,0,68912,away,337,20250606
3,0,0,0,0,0,1,0,51344,away,337,20250606
4,1,2,0,0,0,0,0,50458,home,337,20250606
3,0,0,0,0,0,2,0,65040,home,337,20250606
0,0,0,0,0,0,0,0,66409,home,337,20250606
4,1,1,2,1,0,0,0,62404,home,337,20250606
4,1,1,1,1,0,3,0,54400,home,337,20250606
4,1,1,0,0,0,0,0,74540,home,337,20250606
4,1,1,0,0,0,1,0,52430,home,337,20250606
2,2,1,1,0,2,0,0,52415,home,337,20250606
4,0,2,1,0,0,0,0,62234,home,337,20250606
4,0,0,1,0,0,1,0,54408,home,337,20250606
4,0,0,0,0,0,1,0,50854,away,338,20250606
1,0,0,0,0,0,0,0,60558,away,338,20250606
4,1,1,0,0,0,2,0,53827,away,338,20250606
4,1,2,0,0,0,2,0,75847,away,338,20250606
4,1,2,3,1,0,1,0,62895,away,338,20250606
0,0,0,0,0,0,0,0,69804,away,338,20250606
4,0,2,0,0,0,0,0,51868,away,338,20250606
4,0,0,0,0,0,2,0,67893,away,338,20250606
0,0,0,0,0,0,0,0,52803,away,338,20250606
4,0,0,0,0,0,2,0,51865,away,338,20250606
3,0,0,0,0,1,0,0,54812,away,338,20250606
2,0,0,0,0,0,0,0,66917,away,338,20250606
1,0,1,0,0,0,0,0,68868,away,338,20250606
1,0,1,0,0,0,0,0,52804,away,338,20250606
4,1,2,3,0,0,1,0,64166,home,338,20250606
5,1,2,0,0,0,1,0,50054,home,338,20250606
4,2,3,1,0,1,1,0,52001,home,338,20250606
5,0,1,1,0,0,0,0,67025,home,338,20250606
0,0,0,0,0,0,0,0,66706,home,338,20250606
5,1,1,0,0,0,2,0,78548,home,338,20250606
0,0,0,0,0,0,0,0,68089,home,338,20250606
3,1,2,0,0,1,0,0,67644,home,338,20250606
1,1,1,2,0,0,0,0,51007,home,338,20250606
4,2,2,0,0,1,0,0,79240,home,338,20250606
2,1,1,2,0,1,0,0,64504,home,338,20250606
3,0,0,0,0,0,1,0,51003,home,338,20250606
0,0,0,1,0,0,0,0,79402,home,338,20250606
4,0,1,0,0,0,1,0,55734,away,339,20250606
4,0,0,0,0,0,0,0,50707,away,339,20250606
4,0,0,0,0,0,2,0,53764,away,339,20250606
3,0,0,0,0,1,1,0,69737,away,339,20250606
4,1,2,1,1,0,1,0,79192,away,339,20250606
4,1,3,1,1,0,0,0,66657,away,339,20250606
3,0,0,0,0,0,1,0,62700,away,339,20250606
1,0,0,0,0,0,0,0,66704,away,339,20250606
3,0,0,0,0,0,2,0,78288,away,339,20250606
2,0,0,0,0,0,1,0,65703,away,339,20250606
1,0,1,0,0,0,0,0,79608,away,339,20250606
0,0,0,0,0,0,0,0,68700,away,339,20250606
0,0,0,0,0,0,0,0,54795,away,339,20250606
3,1,1,1,1,0,2,0,64646,home,339,20250606
4,0,2,0,0,0,2,1,66606,home,339,20250606
4,0,0,0,0,0,2,0,69636,home,339,20250606
4,0,1,0,0,0,2,0,72443,home,339,20250606
3,1,2,1,1,0,0,0,55645,home,339,20250606
3,1,1,0,0,0,0,1,61353,home,339,20250606
0,0,0,0,0,0,0,0,66614,home,339,20250606
3,0,1,1,0,0,1,0,67610,home,339,20250606
0,0,0,0,0,0,0,0,65653,home,339,20250606
3,0,1,0,0,0,0,0,78122,home,339,20250606
3,0,0,0,0,0,2,0,52667,home,339,20250606
0,0,0,0,0,0,0,0,50600,home,339,20250606
5,0,1,0,0,0,0,0,65207,away,340,20250606
3,0,0,0,0,0,1,0,68110,away,340,20250606
2,0,0,0,0,0,0,0,79109,away,340,20250606
5,0,0,0,0,0,1,0,53123,away,340,20250606
4,1,2,0,0,1,2,0,69102,away,340,20250606
4,0,1,1,0,1,0,0,79365,away,340,20250606
4,0,2,0,0,0,0,0,68119,away,340,20250606
2,0,0,0,0,0,0,0,52121,away,340,20250606
1,0,0,0,0,1,0,0,76290,away,340,20250606
2,0,1,0,0,1,0,0,69100,away,340,20250606
2,0,0,0,0,1,2,0,62415,away,340,20250606
4,1,2,1,1,1,0,0,65357,home,340,20250606
4,0,0,0,0,0,0,0,76267,home,340,20250606
2,1,1,1,1,1,0,0,50167,home,340,20250606
4,0,0,0,0,0,2,0,66838,home,340,20250606
4,0,0,0,0,0,2,0,64340,home,340,20250606
4,0,2,0,0,0,0,0,54307,home,340,20250606
0,0,0,0,0,0,0,0,50357,home,340,20250606
2,0,1,0,0,0,0,0,53312,home,340,20250606
0,0,0,0,0,0,0,0,52305,home,340,20250606
1,0,0,0,0,0,1,0,62332,home,340,20250606
3,0,0,0,0,0,0,0,55392,home,340,20250606
1,0,0,0,0,0,0,0,78756,home,340,20250606
5,2,2,1,0,0,1,0,68507,away,341,20250607
4,1,3,2,0,0,0,0,69517,away,341,20250607
1,0,0,0,0,0,0,0,62802,away,341,20250607
5,1,2,1,0,0,1,0,54529,away,341,20250607
4,2,2,2,1,0,0,1,78513,away,341,20250607
0,0,0,0,0,0,0,0,55506,away,341,20250607
1,0,0,0,0,0,1,0,68205,away,341,20250607
3,0,1,1,0,0,0,0,54598,away,341,20250607
3,1,1,1,0,0,1,0,50150,away,341,20250607
2,0,0,0,0,0,1,0,61102,away,341,20250607
2,0,1,1,0,0,0,0,51528,away,341,20250607
3,0,0,0,0,1,1,0,52504,away,341,20250607
3,2,1,0,0,1,0,0,52568,away,341,20250607
3,1,1,0,0,0,0,1,79231,home,341,20250607
2,0,0,0,0,0,0,0,69238,home,341,20250607
4,0,0,0,0,0,1,0,52267,home,341,20250607
2,0,1,1,0,1,1,0,76232,home,341,20250607
1,0,0,0,0,0,0,0,66112,home,341,20250607
4,1,1,0,0,0,0,0,55208,home,341,20250607
0,0,0,0,0,0,0,0,63257,home,341,20250607
4,0,1,0,0,0,0,0,78224,home,341,20250607
3,1,0,0,0,1,2,0,53554,home,341,20250607
3,0,0,1,0,0,2,0,55252,home,341,20250607
1,0,1,0,0,0,0,0,64468,home,341,20250607
3,1,1,1,0,0,1,0,67207,home,341,20250607
4,0,1,1,0,0,0,0,54205,home,341,20250607
4,2,1,0,0,0,1,0,69992,away,342,20250607
2,1,2,1,0,0,0,0,51344,away,342,20250607
6,3,5,2,1,0,1,0,51907,away,342,20250607
5,0,3,5,0,0,0,0,62907,away,342,20250607
5,2,2,2,1,1,1,0,54944,away,342,20250607
0,0,0,0,0,0,0,0,50902,away,342,20250607
4,0,1,0,0,1,2,0,79215,away,342,20250607
0,0,0,0,0,0,0,0,63963,away,342,20250607
5,1,2,1,0,0,0,0,77532,away,342,20250607
0,0,0,0,0,0,0,0,64101,away,342,20250607
4,0,0,0,0,1,2,0,68904,away,342,20250607
4,1,1,0,0,1,2,0,68912,away,342,20250607
5,1,2,0,0,0,1,0,67905,away,342,20250607
5,2,3,0,0,0,0,0,50458,home,342,20250607
2,1,0,1,0,0,0,0,52415,home,342,20250607
1,0,0,0,0,0,0,0,65040,home,342,20250607
1,0,1,0,0,0,0,0,54408,home,342,20250607
4,0,1,0,0,0,1,0,62404,home,342,20250607
4,1,3,5,1,1,0,0,54400,home,342,20250607
0,0,0,0,0,0,0,0,55438,home,342,20250607
4,0,0,0,0,0,0,0,74540,home,342,20250607
1,0,0,0,0,0,1,0,65132,home,342,20250607
5,1,1,1,1,0,1,0,62234,home,342,20250607
3,0,1,0,0,1,0,0,66409,home,342,20250607
4,1,0,0,0,0,2,0,52430,home,342,20250607
4,1,1,0,0,0,1,1,69418,home,342,20250607
3,0,0,0,0,1,1,0,50854,away,343,20250607
4,1,1,0,0,0,1,0,53827,away,343,20250607
4,0,1,0,0,0,3,0,75847,away,343,20250607
3,0,0,0,0,0,1,0,62895,away,343,20250607
4,1,3,1,0,0,1,1,67893,away,343,20250607
4,0,2,0,0,0,2,0,51868,away,343,20250607
2,0,0,0,0,0,0,0,79456,away,343,20250607
1,0,0,0,0,0,1,0,60558,away,343,20250607
3,0,1,0,0,0,1,1,54812,away,343,20250607
1,0,0,0,0,0,0,0,68868,away,343,20250607
4,0,1,1,0,0,1,0,66917,away,343,20250607
5,0,1,0,0,0,1,0,64166,home,343,20250607
2,0,0,0,0,0,1,0,50054,home,343,20250607
1,1,1,0,0,1,0,0,68504,home,343,20250607
3,1,0,0,0,1,3,0,52001,home,343,20250607
0,0,0,0,0,0,0,0,51007,home,343,20250607
4,0,0,0,0,0,3,0,67025,home,343,20250607
4,0,1,0,0,0,2,0,78548,home,343,20250607
3,0,2,1,0,0,1,0,67644,home,343,20250607
1,1,0,0,0,0,1,0,66706,home,343,20250607
4,0,3,1,0,0,0,0,79240,home,343,20250607
3,0,2,1,0,0,1,0,64504,home,343,20250607
2,0,0,0,0,0,0,0,51003,home,343,20250607
2,0,1,0,0,0,0,0,79402,home,343,20250607
4,0,0,0,0,1,1,0,55734,away,344,20250607
5,1,2,0,0,0,2,1,62700,away,344,20250607
4,0,2,0,0,1,1,0,53764,away,344,20250607
0,1,0,0,0,0,0,0,52704,away,344,20250607
5,0,0,0,0,0,2,0,79192,away,344,20250607
5,1,2,2,0,0,1,0,66657,away,344,20250607
5,0,1,0,0,0,3,0,69737,away,344,20250607
2,0,1,0,0,0,0,0,50707,away,344,20250607
1,0,0,0,0,0,0,0,68700,away,344,20250607
4,0,1,1,0,0,1,0,78288,away,344,20250607
2,0,0,0,0,0,1,0,54795,away,344,20250607
1,0,0,0,0,0,0,0,79608,away,344,20250607
1,0,0,0,0,0,1,0,65703,away,344,20250607
5,0,2,0,0,0,1,0,64646,home,344,20250607
4,0,0,0,0,0,2,0,52667,home,344,20250607
0,0,0,0,0,0,0,0,50600,home,344,20250607
2,1,0,0,0,2,0,0,55645,home,344,20250607
3,0,1,0,0,2,1,0,72443,home,344,20250607
4,0,0,1,0,1,2,0,69636,home,344,20250607
3,0,0,0,0,0,2,0,65610,home,344,20250607
1,0,0,0,0,0,1,0,66614,home,344,20250607
1,0,0,0,0,0,1,0,67610,home,344,20250607
1,1,0,0,0,2,0,0,65653,home,344,20250607
2,0,0,0,0,0,1,0,61353,home,344,20250607
1,0,0,0,0,1,0,0,78122,home,344,20250607
0,0,0,0,0,1,0,0,68646,home,344,20250607
5,0,0,0,0,0,0,0,66606,home,344,20250607
4,0,1,0,0,0,0,0,65207,away,345,20250607
4,0,0,0,0,0,1,0,76290,away,345,20250607
3,0,0,0,0,0,0,0,53123,away,345,20250607
3,0,0,0,0,0,0,0,69102,away,345,20250607
3,0,0,0,0,0,1,0,79365,away,345,20250607
3,0,1,0,0,0,0,0,68119,away,345,20250607
2,0,0,0,0,0,0,0,69100,away,345,20250607
1,0,0,0,0,0,1,0,51100,away,345,20250607
3,1,1,0,0,0,2,0,54156,away,345,20250607
3,0,1,0,0,0,1,0,62415,away,345,20250607
4,0,2,2,0,0,0,0,65357,home,345,20250607
4,1,2,0,0,0,0,0,76267,home,345,20250607
3,0,0,0,0,1,0,0,50167,home,345,20250607
4,0,1,1,0,0,1,0,64340,home,345,20250607
2,0,0,0,0,1,1,0,54307,home,345,20250607
1,0,0,0,0,0,0,0,50357,home,345,20250607
2,0,0,0,0,1,0,0,66838,home,345,20250607
0,0,0,0,0,0,0,0,50304,home,345,20250607
2,2,2,0,0,0,0,0,62332,home,345,20250607
3,1,1,1,0,0,0,0,55392,home,345,20250607
0,0,0,0,0,0,0,0,78756,home,345,20250607
4,3,3,1,0,1,0,0,65207,away,346,20250608
4,1,2,3,1,0,0,0,76290,away,346,20250608
1,0,0,0,0,0,1,0,68110,away,346,20250608
4,0,1,1,0,0,1,0,53123,away,346,20250608
1,1,0,0,0,0,1,0,51100,away,346,20250608
4,1,1,2,1,1,1,0,69102,away,346,20250608
4,0,1,0,0,1,1,0,68119,away,346,20250608
4,0,0,0,0,1,0,0,69100,away,346,20250608
4,1,1,0,0,0,2,0,52154,away,346,20250608
0,0,0,0,0,0,0,0,79365,away,346,20250608
2,0,0,0,0,0,1,0,54156,away,346,20250608
2,0,0,0,0,0,0,0,79109,away,346,20250608
3,0,0,0,0,0,1,0,62415,away,346,20250608
1,0,1,0,0,0,0,0,52103,away,346,20250608
4,0,0,0,0,0,0,0,65357,home,346,20250608
1,0,1,1,0,0,0,0,78756,home,346,20250608
5,0,0,0,0,0,1,0,76267,home,346,20250608
3,0,1,0,0,0,1,0,50167,home,346,20250608
0,0,0,0,0,0,0,0,50357,home,346,20250608
3,0,2,0,0,1,0,0,64340,home,346,20250608
4,0,0,0,0,0,0,0,53312,home,346,20250608
2,0,0,0,0,0,0,0,52305,home,346,20250608
2,1,2,1,1,0,0,0,54307,home,346,20250608
2,0,0,0,0,0,1,0,55392,home,346,20250608
1,0,0,0,0,0,1,0,66838,home,346,20250608
0,1,0,0,0,1,0,0,50304,home,346,20250608
3,1,1,1,0,2,0,1,68507,away,347,20250608
3,0,0,0,0,0,2,0,52568,away,347,20250608
0,0,0,0,0,1,0,0,69517,away,347,20250608
0,1,0,0,0,0,0,0,54598,away,347,20250608
1,0,0,0,0,0,1,0,62802,away,347,20250608
4,0,2,0,0,0,0,1,54529,away,347,20250608
4,0,1,1,0,0,2,0,78513,away,347,20250608
4,0,0,0,0,0,0,0,50150,away,347,20250608
4,0,0,0,0,0,3,0,68205,away,347,20250608
4,1,2,0,0,0,1,0,60523,away,347,20250608
3,1,1,1,0,1,0,1,52504,away,347,20250608
3,0,1,0,0,0,1,0,68518,away,347,20250608
4,0,1,1,0,1,0,0,67207,home,347,20250608
3,0,0,0,0,0,1,0,69238,home,347,20250608
1,0,0,0,0,0,0,0,52267,home,347,20250608
4,0,0,0,0,0,1,0,76232,home,347,20250608
2,1,1,0,0,2,0,1,78224,home,347,20250608
4,0,1,1,0,0,0,0,66112,home,347,20250608
3,1,1,0,0,0,0,0,55252,home,347,20250608
1,0,0,0,0,0,0,0,55208,home,347,20250608
0,0,0,0,0,0,0,0,55224,home,347,20250608
2,0,0,0,0,0,0,0,79231,home,347,20250608
2,0,1,0,0,0,1,0,53554,home,347,20250608
2,0,0,0,0,0,1,0,64468,home,347,20250608
2,0,1,0,0,0,0,0,63257,home,347,20250608
3,0,0,0,0,0,1,0,54205,home,347,20250608
1,0,0,0,0,0,0,0,54219,home,347,20250608
3,0,0,0,0,0,1,0,69992,away,348,20250608
1,0,0,0,0,0,0,0,68904,away,348,20250608
3,0,1,0,0,1,0,0,51907,away,348,20250608
4,0,0,0,0,0,0,0,62907,away,348,20250608
2,0,0,0,0,1,0,0,54944,away,348,20250608
2,0,0,0,0,0,0,0,77532,away,348,20250608
1,0,0,0,0,0,0,0,79215,away,348,20250608
3,0,0,0,0,0,2,0,63963,away,348,20250608
2,0,0,0,0,0,1,0,64101,away,348,20250608
1,0,0,0,0,0,0,0,67905,away,348,20250608
3,0,1,0,0,0,1,0,51344,away,348,20250608
1,0,0,0,0,0,0,0,51903,away,348,20250608
1,0,0,0,0,0,1,0,68912,away,348,20250608
3,1,0,0,0,1,0,1,50458,home,348,20250608
3,0,0,0,0,0,2,0,62234,home,348,20250608
3,0,1,0,0,0,2,0,62404,home,348,20250608
3,0,0,1,0,0,0,0,54400,home,348,20250608
3,0,0,0,0,0,2,0,52430,home,348,20250608
0,0,0,0,0,0,0,0,65586,home,348,20250608
2,0,0,0,0,0,1,1,52415,home,348,20250608
2,0,0,0,0,1,0,0,75125,home,348,20250608
0,0,0,0,0,0,0,0,55438,home,348,20250608
3,0,0,0,0,0,0,0,65132,home,348,20250608
1,0,0,0,0,1,1,0,66409,home,348,20250608
1,0,0,0,0,0,0,0,65040,home,348,20250608
0,0,0,0,0,0,0,0,69418,home,348,20250608
3,0,0,0,0,1,0,1,50854,away,349,20250608
5,0,0,0,0,0,1,0,53827,away,349,20250608
3,0,0,0,0,1,1,0,75847,away,349,20250608
4,0,0,0,0,0,0,0,62895,away,349,20250608
0,0,0,0,0,0,0,0,62934,away,349,20250608
4,1,2,0,0,0,0,0,51868,away,349,20250608
0,0,0,0,0,0,0,0,60558,away,349,20250608
3,1,2,1,0,1,0,0,67893,away,349,20250608
4,0,1,0,0,0,0,0,51865,away,349,20250608
4,0,0,0,0,0,0,0,66917,away,349,20250608
3,1,1,1,1,1,1,0,52804,away,349,20250608
4,0,1,0,0,0,1,0,64166,home,349,20250608
4,0,1,0,0,0,0,0,68504,home,349,20250608
4,0,0,0,0,0,0,0,79240,home,349,20250608
3,0,0,0,0,1,0,0,67025,home,349,20250608
3,0,0,0,0,0,1,0,67644,home,349,20250608
1,0,0,0,0,0,0,0,78548,home,349,20250608
4,1,1,1,1,0,1,0,79402,home,349,20250608
3,1,1,0,0,0,0,0,66706,home,349,20250608
1,0,0,0,0,0,1,0,52001,home,349,20250608
2,0,1,0,0,1,1,0,51003,home,349,20250608
3,0,1,1,0,0,1,0,68089,home,349,20250608
4,0,2,3,0,0,1,0,55734,away,350,20250608
5,1,1,0,0,0,0,0,62700,away,350,20250608
6,1,2,0,0,0,0,1,53764,away,350,20250608
4,1,0,1,0,0,1,0,69737,away,350,20250608
4,0,1,0,0,0,1,0,79192,away,350,20250608
0,0,0,0,0,0,0,0,66704,away,350,20250608
4,0,2,2,0,1,0,0,66657,away,350,20250608
5,1,3,0,0,0,1,0,79608,away,350,20250608
4,1,3,0,0,0,0,0,78288,away,350,20250608
0,1,0,0,0,0,0,0,68700,away,350,20250608
0,0,0,0,0,1,0,0,76812,away,350,20250608
2,0,0,0,0,0,1,0,54795,away,350,20250608
1,0,1,0,0,0,0,0,50707,away,350,20250608
0,0,0,0,0,0,0,0,52704,away,350,20250608
0,0,0,0,0,0,0,0,65703,away,350,20250608
5,1,3,0,0,0,1,0,52667,home,350,20250608
5,0,0,0,0,0,1,0,64646,home,350,20250608
4,1,1,2,1,0,2,0,69636,home,350,20250608
3,1,1,0,0,1,2,0,72443,home,350,20250608
4,0,0,0,0,1,4,0,55645,home,350,20250608
0,0,0,0,0,0,0,0,66614,home,350,20250608
5,3,2,0,0,0,0,0,66606,home,350,20250608
1,0,1,0,0,0,0,0,67610,home,350,20250608
3,1,2,3,1,0,0,0,65610,home,350,20250608
1,0,0,0,0,0,0,0,50600,home,350,20250608
1,0,0,0,0,0,0,0,78122,home,350,20250608
3,0,1,0,0,0,1,0,68646,home,350,20250608
3,0,0,0,0,0,1,0,65653,home,350,20250608
2,0,0,0,0,0,0,0,61353,home,350,20250608
5,1,2,1,0,0,0,1,50854,away,351,20250610
5,1,3,2,0,0,1,1,62934,away,351,20250610
3,0,0,0,0,1,2,0,75847,away,351,20250610
5,0,0,0,0,0,1,0,51868,away,351,20250610
0,0,0,0,0,0,0,0,60558,away,351,20250610
4,1,2,1,0,1,0,0,53827,away,351,20250610
4,0,0,0,0,1,0,0,67893,away,351,20250610
5,0,3,0,0,0,0,0,51865,away,351,20250610
5,1,1,0,0,0,1,0,52804,away,351,20250610
3,1,2,1,0,1,0,0,66917,away,351,20250610
1,1,0,0,0,0,0,1,54812,away,351,20250610
5,1,1,0,0,0,0,0,65207,home,351,20250610
4,0,0,0,0,0,1,0,76290,home,351,20250610
4,0,0,0,0,0,1,0,53123,home,351,20250610
2,0,0,0,0,2,0,0,69102,home,351,20250610
3,0,0,0,0,1,1,0,79365,home,351,20250610
0,0,0,0,0,0,0,0,52154,home,351,20250610
3,0,1,1,0,1,0,0,68119,home,351,20250610
0,0,0,0,0,0,0,0,68110,home,351,20250610
2,0,0,0,0,1,0,0,69100,home,351,20250610
1,0,0,0,0,0,1,0,51100,home,351,20250610
2,0,0,0,0,0,0,0,66162,home,351,20250610
2,0,1,0,0,0,1,0,67504,home,351,20250610
2,1,0,0,0,2,1,0,62415,home,351,20250610
4,1,2,0,0,0,0,0,68507,away,352,20250610
1,0,0,0,0,0,1,0,52504,away,352,20250610
3,1,0,0,0,2,1,0,69517,away,352,20250610
4,0,2,3,0,0,0,0,54529,away,352,20250610
0,0,0,0,0,0,0,0,55506,away,352,20250610
4,0,0,0,0,0,2,0,78513,away,352,20250610
3,0,0,0,0,0,2,0,60523,away,352,20250610
1,0,1,0,0,0,0,0,52568,away,352,20250610
3,0,0,0,0,1,0,0,50150,away,352,20250610
3,0,1,0,0,1,0,0,77564,away,352,20250610
3,0,1,0,0,0,0,0,68205,away,352,20250610
1,0,0,0,0,0,1,0,62802,away,352,20250610
3,1,1,0,0,0,2,0,68518,away,352,20250610
1,0,1,0,0,0,0,0,51528,away,352,20250610
5,2,3,2,1,0,0,0,64166,home,352,20250610
3,2,1,1,0,1,0,0,79402,home,352,20250610
3,1,2,1,0,1,0,0,52001,home,352,20250610
0,0,0,0,0,0,0,0,51007,home,352,20250610
4,0,1,2,0,0,0,0,67025,home,352,20250610
1,0,1,0,0,0,0,0,66706,home,352,20250610
4,1,1,0,0,0,1,0,78548,home,352,20250610
1,0,0,0,0,0,0,0,68089,home,352,20250610
4,2,2,0,0,1,1,0,67644,home,352,20250610
4,0,2,0,0,0,0,0,79240,home,352,20250610
1,0,1,0,0,0,0,0,51003,home,352,20250610
5,2,2,2,1,0,0,0,68504,home,352,20250610
4,2,2,1,0,0,1,0,64504,home,352,20250610
4,0,0,0,0,1,0,0,50458,away,353,20250610
5,0,0,0,0,0,1,0,62404,away,353,20250610
0,0,0,0,0,0,0,0,66409,away,353,20250610
4,1,2,0,0,1,0,0,54400,away,353,20250610
3,2,0,0,0,1,0,1,52430,away,353,20250610
1,0,0,0,0,0,1,0,65586,away,353,20250610
2,1,0,0,0,1,1,0,65132,away,353,20250610
3,0,1,0,0,0,0,0,65040,away,353,20250610
1,1,1,1,0,0,0,0,69418,away,353,20250610
4,1,1,1,1,0,0,0,75125,away,353,20250610
3,0,2,0,0,0,0,0,62234,away,353,20250610
0,1,0,0,0,1,0,1,54408,away,353,20250610
4,1,1,4,1,0,1,0,52415,away,353,20250610
4,0,1,0,0,0,0,0,52667,home,353,20250610
3,0,0,0,0,0,1,0,64646,home,353,20250610
1,0,0,0,0,0,1,0,66614,home,353,20250610
4,0,0,0,0,0,3,0,69636,home,353,20250610
2,0,0,0,0,1,0,0,72443,home,353,20250610
1,0,1,0,0,0,0,0,61353,home,353,20250610
3,0,1,0,0,0,1,0,55645,home,353,20250610
1,0,0,0,0,0,0,0,50600,home,353,20250610
4,0,1,0,0,0,2,0,65610,home,353,20250610
4,0,0,0,0,0,1,0,66606,home,353,20250610
1,0,0,0,0,1,0,0,78122,home,353,20250610
2,0,0,0,0,0,1,0,68646,home,353,20250610
2,0,0,0,0,1,1,0,64560,home,353,20250610
0,0,0,0,0,0,0,0,65653,home,353,20250610
4,1,1,0,0,2,1,0,63963,away,354,20250610
5,0,0,0,0,0,0,0,51907,away,354,20250610
6,1,2,0,0,0,0,1,62907,away,354,20250610
5,0,3,2,0,1,1,0,54944,away,354,20250610
0,0,0,0,0,0,0,0,50902,away,354,20250610
2,0,0,0,0,0,0,0,79215,away,354,20250610
1,0,0,0,0,0,0,0,64101,away,354,20250610
1,0,0,0,0,0,0,0,68904,away,354,20250610
1,0,0,0,0,1,0,1,69992,away,354,20250610
5,0,3,0,0,0,0,0,77532,away,354,20250610
5,0,1,0,0,0,2,1,67905,away,354,20250610
4,0,0,0,0,1,3,0,68912,away,354,20250610
5,0,2,0,0,0,0,0,51344,away,354,20250610
5,1,1,0,0,0,3,0,65357,home,354,20250610
5,1,2,1,1,0,0,0,64340,home,354,20250610
5,0,1,1,0,0,0,0,50167,home,354,20250610
5,0,2,0,0,0,2,0,66838,home,354,20250610
4,0,0,0,0,0,0,0,53312,home,354,20250610
1,0,0,0,0,0,0,0,62332,home,354,20250610
5,0,2,0,0,0,2,0,52305,home,354,20250610
3,0,0,0,0,0,0,0,76267,home,354,20250610
3,0,0,0,0,0,1,0,78756,home,354,20250610
1,0,0,0,0,0,1,0,54307,home,354,20250610
0,0,0,0,0,0,0,0,50304,home,354,20250610
3,0,0,0,0,0,2,0,79231,away,355,20250610
1,0,0,0,0,0,1,0,69238,away,355,20250610
4,0,0,0,0,0,1,0,55208,away,355,20250610
3,0,1,0,0,0,1,0,76232,away,355,20250610
1,1,1,0,0,0,0,0,54219,away,355,20250610
2,0,0,0,0,1,1,0,78224,away,355,20250610
1,1,1,0,0,0,0,0,52267,away,355,20250610
3,0,0,1,0,0,1,0,63257,away,355,20250610
4,0,1,0,0,0,2,0,67207,away,355,20250610
3,0,0,0,0,1,2,0,53554,away,355,20250610
4,0,0,0,0,0,1,0,55252,away,355,20250610
3,0,1,0,0,0,0,0,55224,away,355,20250610
4,0,0,0,0,0,2,0,79608,home,355,20250610
3,0,0,0,0,1,1,0,62700,home,355,20250610
4,1,2,0,0,0,0,0,53764,home,355,20250610
4,1,1,1,0,0,1,0,69737,home,355,20250610
2,1,0,0,0,1,1,0,79192,home,355,20250610
0,0,0,0,0,0,0,0,66704,home,355,20250610
2,0,0,0,0,0,1,0,66657,home,355,20250610
1,0,1,2,0,0,0,0,50707,home,355,20250610
1,1,0,0,0,0,0,0,52704,home,355,20250610
3,2,2,0,0,0,0,0,68700,home,355,20250610
2,0,1,0,0,0,0,0,76812,home,355,20250610
3,0,1,1,0,0,1,0,54795,home,355,20250610
5,1,1,0,0,0,1,0,50854,away,356,20250611
5,1,3,0,0,0,0,0,53827,away,356,20250611
4,0,0,0,0,0,3,0,75847,away,356,20250611
5,1,3,0,0,0,1,0,62895,away,356,20250611
0,0,0,0,0,0,0,0,62934,away,356,20250611
4,0,2,2,0,0,1,0,51868,away,356,20250611
1,0,0,0,0,0,0,0,51865,away,356,20250611
3,1,0,0,0,1,0,0,67893,away,356,20250611
3,0,0,0,0,0,1,0,79456,away,356,20250611
1,0,1,1,0,0,0,0,60558,away,356,20250611
2,0,1,1,0,2,0,2,54812,away,356,20250611
3,0,0,0,0,0,1,0,66917,away,356,20250611
1,0,0,0,0,0,0,0,68868,away,356,20250611
0,0,0,0,0,0,0,0,52804,away,356,20250611
4,0,1,1,0,0,0,1,65207,home,356,20250611
3,1,1,1,0,1,2,0,76290,home,356,20250611
4,1,1,2,1,0,1,0,53123,home,356,20250611
3,1,0,0,0,1,0,0,69102,home,356,20250611
4,0,1,0,0,0,0,0,68119,home,356,20250611
4,0,0,0,0,0,0,0,52154,home,356,20250611
3,1,2,1,0,1,0,1,69100,home,356,20250611
2,1,1,1,0,0,0,0,51100,home,356,20250611
1,0,0,0,0,0,0,0,79365,home,356,20250611
1,0,0,0,0,0,1,0,67504,home,356,20250611
3,1,1,0,0,1,1,1,62415,home,356,20250611
4,1,0,0,0,1,1,0,68507,away,357,20250611
4,0,1,1,0,1,0,0,69517,away,357,20250611
4,0,3,2,0,1,0,0,54529,away,357,20250611
5,0,2,1,0,0,0,0,78513,away,357,20250611
0,0,0,0,0,0,0,0,51528,away,357,20250611
5,0,2,0,0,0,1,0,77564,away,357,20250611
4,1,1,0,0,1,0,1,68205,away,357,20250611
4,0,0,0,0,0,2,0,60523,away,357,20250611
4,1,1,0,0,0,3,0,52568,away,357,20250611
0,0,0,0,0,0,0,0,62802,away,357,20250611
2,0,0,0,0,2,0,0,68518,away,357,20250611
0,1,0,0,0,0,0,0,52504,away,357,20250611
5,0,2,2,0,0,1,0,64166,home,357,20250611
5,0,1,0,0,0,1,1,79402,home,357,20250611
4,0,2,0,0,0,2,1,52001,home,357,20250611
4,0,0,0,0,0,1,0,78548,home,357,20250611
4,1,1,0,0,0,1,0,67025,home,357,20250611
2,1,0,0,0,1,1,0,79240,home,357,20250611
3,0,1,0,0,0,2,0,68504,home,357,20250611
1,0,0,0,0,0,1,0,51003,home,357,20250611
3,0,0,0,0,0,1,0,64504,home,357,20250611
1,0,0,0,0,0,0,0,66706,home,357,20250611
3,1,1,1,0,0,0,0,68089,home,357,20250611
1,0,1,0,0,0,0,0,67644,home,357,20250611
0,0,0,0,0,0,0,0,50092,home,357,20250611
3,1,1,0,0,0,0,0,50458,away,358,20250611
2,0,0,0,0,0,1,0,69418,away,358,20250611
5,1,4,1,0,0,0,0,62404,away,358,20250611
5,0,2,0,0,0,0,0,54400,away,358,20250611
5,0,2,2,0,0,3,0,52430,away,358,20250611
4,0,0,0,0,0,3,0,75125,away,358,20250611
1,0,0,0,0,0,0,0,55438,away,358,20250611
3,0,1,0,0,0,0,1,65040,away,358,20250611
1,0,0,0,0,0,0,0,74540,away,358,20250611
3,0,0,0,0,0,1,0,52415,away,358,20250611
1,0,0,0,0,0,0,0,65586,away,358,20250611
2,0,0,0,0,1,1,0,65132,away,358,20250611
1,0,0,0,0,0,0,0,66409,away,358,20250611
4,1,2,0,0,0,0,0,54408,away,358,20250611
4,0,0,0,0,0,1,0,52667,home,358,20250611
1,0,0,0,0,0,1,0,50600,home,358,20250611
3,0,0,0,0,1,1,0,64560,home,358,20250611
3,0,0,0,0,1,1,0,69636,home,358,20250611
4,0,1,0,0,0,0,0,72443,home,358,20250611
0,0,0,0,0,0,0,0,61353,home,358,20250611
4,2,1,1,1,0,0,0,55645,home,358,20250611
3,2,2,0,0,1,1,0,64646,home,358,20250611
2,0,0,0,0,0,1,0,66606,home,358,20250611
1,1,0,0,0,0,0,0,65610,home,358,20250611
1,0,0,0,0,0,0,0,66614,home,358,20250611
2,1,1,2,0,1,0,0,78122,home,358,20250611
4,0,2,2,0,0,0,0,65653,home,358,20250611
2,1,0,0,0,2,0,0,63963,away,359,20250611
2,1,1,1,0,0,1,0,67905,away,359,20250611
4,1,3,1,0,1,0,0,51907,away,359,20250611
0,0,0,0,0,0,0,0,68928,away,359,20250611
4,2,2,2,0,0,1,1,62907,away,359,20250611
0,0,0,0,0,0,0,0,50902,away,359,20250611
3,0,1,1,0,0,1,0,54944,away,359,20250611
1,0,0,1,0,0,0,0,79215,away,359,20250611
3,0,1,1,0,1,0,0,77532,away,359,20250611
1,0,0,0,0,0,0,0,64101,away,359,20250611
4,0,1,0,0,1,1,0,68904,away,359,20250611
4,0,0,0,0,0,2,0,51344,away,359,20250611
5,0,0,0,0,0,2,0,68912,away,359,20250611
0,0,0,0,0,0,0,0,51903,away,359,20250611
2,2,0,0,0,2,1,2,69992,away,359,20250611
4,0,0,0,0,0,3,0,65357,home,359,20250611
4,0,1,0,0,0,3,0,64340,home,359,20250611
2,0,1,0,0,1,1,1,50167,home,359,20250611
1,0,0,0,0,0,0,0,52305,home,359,20250611
4,1,1,1,1,0,0,0,76267,home,359,20250611
3,0,0,0,0,0,3,0,54307,home,359,20250611
1,0,0,0,0,0,0,0,66838,home,359,20250611
1,0,0,0,0,0,0,0,50304,home,359,20250611
3,0,0,0,0,0,2,0,50357,home,359,20250611
3,0,0,0,0,0,2,0,53312,home,359,20250611
3,0,0,0,0,0,2,0,55392,home,359,20250611
3,0,1,0,0,1,0,0,67207,away,360,20250611
4,0,1,0,0,0,1,0,55208,away,360,20250611
0,0,0,0,0,0,0,0,64468,away,360,20250611
2,1,1,1,1,1,0,0,76232,away,360,20250611
1,0,0,0,0,0,0,0,54219,away,360,20250611
4,0,1,0,0,0,1,0,78224,away,360,20250611
4,0,1,0,0,0,1,0,52267,away,360,20250611
4,0,0,0,0,0,1,0,69238,away,360,20250611
4,0,1,0,0,0,1,0,50208,away,360,20250611
4,0,1,0,0,0,0,1,55252,away,360,20250611
3,0,0,0,0,0,1,0,53554,away,360,20250611
6,2,2,4,1,0,0,0,68700,home,360,20250611
3,1,1,0,0,1,0,0,50707,home,360,20250611
4,0,2,0,0,0,0,0,53764,home,360,20250611
4,2,2,0,0,1,0,0,69737,home,360,20250611
4,0,2,3,0,0,1,0,79192,home,360,20250611
1,0,1,0,0,0,0,0,79608,home,360,20250611
0,0,0,0,0,0,0,0,52704,home,360,20250611
5,2,2,0,0,0,0,0,66704,home,360,20250611
5,0,2,2,0,0,0,0,65703,home,360,20250611
2,1,0,0,0,2,1,0,78288,home,360,20250611
4,1,1,0,0,0,0,0,54795,home,360,20250611
3,0,0,0,0,1,1,0,50854,away,361,20250612
1,0,0,0,0,0,1,0,62934,away,361,20250612
5,0,2,1,0,0,0,0,53827,away,361,20250612
5,0,0,0,0,0,3,0,75847,away,361,20250612
5,0,1,0,0,0,1,0,62895,away,361,20250612
4,1,1,0,0,0,1,0,51868,away,361,20250612
0,1,0,0,0,1,0,0,68868,away,361,20250612
5,3,4,1,0,0,0,0,67893,away,361,20250612
3,1,3,0,0,2,0,1,54812,away,361,20250612
4,0,2,2,0,0,2,0,51865,away,361,20250612
1,0,0,1,0,0,0,0,79456,away,361,20250612
3,0,0,0,0,0,2,0,66917,away,361,20250612
1,0,0,0,0,0,1,0,60558,away,361,20250612
1,0,0,0,0,0,0,0,52804,away,361,20250612
3,2,2,0,0,1,0,0,65207,home,361,20250612
4,0,1,0,0,0,2,0,76290,home,361,20250612
1,1,1,0,0,0,0,0,52103,home,361,20250612
3,1,2,0,0,2,0,1,53123,home,361,20250612
3,0,0,2,0,1,0,0,69102,home,361,20250612
5,2,2,1,0,0,0,0,68119,home,361,20250612
0,0,0,0,0,0,0,0,69100,home,361,20250612
0,1,0,0,0,0,0,0,68110,home,361,20250612
2,1,1,2,0,0,0,0,79365,home,361,20250612
3,0,1,0,0,0,0,0,52154,home,361,20250612
1,0,0,0,0,0,1,0,67504,home,361,20250612
4,0,1,1,0,0,1,0,51100,home,361,20250612
4,0,4,0,0,0,0,1,62415,home,361,20250612
5,1,3,3,0,1,2,0,68507,away,362,20250612
0,1,0,0,0,0,0,0,55506,away,362,20250612
5,2,2,1,0,1,0,0,69517,away,362,20250612
4,2,1,0,0,2,0,0,54529,away,362,20250612
5,1,1,2,0,1,0,0,78513,away,362,20250612
6,0,1,0,0,0,3,0,77564,away,362,20250612
6,1,2,0,0,0,0,0,68205,away,362,20250612
6,3,5,2,0,0,0,1,50150,away,362,20250612
4,1,1,1,0,1,2,0,52504,away,362,20250612
4,0,1,1,0,0,2,0,68518,away,362,20250612
0,0,0,0,0,0,0,0,52568,away,362,20250612
2,0,0,0,0,0,1,0,51528,away,362,20250612
5,1,2,0,0,1,2,0,64166,home,362,20250612
5,2,4,1,0,1,0,0,79402,home,362,20250612
6,3,3,5,2,0,1,0,52001,home,362,20250612
6,0,2,0,0,0,1,0,78548,home,362,20250612
4,0,0,0,0,1,0,0,79240,home,362,20250612
0,0,0,0,0,0,0,0,50092,home,362,20250612
3,0,0,0,0,0,1,0,67025,home,362,20250612
1,0,0,0,0,0,0,0,51007,home,362,20250612
1,0,1,1,0,0,0,0,68504,home,362,20250612
4,0,1,0,0,0,2,0,64504,home,362,20250612
0,0,0,0,0,1,0,0,64007,home,362,20250612
2,0,1,0,0,1,1,0,66706,home,362,20250612
2,0,0,0,0,0,2,0,67644,home,362,20250612
5,1,1,0,0,0,1,0,51003,home,362,20250612
3,0,0,0,0,1,1,1,50458,away,363,20250612
3,1,0,0,0,1,2,0,54408,away,363,20250612
4,1,2,2,1,0,0,0,62404,away,363,20250612
0,0,0,0,0,0,0,0,66409,away,363,20250612
4,0,1,0,0,0,1,0,54400,away,363,20250612
2,0,0,0,0,0,2,0,52430,away,363,20250612
1,0,0,0,0,0,0,0,52415,away,363,20250612
3,0,2,0,0,0,0,0,69418,away,363,20250612
2,0,0,0,0,0,0,0,75125,away,363,20250612
1,0,0,0,0,0,0,0,65040,away,363,20250612
3,0,0,0,0,0,1,0,65132,away,363,20250612
3,0,0,0,0,0,1,0,55438,away,363,20250612
3,0,1,0,0,2,1,0,64560,home,363,20250612
5,0,0,0,0,0,0,0,64646,home,363,20250612
4,0,2,0,0,0,0,0,55645,home,363,20250612
4,0,1,0,0,0,2,0,72443,home,363,20250612
4,0,1,0,0,0,3,0,69636,home,363,20250612
4,0,1,0,0,0,1,0,65610,home,363,20250612
0,0,0,0,0,0,0,0,55636,home,363,20250612
4,1,2,0,0,0,0,0,68646,home,363,20250612
4,0,1,0,0,0,1,0,66614,home,363,20250612
4,0,2,1,0,0,1,0,65653,home,363,20250612
2,1,1,0,0,0,0,0,63963,away,364,20250612
2,0,0,0,0,0,0,0,69992,away,364,20250612
1,1,1,0,0,1,0,0,64101,away,364,20250612
6,0,0,0,0,0,2,0,51907,away,364,20250612
4,1,1,1,0,0,0,0,62907,away,364,20250612
5,2,3,1,1,0,1,0,54944,away,364,20250612
5,1,2,4,1,0,1,0,79215,away,364,20250612
2,0,0,0,0,0,0,0,77532,away,364,20250612
2,0,1,0,0,1,1,1,67905,away,364,20250612
3,0,0,0,0,1,1,0,68904,away,364,20250612
1,0,0,0,0,0,1,0,50902,away,364,20250612
4,1,2,0,0,1,0,1,68912,away,364,20250612
5,1,1,2,1,0,2,0,51344,away,364,20250612
5,1,1,0,0,1,1,0,50167,home,364,20250612
4,0,2,4,0,0,2,0,76267,home,364,20250612
3,0,0,0,0,2,0,0,65357,home,364,20250612
4,0,1,1,0,0,1,0,55326,home,364,20250612
3,0,1,0,0,1,1,0,64340,home,364,20250612
1,0,0,0,0,0,1,0,52305,home,364,20250612
5,0,2,0,0,0,2,0,69332,home,364,20250612
3,1,2,0,0,0,0,0,62332,home,364,20250612
0,1,0,0,0,0,0,0,54307,home,364,20250612
1,0,0,0,0,0,0,0,53312,home,364,20250612
2,2,1,0,0,1,0,0,55397,home,364,20250612
0,0,0,0,0,0,0,0,78756,home,364,20250612
1,0,0,0,0,0,0,0,55392,home,364,20250612
5,1,2,0,0,0,2,0,79231,away,365,20250612
4,1,1,0,0,0,3,0,50208,away,365,20250612
4,0,1,1,0,0,0,0,76232,away,365,20250612
3,0,1,1,0,1,0,0,78224,away,365,20250612
0,0,0,0,0,0,0,0,69238,away,365,20250612
3,0,0,0,0,0,1,0,52267,away,365,20250612
0,0,0,0,0,0,0,0,63257,away,365,20250612
3,0,0,0,0,1,1,1,55208,away,365,20250612
4,0,1,0,0,0,3,0,67207,away,365,20250612
3,0,0,0,0,0,2,0,55252,away,365,20250612
1,0,1,0,0,0,0,0,55224,away,365,20250612
3,0,1,0,0,1,1,0,53554,away,365,20250612
4,0,1,1,0,0,0,1,68700,home,365,20250612
2,1,0,0,0,0,0,0,62700,home,365,20250612
0,0,0,0,0,0,0,0,79608,home,365,20250612
1,0,0,0,0,0,0,0,54795,home,365,20250612
3,0,1,0,0,0,0,0,53764,home,365,20250612
4,1,1,2,1,0,1,0,69737,home,365,20250612
3,0,1,0,0,0,1,0,79192,home,365,20250612
3,0,2,0,0,0,1,0,66657,home,365,20250612
0,1,0,0,0,0,0,0,52704,home,365,20250612
2,0,0,0,0,0,0,0,66704,home,365,20250612
2,0,1,0,0,0,0,0,78288,home,365,20250612
0,0,0,0,0,0,0,0,55734,home,365,20250612
0,0,0,0,0,0,0,0,76812,home,365,20250612
2,0,0,0,0,0,0,0,65703,home,365,20250612
2,0,0,0,0,1,0,0,64560,away,369,20250613
2,0,0,0,0,0,0,0,66606,away,369,20250613
2,0,0,0,0,0,0,0,72443,away,369,20250613
2,0,0,0,0,0,0,0,55645,away,369,20250613
2,0,0,0,0,0,1,0,69636,away,369,20250613
2,1,1,1,1,0,0,0,64646,away,369,20250613
2,0,0,0,0,0,0,0,65653,away,369,20250613
2,0,2,0,0,0,0,0,78122,away,369,20250613
2,0,2,0,0,0,0,0,66614,away,369,20250613
2,2,1,0,0,1,0,1,51907,home,369,20250613
2,2,1,1,0,1,0,0,63963,home,369,20250613
2,0,1,1,0,0,1,0,62907,home,369,20250613
2,0,1,1,0,0,1,0,54944,home,369,20250613
2,0,1,1,0,0,0,0,79215,home,369,20250613
3,0,1,0,0,0,2,0,77532,home,369,20250613
2,0,1,0,0,0,1,0,67905,home,369,20250613
2,0,0,0,0,0,0,0,68912,home,369,20250613
2,0,0,0,0,0,1,0,51344,home,369,20250613
2,0,0,0,0,2,1,0,50167,away,371,20250614
4,0,0,1,0,1,2,0,55326,away,371,20250614
4,0,1,0,0,0,1,0,76267,away,371,20250614
3,0,1,0,0,1,1,1,64340,away,371,20250614
3,0,0,0,0,0,0,0,69332,away,371,20250614
1,0,0,0,0,0,0,0,53344,away,371,20250614
2,0,0,0,0,0,0,0,78756,away,371,20250614
2,0,0,0,0,0,1,0,55392,away,371,20250614
2,0,0,0,0,0,0,0,53312,away,371,20250614
1,1,0,0,0,1,0,0,54307,away,371,20250614
4,0,2,0,0,0,1,0,55397,away,371,20250614
2,0,1,0,0,0,1,0,65357,away,371,20250614
4,1,2,0,0,0,0,0,79231,home,371,20250614
4,0,1,0,0,0,0,0,50208,home,371,20250614
4,1,1,2,1,0,0,0,76232,home,371,20250614
4,1,2,0,0,0,1,0,78224,home,371,20250614
0,0,0,0,0,0,0,0,66209,home,371,20250614
4,1,2,0,0,0,1,0,55208,home,371,20250614
4,0,1,0,0,0,1,0,52267,home,371,20250614
2,0,0,0,0,0,2,0,54236,home,371,20250614
0,0,0,0,0,1,0,0,63257,home,371,20250614
1,0,0,0,0,0,0,0,64468,home,371,20250614
2,0,1,0,0,0,0,0,53554,home,371,20250614
1,0,0,0,0,0,0,0,63123,home,371,20250614
3,0,1,0,0,0,0,0,67207,home,371,20250614
4,1,0,0,0,0,0,0,50150,away,372,20250614
3,1,0,0,0,1,1,0,69517,away,372,20250614
4,1,2,0,0,0,1,0,54529,away,372,20250614
4,0,2,2,0,0,0,0,78513,away,372,20250614
4,1,2,2,1,0,1,0,77564,away,372,20250614
4,0,1,0,0,0,1,0,68205,away,372,20250614
4,0,1,0,0,0,1,0,60523,away,372,20250614
0,0,0,0,0,0,0,0,52568,away,372,20250614
4,0,0,0,0,0,3,0,68518,away,372,20250614
3,0,1,0,0,1,0,0,52504,away,372,20250614
4,0,1,0,0,0,2,0,50854,home,372,20250614
3,0,0,0,0,0,1,0,62934,home,372,20250614
1,0,0,0,0,0,0,0,68868,home,372,20250614
4,1,1,0,0,0,0,0,53827,home,372,20250614
4,0,2,0,0,0,0,0,51868,home,372,20250614
3,1,2,0,0,1,0,0,67893,home,372,20250614
3,0,1,1,0,0,1,0,60558,home,372,20250614
3,0,0,0,0,1,2,0,51865,home,372,20250614
2,0,0,0,0,0,1,0,66917,home,372,20250614
2,0,0,0,0,0,0,0,54812,home,372,20250614
3,0,1,0,0,0,0,0,52804,home,372,20250614
5,0,2,2,0,0,2,1,64166,away,373,20250614
5,1,2,2,1,0,2,0,79402,away,373,20250614
0,0,0,0,0,0,0,0,64504,away,373,20250614
4,1,1,0,0,1,0,0,52001,away,373,20250614
0,0,0,0,0,0,0,0,51007,away,373,20250614
4,1,1,2,1,0,2,0,67644,away,373,20250614
1,0,0,0,0,0,0,0,78548,away,373,20250614
4,1,1,0,0,0,0,0,79240,away,373,20250614
1,0,0,0,0,0,0,0,64007,away,373,20250614
4,1,1,1,0,0,0,0,67025,away,373,20250614
1,0,0,0,0,0,0,0,66706,away,373,20250614
5,2,4,1,0,0,0,0,68504,away,373,20250614
3,1,0,0,0,1,1,0,68089,away,373,20250614
3,2,2,2,0,1,1,0,51003,away,373,20250614
3,0,1,0,0,0,1,0,50458,home,373,20250614
2,1,1,1,1,0,0,0,66409,home,373,20250614
3,0,0,0,0,0,0,0,54408,home,373,20250614
1,1,1,0,0,0,0,0,65586,home,373,20250614
3,1,1,2,1,1,0,0,62404,home,373,20250614
4,0,0,0,0,0,1,0,54400,home,373,20250614
0,0,0,0,0,0,0,0,62234,home,373,20250614
2,0,0,0,0,0,2,0,74540,home,373,20250614
2,0,0,0,0,0,2,0,65132,home,373,20250614
4,0,1,0,0,0,1,0,65040,home,373,20250614
4,0,2,0,0,0,1,0,69418,home,373,20250614
4,0,1,0,0,0,1,0,52430,home,373,20250614
1,0,0,0,0,1,0,0,52415,home,373,20250614
1,0,0,0,0,0,1,0,55438,home,373,20250614
1,0,0,0,0,0,0,0,75125,home,373,20250614
3,1,0,0,0,2,0,0,64560,away,374,20250614
4,1,2,1,0,1,1,0,64646,away,374,20250614
4,0,0,0,0,0,2,0,72443,away,374,20250614
0,0,0,0,0,0,0,0,55636,away,374,20250614
4,0,0,0,0,0,1,0,55645,away,374,20250614
1,0,0,0,0,0,1,0,65610,away,374,20250614
0,0,0,0,0,0,0,0,50657,away,374,20250614
2,2,1,3,1,2,0,0,69636,away,374,20250614
4,0,0,0,0,0,3,0,66606,away,374,20250614
3,2,1,0,0,1,0,0,65653,away,374,20250614
4,1,2,2,0,0,0,0,78122,away,374,20250614
4,2,2,2,1,0,0,1,66614,away,374,20250614
3,1,0,0,0,2,1,0,51907,home,374,20250614
2,2,1,0,0,3,0,0,63963,home,374,20250614
3,0,1,1,0,0,1,0,62907,home,374,20250614
0,0,0,0,0,0,0,0,69992,home,374,20250614
1,1,1,0,0,0,0,0,50902,home,374,20250614
5,1,2,2,1,0,2,0,54944,home,374,20250614
4,2,2,4,1,1,0,0,79215,home,374,20250614
5,0,2,0,0,0,0,0,77532,home,374,20250614
2,0,0,0,0,0,0,0,67905,home,374,20250614
3,0,0,1,0,0,1,0,64101,home,374,20250614
5,0,0,0,0,0,1,0,51344,home,374,20250614
3,1,1,0,0,0,2,0,51903,home,374,20250614
1,0,0,0,0,0,0,0,68904,home,374,20250614
0,0,0,0,0,0,0,0,68928,home,374,20250614
4,0,1,1,0,0,2,0,65207,away,375,20250614
3,0,1,0,0,1,0,0,76290,away,375,20250614
1,1,0,0,0,0,1,0,68110,away,375,20250614
0,0,0,0,0,0,0,0,53123,away,375,20250614
3,0,0,0,0,0,2,0,51100,away,375,20250614
0,0,0,0,0,0,0,0,52154,away,375,20250614
0,0,0,0,0,0,0,0,66162,away,375,20250614
1,0,0,0,0,0,0,0,67504,away,375,20250614
4,0,0,0,0,1,2,0,69102,away,375,20250614
4,0,1,1,0,0,3,0,79365,away,375,20250614
4,0,1,0,0,0,3,0,68119,away,375,20250614
3,0,1,0,0,0,0,0,69100,away,375,20250614
3,1,1,0,0,0,0,1,52103,away,375,20250614
0,0,0,0,0,0,0,0,53139,away,375,20250614
4,0,1,0,0,0,0,0,62415,away,375,20250614
3,0,0,0,0,1,2,1,68700,home,375,20250614
2,0,0,0,0,0,1,0,62700,home,375,20250614
0,0,0,0,0,0,0,0,50707,home,375,20250614
3,0,1,0,0,0,0,0,65703,home,375,20250614
3,0,1,0,0,2,0,0,53764,home,375,20250614
4,0,1,0,0,1,0,0,69737,home,375,20250614
3,0,1,0,0,0,1,0,79192,home,375,20250614
0,1,0,0,0,0,0,1,52704,home,375,20250614
2,0,1,0,0,0,0,0,66704,home,375,20250614
5,0,0,0,0,0,1,0,66657,home,375,20250614
5,1,2,1,0,0,0,0,79608,home,375,20250614
3,0,1,0,0,0,0,0,78288,home,375,20250614
0,0,0,0,0,0,0,0,69766,home,375,20250614
2,0,1,0,0,0,0,0,76812,home,375,20250614
3,0,1,1,0,1,1,0,54795,home,375,20250614
2,0,0,0,0,0,0,0,65357,away,376,20250615
2,1,2,2,1,0,0,0,64340,away,376,20250615
2,0,0,0,0,0,0,0,76267,away,376,20250615
2,0,0,0,0,0,1,0,78756,away,376,20250615
3,0,1,0,0,1,0,0,50167,away,376,20250615
4,0,0,0,0,0,0,0,55326,away,376,20250615
3,0,0,0,0,1,1,0,54307,away,376,20250615
0,0,0,0,0,0,0,0,52305,away,376,20250615
4,0,1,0,0,0,1,0,64346,away,376,20250615
4,0,0,0,0,0,2,0,55397,away,376,20250615
4,0,1,0,0,0,1,0,53312,away,376,20250615
3,1,1,0,0,0,0,0,55392,away,376,20250615
4,0,1,0,0,0,0,0,67207,home,376,20250615
4,1,2,1,0,0,0,0,50208,home,376,20250615
3,0,1,0,0,1,1,0,76232,home,376,20250615
3,1,1,1,0,0,1,1,78224,home,376,20250615
1,0,0,0,0,0,0,0,66209,home,376,20250615
2,0,0,0,0,2,0,0,55208,home,376,20250615
3,0,0,0,0,0,0,0,66112,home,376,20250615
3,0,1,0,0,0,1,0,63123,home,376,20250615
2,0,0,0,0,0,0,0,54236,home,376,20250615
1,0,0,0,0,0,0,0,63257,home,376,20250615
0,0,0,0,0,0,0,0,64468,home,376,20250615
3,1,2,0,0,0,0,0,79231,home,376,20250615
3,0,0,0,0,0,3,0,52504,away,377,20250615
4,0,1,0,0,0,1,0,69517,away,377,20250615
3,0,2,0,0,1,0,0,54529,away,377,20250615
4,0,0,0,0,0,2,0,78513,away,377,20250615
3,0,1,0,0,1,1,0,77564,away,377,20250615
4,0,0,0,0,0,2,0,68205,away,377,20250615
4,0,0,0,0,0,2,0,50150,away,377,20250615
3,0,1,0,0,0,0,0,60523,away,377,20250615
2,0,0,0,0,1,0,0,68518,away,377,20250615
0,0,0,0,0,0,0,0,52568,away,377,20250615
0,0,0,0,0,0,0,0,51528,away,377,20250615
4,0,1,0,0,0,1,0,50854,home,377,20250615
4,0,1,0,0,0,1,0,54812,home,377,20250615
4,1,2,1,1,0,1,0,53827,home,377,20250615
4,0,0,0,0,0,1,0,62895,home,377,20250615
4,0,2,0,0,0,0,0,51868,home,377,20250615
0,0,0,0,0,0,0,0,60558,home,377,20250615
2,0,0,0,0,2,1,0,67893,home,377,20250615
3,0,0,0,0,0,2,0,51865,home,377,20250615
3,0,0,0,0,0,1,0,62934,home,377,20250615
3,0,0,0,0,0,2,0,52804,home,377,20250615
0,0,0,0,0,0,0,0,66917,home,377,20250615
5,1,1,2,0,0,2,0,64166,away,378,20250615
4,2,2,1,0,1,0,0,79402,away,378,20250615
0,0,0,0,0,0,0,0,51007,away,378,20250615
4,2,2,2,1,0,0,1,52001,away,378,20250615
1,0,0,0,0,0,0,0,66706,away,378,20250615
5,3,3,2,1,0,0,0,67644,away,378,20250615
4,3,3,4,1,0,0,0,78548,away,378,20250615
1,0,0,0,0,0,0,0,68089,away,378,20250615
4,2,2,3,1,0,0,0,67025,away,378,20250615
1,1,1,1,1,0,0,0,64007,away,378,20250615
5,1,1,0,0,0,1,0,68504,away,378,20250615
3,1,0,1,0,1,1,0,64504,away,378,20250615
4,0,0,0,0,0,3,0,51003,away,378,20250615
1,0,0,0,0,0,1,0,50092,away,378,20250615
4,1,1,0,0,0,0,1,50458,home,378,20250615
1,0,1,0,0,0,0,0,54408,home,378,20250615
5,0,2,1,0,0,0,0,52415,home,378,20250615
3,0,1,0,0,0,1,0,62404,home,378,20250615
2,0,0,0,0,0,1,0,69418,home,378,20250615
3,0,1,0,0,0,0,0,54400,home,378,20250615
2,0,0,0,0,0,1,0,52430,home,378,20250615
4,1,2,0,0,1,1,0,65586,home,378,20250615
5,0,2,0,0,0,0,0,62234,home,378,20250615
1,0,0,0,0,1,1,0,75125,home,378,20250615
3,1,2,1,0,0,0,0,67449,home,378,20250615
2,0,0,0,0,0,1,0,66409,home,378,20250615
3,0,1,0,0,0,0,0,65040,home,378,20250615
1,1,1,0,0,1,0,0,65132,home,378,20250615
2,0,1,1,0,0,1,0,69442,home,378,20250615
4,0,1,0,0,0,1,0,64560,away,379,20250615
5,1,2,0,0,0,2,0,64646,away,379,20250615
4,1,2,0,0,1,1,0,55645,away,379,20250615
3,1,1,3,1,2,1,0,72443,away,379,20250615
2,0,0,0,0,0,2,0,65610,away,379,20250615
2,0,0,0,0,1,1,0,66606,away,379,20250615
4,0,0,0,0,0,2,0,69636,away,379,20250615
4,0,1,0,0,0,2,0,65653,away,379,20250615
3,0,0,0,0,1,1,0,78122,away,379,20250615
2,0,0,0,0,0,1,0,50657,away,379,20250615
2,1,2,0,0,0,0,0,66614,away,379,20250615
5,0,1,0,0,0,2,0,51907,home,379,20250615
2,0,0,0,0,1,1,0,63963,home,379,20250615
0,0,0,0,0,0,0,0,54908,home,379,20250615
4,0,1,0,0,0,2,0,62907,home,379,20250615
3,0,0,0,0,0,1,0,54944,home,379,20250615
0,0,0,0,0,0,0,0,69992,home,379,20250615
4,0,0,0,0,0,1,0,79215,home,379,20250615
3,1,0,0,0,1,1,0,77532,home,379,20250615
2,0,0,0,0,0,2,0,64101,home,379,20250615
1,1,1,2,1,1,0,0,51344,home,379,20250615
3,0,0,0,0,1,1,0,64022,home,379,20250615
2,0,0,0,0,0,0,0,50902,home,379,20250615
1,0,0,0,0,0,1,0,68904,home,379,20250615
1,0,0,0,0,0,0,0,67905,home,379,20250615
5,0,3,0,0,0,1,0,65207,away,380,20250615
4,0,2,3,0,0,0,0,76290,away,380,20250615
1,0,0,0,0,0,0,0,68110,away,380,20250615
4,0,0,0,0,0,1,0,53123,away,380,20250615
1,1,1,1,1,0,0,0,66162,away,380,20250615
4,0,0,1,0,1,1,0,69102,away,380,20250615
4,0,1,0,0,1,0,0,68119,away,380,20250615
4,1,0,0,0,1,1,0,69100,away,380,20250615
3,2,2,0,0,1,1,0,52154,away,380,20250615
3,1,1,0,0,0,2,0,51100,away,380,20250615
1,0,1,0,0,0,0,0,52103,away,380,20250615
4,0,1,0,0,0,1,0,62415,away,380,20250615
0,0,0,0,0,0,0,0,67504,away,380,20250615
5,0,1,1,0,0,0,0,68700,home,380,20250615
4,2,2,0,0,0,1,0,79608,home,380,20250615
1,0,0,0,0,0,0,0,50707,home,380,20250615
5,0,1,0,0,0,0,0,53764,home,380,20250615
3,3,2,2,1,2,0,0,69737,home,380,20250615
4,1,2,1,0,0,0,0,79192,home,380,20250615
1,0,0,0,0,0,1,0,66704,home,380,20250615
3,1,0,1,0,0,0,0,66657,home,380,20250615
4,2,3,2,0,0,1,0,65703,home,380,20250615
0,0,0,0,0,0,0,0,52704,home,380,20250615
0,0,0,0,0,0,0,0,62700,home,380,20250615
3,1,2,1,0,1,1,0,78288,home,380,20250615
3,0,2,0,0,1,0,0,54795,home,380,20250615
4,0,1,0,0,0,0,0,51907,away,381,20250617
2,0,0,1,0,0,1,0,63963,away,381,20250617
1,0,1,0,0,0,0,0,68904,away,381,20250617
0,2,0,0,0,1,0,1,69992,away,381,20250617
4,0,2,2,0,1,1,0,62907,away,381,20250617
4,1,1,0,0,0,1,0,54944,away,381,20250617
1,0,0,0,0,0,0,0,50902,away,381,20250617
0,0,0,0,0,0,0,0,79215,away,381,20250617
3,0,0,0,0,0,0,0,64101,away,381,20250617
3,0,1,1,0,0,0,0,77532,away,381,20250617
0,0,0,0,0,0,0,1,54908,away,381,20250617
3,0,0,1,0,0,1,0,68912,away,381,20250617
4,1,1,0,0,0,0,0,67905,away,381,20250617
3,2,3,1,1,1,0,0,51344,away,381,20250617
3,1,1,0,0,1,1,0,65207,home,381,20250617
3,1,1,2,1,1,1,0,76290,home,381,20250617
4,0,0,0,0,0,2,0,53123,home,381,20250617
4,0,0,0,0,0,2,0,69102,home,381,20250617
3,0,0,0,0,1,1,0,79365,home,381,20250617
4,0,2,0,0,0,0,0,68119,home,381,20250617
3,0,0,0,0,0,1,0,69100,home,381,20250617
1,0,0,0,0,0,0,0,52154,home,381,20250617
4,0,0,0,0,0,2,0,52103,home,381,20250617
2,0,1,0,0,1,0,1,62415,home,381,20250617
1,0,0,0,0,0,1,0,51100,home,381,20250617
2,1,0,0,0,3,0,0,68700,away,382,20250617
4,1,1,3,1,0,1,0,79608,away,382,20250617
1,0,0,0,0,0,1,0,69766,away,382,20250617
5,1,2,0,0,0,1,0,53764,away,382,20250617
5,1,1,0,0,0,1,0,69737,away,382,20250617
4,0,2,0,0,0,1,0,79192,away,382,20250617
0,1,0,0,0,0,0,1,52704,away,382,20250617
4,0,1,0,0,0,3,0,66657,away,382,20250617
0,0,0,0,0,0,0,0,66704,away,382,20250617
4,1,2,0,0,0,1,0,65703,away,382,20250617
0,0,0,0,0,0,0,0,54795,away,382,20250617
2,0,0,1,0,0,2,0,76812,away,382,20250617
4,0,2,0,0,0,1,0,62700,away,382,20250617
4,0,1,0,0,0,1,0,68205,home,382,20250617
4,0,0,0,0,0,1,0,69517,home,382,20250617
4,0,1,0,0,0,1,0,54529,home,382,20250617
3,0,0,0,0,0,1,0,78513,home,382,20250617
3,0,0,0,0,0,2,0,77564,home,382,20250617
2,0,0,0,0,0,1,0,50150,home,382,20250617
1,0,0,0,0,0,1,0,52568,home,382,20250617
3,0,2,0,0,0,0,0,60523,home,382,20250617
2,0,0,0,0,0,1,0,68518,home,382,20250617
1,0,0,0,0,0,0,0,51528,home,382,20250617
3,0,0,0,0,0,0,0,52504,home,382,20250617
2,0,1,0,0,0,0,0,79231,away,383,20250617
2,0,0,0,0,0,1,0,53554,away,383,20250617
3,0,1,0,0,0,1,0,50208,away,383,20250617
1,0,0,0,0,0,0,0,66209,away,383,20250617
2,0,0,0,0,0,0,0,76232,away,383,20250617
2,0,0,0,0,0,0,0,66112,away,383,20250617
3,0,1,0,0,0,1,0,78224,away,383,20250617
2,0,0,0,0,0,0,0,63257,away,383,20250617
1,1,1,1,1,0,0,0,54236,away,383,20250617
2,0,0,0,0,0,0,0,55208,away,383,20250617
1,0,0,0,0,0,0,0,52267,away,383,20250617
2,0,1,0,0,0,0,0,67207,away,383,20250617
1,0,0,0,0,0,0,0,64468,away,383,20250617
3,0,0,0,0,0,1,0,63123,away,383,20250617
3,0,1,0,0,0,1,0,55252,away,383,20250617
5,1,1,0,0,1,0,0,50458,home,383,20250617
4,2,2,1,0,1,1,0,67449,home,383,20250617
0,0,0,0,0,1,0,0,65040,home,383,20250617
6,2,4,3,0,0,1,0,62404,home,383,20250617
6,1,3,3,1,0,1,0,54400,home,383,20250617
5,1,3,3,1,0,1,0,74540,home,383,20250617
0,0,0,0,0,0,0,0,65132,home,383,20250617
5,0,2,0,0,0,2,0,52415,home,383,20250617
3,2,3,0,0,1,0,0,62234,home,383,20250617
1,0,0,0,0,0,0,0,75125,home,383,20250617
0,0,0,0,0,0,0,0,54408,home,383,20250617
3,0,0,0,0,0,3,0,52430,home,383,20250617
2,0,1,0,0,0,0,0,65586,home,383,20250617
4,3,3,2,1,1,1,0,69418,home,383,20250617
3,0,0,0,0,2,1,0,64166,away,384,20250617
4,0,0,0,0,1,0,0,79402,away,384,20250617
3,0,1,0,0,2,0,0,52001,away,384,20250617
4,0,1,0,0,1,1,0,67644,away,384,20250617
5,1,1,0,0,0,2,0,67025,away,384,20250617
4,1,0,0,0,0,0,0,79240,away,384,20250617
3,0,2,0,0,0,1,0,68504,away,384,20250617
1,1,1,1,1,0,0,0,64007,away,384,20250617
0,0,0,0,0,0,0,0,68089,away,384,20250617
4,0,2,1,0,0,0,0,78548,away,384,20250617
1,0,0,0,0,0,1,0,51003,away,384,20250617
1,0,0,1,0,0,0,0,64004,away,384,20250617
1,0,0,0,0,0,0,0,69056,away,384,20250617
1,0,0,0,0,0,0,0,64504,away,384,20250617
3,1,1,0,0,0,0,0,64560,home,384,20250617
1,0,1,1,0,0,0,0,61353,home,384,20250617
1,1,1,0,0,0,0,0,66606,home,384,20250617
5,1,2,1,0,0,0,0,64646,home,384,20250617
4,0,1,0,0,1,2,1,55645,home,384,20250617
5,1,2,3,0,0,1,0,72443,home,384,20250617
0,0,0,0,0,0,0,0,55636,home,384,20250617
4,2,2,0,0,1,0,0,69636,home,384,20250617
2,0,0,0,0,0,1,0,65610,home,384,20250617
1,0,0,0,0,0,1,0,50657,home,384,20250617
4,1,1,3,0,0,0,0,65653,home,384,20250617
2,0,0,0,0,0,1,0,78122,home,384,20250617
1,2,1,0,0,0,0,0,68646,home,384,20250617
4,1,1,2,0,0,2,0,66614,home,384,20250617
5,1,1,0,0,1,1,1,50854,away,385,20250617
5,2,2,1,0,0,1,2,54812,away,385,20250617
0,0,0,0,0,1,0,0,52803,away,385,20250617
5,0,0,0,0,1,0,0,53827,away,385,20250617
4,0,1,0,0,0,0,0,62895,away,385,20250617
1,1,0,0,0,1,0,1,60558,away,385,20250617
5,2,2,0,0,1,0,0,51868,away,385,20250617
2,3,2,2,0,3,0,0,67893,away,385,20250617
4,0,1,1,0,0,0,0,79456,away,385,20250617
0,1,0,0,0,1,0,0,51865,away,385,20250617
5,0,2,3,0,0,1,0,62934,away,385,20250617
2,0,1,0,0,0,0,0,52804,away,385,20250617
1,0,1,1,0,0,0,0,68868,away,385,20250617
2,1,2,1,0,0,0,0,66917,away,385,20250617
3,0,1,0,0,1,1,1,65357,home,385,20250617
4,0,0,0,0,0,0,0,64340,home,385,20250617
2,0,0,0,0,1,1,0,50167,home,385,20250617
0,0,0,0,0,0,0,0,52305,home,385,20250617
4,0,0,0,0,0,1,0,76267,home,385,20250617
0,0,0,0,0,0,0,0,55397,home,385,20250617
4,0,2,0,0,0,0,0,55326,home,385,20250617
4,1,2,0,0,0,1,0,69332,home,385,20250617
2,0,0,0,0,0,0,0,53344,home,385,20250617
0,0,0,0,0,1,0,0,54307,home,385,20250617
1,0,0,0,0,0,1,0,53312,home,385,20250617
1,0,1,1,0,0,0,0,64346,home,385,20250617
1,0,0,0,0,0,1,0,78756,home,385,20250617
3,0,0,0,0,0,2,0,55392,home,385,20250617
6,1,2,1,0,0,2,1,51907,away,386,20250618
3,1,1,1,0,2,1,0,63963,away,386,20250618
5,1,3,3,0,0,1,0,62907,away,386,20250618
5,0,2,0,0,0,1,0,54944,away,386,20250618
3,0,0,0,0,1,0,0,77532,away,386,20250618
1,1,1,0,0,0,0,2,69992,away,386,20250618
3,1,2,1,0,1,0,0,69995,away,386,20250618
5,0,0,0,0,0,1,0,51344,away,386,20250618
4,2,2,1,0,1,0,0,68912,away,386,20250618
3,1,1,0,0,0,1,0,54908,away,386,20250618
1,0,0,0,0,1,0,1,67905,away,386,20250618
3,3,3,3,0,2,0,1,65207,home,386,20250618
4,0,2,0,0,1,1,0,76290,home,386,20250618
1,0,0,1,0,0,0,0,68110,home,386,20250618
1,0,0,0,0,4,0,0,53123,home,386,20250618
2,0,0,4,0,1,0,0,69102,home,386,20250618
4,0,0,0,0,1,2,0,79365,home,386,20250618
5,1,1,0,0,0,1,0,68119,home,386,20250618
5,2,2,0,0,0,1,0,69100,home,386,20250618
4,1,1,0,0,0,1,0,52103,home,386,20250618
3,2,1,1,0,2,0,1,62415,home,386,20250618
4,0,0,0,0,0,1,0,68700,away,387,20250618
4,1,1,1,0,0,2,0,79608,away,387,20250618
3,0,0,0,0,0,0,0,53764,away,387,20250618
1,0,1,0,0,0,0,0,50707,away,387,20250618
3,0,1,1,0,0,1,0,69737,away,387,20250618
4,0,0,0,0,0,2,0,79192,away,387,20250618
1,0,1,0,0,0,0,0,66704,away,387,20250618
1,0,0,0,0,0,0,0,69766,away,387,20250618
1,0,0,0,0,0,1,0,76812,away,387,20250618
1,0,0,0,0,0,1,0,52704,away,387,20250618
4,1,1,0,0,0,1,0,65703,away,387,20250618
2,0,1,0,0,0,0,0,78288,away,387,20250618
2,0,0,0,0,0,0,0,54795,away,387,20250618
0,0,0,0,0,1,0,0,62700,away,387,20250618
1,1,1,1,0,0,0,0,66657,away,387,20250618
4,0,2,2,0,0,1,0,52504,home,387,20250618
4,0,0,0,0,0,2,0,69517,home,387,20250618
4,0,0,0,0,0,1,0,54529,home,387,20250618
4,0,1,0,0,0,1,0,78513,home,387,20250618
0,0,0,0,0,0,0,0,55506,home,387,20250618
4,1,1,0,0,0,0,0,60523,home,387,20250618
0,0,0,0,0,0,0,0,55530,home,387,20250618
3,1,1,0,0,1,0,0,77564,home,387,20250618
4,0,0,0,0,0,2,0,68205,home,387,20250618
2,2,2,3,1,2,0,0,55563,home,387,20250618
4,2,2,0,0,0,1,0,52568,home,387,20250618
5,2,2,0,0,0,1,0,67207,away,388,20250618
5,0,2,2,0,0,3,0,52267,away,388,20250618
5,0,1,1,0,0,0,0,76232,away,388,20250618
4,0,2,0,0,1,0,0,78224,away,388,20250618
0,0,0,0,0,0,0,0,66209,away,388,20250618
4,0,0,0,0,0,2,0,50208,away,388,20250618
3,0,0,0,0,0,1,0,65269,away,388,20250618
1,0,0,0,0,0,0,0,63123,away,388,20250618
4,1,2,0,0,0,2,0,55208,away,388,20250618
4,0,1,0,0,0,3,0,54236,away,388,20250618
3,0,0,0,0,1,1,0,79231,away,388,20250618
5,0,0,0,0,0,0,0,50458,home,388,20250618
4,2,2,0,0,1,0,0,67449,home,388,20250618
3,2,2,1,0,1,1,0,62404,home,388,20250618
4,2,2,5,2,1,1,0,54400,home,388,20250618
3,0,0,0,0,0,1,0,74540,home,388,20250618
3,0,0,0,0,0,0,0,62234,home,388,20250618
3,0,0,0,0,0,0,0,69418,home,388,20250618
1,0,0,0,0,0,0,0,65040,home,388,20250618
3,0,0,0,0,1,1,0,52430,home,388,20250618
4,0,1,0,0,0,1,0,52415,home,388,20250618
3,0,0,0,0,0,1,0,64166,away,389,20250618
3,0,1,0,0,0,1,0,64004,away,389,20250618
4,1,1,0,0,0,1,0,52001,away,389,20250618
4,0,0,0,0,0,0,0,67025,away,389,20250618
3,1,0,0,0,1,1,0,78548,away,389,20250618
2,1,1,1,0,0,1,0,64007,away,389,20250618
2,0,0,0,0,0,0,0,68504,away,389,20250618
3,0,1,1,0,1,0,1,79240,away,389,20250618
2,0,0,1,0,0,0,0,79402,away,389,20250618
2,0,0,0,0,0,1,0,51003,away,389,20250618
1,0,1,0,0,0,0,0,67644,away,389,20250618
0,0,0,0,0,0,0,0,69056,away,389,20250618
5,1,1,0,0,0,1,0,61353,home,389,20250618
0,0,0,0,0,0,0,0,55636,home,389,20250618
5,2,3,2,0,0,0,1,64646,home,389,20250618
4,0,0,0,0,0,3,0,69636,home,389,20250618
3,0,2,0,0,1,0,0,72443,home,389,20250618
3,1,1,1,0,1,1,0,55645,home,389,20250618
3,0,0,0,0,0,0,0,68646,home,389,20250618
0,0,0,0,0,1,0,0,78122,home,389,20250618
3,0,0,0,0,0,0,0,65610,home,389,20250618
1,0,1,2,0,0,0,0,64560,home,389,20250618
0,0,0,0,0,0,0,0,50657,home,389,20250618
4,0,1,0,0,0,2,0,66614,home,389,20250618
4,1,2,0,0,0,1,0,66606,home,389,20250618
5,1,3,0,0,0,0,0,50854,away,390,20250618
5,1,2,0,0,0,1,0,54812,away,390,20250618
5,0,1,1,0,0,1,0,53827,away,390,20250618
4,0,3,0,0,0,0,0,51868,away,390,20250618
0,0,0,0,0,0,0,0,60558,away,390,20250618
4,0,0,0,0,0,1,0,62895,away,390,20250618
4,0,1,0,0,0,0,0,67893,away,390,20250618
4,0,2,0,0,0,0,0,68868,away,390,20250618
2,0,1,0,0,0,0,0,66917,away,390,20250618
1,0,0,0,0,0,0,0,62934,away,390,20250618
0,0,0,0,0,0,0,0,52804,away,390,20250618
1,0,1,0,0,0,0,0,52803,away,390,20250618
3,0,1,0,0,0,1,0,51865,away,390,20250618
1,0,0,0,0,0,1,0,79456,away,390,20250618
3,1,1,0,0,1,1,1,65357,home,390,20250618
4,0,1,0,0,0,1,0,64340,home,390,20250618
3,1,0,0,0,0,0,0,50167,home,390,20250618
4,1,2,1,0,0,0,0,76267,home,390,20250618
3,0,1,1,0,1,1,0,55326,home,390,20250618
2,0,0,0,0,0,1,0,69332,home,390,20250618
2,0,0,0,0,0,1,1,64346,home,390,20250618
4,0,1,0,0,0,3,0,53312,home,390,20250618
3,0,0,0,0,0,2,0,78756,home,390,20250618
4,1,2,0,0,1,1,0,51907,away,391,20250619
3,0,0,0,0,0,1,0,77532,away,391,20250619
0,0,0,0,0,1,0,0,68904,away,391,20250619
1,0,0,0,0,0,0,0,54908,away,391,20250619
3,0,2,2,0,1,0,1,62907,away,391,20250619
4,0,0,0,0,0,1,0,54944,away,391,20250619
2,0,0,0,0,0,0,0,79215,away,391,20250619
1,0,0,0,0,1,0,0,69992,away,391,20250619
4,0,0,0,0,0,2,0,69995,away,391,20250619
3,1,0,0,0,1,1,0,68912,away,391,20250619
4,1,2,1,1,0,1,0,51344,away,391,20250619
3,0,0,0,0,0,1,0,67905,away,391,20250619
4,0,1,0,0,0,1,0,65207,home,391,20250619
4,0,0,0,0,0,1,0,76290,home,391,20250619
4,0,0,0,0,0,1,0,53123,home,391,20250619
4,0,1,0,0,0,0,0,69102,home,391,20250619
4,0,0,0,0,0,1,0,68119,home,391,20250619
3,0,1,0,0,1,0,0,69100,home,391,20250619
4,0,1,0,0,0,1,0,52154,home,391,20250619
2,0,0,0,0,0,2,0,51100,home,391,20250619
1,0,0,0,0,0,0,0,79365,home,391,20250619
0,0,0,0,0,0,0,0,67504,home,391,20250619
2,0,1,0,0,0,1,0,62415,home,391,20250619
5,0,1,0,0,0,2,0,66657,away,392,20250619
3,1,0,0,0,2,0,0,79608,away,392,20250619
4,1,2,0,0,0,1,0,53764,away,392,20250619
4,1,0,0,0,0,2,0,69737,away,392,20250619
4,0,1,1,0,0,1,0,79192,away,392,20250619
0,0,0,0,0,0,0,0,66704,away,392,20250619
3,0,0,0,0,0,0,0,65703,away,392,20250619
1,0,0,0,0,0,1,0,50707,away,392,20250619
0,0,0,0,0,0,0,0,62700,away,392,20250619
4,0,1,0,0,0,1,0,54795,away,392,20250619
1,0,0,0,0,1,1,0,78288,away,392,20250619
0,0,0,0,0,0,0,0,52704,away,392,20250619
2,0,1,0,0,0,0,0,76812,away,392,20250619
0,0,0,0,0,0,0,0,68700,away,392,20250619
2,0,1,0,0,0,0,0,69766,away,392,20250619
2,0,1,0,0,1,0,0,52504,home,392,20250619
4,2,2,1,0,0,0,1,69517,home,392,20250619
4,0,1,1,0,0,2,0,54529,home,392,20250619
4,0,2,1,0,0,2,0,78513,home,392,20250619
3,0,1,0,0,0,1,0,60523,home,392,20250619
1,0,1,0,0,0,0,0,55530,home,392,20250619
4,0,0,0,0,0,2,0,77564,home,392,20250619
3,1,1,0,0,1,1,0,52568,home,392,20250619
2,0,0,0,0,0,1,0,55563,home,392,20250619
1,0,0,0,0,0,0,0,61102,home,392,20250619
1,0,0,0,0,0,0,0,68518,home,392,20250619
4,1,3,1,0,0,0,0,68205,home,392,20250619
5,2,4,0,0,1,0,0,79231,away,393,20250619
5,0,1,0,0,0,1,0,52267,away,393,20250619
4,1,1,0,0,0,0,0,76232,away,393,20250619
0,0,0,0,0,0,0,0,66209,away,393,20250619
0,0,0,0,0,1,0,0,63257,away,393,20250619
3,1,0,0,0,1,0,0,78224,away,393,20250619
1,0,1,2,0,0,0,0,66112,away,393,20250619
4,1,2,2,0,1,1,0,55208,away,393,20250619
3,1,0,0,0,2,1,0,67207,away,393,20250619
4,1,2,2,0,1,0,0,50208,away,393,20250619
3,1,1,1,0,0,0,0,54236,away,393,20250619
1,0,0,0,0,0,0,0,55252,away,393,20250619
2,0,1,1,0,0,1,0,53554,away,393,20250619
1,1,0,0,0,0,0,0,63123,away,393,20250619
2,0,0,0,0,1,0,0,69418,home,393,20250619
2,0,0,0,0,0,0,0,50458,home,393,20250619
4,1,0,0,0,1,1,0,67449,home,393,20250619
5,1,2,0,0,0,1,0,62404,home,393,20250619
5,1,1,0,0,0,1,0,54400,home,393,20250619
2,2,2,0,0,0,0,0,52415,home,393,20250619
1,0,1,0,0,1,0,0,54408,home,393,20250619
2,1,1,2,0,3,1,0,65586,home,393,20250619
3,2,2,6,2,1,1,0,75125,home,393,20250619
1,0,0,0,0,0,0,0,52430,home,393,20250619
5,0,1,0,0,0,2,0,62234,home,393,20250619
1,0,0,0,0,0,1,0,69442,home,393,20250619
1,0,0,0,0,0,0,0,65132,home,393,20250619
1,0,0,0,0,0,0,0,74540,home,393,20250619
4,0,1,0,0,0,1,0,64004,away,394,20250619
4,0,1,0,0,0,2,0,68504,away,394,20250619
3,0,0,0,0,1,1,0,52001,away,394,20250619
4,0,1,0,0,0,1,0,67644,away,394,20250619
4,0,1,0,0,0,3,0,67025,away,394,20250619
4,0,1,0,0,0,2,0,78548,away,394,20250619
3,0,0,0,0,1,0,0,79240,away,394,20250619
2,0,0,0,0,1,2,0,51003,away,394,20250619
1,0,0,0,0,0,0,0,64007,away,394,20250619
3,0,2,0,0,0,0,0,79402,away,394,20250619
3,1,2,0,0,1,1,0,64560,home,394,20250619
0,0,0,0,0,0,0,0,50657,home,394,20250619
4,0,0,0,0,0,3,0,64646,home,394,20250619
4,2,2,2,1,0,1,0,55645,home,394,20250619
3,2,1,1,1,1,1,0,72443,home,394,20250619
4,0,2,1,0,0,0,0,69636,home,394,20250619
4,0,2,1,0,0,0,0,66606,home,394,20250619
3,0,0,0,0,1,1,0,65653,home,394,20250619
4,0,0,0,0,0,0,0,78122,home,394,20250619
3,0,0,0,0,0,1,0,66614,home,394,20250619
6,1,2,1,1,0,0,0,50854,away,395,20250619
6,0,0,0,0,0,1,0,68868,away,395,20250619
4,0,1,0,0,1,0,0,53827,away,395,20250619
3,0,1,0,0,1,0,0,51868,away,395,20250619
0,0,0,0,0,0,0,0,52803,away,395,20250619
0,0,0,0,0,1,0,0,62934,away,395,20250619
5,1,3,1,1,0,0,0,62895,away,395,20250619
5,0,0,0,0,0,1,0,67893,away,395,20250619
4,1,2,0,0,1,0,0,51865,away,395,20250619
5,0,2,0,0,0,2,0,54812,away,395,20250619
2,0,0,0,0,0,0,0,66917,away,395,20250619
1,0,0,0,0,0,0,0,60558,away,395,20250619
2,1,1,2,1,0,1,0,52804,away,395,20250619
3,1,0,0,0,3,0,0,65357,home,395,20250619
6,0,1,0,0,0,1,0,64340,home,395,20250619
4,0,1,0,0,1,2,0,76267,home,395,20250619
4,0,0,0,0,1,2,0,55326,home,395,20250619
2,1,1,0,0,0,0,0,69332,home,395,20250619
2,0,0,0,0,1,1,0,50167,home,395,20250619
4,0,1,0,0,0,0,0,53312,home,395,20250619
5,0,2,0,0,0,2,0,52305,home,395,20250619
3,0,1,0,0,1,1,0,55392,home,395,20250619
0,0,0,0,0,0,0,0,78756,home,395,20250619
1,0,0,0,0,0,0,0,64346,home,395,20250619
1,0,0,0,0,0,0,0,69418,away,398,20250620
1,0,0,0,0,0,1,0,65040,away,398,20250620
1,0,0,0,0,1,0,0,54408,away,398,20250620
3,0,0,0,0,1,0,1,67449,away,398,20250620
4,0,0,0,0,0,2,0,62404,away,398,20250620
4,0,2,0,0,0,1,0,54400,away,398,20250620
4,0,1,0,0,0,0,0,74540,away,398,20250620
4,0,0,0,0,0,2,0,65586,away,398,20250620
2,1,1,1,1,2,1,0,75125,away,398,20250620
2,0,0,0,0,2,1,0,62234,away,398,20250620
1,0,0,0,0,0,1,0,69403,away,398,20250620
2,0,0,0,0,0,0,0,50458,away,398,20250620
2,0,0,0,0,0,0,0,52504,home,398,20250620
1,0,0,0,0,0,0,0,61102,home,398,20250620
1,0,0,0,0,0,0,0,55506,home,398,20250620
4,0,1,0,0,0,1,0,69517,home,398,20250620
4,0,1,0,0,0,1,0,54529,home,398,20250620
4,0,0,0,0,0,0,0,78513,home,398,20250620
4,1,1,1,1,0,0,0,60523,home,398,20250620
3,1,1,0,0,1,1,0,77564,home,398,20250620
3,1,1,0,0,1,1,0,52568,home,398,20250620
3,0,2,2,0,0,0,0,68518,home,398,20250620
2,0,0,0,0,1,0,0,68205,home,398,20250620
3,1,1,0,0,0,1,0,79231,away,401,20250621
4,0,1,2,0,0,1,0,52267,away,401,20250621
3,1,0,0,0,1,1,0,76232,away,401,20250621
3,1,2,0,0,0,1,0,78224,away,401,20250621
1,1,0,0,0,0,0,0,66209,away,401,20250621
4,0,1,2,0,0,0,0,55208,away,401,20250621
4,1,1,0,0,0,1,1,67207,away,401,20250621
4,0,1,1,0,0,1,1,50208,away,401,20250621
1,1,0,0,0,1,0,0,55252,away,401,20250621
2,0,1,1,0,0,0,0,54236,away,401,20250621
3,0,1,0,0,0,0,0,53554,away,401,20250621
1,0,0,0,0,0,0,0,63123,away,401,20250621
4,1,1,0,0,1,0,0,65207,home,401,20250621
4,1,1,0,0,1,0,0,76290,home,401,20250621
3,0,0,0,0,2,0,0,53123,home,401,20250621
0,0,0,0,0,0,0,0,52103,home,401,20250621
4,1,3,1,0,1,0,0,69102,home,401,20250621
4,1,2,1,0,1,0,0,68119,home,401,20250621
4,1,1,3,1,0,1,0,79365,home,401,20250621
3,0,0,0,0,0,0,0,69100,home,401,20250621
1,0,0,0,0,0,1,0,68110,home,401,20250621
0,0,0,0,0,0,0,0,51100,home,401,20250621
4,0,0,0,0,0,2,0,52154,home,401,20250621
4,0,1,0,0,0,1,0,62415,home,401,20250621
3,1,0,0,0,1,1,0,64560,away,402,20250621
4,0,1,0,0,2,1,0,64646,away,402,20250621
5,1,1,0,0,1,3,0,55645,away,402,20250621
5,1,1,3,1,1,2,0,72443,away,402,20250621
3,0,1,0,0,0,0,0,65610,away,402,20250621
3,1,0,0,0,0,1,0,66614,away,402,20250621
5,0,3,0,0,0,0,0,66606,away,402,20250621
3,0,0,0,0,2,3,0,65653,away,402,20250621
3,0,0,1,0,2,0,0,78122,away,402,20250621
5,1,2,1,1,0,1,0,50657,away,402,20250621
6,1,1,0,0,0,0,0,50854,home,402,20250621
2,0,0,0,0,0,0,0,62934,home,402,20250621
4,2,2,1,1,0,0,0,60558,home,402,20250621
4,1,1,1,0,2,2,0,53827,home,402,20250621
5,0,1,1,0,1,1,0,62895,home,402,20250621
4,0,2,1,0,0,0,0,51868,home,402,20250621
0,0,0,0,0,0,0,0,52803,home,402,20250621
1,0,0,0,0,0,0,0,54812,home,402,20250621
5,1,2,1,1,0,2,0,67893,home,402,20250621
4,0,1,0,0,1,0,0,79456,home,402,20250621
3,0,0,0,0,0,0,0,66917,home,402,20250621
2,0,0,0,0,0,2,0,68868,home,402,20250621
4,0,1,0,0,1,1,0,52804,home,402,20250621
5,0,0,0,0,0,1,0,51907,away,404,20250621
4,3,3,0,0,1,1,0,63963,away,404,20250621
4,1,3,1,0,1,0,0,62907,away,404,20250621
3,0,1,0,0,0,1,0,54944,away,404,20250621
0,1,0,0,0,0,0,0,54908,away,404,20250621
2,0,0,0,0,0,0,0,77532,away,404,20250621
1,0,0,1,0,2,0,0,79215,away,404,20250621
0,0,0,0,0,0,0,0,69992,away,404,20250621
4,0,3,2,0,0,1,0,69995,away,404,20250621
4,0,0,0,0,0,1,0,68912,away,404,20250621
4,0,1,0,0,0,0,0,51344,away,404,20250621
4,0,0,0,0,0,1,0,67905,away,404,20250621
4,0,1,1,0,0,1,0,64004,home,404,20250621
4,1,2,2,0,1,1,0,79402,home,404,20250621
1,1,0,0,0,4,0,1,52001,home,404,20250621
0,0,0,0,0,0,0,0,66706,home,404,20250621
4,1,1,0,0,0,2,0,67644,home,404,20250621
4,1,2,1,0,0,0,0,78548,home,404,20250621
4,0,0,0,0,0,1,0,68504,home,404,20250621
3,1,1,1,0,0,0,0,79240,home,404,20250621
2,1,0,1,0,2,0,0,64166,home,404,20250621
2,0,1,0,0,0,0,0,51003,home,404,20250621
1,0,0,0,0,0,0,0,64504,home,404,20250621
0,0,0,1,0,0,0,0,64007,home,404,20250621
0,1,0,0,0,0,0,0,69056,home,404,20250621
5,0,3,1,0,0,0,0,67207,away,406,20250622
1,0,0,0,0,1,0,0,79231,away,406,20250622
3,0,1,1,0,0,1,0,66209,away,406,20250622
5,0,0,0,0,0,1,0,76232,away,406,20250622
2,0,0,0,0,1,0,0,78224,away,406,20250622
1,0,0,0,0,1,1,0,52267,away,406,20250622
3,0,1,0,0,0,1,0,55208,away,406,20250622
1,1,0,0,0,1,0,0,53554,away,406,20250622
4,1,0,0,0,0,1,0,66112,away,406,20250622
3,0,1,0,0,0,2,0,54236,away,406,20250622
0,0,0,0,0,1,0,0,63257,away,406,20250622
1,1,0,0,0,0,0,0,55252,away,406,20250622
2,2,1,1,1,2,0,0,65269,away,406,20250622
4,0,1,1,0,0,0,0,63123,away,406,20250622
5,1,2,2,0,1,0,0,65207,home,406,20250622
3,2,2,2,0,1,1,0,76290,home,406,20250622
2,0,0,0,0,0,0,0,52103,home,406,20250622
3,1,1,1,0,1,0,0,53123,home,406,20250622
0,0,0,0,0,0,0,0,67504,home,406,20250622
5,1,0,1,0,0,0,0,69102,home,406,20250622
5,1,1,0,0,0,0,0,68119,home,406,20250622
4,0,1,0,0,1,1,0,79365,home,406,20250622
0,1,0,0,0,0,0,0,68110,home,406,20250622
4,3,3,1,0,0,0,0,69100,home,406,20250622
3,2,2,1,0,2,0,0,52154,home,406,20250622
4,1,3,3,0,1,0,0,62415,home,406,20250622
0,0,0,0,0,0,0,0,50106,home,406,20250622
4,0,0,0,0,1,1,0,64560,away,407,20250622
5,1,1,0,0,0,1,0,64646,away,407,20250622
4,1,2,1,1,1,0,0,69636,away,407,20250622
4,1,2,1,0,1,1,0,55645,away,407,20250622
2,0,0,0,0,1,0,0,61353,away,407,20250622
1,0,1,0,0,1,0,0,72443,away,407,20250622
5,0,1,0,0,0,1,0,66606,away,407,20250622
4,0,1,1,0,0,3,1,65653,away,407,20250622
2,0,1,0,0,1,1,0,78122,away,407,20250622
1,1,0,0,0,1,1,0,68646,away,407,20250622
3,0,0,0,0,0,2,0,50657,away,407,20250622
1,1,1,2,1,0,0,0,67610,away,407,20250622
0,0,0,0,0,0,0,0,66614,away,407,20250622
4,0,0,0,0,0,1,0,50854,home,407,20250622
2,2,0,0,0,1,0,0,54812,home,407,20250622
3,0,1,0,0,0,0,0,53827,home,407,20250622
0,1,0,0,0,0,0,0,69804,home,407,20250622
1,0,0,0,0,0,1,0,79456,home,407,20250622
4,1,2,3,1,0,2,0,62895,home,407,20250622
2,0,1,1,0,0,0,0,51868,home,407,20250622
4,0,0,0,0,0,0,0,67893,home,407,20250622
3,0,0,0,0,0,1,0,51865,home,407,20250622
3,0,1,0,0,0,0,0,68868,home,407,20250622
0,0,0,0,0,0,0,0,66864,home,407,20250622
2,0,0,0,0,0,2,0,52804,home,407,20250622
0,0,0,0,0,0,0,0,66917,home,407,20250622
1,0,0,0,0,0,0,0,60558,home,407,20250622
3,0,1,1,0,0,2,1,50458,away,408,20250622
1,0,0,0,0,0,1,0,69418,away,408,20250622
4,1,2,1,0,1,1,1,67449,away,408,20250622
5,1,1,0,0,0,2,0,62404,away,408,20250622
4,0,0,0,0,0,2,0,54400,away,408,20250622
3,2,1,3,1,1,0,0,75125,away,408,20250622
3,1,1,0,0,1,2,0,62234,away,408,20250622
3,0,1,0,0,0,1,0,65132,away,408,20250622
1,0,0,0,0,0,0,0,65040,away,408,20250622
0,0,0,0,0,0,0,0,69428,away,408,20250622
4,0,1,1,0,0,1,0,65586,away,408,20250622
4,1,1,0,0,0,1,0,54408,away,408,20250622
4,1,1,0,0,0,2,0,52504,home,408,20250622
3,2,1,0,0,2,1,0,69517,home,408,20250622
5,1,3,2,0,0,0,0,54529,home,408,20250622
5,2,3,2,0,0,1,0,78513,home,408,20250622
0,0,0,0,0,0,0,0,55506,home,408,20250622
3,0,0,0,0,1,2,0,60523,home,408,20250622
0,1,0,0,0,0,0,0,55530,home,408,20250622
4,0,2,4,0,0,0,0,77564,home,408,20250622
0,1,0,0,0,0,0,0,62802,home,408,20250622
4,0,1,0,0,0,1,0,52568,home,408,20250622
0,0,0,0,0,0,0,0,68518,home,408,20250622
3,0,0,0,0,0,1,0,55563,home,408,20250622
1,0,1,1,0,0,0,0,61102,home,408,20250622
4,1,1,0,0,0,1,0,68205,home,408,20250622
4,1,2,0,0,0,0,1,51907,away,409,20250622
3,0,0,0,0,1,2,0,63963,away,409,20250622
4,0,2,1,0,0,0,0,62907,away,409,20250622
4,0,0,0,0,0,0,0,54944,away,409,20250622
3,0,0,0,0,1,0,0,79215,away,409,20250622
3,0,0,0,0,0,0,0,77532,away,409,20250622
1,0,0,0,0,0,0,0,67905,away,409,20250622
4,0,0,0,0,0,0,0,69995,away,409,20250622
3,0,0,0,0,0,1,0,68912,away,409,20250622
1,0,0,0,0,1,0,0,51344,away,409,20250622
0,1,0,0,0,0,0,1,69992,away,409,20250622
4,0,0,0,0,0,0,0,64004,home,409,20250622
3,0,1,0,0,1,0,0,79402,home,409,20250622
0,0,0,0,0,0,0,0,69056,home,409,20250622
3,0,0,0,0,1,0,0,52001,home,409,20250622
4,0,0,0,0,0,1,0,78548,home,409,20250622
3,0,2,0,0,1,0,0,79240,home,409,20250622
3,0,0,0,0,0,0,0,64166,home,409,20250622
1,0,0,0,0,0,0,0,67644,home,409,20250622
3,0,1,0,0,0,1,0,64504,home,409,20250622
1,0,0,0,0,0,1,0,66706,home,409,20250622
2,0,0,0,0,1,2,0,68089,home,409,20250622
1,0,0,0,0,0,0,0,68504,home,409,20250622
3,0,0,0,0,1,2,0,51003,home,409,20250622
4,0,0,0,0,1,4,0,65357,away,410,20250622
5,0,1,1,0,0,3,0,64340,away,410,20250622
4,1,1,0,0,0,2,0,76267,away,410,20250622
4,0,2,0,0,0,1,0,50167,away,410,20250622
0,0,0,0,0,0,0,0,52305,away,410,20250622
4,0,1,2,0,0,2,0,55326,away,410,20250622
4,0,0,0,0,0,2,0,53312,away,410,20250622
0,0,0,0,0,0,0,0,53344,away,410,20250622
4,1,1,0,0,0,1,0,55392,away,410,20250622
3,1,1,1,0,1,1,0,55397,away,410,20250622
1,0,1,0,0,0,0,0,69332,away,410,20250622
5,1,2,2,1,0,1,0,66657,home,410,20250622
5,1,3,1,0,0,1,0,55703,home,410,20250622
0,0,0,0,0,0,0,0,63765,home,410,20250622
0,0,0,0,0,0,0,0,53754,home,410,20250622
4,2,2,0,0,1,0,0,53764,home,410,20250622
5,0,2,2,0,0,1,0,69737,home,410,20250622
3,1,3,1,0,0,0,0,79192,home,410,20250622
2,1,1,0,0,0,0,0,66704,home,410,20250622
2,0,0,0,0,1,1,0,79608,home,410,20250622
1,0,0,0,0,0,0,0,69766,home,410,20250622
4,3,3,2,0,0,0,0,65703,home,410,20250622
1,0,0,0,0,0,0,0,54795,home,410,20250622
3,1,2,1,0,0,0,0,78288,home,410,20250622
0,0,0,0,0,0,0,0,76812,home,410,20250622
3,0,0,1,0,0,0,0,64006,home,410,20250622
2,0,0,0,0,1,0,0,50854,away,411,20250624
3,0,1,0,0,0,0,0,53827,away,411,20250624
3,0,0,0,0,0,0,0,75847,away,411,20250624
2,0,0,0,0,1,1,0,62895,away,411,20250624
3,0,0,0,0,0,1,0,51868,away,411,20250624
2,0,1,0,0,0,0,0,68868,away,411,20250624
1,0,0,0,0,1,0,0,67893,away,411,20250624
1,0,0,0,0,1,0,0,54812,away,411,20250624
2,0,1,0,0,0,0,0,51865,away,411,20250624
2,2,0,0,0,1,0,1,79231,home,411,20250624
2,1,1,0,0,0,0,0,50208,home,411,20250624
3,0,1,1,0,0,1,0,55208,home,411,20250624
3,0,2,3,0,0,0,0,76232,home,411,20250624
3,0,0,0,0,0,2,0,78224,home,411,20250624
0,0,0,0,0,0,0,0,66209,home,411,20250624
3,0,1,1,0,0,0,0,67207,home,411,20250624
3,0,1,0,0,0,1,1,52267,home,411,20250624
2,1,1,0,0,0,1,0,54236,home,411,20250624
2,1,2,0,0,0,0,0,53554,home,411,20250624
5,0,1,0,0,0,2,0,65207,away,414,20250624
3,0,1,0,0,2,0,0,76290,away,414,20250624
3,0,0,0,0,2,2,0,53123,away,414,20250624
4,0,2,0,0,0,1,0,69102,away,414,20250624
4,0,2,0,0,0,1,0,68119,away,414,20250624
4,0,1,0,0,0,1,0,79365,away,414,20250624
4,0,0,0,0,0,0,0,69100,away,414,20250624
2,0,0,0,0,0,0,0,52103,away,414,20250624
0,0,0,0,0,0,0,0,52154,away,414,20250624
1,0,0,0,0,0,0,0,68110,away,414,20250624
3,0,1,0,0,0,0,0,62415,away,414,20250624
1,0,0,0,0,0,0,0,51100,away,414,20250624
3,0,0,0,0,1,2,0,64166,home,414,20250624
3,0,1,0,0,0,1,0,66706,home,414,20250624
1,0,0,0,0,0,0,0,64004,home,414,20250624
4,0,2,1,0,0,1,0,52001,home,414,20250624
3,1,2,0,0,0,0,0,78548,home,414,20250624
0,0,0,0,0,1,0,0,68089,home,414,20250624
2,0,1,0,0,0,0,0,67644,home,414,20250624
0,0,0,0,0,0,0,0,67006,home,414,20250624
1,1,0,0,0,0,0,0,68504,home,414,20250624
3,1,1,2,1,0,0,0,64007,home,414,20250624
4,1,1,1,0,0,1,0,79240,home,414,20250624
3,0,1,1,0,1,0,0,79402,home,414,20250624
2,1,0,0,0,2,1,0,51003,home,414,20250624
3,2,1,1,1,2,0,0,64560,away,415,20250624
4,1,3,0,0,1,1,2,64646,away,415,20250624
5,0,0,0,0,0,4,0,55645,away,415,20250624
3,2,1,3,1,2,1,0,72443,away,415,20250624
5,0,2,0,0,0,1,0,69636,away,415,20250624
3,0,1,0,0,1,0,0,67610,away,415,20250624
4,1,1,1,1,0,0,0,68646,away,415,20250624
3,0,0,0,0,0,2,0,50657,away,415,20250624
1,0,0,0,0,0,0,0,61353,away,415,20250624
0,0,0,0,0,0,0,0,66614,away,415,20250624
4,0,0,0,0,0,1,0,66606,away,415,20250624
4,1,2,1,0,1,1,0,65357,home,415,20250624
4,1,3,4,1,0,0,0,64340,home,415,20250624
4,0,1,2,0,1,0,0,76267,home,415,20250624
5,0,1,0,0,0,1,0,50167,home,415,20250624
4,0,0,0,0,0,1,0,55326,home,415,20250624
4,1,1,0,0,0,1,0,69332,home,415,20250624
3,2,2,0,0,1,1,0,55392,home,415,20250624
3,2,2,1,0,0,1,0,53344,home,415,20250624
1,0,0,0,0,0,0,0,53312,home,415,20250624
1,2,1,1,0,2,0,0,55397,home,415,20250624
1,0,0,0,0,0,1,0,66657,away,417,20250625
3,0,1,0,0,0,0,0,50707,away,417,20250625
4,0,0,0,0,0,0,0,55703,away,417,20250625
4,0,0,0,0,0,1,0,53764,away,417,20250625
3,0,0,0,0,0,1,0,69737,away,417,20250625
1,1,1,1,1,0,0,0,62700,away,417,20250625
4,1,1,1,1,0,0,0,79192,away,417,20250625
3,0,1,0,0,0,1,0,79608,away,417,20250625
1,0,0,0,0,0,0,0,69766,away,417,20250625
3,0,1,0,0,0,0,0,65703,away,417,20250625
2,0,0,0,0,0,1,0,76812,away,417,20250625
1,0,0,0,0,0,1,0,66704,away,417,20250625
0,0,0,0,0,0,0,0,78288,away,417,20250625
3,0,1,0,0,0,0,0,64006,away,417,20250625
3,3,2,0,0,1,0,0,50458,home,417,20250625
5,0,1,0,0,0,0,0,67449,home,417,20250625
0,0,0,0,0,0,0,0,65040,home,417,20250625
2,2,2,2,0,1,0,0,62404,home,417,20250625
1,0,0,0,0,0,0,0,69418,home,417,20250625
5,0,2,1,0,0,2,0,54400,home,417,20250625
4,1,3,2,1,0,0,0,75125,home,417,20250625
3,0,1,0,0,1,0,0,74540,home,417,20250625
2,0,0,0,0,0,0,0,62234,home,417,20250625
4,0,0,0,0,0,1,0,54408,home,417,20250625
2,1,0,0,0,1,0,0,52415,home,417,20250625
4,0,0,0,0,0,3,0,52504,away,418,20250625
4,0,0,0,0,0,2,0,69517,away,418,20250625
4,0,0,0,0,0,1,0,54529,away,418,20250625
4,1,1,0,0,0,1,0,78513,away,418,20250625
4,1,1,0,0,0,0,0,77564,away,418,20250625
4,0,1,1,0,0,2,0,51551,away,418,20250625
3,0,0,0,0,0,1,0,52568,away,418,20250625
1,0,0,0,0,0,0,0,62802,away,418,20250625
1,0,0,0,0,1,1,0,68518,away,418,20250625
0,0,0,0,0,1,0,0,61102,away,418,20250625
0,0,0,0,0,0,0,0,55530,away,418,20250625
0,0,0,0,0,0,0,0,55563,away,418,20250625
3,0,0,0,0,0,1,0,68205,away,418,20250625
5,1,2,0,0,0,0,1,51907,home,418,20250625
1,0,0,0,0,2,1,0,63963,home,418,20250625
0,1,0,0,0,0,0,1,69992,home,418,20250625
0,0,0,0,0,1,0,0,68904,home,418,20250625
1,0,1,1,0,0,0,0,50902,home,418,20250625
3,0,0,0,0,0,0,0,62907,home,418,20250625
2,0,1,0,0,0,0,0,77532,home,418,20250625
5,1,3,2,1,0,2,0,54944,home,418,20250625
4,0,2,1,0,0,0,0,79215,home,418,20250625
3,0,0,0,0,0,0,0,69995,home,418,20250625
1,0,0,0,0,0,0,0,69203,home,418,20250625
4,2,3,0,0,0,0,1,51344,home,418,20250625
4,1,2,2,1,0,0,0,68912,home,418,20250625
4,1,0,1,0,0,1,0,67905,home,418,20250625
5,0,1,1,0,0,0,0,64560,away,420,20250625
5,0,2,1,0,0,1,0,64646,away,420,20250625
4,0,0,0,0,1,3,0,55645,away,420,20250625
5,1,1,0,0,0,1,0,72443,away,420,20250625
4,1,2,0,0,0,1,0,69636,away,420,20250625
2,0,0,0,0,0,0,0,65610,away,420,20250625
2,0,0,0,0,0,0,0,66606,away,420,20250625
4,1,2,2,0,0,1,0,65653,away,420,20250625
3,1,1,1,0,0,0,0,78122,away,420,20250625
2,1,1,0,0,0,0,0,50657,away,420,20250625
1,1,1,1,1,0,0,0,61353,away,420,20250625
1,0,1,0,0,0,0,0,66614,away,420,20250625
4,0,1,0,0,0,1,0,65357,home,420,20250625
4,1,2,0,0,0,1,1,64340,home,420,20250625
0,0,0,0,0,0,0,0,52305,home,420,20250625
4,0,0,0,0,0,1,0,76267,home,420,20250625
4,2,2,0,0,0,0,0,50167,home,420,20250625
4,0,0,0,0,0,2,0,55326,home,420,20250625
3,0,1,1,0,1,1,0,69332,home,420,20250625
4,0,1,1,0,0,0,0,55392,home,420,20250625
3,0,0,0,0,0,0,0,53344,home,420,20250625
1,0,0,0,0,0,1,0,64346,home,420,20250625
3,0,0,0,0,0,1,0,55397,home,420,20250625
5,0,3,2,0,0,0,2,50854,away,421,20250626
4,0,1,0,0,1,1,0,53827,away,421,20250626
5,0,1,0,0,0,2,0,75847,away,421,20250626
4,0,1,0,0,0,0,0,51868,away,421,20250626
1,0,1,0,0,0,0,0,60558,away,421,20250626
4,1,1,0,0,1,3,0,62895,away,421,20250626
3,1,2,0,0,1,1,0,67893,away,421,20250626
4,1,3,1,0,0,0,0,66864,away,421,20250626
4,1,1,1,0,0,1,0,51865,away,421,20250626
1,0,0,0,0,0,0,0,69804,away,421,20250626
2,0,0,0,0,0,1,0,68868,away,421,20250626
3,1,0,0,0,1,0,0,79231,home,421,20250626
3,0,1,0,0,1,1,0,50208,home,421,20250626
3,0,0,1,0,0,1,1,55208,home,421,20250626
4,0,0,0,0,0,0,0,76232,home,421,20250626
1,0,1,0,0,0,0,0,78224,home,421,20250626
2,0,0,0,0,0,1,0,52267,home,421,20250626
1,0,0,0,0,0,1,0,55224,home,421,20250626
3,0,0,0,0,1,2,0,67207,home,421,20250626
3,0,0,0,0,0,1,0,53554,home,421,20250626
3,0,1,0,0,0,0,0,55252,home,421,20250626
2,0,1,0,0,1,1,0,63123,home,421,20250626
3,1,1,1,0,1,2,0,66657,away,422,20250626
4,0,2,1,0,0,1,0,55703,away,422,20250626
4,0,0,0,0,0,1,0,53764,away,422,20250626
4,0,1,0,0,0,1,0,69737,away,422,20250626
0,0,0,0,0,0,0,0,79192,away,422,20250626
4,0,0,0,0,0,0,0,66704,away,422,20250626
4,0,0,0,0,0,2,0,79608,away,422,20250626
2,0,1,0,0,0,1,0,62700,away,422,20250626
1,1,0,0,0,0,1,0,64006,away,422,20250626
2,0,1,0,0,0,0,0,78288,away,422,20250626
0,1,0,0,0,0,0,0,69766,away,422,20250626
0,0,0,0,0,0,0,0,76812,away,422,20250626
3,0,0,0,0,0,2,0,65703,away,422,20250626
5,0,0,0,0,0,2,0,50458,home,422,20250626
5,0,2,0,0,0,2,0,54408,home,422,20250626
2,0,0,0,0,2,0,0,62404,home,422,20250626
4,0,0,0,0,0,0,0,54400,home,422,20250626
4,0,1,0,0,0,1,0,75125,home,422,20250626
3,1,2,1,1,1,0,0,74540,home,422,20250626
4,0,0,0,0,0,1,0,65040,home,422,20250626
3,0,1,0,0,0,1,0,62234,home,422,20250626
1,0,0,0,0,0,0,0,65586,home,422,20250626
4,0,2,0,0,0,0,0,52415,home,422,20250626
4,0,1,0,0,1,0,0,78513,away,423,20250626
3,1,1,0,0,0,1,0,60523,away,423,20250626
1,0,1,0,0,0,0,0,55530,away,423,20250626
4,1,2,1,0,1,0,0,69517,away,423,20250626
4,1,2,2,1,1,0,0,54529,away,423,20250626
4,1,1,1,0,0,0,0,77564,away,423,20250626
2,1,1,0,0,1,1,0,61102,away,423,20250626
1,0,0,0,0,0,0,0,68518,away,423,20250626
5,0,0,0,0,0,0,0,68205,away,423,20250626
2,0,1,0,0,0,0,0,55506,away,423,20250626
2,1,1,3,1,0,0,0,51551,away,423,20250626
0,0,0,0,0,0,0,0,62802,away,423,20250626
3,1,1,0,0,0,1,0,52568,away,423,20250626
0,0,0,0,0,0,0,0,52504,away,423,20250626
4,0,0,0,0,1,1,0,51907,home,423,20250626
4,1,1,0,0,1,2,0,63963,home,423,20250626
3,1,1,1,0,2,1,0,79215,home,423,20250626
5,0,0,0,0,0,1,0,54944,home,423,20250626
3,1,0,0,0,0,1,0,69995,home,423,20250626
3,1,2,1,0,1,0,0,51344,home,423,20250626
4,1,1,1,0,0,3,0,68912,home,423,20250626
2,0,1,1,0,0,1,0,69203,home,423,20250626
2,0,1,0,0,0,1,0,77532,home,423,20250626
2,0,0,0,0,0,0,0,67905,home,423,20250626
1,0,0,0,0,0,0,0,68904,home,423,20250626
0,1,0,0,0,0,0,0,69992,home,423,20250626
5,1,2,2,0,0,0,0,65207,away,424,20250626
4,0,2,1,0,1,1,0,76290,away,424,20250626
3,0,0,0,0,1,0,0,68119,away,424,20250626
4,0,0,0,0,0,1,0,69102,away,424,20250626
0,0,0,0,0,0,0,0,52103,away,424,20250626
0,0,0,0,0,0,0,0,67504,away,424,20250626
4,0,0,0,0,0,2,0,53123,away,424,20250626
4,0,1,0,0,0,1,0,79365,away,424,20250626
4,1,1,0,0,0,0,0,50054,away,424,20250626
3,0,0,0,0,0,0,0,69100,away,424,20250626
2,2,2,0,0,1,0,2,62415,away,424,20250626
3,0,0,0,0,0,0,0,64004,home,424,20250626
1,0,0,1,0,0,0,0,66706,home,424,20250626
1,1,1,0,0,1,0,0,79402,home,424,20250626
1,0,0,0,0,0,0,0,64504,home,424,20250626
4,0,1,0,0,0,0,0,52001,home,424,20250626
0,0,0,0,0,0,0,0,68089,home,424,20250626
4,1,2,2,1,0,0,0,78548,home,424,20250626
0,0,0,0,0,0,0,0,67006,home,424,20250626
4,0,1,0,0,0,2,0,67644,home,424,20250626
4,0,1,0,0,0,0,0,79240,home,424,20250626
3,0,0,0,0,1,0,0,64007,home,424,20250626
0,0,0,0,0,0,0,0,69056,home,424,20250626
3,1,0,0,0,1,1,0,64166,home,424,20250626
4,0,1,0,0,0,2,0,51003,home,424,20250626
5,0,1,1,0,1,3,0,64560,away,425,20250626
5,1,1,1,0,0,0,0,64646,away,425,20250626
5,1,2,0,0,0,1,0,69636,away,425,20250626
1,0,0,0,0,0,1,0,50600,away,425,20250626
5,0,2,1,0,0,1,0,72443,away,425,20250626
4,0,1,0,0,1,1,0,55645,away,425,20250626
3,0,0,0,0,0,3,0,67610,away,425,20250626
2,0,0,0,0,0,1,0,66606,away,425,20250626
4,1,1,0,0,1,0,0,65653,away,425,20250626
2,0,0,0,0,0,0,0,78122,away,425,20250626
1,0,0,0,0,0,0,0,61353,away,425,20250626
1,1,0,0,0,0,0,0,66614,away,425,20250626
1,1,0,0,0,1,1,0,50657,away,425,20250626
3,0,2,1,0,0,0,0,68646,away,425,20250626
6,1,3,3,0,0,0,0,65357,home,425,20250626
5,0,0,0,0,1,4,0,64340,home,425,20250626
5,0,2,1,0,1,0,0,50167,home,425,20250626
4,0,1,0,0,2,1,0,76267,home,425,20250626
1,0,0,0,0,2,0,0,69332,home,425,20250626
3,0,0,0,0,0,0,1,50357,home,425,20250626
4,0,0,0,0,1,2,0,55392,home,425,20250626
4,0,2,0,0,0,0,0,53312,home,425,20250626
1,0,0,0,0,0,1,0,53344,home,425,20250626
2,2,1,0,0,1,0,0,55397,home,425,20250626
1,1,1,0,0,0,0,0,55326,home,425,20250626
3,0,0,0,0,0,1,0,52305,home,425,20250626
4,0,0,0,0,1,2,0,64560,away,426,20250627
4,1,1,0,0,0,1,0,64646,away,426,20250627
4,2,1,1,1,0,1,0,55645,away,426,20250627
4,0,2,2,0,0,1,0,72443,away,426,20250627
4,0,0,0,0,0,0,0,69636,away,426,20250627
4,0,0,0,0,0,0,0,68646,away,426,20250627
4,0,1,0,0,0,0,0,65653,away,426,20250627
2,0,1,0,0,0,0,0,50657,away,426,20250627
1,0,1,0,0,0,0,0,61353,away,426,20250627
1,0,1,0,0,0,0,0,66614,away,426,20250627
0,0,0,0,0,0,0,0,50600,away,426,20250627
3,0,0,0,0,0,1,1,66606,away,426,20250627
0,0,0,0,0,1,0,0,67610,away,426,20250627
4,0,0,0,0,0,0,0,65207,home,426,20250627
4,0,1,0,0,0,0,0,76290,home,426,20250627
0,1,0,0,0,0,0,0,52103,home,426,20250627
3,1,1,0,0,1,0,0,53123,home,426,20250627
3,0,0,0,0,1,1,0,69102,home,426,20250627
0,0,0,0,0,0,0,0,67504,home,426,20250627
4,1,3,1,0,0,0,0,68119,home,426,20250627
2,1,1,3,1,2,0,0,79365,home,426,20250627
3,0,0,0,0,1,1,0,69100,home,426,20250627
2,0,0,0,0,0,1,0,52154,home,426,20250627
1,0,0,0,0,0,0,0,68110,home,426,20250627
0,0,0,0,0,0,0,0,75867,home,426,20250627
1,0,0,0,0,0,0,0,50054,home,426,20250627
0,0,0,0,0,0,0,0,50106,home,426,20250627
3,0,0,0,0,0,0,0,62415,home,426,20250627
3,2,1,0,0,2,2,0,66657,away,427,20250627
4,1,2,0,0,1,0,0,55703,away,427,20250627
4,0,0,1,0,0,0,0,53764,away,427,20250627
5,2,3,3,1,0,0,0,69737,away,427,20250627
3,0,2,2,0,2,0,0,50707,away,427,20250627
5,0,1,0,0,0,0,0,66704,away,427,20250627
3,0,0,0,0,0,2,0,65703,away,427,20250627
1,0,0,0,0,0,0,0,79608,away,427,20250627
0,0,0,0,0,0,0,0,54795,away,427,20250627
3,0,0,0,0,1,0,0,78288,away,427,20250627
4,1,1,0,0,0,1,0,64006,away,427,20250627
5,1,2,0,0,0,0,1,50854,home,427,20250627
5,1,2,1,0,0,0,0,53827,home,427,20250627
2,2,2,3,1,3,0,0,75847,home,427,20250627
0,0,0,0,0,0,0,0,69804,home,427,20250627
4,1,1,0,0,1,1,0,62895,home,427,20250627
0,0,0,0,0,0,0,0,68868,home,427,20250627
3,1,0,0,0,1,0,0,51868,home,427,20250627
0,0,0,0,0,0,0,0,51865,home,427,20250627
2,1,1,1,0,2,0,1,67893,home,427,20250627
3,0,0,0,0,0,1,0,79456,home,427,20250627
1,0,1,2,0,0,0,0,60558,home,427,20250627
3,1,1,0,0,1,0,0,54812,home,427,20250627
4,0,1,1,0,0,2,0,66864,home,427,20250627
6,1,4,2,0,0,0,0,79402,away,428,20250627
6,0,3,3,0,0,1,0,64004,away,428,20250627
0,0,0,0,0,0,0,0,67006,away,428,20250627
4,1,2,2,0,2,0,0,52001,away,428,20250627
0,0,0,0,0,0,0,1,66706,away,428,20250627
6,0,1,1,0,0,3,0,78548,away,428,20250627
3,0,0,0,0,2,1,0,67644,away,428,20250627
0,1,0,0,0,0,0,0,69056,away,428,20250627
1,0,0,0,0,0,0,0,68504,away,428,20250627
4,1,1,0,0,0,0,0,79240,away,428,20250627
1,2,0,0,0,1,0,0,64007,away,428,20250627
1,2,1,0,0,1,0,0,64504,away,428,20250627
5,1,3,1,0,0,1,0,64166,away,428,20250627
5,2,2,1,0,0,1,0,51003,away,428,20250627
5,2,3,0,0,1,0,1,52504,home,428,20250627
5,1,3,2,0,0,1,0,69517,home,428,20250627
3,0,1,2,0,1,0,0,54529,home,428,20250627
5,1,1,0,0,0,1,0,78513,home,428,20250627
4,1,1,0,0,1,1,0,51551,home,428,20250627
5,0,2,1,0,0,1,0,77564,home,428,20250627
0,0,0,0,0,0,0,0,52568,home,428,20250627
3,1,2,1,0,0,1,0,61102,home,428,20250627
1,0,1,0,0,0,0,0,55563,home,428,20250627
1,0,0,0,0,0,0,0,62802,home,428,20250627
0,0,0,0,0,0,0,0,68205,home,428,20250627
4,2,2,2,1,1,0,0,55530,home,428,20250627
3,0,0,0,0,0,1,0,55506,home,428,20250627
1,0,0,0,0,0,0,0,60523,home,428,20250627
1,0,0,0,0,0,0,0,68518,home,428,20250627
6,2,2,4,1,0,0,1,79231,away,429,20250627
4,0,2,1,0,0,2,0,50208,away,429,20250627
4,1,1,1,1,1,0,1,55208,away,429,20250627
4,0,1,0,0,1,0,0,76232,away,429,20250627
4,0,0,0,0,0,2,0,63257,away,429,20250627
0,0,0,0,0,1,0,1,66209,away,429,20250627
3,1,1,0,0,1,0,0,67207,away,429,20250627
4,1,1,1,0,1,0,0,52267,away,429,20250627
5,3,3,1,1,0,0,0,55252,away,429,20250627
3,1,3,0,0,0,0,0,53554,away,429,20250627
1,0,0,0,0,0,0,0,63123,away,429,20250627
5,3,3,1,0,0,0,0,51907,home,429,20250627
3,1,1,0,0,0,1,0,63963,home,429,20250627
0,0,0,0,0,0,0,0,68904,home,429,20250627
1,0,1,1,0,0,0,0,69203,home,429,20250627
0,1,0,0,0,1,0,0,67905,home,429,20250627
3,3,1,2,1,2,0,0,62907,home,429,20250627
4,0,1,2,0,1,1,0,54944,home,429,20250627
0,1,0,0,0,0,0,0,50902,home,429,20250627
3,0,0,0,0,2,3,0,79215,home,429,20250627
5,0,1,1,0,0,0,0,77532,home,429,20250627
2,0,1,1,0,0,1,0,51344,home,429,20250627
3,0,0,0,0,0,0,0,69995,home,429,20250627
2,0,0,0,0,0,1,0,68912,home,429,20250627
3,0,1,2,0,0,0,0,64022,home,429,20250627
3,1,2,0,0,0,1,1,69992,home,429,20250627
3,1,0,1,0,1,1,0,50458,away,430,20250627
3,0,0,0,0,0,2,0,52415,away,430,20250627
4,1,0,0,0,0,0,0,62404,away,430,20250627
4,0,1,2,0,0,0,0,54400,away,430,20250627
3,0,0,0,0,0,2,0,75125,away,430,20250627
1,0,0,0,0,0,0,0,65040,away,430,20250627
4,0,0,0,0,0,0,0,74540,away,430,20250627
2,1,0,0,0,1,1,1,69418,away,430,20250627
3,0,0,0,0,0,1,0,62234,away,430,20250627
0,0,0,0,0,0,0,0,65586,away,430,20250627
2,1,0,0,0,1,0,0,54408,away,430,20250627
4,1,2,3,1,1,0,1,65357,home,430,20250627
4,0,1,1,0,1,1,0,64340,home,430,20250627
0,0,0,0,0,0,0,0,50357,home,430,20250627
4,0,0,0,0,0,2,1,50167,home,430,20250627
3,0,0,0,0,1,2,0,76267,home,430,20250627
4,0,0,0,0,0,2,0,55326,home,430,20250627
4,1,2,0,0,0,1,0,69332,home,430,20250627
0,0,0,0,0,0,0,0,52305,home,430,20250627
2,1,1,0,0,1,0,0,55392,home,430,20250627
4,2,2,0,0,0,1,0,53312,home,430,20250627
3,0,0,0,0,1,1,0,55397,home,430,20250627
5,0,0,1,0,0,2,0,64560,away,431,20250628
6,1,2,0,0,0,0,1,64646,away,431,20250628
4,2,1,1,1,1,2,0,55645,away,431,20250628
4,2,2,0,0,1,0,0,72443,away,431,20250628
5,0,1,0,0,0,3,0,69636,away,431,20250628
0,0,0,0,0,0,0,0,66614,away,431,20250628
3,2,2,3,0,1,1,0,67610,away,431,20250628
1,0,0,0,0,0,0,0,66606,away,431,20250628
4,1,2,1,0,1,1,0,65653,away,431,20250628
3,1,2,1,0,1,0,0,78122,away,431,20250628
4,0,2,2,0,0,1,0,50657,away,431,20250628
0,0,0,0,0,1,0,0,61353,away,431,20250628
0,0,0,0,0,0,0,0,50600,away,431,20250628
6,1,3,0,0,0,0,0,65207,home,431,20250628
2,0,1,1,0,0,0,0,76290,home,431,20250628
4,1,1,0,0,0,1,1,68110,home,431,20250628
5,2,1,0,0,0,2,0,53123,home,431,20250628
4,0,2,0,0,1,2,0,79365,home,431,20250628
0,0,0,0,0,0,0,0,52103,home,431,20250628
4,1,2,1,0,1,1,0,68119,home,431,20250628
5,1,1,1,0,0,1,0,50054,home,431,20250628
1,0,0,0,0,0,0,0,69100,home,431,20250628
4,1,2,3,1,0,0,0,69102,home,431,20250628
5,1,2,1,1,0,0,0,52154,home,431,20250628
5,0,2,0,0,0,2,1,62415,home,431,20250628
3,2,1,0,0,1,1,0,66657,away,432,20250628
4,1,2,3,1,0,2,0,55703,away,432,20250628
3,1,1,0,0,1,2,1,53764,away,432,20250628
4,0,0,0,0,0,4,0,69737,away,432,20250628
2,0,1,2,0,0,0,0,50707,away,432,20250628
4,0,0,0,0,0,1,0,66704,away,432,20250628
3,0,0,0,0,0,1,0,65703,away,432,20250628
1,0,0,0,0,0,1,0,54795,away,432,20250628
4,0,2,0,0,0,0,0,78288,away,432,20250628
0,0,0,0,0,0,0,0,69766,away,432,20250628
0,0,0,0,0,0,0,0,76812,away,432,20250628
4,1,0,0,0,0,0,1,64006,away,432,20250628
0,0,0,0,0,0,0,0,71837,home,432,20250628
4,0,1,0,0,0,1,0,50854,home,432,20250628
4,0,0,0,0,0,1,0,53827,home,432,20250628
4,0,1,0,0,0,2,0,75847,home,432,20250628
4,0,3,0,0,0,1,0,62895,home,432,20250628
3,0,0,0,0,1,1,0,51868,home,432,20250628
3,0,1,0,0,1,1,0,67893,home,432,20250628
2,1,1,1,1,2,1,0,66864,home,432,20250628
3,0,0,0,0,0,1,0,54812,home,432,20250628
1,0,0,0,0,0,1,0,60558,home,432,20250628
4,1,1,1,1,0,1,0,51865,home,432,20250628
4,0,2,0,0,1,1,0,79402,away,433,20250628
5,2,3,2,0,0,0,0,64004,away,433,20250628
0,0,0,0,0,0,0,0,67006,away,433,20250628
4,0,2,0,0,1,1,0,52001,away,433,20250628
3,0,2,2,0,1,1,0,78548,away,433,20250628
4,0,0,0,0,0,1,0,79240,away,433,20250628
0,0,0,0,0,1,0,0,68504,away,433,20250628
5,0,0,0,0,0,3,0,64166,away,433,20250628
5,1,1,0,0,0,1,0,66706,away,433,20250628
4,1,2,0,0,0,2,0,64504,away,433,20250628
3,0,1,0,0,0,0,0,51003,away,433,20250628
3,0,1,0,0,1,0,0,78513,home,433,20250628
3,0,0,0,0,1,1,0,77564,home,433,20250628
0,0,0,0,0,0,0,0,52568,home,433,20250628
4,0,1,0,0,0,0,0,69517,home,433,20250628
4,0,1,0,0,0,0,0,54529,home,433,20250628
3,0,0,0,0,0,1,0,60523,home,433,20250628
1,0,1,0,0,0,0,0,55530,home,433,20250628
4,0,0,0,0,0,0,0,51551,home,433,20250628
4,0,2,0,0,0,0,0,68205,home,433,20250628
3,0,0,0,0,0,0,1,52504,home,433,20250628
1,0,0,0,0,0,1,0,62802,home,433,20250628
1,0,0,0,0,1,1,0,68518,home,433,20250628
1,0,1,0,0,0,0,0,61102,home,433,20250628
4,1,0,0,0,0,0,1,79231,away,434,20250628
4,0,0,0,0,0,3,0,67207,away,434,20250628
2,0,2,1,0,1,0,0,55208,away,434,20250628
4,0,0,0,0,0,0,0,76232,away,434,20250628
3,0,0,0,0,0,0,0,55252,away,434,20250628
3,0,1,0,0,0,0,0,50208,away,434,20250628
3,0,0,0,0,0,2,0,54219,away,434,20250628
3,0,1,0,0,0,2,0,63123,away,434,20250628
3,0,0,0,0,0,2,0,53554,away,434,20250628
0,0,0,0,0,0,0,0,66209,away,434,20250628
3,1,1,0,0,1,0,2,51907,home,434,20250628
3,1,0,0,0,1,1,0,63963,home,434,20250628
4,0,2,1,0,0,0,0,62907,home,434,20250628
3,0,2,0,0,0,0,0,54944,home,434,20250628
1,0,0,0,0,0,0,0,69995,home,434,20250628
3,0,0,0,0,0,0,0,79215,home,434,20250628
0,0,0,0,0,0,0,0,67905,home,434,20250628
3,1,1,1,1,0,0,0,51344,home,434,20250628
0,0,0,0,0,0,0,0,50902,home,434,20250628
3,0,0,0,0,0,1,0,69203,home,434,20250628
3,0,1,0,0,0,2,0,68912,home,434,20250628
2,0,1,0,0,0,0,0,51996,home,434,20250628
1,0,0,0,0,0,1,0,68904,home,434,20250628
0,0,0,0,0,0,0,0,69992,home,434,20250628
4,0,1,0,0,0,1,0,50458,away,435,20250628
4,0,0,0,0,0,2,0,54408,away,435,20250628
4,0,1,0,0,0,1,0,62404,away,435,20250628
4,0,0,0,0,0,0,0,54400,away,435,20250628
0,0,0,0,0,0,0,0,69418,away,435,20250628
2,0,0,0,0,0,0,0,74540,away,435,20250628
2,0,0,0,0,0,1,0,65132,away,435,20250628
4,0,1,0,0,0,1,0,65040,away,435,20250628
2,0,1,0,0,1,1,0,62234,away,435,20250628
1,0,1,0,0,0,0,0,65586,away,435,20250628
3,0,1,0,0,1,1,0,66409,away,435,20250628
2,0,0,0,0,0,1,0,52415,away,435,20250628
1,0,0,0,0,0,0,0,69403,away,435,20250628
5,2,5,2,2,0,0,0,65357,home,435,20250628
5,2,0,0,0,0,0,0,64340,home,435,20250628
0,0,0,0,0,0,0,0,53344,home,435,20250628
4,0,1,0,0,0,0,0,76267,home,435,20250628
0,0,0,0,0,0,0,0,50357,home,435,20250628
4,2,1,2,1,0,0,0,50167,home,435,20250628
0,0,0,0,0,0,0,0,52305,home,435,20250628
3,1,0,0,0,0,0,0,69332,home,435,20250628
4,1,1,4,1,0,1,0,55326,home,435,20250628
4,1,2,1,1,0,0,0,55392,home,435,20250628
0,0,0,0,0,0,0,0,55397,home,435,20250628
3,0,0,0,0,0,1,0,53312,home,435,20250628
1,0,0,0,0,0,1,0,51302,home,435,20250628
5,0,2,0,0,0,0,0,50458,away,436,20250629
4,1,1,0,0,1,0,0,67449,away,436,20250629
5,1,1,0,0,0,0,0,62404,away,436,20250629
4,2,1,0,0,1,0,0,54400,away,436,20250629
1,1,0,0,0,1,0,0,65586,away,436,20250629
1,2,0,1,0,2,0,0,62234,away,436,20250629
1,0,0,0,0,0,1,0,66409,away,436,20250629
3,0,2,1,0,0,0,0,65040,away,436,20250629
4,0,2,2,0,0,0,0,52415,away,436,20250629
1,0,0,0,0,0,1,0,65132,away,436,20250629
1,0,1,2,0,1,0,0,74540,away,436,20250629
3,0,0,0,0,1,1,0,54408,away,436,20250629
4,2,1,3,1,0,0,1,65357,home,436,20250629
5,0,1,0,0,0,1,0,64340,home,436,20250629
5,1,2,1,0,0,0,1,50167,home,436,20250629
3,2,0,0,0,1,0,0,69332,home,436,20250629
1,0,0,0,0,0,1,0,50357,home,436,20250629
5,0,2,1,0,0,2,0,55326,home,436,20250629
0,0,0,0,0,0,0,0,52305,home,436,20250629
5,2,4,2,0,0,0,0,51302,home,436,20250629
5,1,2,1,0,0,3,0,55392,home,436,20250629
5,1,2,1,0,0,0,0,53312,home,436,20250629
2,1,2,1,0,1,0,0,55397,home,436,20250629
4,1,3,1,0,0,0,1,61353,away,437,20250629
1,0,0,0,0,0,0,0,64560,away,437,20250629
4,0,0,0,0,0,0,0,65653,away,437,20250629
3,1,1,1,0,1,0,0,55645,away,437,20250629
0,2,0,0,0,1,0,0,50600,away,437,20250629
4,2,2,0,0,0,1,0,72443,away,437,20250629
0,1,0,0,0,1,0,0,68646,away,437,20250629
5,2,2,3,0,0,1,0,69636,away,437,20250629
3,0,1,2,0,0,1,0,67610,away,437,20250629
2,1,1,1,0,0,0,0,66606,away,437,20250629
2,0,0,0,0,0,1,0,66614,away,437,20250629
2,1,1,2,0,0,0,0,64646,away,437,20250629
4,0,1,1,0,0,2,0,78122,away,437,20250629
4,1,1,0,0,0,0,0,50657,away,437,20250629
3,0,1,1,0,0,0,0,65207,home,437,20250629
0,0,0,0,0,0,0,0,69100,home,437,20250629
4,0,2,1,0,0,1,0,76290,home,437,20250629
4,0,1,0,0,0,0,0,53123,home,437,20250629
0,0,0,0,0,0,0,0,67504,home,437,20250629
3,0,0,0,0,1,0,0,69102,home,437,20250629
4,0,0,0,0,0,1,0,68119,home,437,20250629
3,0,1,0,0,1,1,0,79365,home,437,20250629
0,0,0,0,0,0,0,0,52154,home,437,20250629
4,0,0,0,0,0,2,0,79109,home,437,20250629
2,1,1,0,0,0,0,0,52103,home,437,20250629
0,1,0,0,0,1,0,0,50054,home,437,20250629
1,0,0,0,0,0,1,0,68110,home,437,20250629
3,0,1,0,0,0,0,0,62415,home,437,20250629
4,0,0,0,0,0,3,0,66657,away,438,20250629
4,0,1,0,0,0,3,0,55703,away,438,20250629
4,0,2,0,0,0,1,0,53764,away,438,20250629
2,0,0,0,0,0,1,0,69737,away,438,20250629
3,0,0,0,0,0,2,0,50707,away,438,20250629
2,0,0,0,0,1,1,0,66704,away,438,20250629
2,0,0,0,0,1,1,0,65703,away,438,20250629
2,0,0,0,0,0,0,0,78288,away,438,20250629
0,0,0,0,0,0,0,1,69766,away,438,20250629
1,0,0,0,0,0,0,0,76812,away,438,20250629
1,0,0,0,0,0,1,0,64006,away,438,20250629
1,0,0,0,0,0,1,0,79608,away,438,20250629
1,0,0,0,0,0,0,0,54795,away,438,20250629
4,0,0,0,0,0,2,0,50854,home,438,20250629
4,0,1,0,0,0,2,1,66864,home,438,20250629
4,0,1,0,0,0,1,0,75847,home,438,20250629
4,1,2,1,1,0,0,0,53827,home,438,20250629
4,1,1,1,1,0,1,0,62895,home,438,20250629
2,0,1,0,0,1,1,0,60558,home,438,20250629
3,0,2,0,0,0,0,0,51865,home,438,20250629
3,0,0,0,0,0,2,0,54812,home,438,20250629
3,0,0,0,0,0,1,0,54805,home,438,20250629
0,0,0,0,0,0,0,0,68868,home,438,20250629
4,0,0,0,0,1,2,0,79402,away,439,20250629
5,0,0,0,0,0,0,0,64004,away,439,20250629
4,0,0,0,0,1,0,1,52001,away,439,20250629
2,1,1,1,1,1,1,0,67644,away,439,20250629
2,0,0,0,0,0,0,0,79240,away,439,20250629
3,1,2,0,0,0,0,0,68504,away,439,20250629
2,0,0,0,0,0,0,0,64007,away,439,20250629
3,1,0,0,0,0,1,0,64504,away,439,20250629
3,1,1,1,0,0,0,0,64166,away,439,20250629
3,1,1,1,1,0,1,0,50066,away,439,20250629
0,0,0,0,0,1,0,0,78548,away,439,20250629
4,0,2,2,0,0,1,0,51003,away,439,20250629
2,1,1,2,0,3,1,0,52504,home,439,20250629
4,1,1,1,0,0,0,0,69517,home,439,20250629
3,1,1,2,0,1,0,0,54529,home,439,20250629
5,1,3,2,0,0,0,0,78513,home,439,20250629
0,1,0,0,0,0,0,0,52568,home,439,20250629
0,0,0,0,0,0,0,0,76430,home,439,20250629
2,0,0,0,0,0,1,0,61102,home,439,20250629
2,0,1,1,0,1,0,0,68518,home,439,20250629
4,0,2,0,0,0,2,0,55530,home,439,20250629
0,0,0,1,0,0,0,0,55506,home,439,20250629
3,1,1,0,0,0,1,0,51551,home,439,20250629
1,1,1,0,0,1,0,0,77564,home,439,20250629
5,2,2,0,0,0,1,0,68205,home,439,20250629
3,1,0,0,0,1,0,0,62802,home,439,20250629
4,1,1,2,0,1,0,2,79231,away,440,20250629
4,0,0,0,0,1,0,0,67207,away,440,20250629
5,1,4,3,1,0,0,0,55208,away,440,20250629
5,0,0,0,0,0,2,0,78224,away,440,20250629
4,1,1,0,0,0,1,0,50208,away,440,20250629
4,1,3,1,1,0,0,0,55252,away,440,20250629
3,1,1,1,0,0,0,0,52267,away,440,20250629
1,0,0,0,0,0,0,0,66209,away,440,20250629
3,1,0,0,0,0,0,0,54219,away,440,20250629
1,1,1,0,0,0,0,0,76232,away,440,20250629
2,0,0,0,0,0,0,0,53554,away,440,20250629
2,0,1,0,0,0,0,0,63123,away,440,20250629
3,1,1,1,0,0,0,0,51907,home,440,20250629
1,0,0,0,0,0,0,0,50902,home,440,20250629
2,0,0,0,0,0,1,0,63963,home,440,20250629
2,1,1,1,0,0,1,0,67905,home,440,20250629
4,0,1,1,0,0,0,1,62907,home,440,20250629
4,0,0,0,0,0,3,0,54944,home,440,20250629
2,0,1,0,0,0,1,0,79215,home,440,20250629
1,0,0,0,0,0,1,0,68904,home,440,20250629
3,1,1,0,0,0,0,0,51344,home,440,20250629
1,0,0,0,0,1,0,0,77532,home,440,20250629
2,0,0,0,0,0,0,0,69992,home,440,20250629
2,0,0,0,0,0,0,0,68912,home,440,20250629
1,0,0,0,0,1,1,0,64022,home,440,20250629
3,0,1,0,0,0,0,0,51996,home,440,20250629
1,0,0,0,0,0,1,0,69995,home,440,20250629
3,1,0,0,0,1,0,0,50458,away,441,20250701
3,0,1,0,0,0,1,0,65040,away,441,20250701
0,0,0,0,0,1,0,0,69418,away,441,20250701
3,0,0,1,0,1,0,0,67449,away,441,20250701
3,0,1,1,0,0,0,0,54400,away,441,20250701
3,1,1,0,0,1,0,0,62404,away,441,20250701
4,0,2,0,0,0,1,0,52430,away,441,20250701
4,1,1,2,1,0,1,0,74540,away,441,20250701
4,1,1,0,0,0,0,0,62234,away,441,20250701
3,0,0,0,0,0,1,0,52415,away,441,20250701
0,0,0,0,0,0,0,0,54408,away,441,20250701
3,0,0,0,0,1,0,0,79231,home,441,20250701
4,1,1,0,0,0,0,0,50208,home,441,20250701
3,0,1,0,0,1,0,0,55208,home,441,20250701
3,0,0,0,0,1,0,0,78224,home,441,20250701
0,0,0,0,0,0,0,0,64468,home,441,20250701
3,0,0,0,0,0,1,0,53554,home,441,20250701
1,0,0,0,0,0,1,0,63123,home,441,20250701
3,0,0,0,0,0,1,0,55252,home,441,20250701
0,0,0,1,0,1,0,0,76232,home,441,20250701
4,0,0,0,0,0,1,0,52267,home,441,20250701
3,0,0,0,0,0,2,0,54219,home,441,20250701
3,0,1,0,0,0,1,1,67207,home,441,20250701
3,0,1,0,0,0,1,0,65207,away,442,20250701
4,1,3,1,0,0,0,0,76290,away,442,20250701
4,1,1,2,1,0,1,0,53123,away,442,20250701
3,0,0,0,0,1,1,0,69102,away,442,20250701
3,0,0,0,0,1,2,0,79365,away,442,20250701
4,0,0,0,0,0,2,0,68119,away,442,20250701
4,0,1,0,0,0,1,0,79109,away,442,20250701
3,0,1,0,0,1,1,0,69100,away,442,20250701
4,1,1,0,0,0,2,0,62415,away,442,20250701
3,1,0,0,0,1,1,0,52504,home,442,20250701
2,1,0,0,0,1,1,0,68507,home,442,20250701
3,0,2,1,0,0,0,0,69517,home,442,20250701
1,0,0,0,0,0,0,0,77564,home,442,20250701
4,0,2,1,0,0,1,0,54529,home,442,20250701
4,0,0,0,0,0,1,0,78513,home,442,20250701
3,0,0,0,0,1,0,0,55530,home,442,20250701
3,0,0,0,0,0,1,0,51551,home,442,20250701
3,0,1,0,0,1,0,0,68205,home,442,20250701
1,0,0,0,0,1,1,0,68518,home,442,20250701
2,0,0,0,0,0,0,0,61102,home,442,20250701
5,1,0,0,0,0,0,0,65357,away,443,20250701
4,1,3,3,1,1,0,0,64340,away,443,20250701
5,1,0,0,0,0,2,1,50167,away,443,20250701
5,0,2,0,0,0,1,0,55326,away,443,20250701
4,2,3,1,0,0,0,1,69332,away,443,20250701
0,0,0,0,0,0,0,0,52305,away,443,20250701
4,0,0,0,0,0,3,0,51302,away,443,20250701
4,1,2,1,0,0,0,0,55392,away,443,20250701
3,1,1,1,0,0,0,0,53344,away,443,20250701
1,0,0,0,0,0,0,0,53312,away,443,20250701
3,0,2,1,0,1,0,0,55397,away,443,20250701
3,0,0,0,0,1,1,0,79402,home,443,20250701
3,0,1,0,0,1,2,0,64004,home,443,20250701
0,0,0,0,0,0,0,0,64504,home,443,20250701
4,2,2,2,2,0,0,0,52001,home,443,20250701
4,0,0,0,0,0,1,0,78548,home,443,20250701
4,1,2,1,1,0,0,0,67025,home,443,20250701
4,0,0,0,0,0,1,0,68504,home,443,20250701
4,0,0,0,0,0,1,0,79240,home,443,20250701
2,0,0,0,0,1,0,0,64166,home,443,20250701
1,0,0,0,0,0,1,0,51003,home,443,20250701
1,0,0,0,0,0,0,0,69056,home,443,20250701
1,0,0,0,0,0,1,0,67644,home,443,20250701
3,0,0,0,0,1,0,1,50854,away,444,20250701
4,1,1,1,1,0,0,0,53827,away,444,20250701
4,0,0,0,0,0,2,0,75847,away,444,20250701
4,0,0,0,0,0,0,0,62895,away,444,20250701
4,1,1,0,0,0,1,0,51868,away,444,20250701
4,0,2,0,0,0,1,0,67893,away,444,20250701
3,0,1,1,0,0,2,0,66864,away,444,20250701
2,0,0,0,0,0,1,0,51865,away,444,20250701
3,0,0,0,0,0,0,0,54805,away,444,20250701
5,0,0,0,0,0,0,0,64560,home,444,20250701
4,1,2,0,0,1,1,0,64646,home,444,20250701
2,1,1,0,0,2,1,0,55645,home,444,20250701
2,1,0,0,0,2,0,0,72443,home,444,20250701
4,0,2,1,0,0,0,0,61353,home,444,20250701
0,0,0,0,0,0,0,1,66606,home,444,20250701
3,0,1,2,0,1,2,0,69636,home,444,20250701
0,0,0,0,0,0,0,0,68646,home,444,20250701
2,0,0,0,0,2,1,1,65653,home,444,20250701
3,0,0,0,0,0,0,0,78122,home,444,20250701
0,0,0,0,0,0,0,0,66614,home,444,20250701
3,0,0,0,0,0,2,0,50657,home,444,20250701
3,0,0,0,0,1,1,0,51907,away,445,20250701
2,1,1,0,0,1,0,0,69992,away,445,20250701
1,0,0,0,0,0,0,0,69995,away,445,20250701
1,0,0,0,0,0,1,0,67905,away,445,20250701
4,1,1,0,0,0,1,0,62907,away,445,20250701
0,0,0,0,0,1,0,0,51996,away,445,20250701
4,0,1,1,0,0,1,0,54944,away,445,20250701
0,0,0,0,0,0,0,0,50902,away,445,20250701
1,0,0,0,0,0,0,0,68904,away,445,20250701
4,0,2,1,0,1,1,1,79215,away,445,20250701
3,1,1,0,0,2,1,0,63963,away,445,20250701
3,1,0,0,0,2,2,0,51344,away,445,20250701
4,0,1,0,0,0,3,0,68912,away,445,20250701
4,0,3,2,0,0,1,0,77532,away,445,20250701
2,0,0,0,0,0,1,0,66657,home,445,20250701
1,0,0,0,0,0,1,0,62700,home,445,20250701
1,1,0,0,0,0,0,0,54795,home,445,20250701
4,1,2,1,0,0,1,0,55703,home,445,20250701
3,1,2,2,1,0,1,0,53764,home,445,20250701
3,2,1,1,1,1,0,0,69737,home,445,20250701
4,1,1,3,1,0,1,0,79192,home,445,20250701
0,0,0,0,0,0,0,0,66704,home,445,20250701
4,0,0,0,0,0,1,0,50707,home,445,20250701
2,0,0,0,0,0,2,0,65703,home,445,20250701
1,1,1,0,0,0,0,0,78288,home,445,20250701
2,0,1,0,0,0,0,0,76812,home,445,20250701
0,1,0,0,0,1,0,0,68700,home,445,20250701
2,0,1,0,0,0,1,0,64006,home,445,20250701
2,0,1,0,0,2,0,0,50458,away,446,20250702
3,0,0,0,0,0,0,0,67449,away,446,20250702
3,0,1,0,0,1,0,0,62404,away,446,20250702
3,0,1,0,0,1,0,0,54400,away,446,20250702
4,0,0,0,0,0,1,0,74540,away,446,20250702
0,0,0,0,0,0,0,0,65132,away,446,20250702
4,0,1,0,0,0,2,1,52430,away,446,20250702
3,0,0,0,0,0,2,0,52415,away,446,20250702
1,0,0,0,0,0,0,0,54408,away,446,20250702
4,0,1,0,0,0,2,0,62234,away,446,20250702
2,0,1,0,0,0,1,0,69418,away,446,20250702
1,0,1,0,0,0,0,0,65040,away,446,20250702
3,1,0,0,0,1,1,1,79231,home,446,20250702
4,1,1,2,0,0,0,0,50208,home,446,20250702
4,1,2,1,0,0,1,0,55208,home,446,20250702
4,1,2,1,0,0,0,0,76232,home,446,20250702
3,0,0,0,0,1,2,0,78224,home,446,20250702
2,0,0,0,0,1,0,0,52267,home,446,20250702
1,0,0,0,0,0,0,0,66209,home,446,20250702
2,0,1,1,0,0,1,0,55252,home,446,20250702
3,1,1,0,0,0,2,0,53554,home,446,20250702
2,0,0,0,0,0,2,0,67207,home,446,20250702
5,0,2,0,0,0,1,1,65207,away,447,20250702
4,1,2,0,0,1,1,0,76290,away,447,20250702
4,0,2,0,0,0,1,0,68119,away,447,20250702
1,0,1,2,0,0,0,0,62415,away,447,20250702
4,0,1,0,0,0,0,0,69102,away,447,20250702
1,0,0,0,0,0,0,0,50054,away,447,20250702
4,0,0,0,0,0,0,0,79365,away,447,20250702
1,0,0,0,0,0,0,0,52154,away,447,20250702
2,0,0,0,0,2,1,0,79109,away,447,20250702
0,0,0,0,0,0,0,0,69100,away,447,20250702
3,0,0,0,0,1,1,0,66162,away,447,20250702
3,0,0,0,0,1,1,0,68110,away,447,20250702
4,1,1,0,0,0,2,0,52103,away,447,20250702
4,0,0,0,0,0,2,0,68507,home,447,20250702
4,1,1,0,0,0,1,0,55530,home,447,20250702
3,1,1,0,0,1,1,0,54529,home,447,20250702
0,0,0,0,0,0,0,0,55506,home,447,20250702
4,2,2,2,1,0,0,0,78513,home,447,20250702
2,0,0,0,0,0,1,0,51551,home,447,20250702
1,1,1,1,0,1,0,0,77564,home,447,20250702
4,0,0,0,0,0,0,0,68205,home,447,20250702
4,0,0,0,0,0,0,0,62802,home,447,20250702
2,0,0,0,0,1,2,0,68518,home,447,20250702
2,0,0,0,0,1,1,0,52504,home,447,20250702
5,0,2,0,0,0,0,0,65357,away,448,20250702
3,1,0,0,0,1,0,0,64340,away,448,20250702
3,1,2,0,0,1,0,0,50167,away,448,20250702
4,0,1,0,0,0,0,0,76267,away,448,20250702
3,0,0,0,0,0,0,0,69332,away,448,20250702
4,0,1,1,0,0,0,0,55326,away,448,20250702
4,0,0,0,0,0,1,0,55392,away,448,20250702
2,0,1,0,0,0,0,0,53344,away,448,20250702
0,0,0,0,0,1,0,0,51302,away,448,20250702
1,0,1,0,0,0,0,0,53312,away,448,20250702
4,0,2,0,0,0,0,0,55397,away,448,20250702
3,1,1,1,0,0,0,0,79402,home,448,20250702
4,1,1,0,0,0,0,0,64004,home,448,20250702
0,0,0,0,0,0,0,0,64166,home,448,20250702
4,0,1,1,0,0,0,0,52001,home,448,20250702
4,0,0,0,0,0,2,0,78548,home,448,20250702
4,0,1,2,0,0,1,0,67025,home,448,20250702
3,0,0,0,0,0,0,0,64007,home,448,20250702
0,0,0,0,0,0,0,0,64504,home,448,20250702
3,0,1,0,0,0,0,0,79240,home,448,20250702
3,1,1,0,0,0,0,0,66706,home,448,20250702
3,1,1,0,0,0,0,0,51003,home,448,20250702
3,1,1,1,0,2,2,0,50854,away,449,20250702
5,1,1,1,0,0,0,0,53827,away,449,20250702
3,2,0,0,0,2,1,0,75847,away,449,20250702
2,2,2,2,1,0,0,0,62895,away,449,20250702
2,0,1,0,0,0,0,0,68868,away,449,20250702
5,0,2,2,0,0,0,0,51868,away,449,20250702
0,0,0,0,0,0,0,0,60558,away,449,20250702
3,0,1,1,0,1,1,0,67893,away,449,20250702
5,0,0,0,0,0,0,0,66864,away,449,20250702
4,1,1,0,0,0,0,0,51865,away,449,20250702
2,1,1,0,0,2,0,2,54812,away,449,20250702
3,0,0,0,0,0,2,0,64560,home,449,20250702
2,0,1,0,0,0,1,0,66606,home,449,20250702
3,0,1,0,0,0,1,0,64646,home,449,20250702
2,0,0,0,0,0,0,0,50600,home,449,20250702
4,2,3,1,1,1,0,0,55645,home,449,20250702
2,1,1,0,0,0,0,0,72443,home,449,20250702
3,0,1,0,0,0,1,0,67610,home,449,20250702
5,1,1,1,0,0,2,0,61353,home,449,20250702
4,1,1,0,0,0,2,0,69636,home,449,20250702
4,0,1,1,0,0,2,0,65653,home,449,20250702
4,0,2,2,0,0,1,0,68646,home,449,20250702
2,0,0,0,0,1,1,0,50657,home,449,20250702
0,0,0,0,0,1,0,0,66614,home,449,20250702
4,1,1,0,0,0,1,1,51907,away,450,20250702
4,0,1,0,0,0,1,0,77532,away,450,20250702
4,0,1,1,0,0,0,0,62907,away,450,20250702
4,1,1,1,1,0,0,0,54944,away,450,20250702
3,0,0,0,0,0,0,0,79215,away,450,20250702
1,0,0,0,0,0,0,0,69992,away,450,20250702
2,0,0,0,0,0,0,0,68904,away,450,20250702
2,0,2,0,0,0,0,0,69995,away,450,20250702
4,0,1,0,0,0,1,0,51344,away,450,20250702
2,0,0,0,0,0,2,0,64101,away,450,20250702
2,0,0,0,0,0,0,0,63963,away,450,20250702
1,0,0,0,0,0,1,0,64022,away,450,20250702
2,0,1,0,0,0,1,0,68912,away,450,20250702
4,0,0,0,0,0,3,0,66657,home,450,20250702
3,0,2,0,0,1,0,0,55703,home,450,20250702
4,0,1,0,0,0,1,0,53764,home,450,20250702
4,0,0,0,0,0,1,0,69737,home,450,20250702
2,0,0,0,0,1,0,0,79192,home,450,20250702
0,0,0,0,0,0,0,0,68700,home,450,20250702
3,0,0,0,0,1,2,0,50707,home,450,20250702
4,0,1,0,0,0,0,0,62700,home,450,20250702
3,0,0,0,0,0,0,0,78288,home,450,20250702
2,0,1,0,0,0,0,0,64006,home,450,20250702
0,0,0,0,0,0,0,0,65703,home,450,20250702
4,0,1,0,0,1,0,0,50458,away,451,20250703
4,0,1,0,0,0,2,0,62234,away,451,20250703
4,0,2,0,0,0,0,0,67449,away,451,20250703
3,0,1,0,0,1,0,0,54400,away,451,20250703
0,1,0,0,0,0,0,0,66409,away,451,20250703
4,2,2,0,0,0,0,0,62404,away,451,20250703
2,1,0,0,0,2,2,0,52430,away,451,20250703
3,0,0,0,0,0,1,0,65040,away,451,20250703
0,1,0,1,0,1,0,0,69418,away,451,20250703
1,0,0,0,0,1,0,0,65132,away,451,20250703
1,0,0,0,0,0,0,0,65586,away,451,20250703
1,1,1,4,1,0,0,0,52415,away,451,20250703
2,0,0,0,0,0,0,0,54408,away,451,20250703
2,0,0,0,0,0,0,0,74540,away,451,20250703
5,1,1,0,0,0,1,0,79231,home,451,20250703
4,1,1,1,1,1,0,0,50208,home,451,20250703
5,1,2,2,0,0,2,0,55208,home,451,20250703
3,0,2,1,0,1,0,0,76232,home,451,20250703
4,0,1,0,0,0,0,0,78224,home,451,20250703
0,0,0,0,0,0,0,0,64468,home,451,20250703
3,0,1,0,0,1,2,0,55252,home,451,20250703
4,0,1,0,0,0,0,0,53554,home,451,20250703
0,0,0,0,0,0,0,0,63123,home,451,20250703
3,0,1,0,0,0,0,0,68362,home,451,20250703
0,0,0,0,0,0,0,1,66209,home,451,20250703
1,0,0,0,0,0,1,0,63257,home,451,20250703
4,1,1,0,0,0,1,1,67207,home,451,20250703
4,0,0,0,0,0,1,0,65207,away,452,20250703
3,0,0,0,0,1,1,0,76290,away,452,20250703
4,0,0,0,0,0,2,0,68119,away,452,20250703
4,0,1,0,0,0,0,0,69102,away,452,20250703
3,0,1,0,0,1,1,0,79365,away,452,20250703
4,0,1,0,0,0,0,0,79109,away,452,20250703
3,0,0,0,0,1,0,0,50054,away,452,20250703
2,0,0,0,0,0,0,0,52154,away,452,20250703
1,0,1,0,0,0,0,0,50108,away,452,20250703
0,0,0,0,0,0,0,0,50106,away,452,20250703
3,0,1,0,0,0,0,0,62415,away,452,20250703
3,0,0,0,0,0,1,0,52568,home,452,20250703
1,1,0,0,0,0,0,0,62802,home,452,20250703
3,0,1,0,0,0,1,0,77564,home,452,20250703
2,0,0,0,0,2,1,0,54529,home,452,20250703
4,0,1,2,0,0,1,0,78513,home,452,20250703
0,0,0,0,0,0,0,0,52504,home,452,20250703
3,0,0,0,0,0,2,0,61102,home,452,20250703
1,0,0,0,0,0,1,0,68518,home,452,20250703
4,0,1,0,0,0,2,0,68205,home,452,20250703
3,0,2,0,0,0,0,0,60523,home,452,20250703
3,0,0,0,0,0,2,0,55506,home,452,20250703
0,0,0,0,0,0,0,0,62528,home,452,20250703
3,1,2,0,0,0,0,0,68507,home,452,20250703
4,1,1,0,0,0,3,0,65357,away,453,20250703
4,0,1,1,0,0,0,0,64340,away,453,20250703
3,0,0,0,0,0,1,0,50167,away,453,20250703
4,0,1,0,0,0,1,0,55326,away,453,20250703
4,1,1,1,1,0,0,0,76267,away,453,20250703
3,0,1,0,0,0,1,0,53344,away,453,20250703
1,0,1,0,0,0,0,0,69332,away,453,20250703
4,0,1,0,0,0,0,0,55392,away,453,20250703
2,0,0,0,0,0,1,0,78756,away,453,20250703
1,0,0,0,0,0,1,0,51302,away,453,20250703
1,0,0,0,0,0,0,0,53312,away,453,20250703
3,0,0,0,0,0,1,0,55397,away,453,20250703
3,2,0,0,0,2,0,0,79402,home,453,20250703
4,1,1,0,0,1,0,1,64004,home,453,20250703
2,2,2,0,0,3,0,1,52001,home,453,20250703
3,1,2,3,1,0,0,0,67025,home,453,20250703
1,0,1,1,0,0,0,0,66706,home,453,20250703
3,0,1,2,0,1,0,0,64007,home,453,20250703
1,0,0,0,0,0,1,0,64504,home,453,20250703
4,0,0,0,0,0,0,0,79240,home,453,20250703
3,0,0,0,0,0,2,0,64166,home,453,20250703
3,0,1,0,0,1,0,0,50066,home,453,20250703
3,0,1,0,0,1,0,0,51003,home,453,20250703
4,1,2,1,0,0,0,0,60558,away,454,20250703
4,0,1,0,0,0,1,0,53827,away,454,20250703
3,0,1,1,0,0,1,0,75847,away,454,20250703
4,0,0,0,0,0,1,0,62895,away,454,20250703
4,0,2,0,0,0,0,0,51868,away,454,20250703
0,0,0,0,0,0,0,0,54812,away,454,20250703
4,0,0,0,0,0,1,0,67893,away,454,20250703
3,0,0,0,0,0,0,0,66864,away,454,20250703
1,0,0,0,0,0,0,0,50854,away,454,20250703
3,1,0,0,0,1,1,0,79456,away,454,20250703
2,0,0,0,0,0,1,0,54805,away,454,20250703
4,1,3,1,0,0,0,0,61353,home,454,20250703
0,0,0,0,0,0,0,0,64560,home,454,20250703
4,1,2,0,0,0,0,0,64646,home,454,20250703
3,0,0,0,0,1,1,0,55645,home,454,20250703
0,0,0,0,0,0,0,0,50657,home,454,20250703
4,0,1,1,0,0,1,0,72443,home,454,20250703
3,0,0,1,0,1,0,0,69636,home,454,20250703
3,0,0,0,0,0,3,0,67610,home,454,20250703
1,0,0,0,0,0,0,0,66606,home,454,20250703
4,1,2,0,0,0,0,0,65653,home,454,20250703
3,0,0,0,0,0,0,0,78122,home,454,20250703
2,0,0,0,0,1,0,0,66614,home,454,20250703
5,1,3,1,0,1,1,1,51907,away,455,20250703
1,0,0,0,0,1,0,0,77532,away,455,20250703
1,0,0,0,0,0,0,0,54944,away,455,20250703
2,0,0,1,0,1,0,0,63963,away,455,20250703
6,1,1,0,0,0,1,1,62907,away,455,20250703
6,1,2,1,0,0,0,1,68904,away,455,20250703
1,1,0,0,0,2,0,0,79215,away,455,20250703
1,1,0,0,0,0,0,1,69992,away,455,20250703
4,1,2,1,0,0,0,0,51344,away,455,20250703
0,1,0,0,0,0,0,1,51996,away,455,20250703
0,0,0,0,0,1,0,0,50902,away,455,20250703
4,0,1,2,0,0,0,0,69995,away,455,20250703
4,0,0,0,0,0,1,0,68912,away,455,20250703
4,0,0,0,0,1,2,0,64101,away,455,20250703
4,3,2,1,1,1,1,0,68700,home,455,20250703
5,1,4,0,0,1,1,0,55703,home,455,20250703
3,0,1,2,0,1,0,1,53764,home,455,20250703
5,0,0,1,0,0,1,0,69737,home,455,20250703
3,0,1,0,0,0,0,0,79192,home,455,20250703
3,0,1,0,0,0,0,0,66704,home,455,20250703
4,0,1,0,0,0,1,0,69766,home,455,20250703
1,0,0,0,0,0,0,0,66657,home,455,20250703
5,1,1,1,1,0,0,0,62700,home,455,20250703
2,0,1,0,0,0,1,0,78288,home,455,20250703
0,1,0,0,0,0,0,0,64006,home,455,20250703
2,0,1,0,0,1,0,0,76812,home,455,20250703
4,1,1,1,0,0,0,0,65703,home,455,20250703
1,0,0,0,0,0,0,0,50707,home,455,20250703
1,0,0,0,0,0,0,0,54795,home,455,20250703
4,1,2,0,0,1,1,1,64166,away,456,20250704
4,0,0,0,0,1,2,0,66706,away,456,20250704
3,0,2,1,0,2,0,0,52001,away,456,20250704
4,0,0,0,0,1,1,0,67025,away,456,20250704
3,0,0,1,0,1,1,0,64007,away,456,20250704
5,2,2,0,0,0,0,0,79240,away,456,20250704
3,1,1,1,0,0,0,0,64504,away,456,20250704
1,0,1,0,0,0,0,0,64004,away,456,20250704
1,0,0,0,0,0,1,0,79402,away,456,20250704
5,1,2,2,0,0,0,0,50066,away,456,20250704
0,0,0,0,0,0,0,0,78548,away,456,20250704
4,1,0,0,0,1,1,1,51003,away,456,20250704
3,0,1,0,0,0,2,0,79231,home,456,20250704
1,0,0,0,0,0,0,0,54214,home,456,20250704
1,0,0,0,0,0,1,0,63257,home,456,20250704
3,0,0,0,0,1,1,0,67207,home,456,20250704
3,1,1,0,0,1,1,0,55208,home,456,20250704
4,0,2,1,0,0,1,0,76232,home,456,20250704
0,0,0,0,0,0,0,0,64468,home,456,20250704
2,0,0,0,0,0,1,0,78224,home,456,20250704
2,0,0,0,0,0,1,0,68362,home,456,20250704
4,1,2,0,0,0,0,0,66112,home,456,20250704
3,1,1,1,0,1,1,0,50208,home,456,20250704
2,0,0,0,0,0,0,0,63123,home,456,20250704
2,0,0,0,0,0,0,0,53554,home,456,20250704
4,0,2,1,0,0,0,0,55252,home,456,20250704
4,1,1,1,1,0,1,0,65207,away,457,20250704
4,0,1,0,0,0,1,0,50054,away,457,20250704
4,0,0,0,0,0,1,0,76290,away,457,20250704
3,0,0,0,0,1,1,0,69102,away,457,20250704
4,0,0,0,0,0,2,0,79365,away,457,20250704
2,0,0,0,0,0,0,0,68119,away,457,20250704
1,0,0,0,0,2,0,0,79109,away,457,20250704
2,0,0,0,0,0,0,0,52154,away,457,20250704
1,0,0,0,0,0,0,0,66162,away,457,20250704
3,0,0,0,0,0,0,0,62415,away,457,20250704
5,0,2,2,0,0,0,0,50458,home,457,20250704
4,0,1,0,0,0,1,0,67449,home,457,20250704
2,1,1,0,0,2,0,0,54400,home,457,20250704
4,0,1,0,0,0,1,0,62404,home,457,20250704
2,0,0,0,0,2,0,0,52430,home,457,20250704
4,0,0,0,0,0,0,0,69418,home,457,20250704
4,1,2,2,1,0,0,0,52415,home,457,20250704
4,1,1,0,0,0,1,0,65132,home,457,20250704
4,1,3,0,0,0,0,0,62234,home,457,20250704
4,0,1,1,0,0,1,0,60558,away,458,20250704
3,1,1,0,0,1,0,0,50854,away,458,20250704
2,1,0,0,0,2,0,0,75847,away,458,20250704
4,1,1,1,0,0,0,0,53827,away,458,20250704
4,0,2,2,0,0,0,0,51868,away,458,20250704
4,0,0,0,0,0,3,0,66864,away,458,20250704
3,1,0,0,0,1,1,0,67893,away,458,20250704
3,0,0,0,0,0,0,0,79456,away,458,20250704
1,0,0,0,0,0,0,0,51865,away,458,20250704
3,0,0,0,0,0,0,0,66917,away,458,20250704
4,0,1,0,0,0,1,1,51907,home,458,20250704
4,0,2,0,0,0,1,1,69992,home,458,20250704
3,0,0,0,0,1,0,0,62907,home,458,20250704
4,0,0,0,0,0,1,0,54944,home,458,20250704
4,0,0,0,0,0,3,0,51344,home,458,20250704
4,0,1,0,0,0,1,0,77532,home,458,20250704
1,0,0,0,0,0,1,0,63963,home,458,20250704
1,0,0,0,0,0,1,0,79215,home,458,20250704
1,0,0,0,0,0,0,0,64022,home,458,20250704
1,0,0,0,0,0,1,0,68912,home,458,20250704
2,0,0,0,0,0,1,0,51996,home,458,20250704
1,0,0,0,0,0,0,0,64101,home,458,20250704
5,1,0,0,0,0,3,0,68507,away,459,20250704
4,1,2,0,0,0,0,0,55530,away,459,20250704
4,2,3,1,0,0,0,0,54529,away,459,20250704
4,0,1,2,0,0,1,0,78513,away,459,20250704
2,0,0,0,0,0,0,0,77564,away,459,20250704
1,1,1,0,0,0,0,0,51551,away,459,20250704
1,0,0,0,0,0,1,0,62802,away,459,20250704
4,0,1,2,0,0,0,0,60523,away,459,20250704
4,0,0,0,0,0,2,0,68205,away,459,20250704
3,0,0,0,0,0,1,0,61102,away,459,20250704
1,0,0,0,0,0,0,0,68518,away,459,20250704
3,0,2,0,0,0,1,1,52504,away,459,20250704
2,0,1,0,0,1,0,0,61353,home,459,20250704
2,1,1,0,0,0,1,0,64560,home,459,20250704
4,0,0,0,0,0,0,0,64646,home,459,20250704
4,1,1,2,1,0,0,0,55645,home,459,20250704
4,0,1,0,0,0,1,0,72443,home,459,20250704
0,1,0,0,0,0,0,0,50657,home,459,20250704
4,1,1,0,0,0,1,0,69636,home,459,20250704
3,1,2,1,0,1,0,0,66606,home,459,20250704
3,1,2,0,0,1,0,0,65653,home,459,20250704
3,1,2,3,0,0,0,0,78122,home,459,20250704
2,0,0,0,0,0,1,0,66614,home,459,20250704
1,0,0,0,0,1,0,0,68646,home,459,20250704
0,0,0,0,0,0,0,0,50600,home,459,20250704
4,0,1,1,0,0,3,1,68700,away,460,20250704
4,0,2,0,0,0,1,0,62700,away,460,20250704
0,0,0,0,0,0,0,0,69766,away,460,20250704
0,0,0,0,0,0,0,0,54795,away,460,20250704
4,0,0,0,0,0,1,0,55703,away,460,20250704
4,0,0,0,0,0,0,0,53764,away,460,20250704
4,0,1,0,0,0,0,0,79192,away,460,20250704
4,1,1,1,1,0,1,0,69737,away,460,20250704
3,1,1,0,0,1,2,0,66657,away,460,20250704
4,0,1,0,0,0,0,0,78288,away,460,20250704
4,0,2,0,0,0,0,0,64006,away,460,20250704
4,0,0,0,0,0,2,0,65357,home,460,20250704
4,1,1,0,0,0,2,1,64340,home,460,20250704
4,0,1,0,0,0,3,0,50167,home,460,20250704
4,0,2,1,0,0,0,0,76267,home,460,20250704
3,0,0,0,0,1,2,0,69332,home,460,20250704
3,0,0,0,0,0,1,0,55326,home,460,20250704
3,0,0,0,0,0,2,0,55392,home,460,20250704
3,0,1,0,0,0,1,0,53312,home,460,20250704
3,0,0,0,0,0,1,0,55397,home,460,20250704
5,0,2,0,0,0,0,0,64004,away,461,20250705
4,1,1,0,0,1,0,0,66706,away,461,20250705
3,0,1,1,0,1,1,0,52001,away,461,20250705
3,0,1,1,0,1,2,0,67025,away,461,20250705
3,0,0,0,0,0,1,0,79240,away,461,20250705
2,0,0,0,0,0,0,0,64007,away,461,20250705
2,0,0,0,0,0,0,0,68504,away,461,20250705
4,0,1,0,0,0,0,0,79402,away,461,20250705
0,0,0,0,0,0,0,0,64504,away,461,20250705
3,1,1,0,0,0,0,0,50066,away,461,20250705
1,0,0,0,0,0,1,0,67644,away,461,20250705
0,0,0,0,0,0,0,0,54097,away,461,20250705
2,0,0,0,0,0,0,0,51003,away,461,20250705
1,0,0,0,0,0,1,0,64166,away,461,20250705
3,2,1,1,0,1,0,0,79231,home,461,20250705
4,0,0,0,0,0,2,0,50208,home,461,20250705
4,0,2,2,0,0,1,0,55208,home,461,20250705
4,0,0,0,0,0,0,0,76232,home,461,20250705
2,1,0,0,0,2,1,0,78224,home,461,20250705
4,1,2,0,0,0,0,0,55252,home,461,20250705
2,1,1,0,0,0,0,0,53554,home,461,20250705
1,0,0,0,0,0,0,0,63123,home,461,20250705
4,1,2,2,0,0,1,0,68362,home,461,20250705
4,0,0,0,0,0,0,0,67207,home,461,20250705
4,4,4,1,0,1,0,2,65207,away,462,20250705
3,0,1,0,0,0,2,0,50054,away,462,20250705
1,0,0,0,0,0,1,0,69100,away,462,20250705
3,0,1,1,0,2,0,0,76290,away,462,20250705
4,0,1,3,0,1,0,0,69102,away,462,20250705
4,0,1,1,0,1,0,0,79365,away,462,20250705
0,0,0,0,0,0,0,0,52121,away,462,20250705
3,0,0,0,0,2,2,1,79109,away,462,20250705
4,0,0,0,0,0,2,0,50108,away,462,20250705
1,0,0,0,0,0,0,0,66162,away,462,20250705
2,0,1,0,0,0,1,0,52103,away,462,20250705
2,1,1,0,0,0,0,0,68119,away,462,20250705
3,1,0,0,0,0,0,1,62415,away,462,20250705
5,0,1,1,0,0,0,0,50458,home,462,20250705
0,0,0,0,0,0,0,0,69418,home,462,20250705
5,0,0,0,0,0,0,0,67449,home,462,20250705
4,1,2,0,0,0,0,0,54400,home,462,20250705
4,2,3,0,0,0,0,0,62404,home,462,20250705
2,2,0,0,0,2,0,0,52430,home,462,20250705
2,1,0,0,0,2,2,0,52415,home,462,20250705
4,0,3,4,0,0,0,0,62234,home,462,20250705
1,0,0,0,0,0,1,0,65132,home,462,20250705
2,0,1,1,0,0,1,0,65040,home,462,20250705
0,0,0,0,0,0,0,0,54408,home,462,20250705
0,0,0,0,0,1,0,0,65586,home,462,20250705
1,0,0,0,0,0,0,0,66409,home,462,20250705
3,1,1,1,1,0,1,0,74540,home,462,20250705
4,0,1,2,0,1,0,0,50854,away,463,20250705
4,0,0,0,0,1,1,0,53827,away,463,20250705
4,1,1,1,1,0,2,0,75847,away,463,20250705
2,0,1,0,0,3,1,0,62895,away,463,20250705
0,0,0,0,0,0,0,0,54805,away,463,20250705
5,1,0,0,0,0,2,0,51868,away,463,20250705
2,1,1,0,0,2,0,0,67893,away,463,20250705
1,0,0,0,0,0,0,0,66864,away,463,20250705
3,1,0,0,0,2,1,2,60558,away,463,20250705
3,2,1,2,0,1,0,1,54812,away,463,20250705
3,0,0,0,0,1,1,0,51865,away,463,20250705
2,0,1,1,0,1,0,0,51907,home,463,20250705
0,0,0,0,0,0,0,0,51996,home,463,20250705
3,0,1,0,0,0,1,0,69992,home,463,20250705
1,0,0,0,0,0,0,0,63963,home,463,20250705
4,0,0,0,0,0,0,1,62907,home,463,20250705
0,0,0,0,0,0,0,0,50902,home,463,20250705
4,0,0,0,0,0,3,0,54944,home,463,20250705
3,0,0,0,0,1,1,0,79215,home,463,20250705
4,1,1,0,0,0,0,0,77532,home,463,20250705
4,0,1,0,0,0,1,0,68904,home,463,20250705
2,0,0,0,0,1,1,0,51344,home,463,20250705
1,0,0,0,0,0,0,0,69995,home,463,20250705
1,0,0,0,0,0,0,0,64022,home,463,20250705
2,0,0,0,0,0,2,0,68912,home,463,20250705
4,0,1,0,0,0,0,0,55530,away,464,20250705
3,0,1,0,0,1,0,0,51551,away,464,20250705
3,0,0,0,0,0,1,0,54529,away,464,20250705
1,0,0,0,0,0,0,0,55506,away,464,20250705
2,0,0,0,0,0,0,0,78513,away,464,20250705
2,0,0,0,0,0,0,0,68507,away,464,20250705
1,0,0,0,0,1,0,0,60523,away,464,20250705
2,0,1,0,0,0,0,0,54598,away,464,20250705
1,0,0,0,0,0,0,0,77564,away,464,20250705
3,0,1,0,0,0,1,0,62802,away,464,20250705
1,0,0,0,0,0,0,0,61102,away,464,20250705
2,0,0,0,0,0,0,0,51528,away,464,20250705
3,0,0,0,0,0,0,0,52504,away,464,20250705
3,0,1,0,0,0,0,0,52568,away,464,20250705
3,2,2,3,1,0,0,0,61353,home,464,20250705
1,0,0,0,0,0,0,0,64560,home,464,20250705
4,0,1,0,0,1,1,0,64646,home,464,20250705
0,0,0,0,0,0,0,0,50657,home,464,20250705
5,2,3,3,1,0,1,0,55645,home,464,20250705
0,0,0,0,0,0,0,0,50600,home,464,20250705
3,1,1,1,0,1,1,0,72443,home,464,20250705
1,0,1,0,0,0,0,0,67610,home,464,20250705
5,1,3,1,0,0,2,0,69636,home,464,20250705
4,1,1,0,0,1,1,0,66606,home,464,20250705
5,3,3,5,2,0,0,0,65653,home,464,20250705
3,2,1,0,0,1,0,0,68646,home,464,20250705
0,0,0,0,0,0,0,0,78122,home,464,20250705
2,1,1,0,0,1,0,0,66614,home,464,20250705
4,0,1,0,0,0,1,0,68700,away,465,20250705
5,1,1,1,0,0,1,0,55703,away,465,20250705
5,2,4,1,0,0,1,1,53764,away,465,20250705
4,0,0,0,0,1,2,0,69737,away,465,20250705
5,2,2,2,1,0,0,0,79192,away,465,20250705
3,0,0,1,0,1,2,0,66657,away,465,20250705
4,0,1,0,0,0,1,0,62700,away,465,20250705
0,0,0,0,0,0,0,0,54795,away,465,20250705
4,0,1,1,0,0,0,0,78288,away,465,20250705
3,1,0,0,0,1,1,0,64006,away,465,20250705
5,1,1,0,0,0,0,0,65357,home,465,20250705
4,1,2,0,0,1,0,1,64340,home,465,20250705
4,0,1,1,0,1,0,1,50167,home,465,20250705
5,0,0,0,0,0,1,0,76267,home,465,20250705
4,0,1,0,0,1,1,0,55326,home,465,20250705
3,0,0,0,0,0,0,0,52305,home,465,20250705
1,0,0,0,0,0,1,0,69332,home,465,20250705
1,0,0,0,0,0,0,0,51302,home,465,20250705
4,1,2,1,1,0,0,0,55392,home,465,20250705
4,1,2,0,0,0,0,0,53312,home,465,20250705
4,0,2,0,0,0,2,0,55397,home,465,20250705
5,2,2,1,1,0,1,0,68700,away,466,20250706
4,2,2,3,1,1,0,0,55703,away,466,20250706
4,0,0,0,0,0,1,0,53764,away,466,20250706
1,0,0,0,0,0,1,0,69766,away,466,20250706
4,3,2,2,1,1,1,0,69737,away,466,20250706
4,1,1,2,1,0,0,0,79192,away,466,20250706
1,0,0,0,0,0,0,0,54795,away,466,20250706
4,1,2,1,0,1,1,0,66704,away,466,20250706
4,0,1,0,0,0,1,0,65703,away,466,20250706
4,0,0,1,0,0,0,0,76812,away,466,20250706
0,0,0,0,0,0,0,0,52764,away,466,20250706
4,1,2,0,0,0,0,0,64006,away,466,20250706
0,0,0,0,0,0,0,0,62700,away,466,20250706
3,0,2,0,0,1,1,0,65357,home,466,20250706
3,0,0,0,0,1,2,0,64340,home,466,20250706
4,0,1,0,0,0,0,0,50167,home,466,20250706
4,0,0,0,0,0,3,0,76267,home,466,20250706
0,0,0,0,0,0,0,0,51302,home,466,20250706
4,0,0,0,0,0,2,0,69332,home,466,20250706
4,0,0,0,0,0,2,0,54307,home,466,20250706
3,0,0,0,0,0,1,0,55392,home,466,20250706
1,0,0,0,0,0,0,0,78756,home,466,20250706
3,0,0,0,0,0,1,0,53312,home,466,20250706
1,1,1,0,0,0,0,0,53344,home,466,20250706
2,0,0,0,0,2,2,0,55397,home,466,20250706
5,0,1,2,0,0,1,0,79402,away,467,20250706
4,2,1,1,0,0,0,0,64004,away,467,20250706
3,0,1,1,0,1,0,0,52001,away,467,20250706
5,0,3,1,0,0,0,0,78548,away,467,20250706
0,0,0,0,0,0,0,0,51003,away,467,20250706
3,0,0,0,0,1,1,0,67025,away,467,20250706
0,1,0,0,0,0,0,0,66706,away,467,20250706
1,0,0,0,0,0,0,0,50066,away,467,20250706
1,1,0,0,0,1,0,0,64007,away,467,20250706
2,1,1,0,0,0,0,0,64504,away,467,20250706
4,1,2,1,0,0,1,0,76313,away,467,20250706
1,1,0,1,0,1,0,0,64166,away,467,20250706
2,0,0,0,0,0,2,0,64115,away,467,20250706
1,0,0,0,0,0,1,0,67644,away,467,20250706
4,1,1,0,0,0,1,0,67207,home,467,20250706
2,1,1,1,0,1,0,1,79231,home,467,20250706
4,1,2,1,0,0,1,1,55208,home,467,20250706
4,1,2,2,1,0,1,0,76232,home,467,20250706
0,1,0,0,0,0,0,0,54214,home,467,20250706
3,1,1,3,1,0,1,0,78224,home,467,20250706
4,1,1,0,0,0,1,0,55252,home,467,20250706
4,0,1,0,0,0,1,0,50208,home,467,20250706
4,1,1,0,0,0,0,1,63123,home,467,20250706
4,0,0,0,0,0,0,0,68362,home,467,20250706
0,0,0,0,0,0,0,0,66112,home,467,20250706
4,1,2,0,0,1,0,0,65207,away,468,20250706
5,1,2,1,0,0,1,0,50054,away,468,20250706
0,0,0,0,0,0,0,0,69100,away,468,20250706
3,1,1,0,0,1,0,0,76290,away,468,20250706
4,0,0,0,0,0,0,0,69102,away,468,20250706
4,0,1,0,0,0,1,0,79365,away,468,20250706
4,0,3,1,0,0,0,0,68119,away,468,20250706
4,1,1,1,1,0,1,0,79109,away,468,20250706
2,0,0,0,0,0,2,0,52121,away,468,20250706
2,0,0,0,0,0,0,0,52103,away,468,20250706
4,0,0,0,0,0,0,0,62415,away,468,20250706
4,0,1,0,0,0,1,0,50458,home,468,20250706
4,1,2,0,0,0,1,0,62234,home,468,20250706
4,1,1,1,1,0,0,0,54400,home,468,20250706
3,0,0,1,0,0,2,0,62404,home,468,20250706
4,0,1,0,0,0,2,0,52430,home,468,20250706
4,0,1,0,0,0,2,0,65040,home,468,20250706
4,0,1,0,0,0,0,0,52415,home,468,20250706
0,0,0,0,0,0,0,0,54408,home,468,20250706
2,0,1,0,0,0,1,0,74540,home,468,20250706
1,0,0,0,0,0,0,0,65132,home,468,20250706
1,0,0,0,0,0,1,0,65586,home,468,20250706
3,0,0,0,0,0,0,0,67449,home,468,20250706
4,0,0,0,0,0,1,0,50854,away,469,20250706
4,0,0,0,0,0,2,0,53827,away,469,20250706
4,1,1,0,0,0,3,0,75847,away,469,20250706
4,0,2,1,0,0,1,0,62895,away,469,20250706
0,0,0,0,0,0,0,0,54805,away,469,20250706
4,1,1,0,0,0,1,0,51868,away,469,20250706
3,0,0,0,0,0,1,0,66864,away,469,20250706
1,0,0,0,0,0,1,0,68868,away,469,20250706
2,0,1,0,0,1,0,0,51865,away,469,20250706
0,0,0,0,0,0,0,0,60558,away,469,20250706
1,0,0,0,0,0,0,0,79456,away,469,20250706
3,0,2,1,0,0,0,0,54812,away,469,20250706
2,0,0,0,0,0,0,0,66917,away,469,20250706
1,0,0,0,0,0,0,0,67893,away,469,20250706
4,0,0,0,0,1,0,0,51907,home,469,20250706
0,0,0,0,0,0,0,0,50902,home,469,20250706
4,0,0,0,0,0,1,0,63963,home,469,20250706
1,0,0,0,0,0,1,0,62907,home,469,20250706
3,0,0,0,0,0,1,0,69995,home,469,20250706
4,1,2,0,0,0,1,0,54944,home,469,20250706
3,0,0,0,0,0,1,0,79215,home,469,20250706
0,0,0,0,0,1,0,0,68904,home,469,20250706
0,0,0,0,0,0,0,0,51996,home,469,20250706
4,2,3,1,0,0,1,0,77532,home,469,20250706
0,0,0,0,0,0,0,0,50996,home,469,20250706
2,0,2,1,0,1,0,0,51344,home,469,20250706
3,0,0,0,0,1,1,0,68912,home,469,20250706
0,0,0,1,0,3,0,1,69992,home,469,20250706
5,1,1,0,0,0,1,0,68507,away,470,20250706
5,1,3,1,0,0,0,0,55530,away,470,20250706
4,1,0,0,0,1,1,0,54529,away,470,20250706
5,1,4,1,0,0,0,0,78513,away,470,20250706
0,0,0,0,0,0,0,0,55506,away,470,20250706
3,0,1,0,0,1,0,0,51551,away,470,20250706
0,0,0,0,0,0,0,0,60523,away,470,20250706
4,0,1,1,0,1,1,0,68205,away,470,20250706
5,0,2,2,0,0,0,0,61102,away,470,20250706
3,1,1,0,0,1,0,0,52504,away,470,20250706
3,0,1,0,0,0,1,0,52568,away,470,20250706
0,0,0,0,0,0,0,0,54598,away,470,20250706
3,0,0,0,0,0,2,0,64560,home,470,20250706
2,0,0,0,0,0,0,0,66606,home,470,20250706
4,0,2,0,0,0,0,0,64646,home,470,20250706
4,0,0,0,0,0,1,0,55645,home,470,20250706
3,1,0,0,0,1,0,0,72443,home,470,20250706
4,0,0,0,0,0,0,0,61353,home,470,20250706
3,1,2,0,0,1,0,0,69636,home,470,20250706
3,0,0,0,0,0,1,0,65653,home,470,20250706
2,0,1,1,0,0,0,0,78122,home,470,20250706
2,0,1,0,0,0,0,0,68646,home,470,20250706
2,0,0,1,0,0,1,0,50657,home,470,20250706
1,0,1,0,0,0,0,0,67610,home,470,20250706
1,0,1,0,0,0,0,0,50600,home,470,20250706
4,1,2,0,0,0,0,0,65357,away,471,20250708
4,1,1,2,1,0,0,0,64340,away,471,20250708
4,0,0,0,0,0,2,0,50167,away,471,20250708
3,0,0,0,0,1,1,0,76267,away,471,20250708
4,0,2,0,0,0,1,0,55326,away,471,20250708
4,1,1,0,0,0,1,0,69332,away,471,20250708
4,0,1,0,0,0,1,0,55392,away,471,20250708
3,0,0,0,0,0,1,0,53312,away,471,20250708
3,0,0,0,0,0,1,0,55397,away,471,20250708
3,0,1,0,0,1,0,0,65207,home,471,20250708
3,0,0,1,0,0,1,0,50054,home,471,20250708
0,0,0,0,0,0,0,0,69100,home,471,20250708
4,0,1,1,0,0,1,0,76290,home,471,20250708
4,2,2,0,0,0,0,0,69102,home,471,20250708
4,0,1,0,0,0,0,0,68119,home,471,20250708
2,0,2,1,0,1,0,0,79365,home,471,20250708
3,0,2,1,0,0,0,0,79109,home,471,20250708
2,0,0,0,0,1,2,0,50108,home,471,20250708
1,0,0,0,0,0,0,0,52103,home,471,20250708
4,1,0,0,0,0,1,1,62415,home,471,20250708
3,0,0,0,0,1,3,0,76313,away,472,20250708
4,0,0,0,0,0,0,0,64004,away,472,20250708
3,0,1,0,0,1,0,0,52001,away,472,20250708
3,0,0,0,0,1,0,0,78548,away,472,20250708
0,0,0,0,0,0,0,0,69056,away,472,20250708
0,0,0,0,0,0,0,0,54097,away,472,20250708
4,0,1,0,0,0,2,0,64007,away,472,20250708
4,1,1,0,0,0,0,0,67025,away,472,20250708
3,0,1,1,0,0,1,0,79402,away,472,20250708
1,0,0,0,0,0,0,0,64504,away,472,20250708
2,0,0,0,0,0,0,0,64166,away,472,20250708
1,0,0,0,0,0,1,0,67644,away,472,20250708
1,0,0,0,0,0,1,0,51003,away,472,20250708
2,0,0,0,0,0,0,0,64115,away,472,20250708
1,0,0,0,0,0,0,0,66706,away,472,20250708
4,1,1,0,0,1,0,0,50854,home,472,20250708
5,0,3,2,0,0,1,0,53827,home,472,20250708
5,1,1,1,0,0,0,0,75847,home,472,20250708
4,1,1,2,1,0,1,0,62895,home,472,20250708
4,1,2,0,0,0,0,0,51868,home,472,20250708
0,1,0,0,0,0,0,1,60558,home,472,20250708
2,1,1,0,0,2,1,0,67893,home,472,20250708
2,1,0,0,0,1,1,0,68868,home,472,20250708
4,0,0,0,0,0,3,0,54812,home,472,20250708
0,0,0,0,0,0,0,0,66864,home,472,20250708
2,0,0,2,0,1,0,0,51865,home,472,20250708
3,0,0,0,0,0,2,0,67207,away,473,20250708
2,0,0,0,0,0,1,0,53554,away,473,20250708
4,2,1,0,0,1,1,0,79231,away,473,20250708
5,2,3,3,2,0,0,0,55208,away,473,20250708
3,0,1,1,0,0,0,0,76232,away,473,20250708
0,0,0,0,0,0,0,0,55226,away,473,20250708
2,0,0,0,0,0,1,0,66112,away,473,20250708
5,1,3,0,0,0,1,0,78224,away,473,20250708
5,2,1,0,0,0,1,0,55252,away,473,20250708
3,1,2,2,1,1,1,0,50208,away,473,20250708
3,0,0,0,0,0,1,0,63123,away,473,20250708
0,0,0,0,0,0,0,0,54214,away,473,20250708
1,0,1,2,0,0,0,0,64468,away,473,20250708
4,0,0,0,0,0,2,0,68362,away,473,20250708
5,1,2,0,0,0,1,0,50500,home,473,20250708
5,1,1,1,0,0,1,0,55530,home,473,20250708
4,1,2,2,1,1,0,0,54529,home,473,20250708
4,0,0,0,0,0,1,0,78513,home,473,20250708
3,0,0,0,0,0,0,0,51551,home,473,20250708
1,0,0,0,0,0,0,0,60523,home,473,20250708
3,0,1,0,0,0,0,0,61102,home,473,20250708
1,0,0,0,0,0,1,0,51528,home,473,20250708
3,0,0,0,0,0,1,0,68205,home,473,20250708
1,0,0,0,0,0,0,0,54598,home,473,20250708
4,1,2,0,0,0,1,1,68507,home,473,20250708
3,1,2,1,0,1,1,0,52568,home,473,20250708
3,1,1,0,0,1,0,0,50458,away,474,20250708
2,0,0,0,0,0,0,0,69418,away,474,20250708
3,1,2,0,0,1,1,0,62234,away,474,20250708
4,2,3,0,0,1,0,0,62404,away,474,20250708
4,2,2,4,1,1,1,0,54400,away,474,20250708
5,2,2,1,0,0,1,0,52430,away,474,20250708
2,0,0,0,0,0,0,0,52415,away,474,20250708
1,1,0,0,0,1,1,0,54408,away,474,20250708
4,0,1,1,0,1,0,0,67449,away,474,20250708
1,0,0,0,0,0,1,0,65040,away,474,20250708
4,0,1,3,0,0,1,0,66409,away,474,20250708
1,0,1,0,0,0,0,0,65132,away,474,20250708
3,0,0,0,0,1,1,0,74540,away,474,20250708
4,0,1,0,0,0,1,0,51907,home,474,20250708
1,1,0,0,0,0,0,0,50902,home,474,20250708
5,3,3,3,1,0,0,0,63963,home,474,20250708
3,3,2,1,0,1,0,3,62907,home,474,20250708
2,0,0,0,0,0,2,0,54944,home,474,20250708
3,0,2,2,0,0,0,1,69995,home,474,20250708
3,1,1,1,0,2,1,0,77532,home,474,20250708
4,0,2,2,0,1,1,0,79215,home,474,20250708
0,0,0,0,0,0,0,0,50996,home,474,20250708
5,0,2,1,0,0,0,1,51344,home,474,20250708
2,0,0,0,0,1,2,0,64022,home,474,20250708
2,1,1,0,0,0,1,0,68912,home,474,20250708
3,0,1,0,0,0,0,1,69992,home,474,20250708
0,0,0,0,0,1,0,0,68904,home,474,20250708
1,1,0,0,0,0,1,0,51996,home,474,20250708
5,0,1,1,0,0,2,0,61353,away,475,20250708
3,1,1,0,0,0,0,0,64646,away,475,20250708
2,1,1,0,0,0,0,0,50657,away,475,20250708
5,1,1,4,1,0,1,0,55645,away,475,20250708
1,0,1,0,0,1,0,0,72443,away,475,20250708
2,1,0,0,0,1,0,0,64560,away,475,20250708
4,1,4,1,0,0,0,0,69636,away,475,20250708
1,0,1,0,0,0,0,0,50600,away,475,20250708
5,0,1,0,0,0,1,0,66606,away,475,20250708
3,0,2,2,0,0,1,0,65653,away,475,20250708
2,1,1,0,0,0,1,0,67610,away,475,20250708
1,0,0,0,0,0,0,0,78122,away,475,20250708
4,1,1,0,0,0,0,0,68646,away,475,20250708
3,1,0,0,0,2,0,0,66614,away,475,20250708
3,1,1,0,0,2,0,1,68700,home,475,20250708
5,3,2,1,0,0,1,0,55703,home,475,20250708
0,0,0,0,0,0,0,0,69766,home,475,20250708
4,2,3,2,0,0,0,1,53764,home,475,20250708
0,0,0,0,0,0,0,0,50707,home,475,20250708
3,1,2,2,0,2,1,0,69737,home,475,20250708
4,1,1,3,0,0,1,0,79192,home,475,20250708
1,0,0,0,0,0,0,0,66657,home,475,20250708
5,2,2,1,0,0,1,0,66704,home,475,20250708
4,1,1,0,0,0,0,0,62700,home,475,20250708
1,0,0,0,0,0,0,0,65703,home,475,20250708
2,1,2,1,0,1,0,0,78288,home,475,20250708
2,0,0,0,0,0,1,0,76812,home,475,20250708
3,2,2,2,0,1,0,0,64006,home,475,20250708
0,0,0,0,0,0,0,0,54795,home,475,20250708
4,0,1,1,0,0,0,0,65357,away,476,20250709
0,0,0,0,0,0,0,0,78756,away,476,20250709
4,0,1,0,0,1,1,0,64340,away,476,20250709
4,1,2,1,1,1,0,0,50167,away,476,20250709
0,1,0,0,0,0,0,0,52305,away,476,20250709
5,0,1,1,0,0,0,0,76267,away,476,20250709
0,0,0,0,0,0,0,0,54307,away,476,20250709
5,1,2,0,0,0,0,0,55326,away,476,20250709
5,1,1,0,0,0,1,0,69332,away,476,20250709
4,1,1,0,0,0,0,0,55392,away,476,20250709
4,1,2,2,0,0,1,0,53312,away,476,20250709
0,0,0,0,0,0,0,0,53344,away,476,20250709
1,0,1,0,0,0,0,0,51302,away,476,20250709
1,0,1,0,0,0,0,0,55397,away,476,20250709
5,1,3,1,0,0,0,0,65207,home,476,20250709
4,1,2,1,0,0,1,0,50054,home,476,20250709
3,2,0,1,0,2,0,1,76290,home,476,20250709
0,0,0,0,0,0,0,0,52103,home,476,20250709
2,2,2,2,0,1,0,0,69102,home,476,20250709
1,0,0,0,0,1,0,0,69100,home,476,20250709
3,1,1,1,0,1,0,0,68119,home,476,20250709
4,0,2,2,0,0,1,0,79365,home,476,20250709
3,1,1,0,0,1,1,0,79109,home,476,20250709
1,0,0,0,0,0,0,0,66162,home,476,20250709
3,0,1,0,0,0,0,0,52154,home,476,20250709
1,1,1,0,0,0,0,0,55164,home,476,20250709
4,3,3,3,1,0,0,2,62415,home,476,20250709
5,0,0,0,0,0,2,0,76313,away,477,20250709
4,0,0,0,0,0,1,0,64004,away,477,20250709
1,0,0,0,0,0,0,0,66706,away,477,20250709
4,3,3,1,1,1,0,0,52001,away,477,20250709
5,1,2,0,0,0,2,0,78548,away,477,20250709
0,0,0,0,0,0,0,0,50066,away,477,20250709
3,3,2,3,2,1,0,0,67025,away,477,20250709
0,1,0,0,0,1,0,0,64504,away,477,20250709
5,2,5,4,1,0,0,0,79240,away,477,20250709
3,0,1,1,0,1,1,0,79402,away,477,20250709
1,0,0,0,0,0,1,0,64007,away,477,20250709
5,0,0,0,0,0,0,0,64166,away,477,20250709
1,0,0,0,0,0,1,0,51003,away,477,20250709
0,0,0,0,0,1,0,0,67644,away,477,20250709
2,0,0,0,0,0,1,0,64115,away,477,20250709
4,0,0,0,0,0,1,0,50854,home,477,20250709
0,0,0,0,0,0,0,0,68868,home,477,20250709
4,1,1,0,0,0,0,0,53827,home,477,20250709
0,0,0,0,0,0,0,0,54805,home,477,20250709
4,1,2,1,0,0,0,0,75847,home,477,20250709
4,1,1,1,1,0,1,0,62895,home,477,20250709
4,0,0,1,0,0,1,0,51868,home,477,20250709
3,0,2,0,0,0,1,0,67893,home,477,20250709
1,0,0,0,0,0,0,0,66917,home,477,20250709
4,0,2,0,0,0,1,0,66864,home,477,20250709
1,0,0,0,0,0,0,0,54812,home,477,20250709
1,0,0,0,0,0,0,0,60558,home,477,20250709
2,0,1,0,0,0,1,0,52804,home,477,20250709
2,0,0,0,0,0,0,0,51865,home,477,20250709
2,0,0,0,0,0,0,0,79456,home,477,20250709
4,0,0,1,0,1,1,0,79231,away,478,20250709
5,0,1,0,0,1,2,0,50208,away,478,20250709
5,0,1,0,0,1,0,1,55208,away,478,20250709
5,0,2,0,0,0,0,0,76232,away,478,20250709
4,0,0,0,0,1,1,1,78224,away,478,20250709
1,1,0,0,0,0,0,0,54214,away,478,20250709
6,1,4,0,0,0,1,0,55252,away,478,20250709
3,0,1,0,0,0,0,0,66112,away,478,20250709
1,0,0,0,0,0,0,0,63257,away,478,20250709
0,0,0,0,0,1,0,0,68362,away,478,20250709
0,1,0,0,0,0,0,0,55226,away,478,20250709
1,0,0,0,0,0,0,0,64468,away,478,20250709
1,0,0,0,0,0,1,0,53554,away,478,20250709
3,0,1,0,0,0,1,0,64153,away,478,20250709
2,1,1,2,0,0,0,1,63123,away,478,20250709
3,0,2,1,0,3,0,1,67207,away,478,20250709
5,0,0,0,0,0,1,2,50500,home,478,20250709
4,1,1,1,0,1,1,0,55530,home,478,20250709
5,0,2,0,0,0,1,0,54529,home,478,20250709
2,0,0,1,0,0,0,0,78513,home,478,20250709
1,0,1,0,0,0,0,0,62802,home,478,20250709
5,0,0,0,0,0,0,0,61102,home,478,20250709
0,0,0,0,0,0,0,0,51528,home,478,20250709
3,1,0,0,0,0,1,0,51551,home,478,20250709
2,0,1,0,0,0,0,0,60523,home,478,20250709
0,1,0,0,0,0,0,0,52516,home,478,20250709
4,2,1,0,0,1,1,0,52568,home,478,20250709
2,0,0,0,0,1,1,0,68507,home,478,20250709
2,0,1,1,0,0,0,0,68205,home,478,20250709
0,0,0,0,0,0,0,0,52504,home,478,20250709
2,0,1,2,0,0,0,0,54598,home,478,20250709
4,0,1,0,0,0,0,0,50458,away,479,20250709
4,0,1,0,0,0,0,0,67449,away,479,20250709
3,0,2,0,0,1,1,0,62404,away,479,20250709
4,0,1,0,0,0,0,0,54400,away,479,20250709
3,0,0,0,0,0,0,0,62234,away,479,20250709
1,0,0,0,0,0,0,0,51407,away,479,20250709
0,0,0,0,0,0,0,0,54408,away,479,20250709
4,0,2,0,0,0,0,0,52415,away,479,20250709
4,0,0,0,0,0,1,0,52430,away,479,20250709
3,0,1,0,0,0,0,0,74540,away,479,20250709
0,0,0,0,0,0,0,0,69418,away,479,20250709
3,0,0,0,0,0,1,0,65132,away,479,20250709
1,0,0,0,0,0,0,0,65040,away,479,20250709
3,1,1,1,0,1,0,1,51907,home,479,20250709
4,0,0,0,0,0,1,0,63963,home,479,20250709
4,1,2,0,0,0,0,0,62907,home,479,20250709
0,0,0,0,0,0,0,0,66965,home,479,20250709
3,0,2,1,0,0,0,1,68904,home,479,20250709
1,0,0,0,0,0,1,0,69995,home,479,20250709
3,0,0,0,0,0,0,0,77532,home,479,20250709
0,0,0,0,0,1,0,0,68912,home,479,20250709
0,0,0,0,0,0,0,0,54908,home,479,20250709
3,0,0,0,0,0,0,0,79215,home,479,20250709
0,0,0,0,0,0,0,0,50996,home,479,20250709
2,1,0,0,0,1,1,1,51344,home,479,20250709
2,0,0,0,0,0,1,0,64022,home,479,20250709
2,0,0,0,0,0,0,1,69992,home,479,20250709
3,0,0,0,0,2,1,0,61353,away,480,20250709
5,0,1,0,0,0,0,0,64646,away,480,20250709
5,0,0,0,0,0,2,0,69636,away,480,20250709
4,2,1,1,1,1,1,0,55645,away,480,20250709
3,1,0,0,0,1,2,0,67610,away,480,20250709
0,0,0,0,0,0,0,0,50657,away,480,20250709
4,0,1,0,0,0,1,0,68646,away,480,20250709
4,1,2,0,0,0,0,1,65653,away,480,20250709
1,0,1,2,0,2,0,0,66614,away,480,20250709
1,0,0,0,0,0,0,0,63260,away,480,20250709
2,0,0,1,0,1,0,0,66606,away,480,20250709
4,0,0,0,0,0,1,0,68700,home,480,20250709
3,1,1,0,0,1,1,0,55703,home,480,20250709
4,2,2,0,0,0,1,0,53764,home,480,20250709
3,1,1,0,0,1,1,0,69737,home,480,20250709
3,1,1,2,0,1,0,0,79192,home,480,20250709
4,0,1,2,0,0,2,0,66657,home,480,20250709
3,1,1,0,0,0,1,0,62700,home,480,20250709
0,0,0,0,0,0,0,0,69766,home,480,20250709
0,0,0,0,0,0,0,0,54795,home,480,20250709
3,1,1,3,1,0,0,0,78288,home,480,20250709
3,0,1,0,0,0,0,1,64006,home,480,20250709
4,1,1,0,0,1,0,0,65357,away,481,20250710
4,1,0,0,0,1,1,0,64340,away,481,20250710
3,1,1,0,0,2,0,0,50167,away,481,20250710
4,1,1,2,0,0,1,0,76267,away,481,20250710
5,0,1,1,0,0,2,0,55326,away,481,20250710
3,0,1,1,0,1,0,0,69332,away,481,20250710
3,0,1,0,0,1,0,0,55392,away,481,20250710
3,0,1,0,0,1,1,0,53312,away,481,20250710
3,0,0,0,0,0,1,0,55397,away,481,20250710
1,0,0,0,0,0,0,0,54307,away,481,20250710
0,0,0,0,0,0,0,0,78756,away,481,20250710
5,0,1,0,0,0,1,0,65207,home,481,20250710
3,1,0,0,0,1,0,2,50054,home,481,20250710
3,0,1,0,0,1,0,0,76290,home,481,20250710
4,0,2,1,0,0,1,0,79365,home,481,20250710
4,0,1,0,0,0,0,0,68119,home,481,20250710
4,1,1,0,0,0,2,0,79109,home,481,20250710
2,0,0,0,0,0,1,0,69100,home,481,20250710
1,0,0,0,0,0,1,0,69102,home,481,20250710
0,0,0,0,0,0,0,0,53139,home,481,20250710
1,0,0,0,0,0,0,0,50106,home,481,20250710
2,0,0,0,0,0,0,0,52154,home,481,20250710
2,1,1,2,1,0,1,0,55164,home,481,20250710
4,0,1,0,0,0,1,1,62415,home,481,20250710
4,0,0,0,0,0,0,0,76313,away,482,20250710
0,0,0,0,0,0,0,0,64115,away,482,20250710
4,0,1,0,0,0,0,0,79240,away,482,20250710
4,0,2,0,0,0,1,0,52001,away,482,20250710
3,1,0,0,0,1,2,0,67025,away,482,20250710
4,1,1,0,0,0,2,0,78548,away,482,20250710
3,1,1,0,0,0,2,0,67644,away,482,20250710
1,0,0,0,0,0,1,0,64007,away,482,20250710
3,0,0,0,0,1,0,0,79402,away,482,20250710
1,0,0,0,0,0,0,0,66706,away,482,20250710
2,0,1,3,0,0,0,0,64004,away,482,20250710
1,1,0,0,0,0,1,1,64166,away,482,20250710
2,0,0,0,0,0,2,0,51003,away,482,20250710
2,0,1,1,0,0,0,0,64504,away,482,20250710
4,1,3,2,1,1,0,0,67893,home,482,20250710
0,0,0,0,0,0,0,0,66864,home,482,20250710
3,0,1,0,0,2,0,0,53827,home,482,20250710
5,0,0,0,0,0,3,0,75847,home,482,20250710
3,0,0,0,0,1,2,0,62895,home,482,20250710
4,0,1,0,0,0,0,0,51868,home,482,20250710
4,0,0,0,0,0,0,0,50854,home,482,20250710
3,0,0,0,0,1,1,0,68868,home,482,20250710
3,1,0,0,0,0,1,1,54812,home,482,20250710
1,0,0,0,0,0,0,0,60558,home,482,20250710
3,0,0,0,0,1,2,0,51865,home,482,20250710
5,2,3,1,1,0,0,0,79231,away,483,20250710
1,0,0,0,0,0,1,0,53554,away,483,20250710
4,3,2,0,0,0,2,0,67207,away,483,20250710
3,1,1,2,0,1,0,0,55208,away,483,20250710
5,0,2,1,0,0,0,0,76232,away,483,20250710
3,0,0,0,0,1,2,0,78224,away,483,20250710
1,1,1,1,0,0,0,0,64468,away,483,20250710
3,0,1,0,0,0,1,0,55252,away,483,20250710
1,1,1,0,0,0,0,0,54214,away,483,20250710
4,0,3,1,0,0,1,0,50208,away,483,20250710
3,0,0,0,0,1,1,0,64153,away,483,20250710
1,0,1,2,0,0,0,0,63123,away,483,20250710
4,1,1,0,0,0,1,0,66112,away,483,20250710
0,0,0,0,0,1,0,0,63257,away,483,20250710
4,0,0,0,0,0,1,0,52568,home,483,20250710
4,0,1,0,0,0,0,0,60523,home,483,20250710
4,0,0,0,0,0,0,0,54529,home,483,20250710
3,0,1,0,0,1,0,0,78513,home,483,20250710
2,0,0,0,0,1,1,0,61102,home,483,20250710
3,0,0,0,0,0,0,0,68205,home,483,20250710
0,0,0,0,0,0,0,0,54598,home,483,20250710
3,0,0,0,0,0,1,0,55563,home,483,20250710
2,0,1,0,0,1,0,0,52516,home,483,20250710
0,0,0,0,0,0,0,0,52504,home,483,20250710
3,0,1,0,0,0,0,0,55530,home,483,20250710
4,2,2,1,1,0,1,0,69418,away,484,20250710
0,0,0,0,0,0,0,0,54408,away,484,20250710
3,0,0,0,0,2,3,0,52415,away,484,20250710
5,1,3,1,0,0,0,0,62404,away,484,20250710
5,0,1,0,0,0,2,0,54400,away,484,20250710
5,1,1,3,1,0,1,0,74540,away,484,20250710
5,0,3,0,0,0,0,0,62234,away,484,20250710
4,0,2,0,0,1,0,0,52430,away,484,20250710
1,0,0,0,0,0,1,0,66409,away,484,20250710
3,0,0,0,0,0,0,0,50458,away,484,20250710
3,0,0,0,0,0,1,0,65132,away,484,20250710
0,1,0,0,0,0,0,0,67449,away,484,20250710
4,0,1,1,0,1,1,1,51907,home,484,20250710
4,0,2,3,0,0,0,1,63963,home,484,20250710
3,1,1,0,0,1,0,0,62907,home,484,20250710
0,0,0,0,0,0,0,0,50902,home,484,20250710
4,0,0,0,0,0,3,0,51344,home,484,20250710
4,0,0,1,0,0,0,0,77532,home,484,20250710
0,0,0,0,0,0,0,0,50996,home,484,20250710
3,0,2,0,0,1,1,0,79215,home,484,20250710
0,1,0,0,0,0,0,0,54908,home,484,20250710
4,0,0,0,0,0,2,0,69995,home,484,20250710
2,1,0,0,0,1,1,0,68912,home,484,20250710
1,1,1,0,0,0,0,0,64022,home,484,20250710
3,2,2,0,0,0,0,0,69992,home,484,20250710
1,1,1,2,0,0,0,0,68904,home,484,20250710
4,0,0,0,0,0,0,0,61353,away,485,20250710
4,1,2,0,0,0,0,0,64646,away,485,20250710
4,0,1,0,0,0,2,0,69636,away,485,20250710
3,1,1,1,0,0,2,0,55645,away,485,20250710
3,0,0,0,0,0,1,0,63260,away,485,20250710
1,0,0,0,0,0,0,0,66606,away,485,20250710
4,0,1,1,0,0,2,0,65653,away,485,20250710
3,0,1,0,0,0,0,0,64560,away,485,20250710
3,0,0,0,0,0,1,0,78122,away,485,20250710
2,0,1,0,0,0,1,0,50657,away,485,20250710
1,0,0,0,0,0,1,0,67610,away,485,20250710
0,0,0,0,0,0,0,0,66614,away,485,20250710
2,0,0,0,0,0,1,0,68700,home,485,20250710
2,0,1,0,0,1,0,0,50707,home,485,20250710
4,0,0,2,0,1,2,0,55703,home,485,20250710
4,0,1,1,0,1,1,0,53764,home,485,20250710
2,0,0,0,0,2,0,0,69737,home,485,20250710
4,0,1,0,0,0,1,0,79192,home,485,20250710
4,0,1,0,0,0,0,0,66657,home,485,20250710
2,0,1,0,0,0,0,0,65703,home,485,20250710
0,0,0,0,0,0,0,0,69766,home,485,20250710
2,1,2,0,0,0,0,0,54795,home,485,20250710
3,0,1,0,0,0,0,0,78288,home,485,20250710
1,1,0,0,0,0,0,0,62700,home,485,20250710
3,1,1,0,0,1,1,0,64006,home,485,20250710
4,1,2,0,0,0,0,1,50500,away,491,20250718
3,0,1,0,0,1,1,0,52568,away,491,20250718
0,0,0,0,0,0,0,0,68507,away,491,20250718
4,0,1,0,0,0,1,0,54529,away,491,20250718
4,0,1,1,0,0,0,0,78513,away,491,20250718
3,0,1,0,0,0,0,0,52591,away,491,20250718
3,0,2,0,0,0,0,0,61102,away,491,20250718
0,0,0,0,0,0,0,0,52504,away,491,20250718
0,0,0,0,0,0,0,0,68518,away,491,20250718
3,0,0,0,0,0,2,0,51551,away,491,20250718
3,0,0,0,0,0,0,0,68205,away,491,20250718
3,0,0,0,0,0,1,0,55530,away,491,20250718
4,0,1,0,0,0,1,0,65207,home,491,20250718
4,0,1,0,0,0,3,1,50054,home,491,20250718
0,0,0,0,0,0,0,0,75867,home,491,20250718
0,0,0,0,0,0,0,0,50106,home,491,20250718
4,0,0,0,0,0,2,0,76290,home,491,20250718
0,0,0,0,0,0,0,0,52103,home,491,20250718
4,0,1,0,0,0,1,0,69102,home,491,20250718
4,1,1,1,1,0,3,0,79365,home,491,20250718
2,0,0,0,0,2,0,0,68119,home,491,20250718
3,1,1,0,0,1,0,0,79109,home,491,20250718
2,0,1,1,0,1,1,0,52154,home,491,20250718
0,0,0,0,0,0,0,0,69100,home,491,20250718
3,0,0,0,0,0,1,0,62415,home,491,20250718
5,0,0,0,0,0,3,0,68700,away,494,20250718
4,0,1,0,0,0,0,0,55703,away,494,20250718
4,0,0,0,0,0,2,0,53764,away,494,20250718
3,2,1,0,0,1,1,0,69737,away,494,20250718
3,2,2,3,1,1,1,1,79192,away,494,20250718
2,1,0,0,0,1,2,0,66657,away,494,20250718
1,0,0,0,0,0,0,0,50709,away,494,20250718
3,0,2,0,0,0,1,0,62700,away,494,20250718
0,0,0,0,0,0,0,0,54795,away,494,20250718
3,0,0,0,0,0,2,0,78288,away,494,20250718
3,0,1,1,0,0,0,0,64006,away,494,20250718
4,0,2,0,0,0,0,0,76313,home,494,20250718
0,0,0,0,0,0,0,0,64007,home,494,20250718
3,0,1,0,0,0,1,0,64004,home,494,20250718
0,0,0,0,0,0,0,0,64166,home,494,20250718
3,0,0,0,0,1,0,0,52001,home,494,20250718
4,0,0,0,0,0,2,0,67025,home,494,20250718
4,0,0,0,0,0,1,0,79240,home,494,20250718
3,0,0,0,0,0,0,0,79402,home,494,20250718
1,0,0,0,0,0,1,0,64504,home,494,20250718
2,0,1,0,0,0,1,0,50066,home,494,20250718
1,0,1,0,0,0,0,0,68089,home,494,20250718
2,0,0,0,0,0,2,0,66706,home,494,20250718
1,0,0,0,0,0,0,0,64115,home,494,20250718
1,0,0,0,0,0,1,0,51003,home,494,20250718
2,0,0,0,0,0,1,0,67644,home,494,20250718
5,0,0,0,0,0,0,0,50500,away,496,20250719
4,0,0,0,0,1,3,0,55530,away,496,20250719
2,1,0,0,0,2,0,0,54529,away,496,20250719
1,1,0,0,0,0,1,1,68507,away,496,20250719
1,2,0,0,0,3,0,0,78513,away,496,20250719
3,2,1,1,0,1,0,0,52591,away,496,20250719
3,0,2,2,0,0,0,0,61102,away,496,20250719
1,0,0,0,0,0,1,0,68518,away,496,20250719
3,0,1,0,0,0,0,0,51551,away,496,20250719
0,0,0,0,0,0,0,0,52504,away,496,20250719
0,0,0,1,0,1,0,0,68205,away,496,20250719
3,0,1,2,0,0,0,0,52568,away,496,20250719
2,0,0,0,0,0,0,0,54598,away,496,20250719
1,0,0,0,0,1,0,0,60523,away,496,20250719
3,1,1,0,0,1,0,1,65207,home,496,20250719
4,0,2,1,0,0,1,0,68119,home,496,20250719
3,0,0,0,0,1,0,1,76290,home,496,20250719
4,0,1,0,0,0,0,0,69102,home,496,20250719
4,0,1,0,0,0,1,0,79365,home,496,20250719
0,0,0,0,0,0,0,0,52105,home,496,20250719
3,0,0,0,0,0,1,0,52154,home,496,20250719
1,0,0,0,0,0,0,0,79109,home,496,20250719
3,0,1,0,0,0,1,1,69100,home,496,20250719
1,0,0,0,0,0,0,0,55164,home,496,20250719
1,0,0,0,0,0,1,0,66162,home,496,20250719
2,0,1,0,0,0,0,0,50054,home,496,20250719
4,0,0,0,0,0,2,0,62415,home,496,20250719
4,0,0,0,0,0,1,0,79231,away,497,20250719
0,0,0,0,0,0,0,0,63123,away,497,20250719
5,1,2,3,1,0,2,0,50208,away,497,20250719
4,0,1,0,0,0,2,0,55208,away,497,20250719
4,0,0,0,0,0,2,0,76232,away,497,20250719
3,1,2,1,1,1,1,0,78224,away,497,20250719
0,0,0,0,0,0,0,1,66209,away,497,20250719
3,0,0,0,0,1,3,1,55252,away,497,20250719
4,0,0,0,0,0,2,0,64153,away,497,20250719
0,0,0,0,0,0,0,0,53554,away,497,20250719
4,2,2,1,1,0,2,0,52267,away,497,20250719
3,1,1,0,0,0,0,0,67207,away,497,20250719
4,0,0,0,0,0,3,0,60558,home,497,20250719
0,0,0,0,0,1,0,0,54805,home,497,20250719
3,0,1,0,0,2,1,0,53827,home,497,20250719
5,0,1,0,0,0,2,0,75847,home,497,20250719
4,0,2,0,0,0,0,0,62895,home,497,20250719
4,0,0,0,0,0,2,0,51868,home,497,20250719
3,0,0,0,0,1,2,0,66864,home,497,20250719
3,0,1,0,0,1,1,0,50854,home,497,20250719
3,0,0,0,0,1,0,0,51865,home,497,20250719
0,0,0,0,0,0,0,0,79456,home,497,20250719
1,0,0,0,0,1,0,0,52804,home,497,20250719
0,0,0,0,0,1,0,0,68868,home,497,20250719
1,0,0,0,0,0,1,0,54812,home,497,20250719
3,0,0,0,0,0,0,0,68700,away,499,20250719
1,0,0,0,0,0,0,0,50707,away,499,20250719
4,2,3,0,0,0,0,0,55703,away,499,20250719
4,0,2,0,0,0,0,0,53764,away,499,20250719
2,2,1,1,1,1,0,0,69737,away,499,20250719
3,1,2,3,0,0,0,0,79192,away,499,20250719
2,1,1,0,0,1,0,0,66704,away,499,20250719
3,0,2,2,0,0,0,0,62700,away,499,20250719
1,0,0,0,0,0,0,0,76812,away,499,20250719
1,0,1,0,0,1,0,0,78288,away,499,20250719
2,0,1,0,0,1,1,0,64006,away,499,20250719
2,0,0,0,0,1,1,0,76313,home,499,20250719
3,1,1,0,0,0,0,0,64004,home,499,20250719
0,0,0,0,0,0,0,0,64166,home,499,20250719
3,2,2,1,0,0,1,0,52001,home,499,20250719
3,0,1,0,0,0,2,0,67025,home,499,20250719
3,2,2,1,0,0,1,0,67644,home,499,20250719
3,0,2,2,0,0,0,1,79240,home,499,20250719
2,0,0,1,0,0,1,0,79402,home,499,20250719
2,0,0,0,0,0,1,0,68089,home,499,20250719
2,0,1,0,0,0,0,0,64115,home,499,20250719
5,0,1,0,0,0,3,0,50500,away,501,20250720
5,1,1,0,0,0,2,0,52568,away,501,20250720
4,0,2,1,0,0,0,0,54529,away,501,20250720
4,1,1,0,0,0,0,0,78513,away,501,20250720
4,0,3,0,0,0,0,0,52591,away,501,20250720
4,0,0,0,0,0,0,0,61102,away,501,20250720
0,0,0,0,0,0,0,0,68518,away,501,20250720
2,0,0,0,0,0,0,0,51551,away,501,20250720
0,0,0,0,0,0,0,0,55530,away,501,20250720
2,0,0,0,0,0,0,0,60523,away,501,20250720
3,0,1,1,0,1,0,0,77564,away,501,20250720
3,0,0,0,0,1,0,0,68205,away,501,20250720
3,1,1,0,0,1,1,0,65207,home,501,20250720
4,2,3,2,1,0,0,0,68119,home,501,20250720
2,0,0,0,0,1,0,0,76290,home,501,20250720
0,0,0,0,0,0,0,0,69100,home,501,20250720
4,0,1,1,0,0,0,0,69102,home,501,20250720
3,0,1,0,0,1,0,0,79365,home,501,20250720
4,0,0,0,0,0,2,0,79109,home,501,20250720
3,0,0,0,0,1,0,0,50054,home,501,20250720
0,0,0,0,0,0,0,0,50106,home,501,20250720
1,0,0,0,0,0,0,0,55164,home,501,20250720
2,0,0,0,0,0,1,0,52103,home,501,20250720
1,0,0,0,0,1,0,2,62415,home,501,20250720
4,0,0,0,0,0,1,0,67207,away,502,20250720
3,1,1,0,0,1,1,0,50208,away,502,20250720
4,0,1,0,0,0,3,0,55208,away,502,20250720
4,0,2,1,0,0,1,1,76232,away,502,20250720
4,0,1,0,0,0,2,0,78224,away,502,20250720
0,1,0,0,0,0,0,1,66209,away,502,20250720
4,0,1,1,0,0,0,0,55252,away,502,20250720
4,0,0,0,0,0,2,0,64153,away,502,20250720
3,0,0,0,0,0,2,0,52267,away,502,20250720
3,0,0,0,0,0,1,0,79231,away,502,20250720
4,0,1,0,0,0,0,0,50854,home,502,20250720
4,0,1,0,0,0,1,1,53827,home,502,20250720
4,0,0,0,0,0,2,0,75847,home,502,20250720
4,1,1,1,1,0,1,0,62895,home,502,20250720
4,0,0,0,0,0,0,0,51868,home,502,20250720
3,0,0,0,0,1,1,1,66864,home,502,20250720
4,0,0,0,0,0,2,1,54812,home,502,20250720
2,0,0,0,0,1,0,0,79456,home,502,20250720
2,0,0,0,0,0,1,0,54805,home,502,20250720
0,0,0,0,0,1,0,0,68868,home,502,20250720
0,0,0,0,0,0,0,0,60558,home,502,20250720
4,1,1,0,0,2,1,1,65357,away,503,20250720
4,3,1,0,0,1,1,0,64340,away,503,20250720
4,2,2,1,0,0,2,1,50167,away,503,20250720
5,2,3,4,1,0,0,0,76267,away,503,20250720
4,1,2,3,1,1,1,0,55326,away,503,20250720
4,0,2,1,0,1,2,0,69332,away,503,20250720
4,0,0,0,0,0,1,0,55392,away,503,20250720
1,0,0,0,0,0,1,0,51302,away,503,20250720
0,0,0,0,0,0,0,0,78756,away,503,20250720
4,1,2,0,0,1,2,0,53312,away,503,20250720
4,0,0,0,0,0,1,0,55397,away,503,20250720
4,0,0,0,0,1,0,0,62234,home,503,20250720
4,3,2,0,0,1,0,0,67449,home,503,20250720
5,3,4,2,1,0,1,0,62404,home,503,20250720
4,2,4,5,2,0,0,0,54400,home,503,20250720
3,1,1,1,1,0,0,0,52430,home,503,20250720
0,1,0,0,0,1,0,0,65586,home,503,20250720
0,0,0,0,0,0,0,0,54408,home,503,20250720
5,2,1,2,1,0,2,0,65040,home,503,20250720
4,1,1,1,0,0,0,0,74540,home,503,20250720
0,0,0,0,0,0,0,0,65132,home,503,20250720
4,1,1,2,1,0,3,0,66409,home,503,20250720
4,1,1,2,1,0,1,0,52415,home,503,20250720
5,2,3,0,0,0,1,0,66704,away,504,20250720
5,3,3,2,1,0,0,0,55703,away,504,20250720
3,0,1,0,0,1,0,0,53764,away,504,20250720
4,1,1,2,0,1,2,0,69737,away,504,20250720
5,2,2,4,1,0,1,0,79192,away,504,20250720
3,0,1,0,0,0,1,0,66657,away,504,20250720
2,1,1,0,0,0,0,0,68700,away,504,20250720
2,0,0,0,0,0,1,0,62700,away,504,20250720
2,0,2,1,0,0,0,0,54795,away,504,20250720
3,1,1,0,0,1,1,0,78288,away,504,20250720
1,0,0,1,0,0,0,0,65703,away,504,20250720
4,0,0,0,0,0,2,0,64006,away,504,20250720
1,0,0,0,0,0,1,0,50707,away,504,20250720
0,0,0,0,0,0,0,0,52764,away,504,20250720
5,0,0,0,0,0,1,0,76313,home,504,20250720
4,0,2,0,0,0,0,0,64004,home,504,20250720
2,0,1,0,0,2,0,0,52001,home,504,20250720
3,0,0,0,0,1,2,0,67025,home,504,20250720
2,0,0,0,0,0,0,0,79402,home,504,20250720
0,0,0,0,0,1,0,0,67644,home,504,20250720
1,0,0,0,0,0,0,0,51003,home,504,20250720
3,0,0,0,0,0,1,0,79240,home,504,20250720
1,0,1,0,0,0,0,0,64504,home,504,20250720
3,0,0,0,0,0,0,0,64166,home,504,20250720
1,0,0,0,0,0,1,0,66706,home,504,20250720
1,0,0,0,0,0,1,0,68089,home,504,20250720
2,0,0,0,0,0,2,0,50066,home,504,20250720
4,0,2,0,0,0,0,0,64115,home,504,20250720
4,1,1,1,1,0,1,0,51907,away,505,20250720
4,0,0,0,0,0,0,0,63963,away,505,20250720
1,0,0,0,0,0,0,0,62907,away,505,20250720
2,0,0,0,0,0,1,0,68904,away,505,20250720
4,0,0,0,0,0,0,0,51344,away,505,20250720
4,0,1,0,0,0,0,0,77532,away,505,20250720
0,0,0,0,0,0,0,0,50996,away,505,20250720
4,1,3,1,1,0,0,0,79215,away,505,20250720
3,0,0,0,0,0,0,0,69995,away,505,20250720
1,0,0,0,0,0,0,0,66965,away,505,20250720
2,0,0,0,0,1,1,0,68912,away,505,20250720
1,0,0,0,0,1,0,0,69992,away,505,20250720
1,0,0,0,0,0,0,0,67905,away,505,20250720
5,0,2,0,0,0,2,0,61353,home,505,20250720
0,0,0,0,0,0,0,0,50657,home,505,20250720
3,1,2,0,0,2,0,0,64646,home,505,20250720
5,1,1,2,1,0,2,0,55645,home,505,20250720
5,0,2,0,0,0,2,0,72443,home,505,20250720
4,0,2,0,0,0,0,0,62947,home,505,20250720
0,0,0,0,0,0,0,0,66606,home,505,20250720
3,0,1,0,0,1,1,0,78603,home,505,20250720
0,0,0,0,0,0,0,0,66614,home,505,20250720
3,0,0,0,0,1,1,0,69636,home,505,20250720
0,0,0,0,0,0,0,0,64560,home,505,20250720
3,0,1,0,0,0,0,0,78122,home,505,20250720
0,1,0,0,0,1,0,0,68646,home,505,20250720
3,0,0,0,0,0,2,0,65653,home,505,20250720
4,0,2,0,0,1,0,1,66704,away,506,20250722
5,0,0,0,0,0,1,0,55703,away,506,20250722
4,0,0,0,0,0,1,0,53764,away,506,20250722
3,1,2,1,1,1,0,0,69737,away,506,20250722
3,0,0,0,0,0,0,0,79192,away,506,20250722
3,0,1,0,0,0,0,0,66657,away,506,20250722
1,0,0,0,0,0,1,0,68700,away,506,20250722
3,0,1,0,0,0,1,0,62700,away,506,20250722
1,0,0,0,0,0,0,0,54795,away,506,20250722
3,0,1,0,0,0,0,0,78288,away,506,20250722
4,1,1,1,1,0,0,0,64006,away,506,20250722
2,0,0,0,0,1,0,0,79231,home,506,20250722
4,1,1,0,0,0,1,0,50208,home,506,20250722
4,0,0,0,0,0,1,0,55208,home,506,20250722
4,0,1,1,0,0,2,0,76232,home,506,20250722
0,0,0,0,0,0,0,0,66209,home,506,20250722
4,0,0,0,0,0,3,0,78224,home,506,20250722
4,0,1,0,0,0,1,0,55252,home,506,20250722
3,0,0,0,0,0,3,0,52267,home,506,20250722
3,0,0,0,0,0,2,0,53554,home,506,20250722
3,0,1,0,0,0,0,0,67207,home,506,20250722
4,2,1,0,0,1,0,0,50854,away,507,20250722
5,2,3,0,0,0,0,0,53827,away,507,20250722
5,0,2,0,0,0,0,0,75847,away,507,20250722
0,0,0,0,0,0,0,0,54812,away,507,20250722
3,0,1,2,0,1,1,0,62895,away,507,20250722
0,0,0,0,0,0,0,0,54805,away,507,20250722
5,0,1,1,0,0,2,0,51868,away,507,20250722
3,0,0,0,0,1,0,0,79456,away,507,20250722
0,0,0,0,0,0,0,0,66662,away,507,20250722
1,0,0,0,0,0,1,0,68868,away,507,20250722
4,1,2,0,0,0,1,1,66864,away,507,20250722
4,0,1,0,0,0,2,0,50840,away,507,20250722
4,0,1,1,0,0,2,0,52804,away,507,20250722
3,0,0,0,0,0,0,0,62234,home,507,20250722
0,1,0,0,0,0,0,0,69416,home,507,20250722
1,0,1,0,0,0,0,0,65586,home,507,20250722
4,1,1,0,0,0,1,0,67449,home,507,20250722
4,2,1,0,0,1,0,0,62404,home,507,20250722
5,1,2,0,0,0,1,0,54400,home,507,20250722
5,0,3,4,0,0,1,0,74540,home,507,20250722
0,0,0,0,0,0,0,0,65132,home,507,20250722
4,1,2,1,0,1,1,0,65040,home,507,20250722
2,0,2,1,0,2,0,0,52415,home,507,20250722
4,0,0,0,0,0,1,0,66409,home,507,20250722
4,1,2,1,0,0,0,0,54408,home,507,20250722
4,1,0,0,0,1,1,0,76313,away,508,20250722
0,0,0,0,0,0,0,0,51003,away,508,20250722
3,2,1,0,0,1,0,1,64004,away,508,20250722
1,0,0,0,0,0,1,0,67025,away,508,20250722
3,2,3,3,1,1,0,0,52001,away,508,20250722
4,1,2,2,0,0,1,0,67644,away,508,20250722
0,0,0,0,0,0,0,0,64166,away,508,20250722
4,0,0,0,0,0,1,0,68050,away,508,20250722
4,1,0,0,0,0,1,0,64504,away,508,20250722
4,0,1,0,0,0,0,0,79402,away,508,20250722
4,0,1,1,0,0,1,0,68089,away,508,20250722
4,0,0,0,0,0,0,0,64115,away,508,20250722
3,0,0,0,0,0,2,0,51907,home,508,20250722
1,0,0,0,0,0,1,0,69992,home,508,20250722
2,0,0,0,0,1,0,0,63963,home,508,20250722
1,0,0,0,0,0,0,0,67905,home,508,20250722
3,0,1,0,0,0,1,0,62907,home,508,20250722
1,0,0,0,0,0,0,0,50902,home,508,20250722
2,0,0,0,0,0,0,0,68904,home,508,20250722
1,0,0,0,0,0,0,0,69995,home,508,20250722
2,0,0,0,0,0,1,0,79215,home,508,20250722
1,0,0,0,0,0,1,0,69203,home,508,20250722
3,0,0,0,0,0,1,0,77532,home,508,20250722
2,0,0,0,0,0,1,0,68912,home,508,20250722
1,0,1,0,0,0,0,0,64022,home,508,20250722
3,0,1,0,0,0,0,0,51344,home,508,20250722
0,0,0,0,0,0,0,0,66965,home,508,20250722
3,0,0,0,0,0,1,0,50996,home,508,20250722
3,1,1,0,0,0,0,0,65207,away,509,20250722
2,1,2,0,0,0,0,1,69100,away,509,20250722
5,3,3,0,0,0,0,0,68119,away,509,20250722
5,0,2,2,0,0,2,0,76290,away,509,20250722
0,0,0,0,0,0,0,0,52103,away,509,20250722
3,1,1,3,1,2,0,0,69102,away,509,20250722
5,0,0,0,0,0,2,0,79365,away,509,20250722
4,0,1,0,0,0,2,0,50054,away,509,20250722
2,1,1,0,0,1,1,0,79109,away,509,20250722
3,0,0,0,0,0,1,0,52154,away,509,20250722
0,0,0,0,0,0,0,0,75867,away,509,20250722
0,0,0,0,0,0,0,0,50106,away,509,20250722
1,1,1,0,0,0,0,0,55164,away,509,20250722
4,1,1,3,1,0,1,0,62415,away,509,20250722
4,0,2,1,0,1,0,0,64646,home,509,20250722
2,0,1,0,0,2,0,0,78603,home,509,20250722
1,1,0,0,0,0,0,0,66614,home,509,20250722
5,0,0,0,0,0,1,0,55645,home,509,20250722
5,2,3,1,1,0,1,0,72443,home,509,20250722
3,0,0,0,0,0,1,0,62947,home,509,20250722
1,1,0,0,0,0,0,0,66606,home,509,20250722
3,0,0,0,0,0,0,0,63260,home,509,20250722
1,1,1,2,0,0,0,0,61353,home,509,20250722
1,0,0,0,0,0,1,0,64560,home,509,20250722
3,0,1,0,0,1,0,0,69636,home,509,20250722
1,1,0,0,0,0,0,0,50657,home,509,20250722
3,0,1,0,0,0,0,0,78122,home,509,20250722
1,1,1,2,0,0,0,0,68646,home,509,20250722
4,0,1,1,0,0,1,0,65653,home,509,20250722
5,2,2,0,0,0,2,1,50500,away,510,20250722
3,0,1,1,0,1,2,0,52568,away,510,20250722
4,0,1,2,0,0,0,0,54529,away,510,20250722
4,0,0,0,0,0,0,0,78513,away,510,20250722
3,0,0,0,0,1,0,1,52591,away,510,20250722
3,0,0,0,0,0,0,0,61102,away,510,20250722
1,0,0,0,0,0,1,0,68518,away,510,20250722
2,0,0,0,0,2,0,0,77564,away,510,20250722
3,1,1,0,0,0,1,0,60523,away,510,20250722
0,0,0,0,0,0,0,0,51551,away,510,20250722
0,0,0,0,0,0,0,1,52504,away,510,20250722
3,0,0,0,0,0,1,0,68205,away,510,20250722
1,0,0,0,0,0,0,0,54598,away,510,20250722
4,1,2,0,0,1,1,0,65357,home,510,20250722
5,2,4,2,0,0,1,2,64340,home,510,20250722
4,1,2,2,0,0,1,0,50167,home,510,20250722
4,0,0,0,0,0,3,0,54444,home,510,20250722
4,0,2,2,0,0,1,0,76267,home,510,20250722
3,1,0,0,0,0,1,0,69332,home,510,20250722
3,1,2,0,0,0,1,0,53312,home,510,20250722
1,0,0,0,0,0,0,0,62332,home,510,20250722
0,0,0,0,0,1,0,0,54307,home,510,20250722
1,0,0,0,0,0,0,0,78756,home,510,20250722
4,0,0,0,0,0,1,0,55392,home,510,20250722
5,0,1,1,0,0,1,0,66704,away,511,20250723
3,0,1,0,0,0,2,0,55703,away,511,20250723
2,0,1,0,0,0,0,0,68700,away,511,20250723
4,0,0,0,0,0,1,0,53764,away,511,20250723
3,0,0,0,0,0,1,0,69737,away,511,20250723
1,0,0,0,0,0,0,0,54795,away,511,20250723
3,0,3,0,0,0,0,0,79192,away,511,20250723
1,0,0,0,0,0,0,0,66657,away,511,20250723
3,0,1,0,0,1,1,0,50707,away,511,20250723
3,0,0,0,0,0,1,0,62700,away,511,20250723
4,1,0,0,0,0,2,0,52764,away,511,20250723
1,0,0,0,0,1,0,1,64006,away,511,20250723
2,1,1,1,1,0,0,0,65703,away,511,20250723
3,2,2,0,0,1,0,0,79231,home,511,20250723
1,1,1,0,0,0,0,0,66209,home,511,20250723
4,1,1,2,1,0,1,0,67207,home,511,20250723
0,0,0,0,0,1,0,0,64468,home,511,20250723
4,2,3,3,2,0,0,0,55208,home,511,20250723
1,0,0,0,0,0,0,0,53554,home,511,20250723
4,1,1,1,1,0,1,0,76232,home,511,20250723
4,1,0,0,0,1,3,0,50208,home,511,20250723
4,3,3,1,1,0,0,0,55252,home,511,20250723
4,1,1,1,0,0,3,0,64153,home,511,20250723
4,1,1,0,0,0,2,0,66112,home,511,20250723
4,0,2,3,0,0,0,0,69238,home,511,20250723
4,0,0,0,0,0,2,0,68868,away,512,20250723
2,0,0,0,0,0,0,0,53827,away,512,20250723
2,0,1,0,0,0,0,0,54805,away,512,20250723
2,0,0,0,0,0,0,0,75847,away,512,20250723
2,0,1,0,0,0,0,0,52804,away,512,20250723
4,0,1,0,0,0,1,0,62895,away,512,20250723
2,0,0,0,0,0,1,0,51868,away,512,20250723
1,0,0,0,0,0,0,0,50840,away,512,20250723
2,0,1,0,0,0,0,0,50854,away,512,20250723
0,0,0,0,0,1,0,0,60558,away,512,20250723
2,0,0,0,0,0,1,0,66864,away,512,20250723
1,0,0,0,0,0,0,0,66917,away,512,20250723
3,0,0,0,0,0,1,0,54812,away,512,20250723
2,0,1,0,0,0,1,0,66662,away,512,20250723
3,1,1,0,0,1,1,0,69418,home,512,20250723
1,0,0,0,0,0,0,0,66409,home,512,20250723
5,1,1,0,0,0,0,0,67449,home,512,20250723
4,2,2,0,0,1,2,0,62404,home,512,20250723
0,0,0,0,0,0,0,0,67005,home,512,20250723
4,2,3,1,0,0,0,0,54400,home,512,20250723
0,0,0,0,0,0,0,0,65040,home,512,20250723
4,2,2,2,0,0,1,0,74540,home,512,20250723
1,0,0,0,0,0,1,0,65132,home,512,20250723
4,0,1,1,0,0,0,0,52430,home,512,20250723
3,1,2,1,0,1,0,1,52415,home,512,20250723
0,0,0,0,0,0,0,0,69416,home,512,20250723
3,0,1,1,0,1,0,1,65586,home,512,20250723
3,0,0,1,0,1,1,0,54408,home,512,20250723
4,3,3,0,0,1,0,0,64004,away,513,20250723
3,1,1,0,0,0,1,0,79240,away,513,20250723
1,0,0,0,0,0,0,0,51003,away,513,20250723
4,1,1,2,1,0,2,0,52001,away,513,20250723
3,2,1,0,0,1,0,0,67644,away,513,20250723
1,0,0,0,0,0,0,0,64166,away,513,20250723
1,1,1,2,0,1,0,0,68050,away,513,20250723
2,0,0,0,0,1,0,0,67025,away,513,20250723
3,1,1,2,0,1,0,0,64504,away,513,20250723
3,0,1,0,0,0,0,0,79402,away,513,20250723
2,0,0,0,0,0,0,0,76313,away,513,20250723
3,0,1,2,0,0,2,0,68089,away,513,20250723
1,0,0,0,0,0,0,0,78548,away,513,20250723
4,0,0,0,0,0,0,0,64115,away,513,20250723
4,0,1,1,0,0,0,0,51907,home,513,20250723
0,0,0,0,0,0,0,0,50902,home,513,20250723
2,0,0,0,0,1,0,0,63963,home,513,20250723
0,0,0,0,0,1,0,0,77532,home,513,20250723
4,0,0,0,0,0,0,0,62907,home,513,20250723
4,1,0,0,0,0,2,0,68904,home,513,20250723
2,0,0,0,0,1,0,0,79215,home,513,20250723
1,0,0,0,0,0,0,0,50996,home,513,20250723
1,0,0,0,0,0,0,0,69995,home,513,20250723
2,0,0,0,0,0,1,0,66965,home,513,20250723
1,0,0,0,0,0,0,0,51996,home,513,20250723
3,0,1,1,0,0,1,0,51344,home,513,20250723
1,0,0,0,0,0,0,0,67905,home,513,20250723
3,1,1,0,0,0,1,0,68912,home,513,20250723
2,0,0,0,0,1,0,0,69992,home,513,20250723
4,1,1,1,1,1,0,0,62415,away,514,20250723
5,0,0,0,0,0,1,0,68119,away,514,20250723
4,0,2,0,0,0,0,0,76290,away,514,20250723
1,1,1,0,0,0,0,0,66162,away,514,20250723
5,1,2,2,1,0,0,0,69102,away,514,20250723
5,2,2,1,1,0,2,0,79365,away,514,20250723
2,0,0,0,0,0,0,0,50054,away,514,20250723
3,0,2,1,0,0,1,0,65207,away,514,20250723
5,0,0,0,0,0,1,0,79109,away,514,20250723
2,0,0,0,0,0,2,0,55164,away,514,20250723
3,0,1,0,0,0,0,0,52103,away,514,20250723
4,1,2,0,0,0,0,0,69100,away,514,20250723
5,0,1,0,0,0,1,0,64646,home,514,20250723
4,0,0,0,0,0,1,0,78603,home,514,20250723
1,0,0,1,0,0,0,0,64560,home,514,20250723
4,1,1,0,0,0,2,0,61353,home,514,20250723
0,0,0,0,0,0,0,0,50657,home,514,20250723
1,0,0,0,0,0,1,0,63260,home,514,20250723
4,0,1,0,0,0,0,0,72443,home,514,20250723
1,0,0,0,0,0,0,0,66614,home,514,20250723
3,1,0,0,0,0,1,0,55645,home,514,20250723
3,0,1,1,0,0,1,0,62947,home,514,20250723
1,1,1,0,0,0,0,0,66606,home,514,20250723
4,1,1,3,1,0,2,0,69636,home,514,20250723
2,0,0,0,0,0,0,0,78122,home,514,20250723
1,1,1,0,0,1,0,0,68646,home,514,20250723
4,0,1,0,0,0,0,0,65653,home,514,20250723
4,1,0,0,0,0,0,0,50500,away,515,20250723
3,2,2,1,0,2,1,0,69517,away,515,20250723
0,0,0,0,0,0,0,0,52504,away,515,20250723
0,0,0,0,0,0,0,0,68518,away,515,20250723
2,0,0,0,0,1,1,0,52591,away,515,20250723
4,0,3,3,0,0,0,0,54529,away,515,20250723
4,0,0,0,0,0,3,0,78513,away,515,20250723
3,0,0,0,0,1,2,0,51551,away,515,20250723
0,0,0,0,0,0,0,0,54598,away,515,20250723
4,0,1,0,0,0,0,0,61102,away,515,20250723
0,0,0,0,0,0,0,0,50150,away,515,20250723
4,1,1,0,0,0,1,0,62802,away,515,20250723
4,0,1,0,0,0,1,0,52568,away,515,20250723
4,0,3,0,0,0,0,1,65357,home,515,20250723
4,0,0,0,0,0,1,0,64340,home,515,20250723
3,0,2,0,0,0,0,2,50167,home,515,20250723
4,0,0,0,0,0,0,0,76267,home,515,20250723
4,1,2,0,0,0,0,0,54444,home,515,20250723
2,0,0,0,0,0,2,0,54307,home,515,20250723
4,0,0,0,0,0,3,0,53312,home,515,20250723
1,0,0,0,0,0,0,0,51302,home,515,20250723
2,0,1,1,0,0,1,0,78756,home,515,20250723
3,0,0,0,0,0,1,0,55392,home,515,20250723
1,0,0,0,0,0,1,0,69332,home,515,20250723
2,0,0,0,0,1,1,0,68700,away,516,20250724
1,0,0,0,0,0,0,0,50707,away,516,20250724
2,0,0,0,0,0,1,0,66657,away,516,20250724
6,1,3,0,0,0,0,0,55703,away,516,20250724
6,1,2,0,0,0,1,0,53764,away,516,20250724
6,2,2,1,0,0,2,0,69737,away,516,20250724
5,0,2,2,0,0,0,0,79192,away,516,20250724
2,0,0,0,0,0,0,0,66704,away,516,20250724
2,0,0,0,0,0,1,0,62700,away,516,20250724
5,0,2,0,0,0,0,0,54795,away,516,20250724
5,0,2,1,0,0,0,0,78288,away,516,20250724
0,0,0,0,0,0,0,0,52764,away,516,20250724
4,0,0,0,0,0,3,0,64006,away,516,20250724
1,0,1,0,0,0,0,0,65703,away,516,20250724
5,0,1,0,0,0,1,1,79231,home,516,20250724
5,0,0,0,0,0,3,0,67207,home,516,20250724
5,1,2,0,0,0,2,0,55208,home,516,20250724
4,0,0,0,0,1,0,0,76232,home,516,20250724
5,1,2,2,1,0,2,0,78224,home,516,20250724
4,1,2,0,0,0,1,0,55252,home,516,20250724
5,1,1,0,0,0,1,1,50208,home,516,20250724
3,0,1,1,0,0,0,0,64153,home,516,20250724
1,0,0,0,0,0,1,0,66209,home,516,20250724
1,0,1,0,0,0,0,0,66112,home,516,20250724
0,0,0,0,0,0,0,0,64468,home,516,20250724
3,0,0,0,0,0,1,0,69238,home,516,20250724
1,0,0,0,0,1,1,0,63123,home,516,20250724
4,0,0,0,0,0,0,0,50854,away,517,20250724
4,1,2,0,0,0,0,0,53827,away,517,20250724
3,0,0,0,0,1,1,0,75847,away,517,20250724
4,0,1,1,0,0,1,0,62895,away,517,20250724
4,1,2,1,1,0,2,0,51868,away,517,20250724
3,1,1,1,1,0,1,0,66864,away,517,20250724
4,0,1,0,0,0,1,0,79456,away,517,20250724
3,0,0,0,0,0,1,0,54812,away,517,20250724
1,0,0,0,0,0,1,0,52804,away,517,20250724
0,0,0,0,0,0,0,0,68868,away,517,20250724
1,0,0,0,0,0,0,0,60558,away,517,20250724
0,0,0,0,0,0,0,0,66917,away,517,20250724
4,0,0,0,0,0,2,0,62234,home,517,20250724
4,1,2,0,0,0,0,0,67449,home,517,20250724
3,0,1,0,0,0,1,0,62404,home,517,20250724
3,0,0,1,0,0,0,0,54400,home,517,20250724
4,0,1,0,0,0,0,0,74540,home,517,20250724
4,0,1,0,0,0,1,0,52430,home,517,20250724
4,0,1,0,0,0,1,0,52415,home,517,20250724
2,0,0,0,0,0,0,0,65040,home,517,20250724
2,0,0,0,0,0,2,0,66409,home,517,20250724
2,0,1,0,0,1,0,0,65132,home,517,20250724
0,0,0,0,0,0,0,0,67005,home,517,20250724
0,0,0,0,0,0,0,0,65062,home,517,20250724
3,1,1,0,0,1,1,0,64004,away,518,20250724
5,0,1,1,0,0,1,0,68050,away,518,20250724
3,1,2,0,0,2,0,0,52001,away,518,20250724
1,1,0,0,0,0,0,0,67644,away,518,20250724
2,0,0,0,0,0,0,0,67025,away,518,20250724
1,0,0,0,0,0,1,0,64166,away,518,20250724
4,1,2,1,0,1,1,0,78548,away,518,20250724
3,1,2,1,0,1,0,0,79240,away,518,20250724
4,0,2,2,0,0,0,0,79402,away,518,20250724
5,0,0,0,0,0,2,0,64504,away,518,20250724
3,0,1,0,0,0,1,0,51003,away,518,20250724
0,0,0,0,0,1,0,0,76313,away,518,20250724
0,0,0,0,0,0,0,0,64115,away,518,20250724
4,2,2,0,0,1,1,1,51907,home,518,20250724
2,0,0,0,0,0,2,0,63963,home,518,20250724
3,1,1,0,0,0,0,0,69992,home,518,20250724
4,0,2,2,0,1,0,1,62907,home,518,20250724
3,0,1,1,0,1,0,0,68904,home,518,20250724
4,0,1,1,0,0,0,0,79215,home,518,20250724
3,0,0,0,0,0,1,0,69995,home,518,20250724
1,0,0,0,0,0,0,0,50996,home,518,20250724
4,0,0,0,0,0,0,0,51344,home,518,20250724
2,0,0,0,0,0,0,0,64022,home,518,20250724
1,0,0,0,0,1,0,0,68912,home,518,20250724
4,1,1,0,0,0,0,0,67905,home,518,20250724
4,1,1,0,0,1,0,0,65207,away,519,20250724
3,1,1,2,0,1,0,0,68119,away,519,20250724
1,0,0,0,0,0,0,0,52103,away,519,20250724
4,1,2,3,1,0,0,0,76290,away,519,20250724
1,0,0,0,0,0,0,0,50054,away,519,20250724
5,1,1,0,0,0,1,0,69102,away,519,20250724
0,0,0,0,0,0,0,0,55167,away,519,20250724
4,1,1,0,0,0,1,0,79365,away,519,20250724
0,0,0,0,0,0,0,0,52105,away,519,20250724
3,0,0,0,0,0,0,0,69100,away,519,20250724
2,0,0,0,0,1,2,0,52154,away,519,20250724
1,1,1,1,0,0,0,0,55164,away,519,20250724
2,0,0,0,0,0,0,0,66162,away,519,20250724
2,1,2,1,0,0,0,0,79109,away,519,20250724
2,1,2,1,0,1,0,0,62415,away,519,20250724
3,0,1,0,0,0,1,0,64646,home,519,20250724
1,0,0,0,0,0,0,0,50657,home,519,20250724
4,0,0,0,0,0,1,0,55645,home,519,20250724
3,0,0,0,0,0,0,0,62947,home,519,20250724
1,0,1,0,0,0,0,0,66606,home,519,20250724
3,0,0,0,0,0,0,0,72443,home,519,20250724
1,0,0,0,0,0,0,0,78122,home,519,20250724
3,0,1,0,0,0,0,0,78603,home,519,20250724
1,0,0,0,0,0,0,0,66614,home,519,20250724
4,0,0,0,0,0,2,0,69636,home,519,20250724
3,0,1,0,0,1,1,0,68646,home,519,20250724
2,0,0,0,0,0,0,0,64560,home,519,20250724
1,0,0,0,0,0,1,0,61353,home,519,20250724
2,0,0,0,0,1,2,0,65653,home,519,20250724
5,1,1,1,0,0,0,0,50500,away,520,20250724
4,1,2,2,1,0,0,0,69517,away,520,20250724
2,0,0,0,0,1,0,0,52591,away,520,20250724
4,0,0,0,0,0,0,0,54529,away,520,20250724
3,0,0,0,0,1,0,0,78513,away,520,20250724
4,0,0,0,0,0,1,0,61102,away,520,20250724
4,1,3,0,0,0,0,1,50150,away,520,20250724
3,1,1,0,0,1,0,0,52568,away,520,20250724
1,0,0,0,0,0,1,0,62802,away,520,20250724
1,0,0,0,0,0,1,0,77564,away,520,20250724
2,0,0,0,0,0,0,0,54598,away,520,20250724
4,0,0,0,0,0,0,0,65357,home,520,20250724
4,0,0,0,0,0,2,0,64340,home,520,20250724
4,0,1,0,0,0,0,0,50167,home,520,20250724
3,0,0,0,0,0,1,0,54444,home,520,20250724
2,0,0,0,0,1,0,0,76267,home,520,20250724
2,0,0,0,0,0,2,0,69332,home,520,20250724
1,0,0,0,0,0,0,0,64346,home,520,20250724
2,0,0,0,0,0,2,0,62332,home,520,20250724
1,0,1,0,0,0,0,0,53312,home,520,20250724
2,0,0,0,0,0,1,0,50304,home,520,20250724
1,0,0,0,0,0,1,0,51302,home,520,20250724
0,0,0,0,0,0,0,0,78756,home,520,20250724
3,0,0,0,0,0,2,0,55392,home,520,20250724
2,1,1,2,0,3,0,0,65207,away,521,20250725
5,0,2,2,0,0,0,0,68119,away,521,20250725
4,0,1,1,0,0,1,0,76290,away,521,20250725
1,0,0,0,0,0,0,0,66162,away,521,20250725
0,0,0,0,0,0,0,0,50106,away,521,20250725
4,0,1,0,0,0,0,0,69102,away,521,20250725
4,0,0,0,0,0,1,0,79365,away,521,20250725
4,0,1,0,0,0,2,0,79109,away,521,20250725
4,2,2,0,0,0,0,0,50054,away,521,20250725
0,0,0,0,0,0,0,0,69100,away,521,20250725
1,1,0,0,0,0,0,0,52103,away,521,20250725
2,1,1,0,0,0,0,0,55164,away,521,20250725
4,1,1,0,0,0,0,1,62415,away,521,20250725
4,1,1,0,0,1,1,0,79231,home,521,20250725
5,2,2,1,0,0,1,0,50208,home,521,20250725
5,1,2,0,0,0,1,0,55208,home,521,20250725
2,0,1,2,0,1,0,0,76232,home,521,20250725
0,1,0,0,0,0,0,0,64468,home,521,20250725
2,0,0,0,0,2,0,0,78224,home,521,20250725
0,0,0,0,0,0,0,1,66209,home,521,20250725
1,0,0,0,0,0,1,0,63123,home,521,20250725
5,0,2,1,0,0,1,0,55252,home,521,20250725
2,0,0,0,0,0,0,0,53554,home,521,20250725
2,0,0,1,0,1,1,0,69238,home,521,20250725
3,0,0,0,0,2,1,0,64153,home,521,20250725
3,0,1,0,0,2,1,1,67207,home,521,20250725
5,1,0,0,0,0,2,0,64646,away,522,20250725
5,1,2,2,1,0,2,0,69636,away,522,20250725
3,1,3,1,1,1,0,0,55645,away,522,20250725
3,0,2,1,0,0,0,0,72443,away,522,20250725
4,0,0,0,0,0,2,0,62947,away,522,20250725
0,0,0,0,0,0,0,0,66606,away,522,20250725
4,0,1,0,0,0,1,0,69727,away,522,20250725
4,0,0,0,0,0,1,0,65653,away,522,20250725
4,1,2,0,0,0,0,0,78122,away,522,20250725
1,0,0,0,0,0,1,0,50657,away,522,20250725
2,0,0,0,0,0,0,0,78603,away,522,20250725
4,0,1,0,0,0,0,0,50500,home,522,20250725
0,0,0,0,0,0,0,0,52504,home,522,20250725
5,0,0,0,0,0,1,0,69517,home,522,20250725
4,1,2,0,0,1,0,0,54529,home,522,20250725
4,2,1,0,0,1,1,0,78513,home,522,20250725
0,0,0,0,0,0,0,0,68507,home,522,20250725
3,2,2,2,1,0,0,0,52591,home,522,20250725
4,2,3,0,0,0,0,0,50150,home,522,20250725
4,0,3,3,0,0,0,1,52568,home,522,20250725
3,0,2,1,0,0,1,0,62802,home,522,20250725
1,0,0,0,0,0,1,0,54598,home,522,20250725
1,0,0,0,0,0,0,0,68518,home,522,20250725
0,0,0,1,0,0,0,0,61102,home,522,20250725
3,2,1,2,1,2,1,1,65357,away,523,20250725
4,1,1,0,0,0,1,0,50167,away,523,20250725
3,0,0,0,0,1,2,0,64340,away,523,20250725
4,0,0,0,0,0,1,0,76267,away,523,20250725
1,0,1,1,0,0,0,0,69332,away,523,20250725
4,0,1,0,0,1,0,0,54444,away,523,20250725
4,1,1,0,0,0,0,0,64346,away,523,20250725
4,1,1,0,0,0,2,0,53312,away,523,20250725
0,0,0,0,0,0,0,0,62332,away,523,20250725
3,1,2,1,0,1,0,0,55392,away,523,20250725
1,1,1,0,0,1,0,0,50304,away,523,20250725
1,0,1,2,0,0,0,0,68305,away,523,20250725
1,0,0,0,0,0,1,0,78756,away,523,20250725
4,2,3,0,0,2,0,1,51907,home,523,20250725
3,1,1,2,0,2,1,0,69992,home,523,20250725
4,0,0,1,0,0,1,0,62907,home,523,20250725
0,0,0,0,0,0,0,0,50902,home,523,20250725
4,3,2,2,1,1,1,0,68904,home,523,20250725
3,1,0,0,0,0,1,0,79215,home,523,20250725
1,1,1,2,0,0,0,0,50996,home,523,20250725
3,1,0,0,0,1,0,0,63963,home,523,20250725
1,1,1,1,0,0,0,0,67905,home,523,20250725
4,1,2,4,1,0,0,0,51344,home,523,20250725
1,2,1,1,0,0,0,1,51996,home,523,20250725
3,1,1,2,0,2,0,0,68912,home,523,20250725
0,0,0,0,0,0,0,0,64022,home,523,20250725
5,2,3,1,0,0,1,0,69995,home,523,20250725
4,1,2,1,0,0,0,0,62234,away,524,20250725
3,0,1,0,0,2,0,2,67449,away,524,20250725
5,0,1,0,0,0,1,0,62404,away,524,20250725
0,0,0,0,0,0,0,0,54401,away,524,20250725
5,1,1,2,1,0,1,0,54400,away,524,20250725
4,0,1,0,0,1,2,0,74540,away,524,20250725
2,0,0,0,0,1,1,0,52430,away,524,20250725
1,1,1,0,0,1,0,0,65586,away,524,20250725
3,0,0,0,0,0,0,0,52415,away,524,20250725
2,0,0,0,0,0,1,0,65040,away,524,20250725
3,0,1,0,0,0,1,0,66409,away,524,20250725
2,1,1,0,0,0,1,0,67005,away,524,20250725
1,0,0,0,0,1,0,0,65132,away,524,20250725
1,0,0,0,0,0,1,0,69418,away,524,20250725
2,1,1,2,0,0,0,0,54408,away,524,20250725
5,1,0,0,0,0,2,0,64004,home,524,20250725
1,2,0,0,0,3,0,0,68050,home,524,20250725
1,1,1,0,0,0,0,0,64504,home,524,20250725
2,1,1,0,0,2,0,0,52001,home,524,20250725
5,1,2,3,1,0,2,0,78548,home,524,20250725
2,1,1,2,0,0,0,0,67644,home,524,20250725
1,0,0,0,0,0,0,0,64166,home,524,20250725
3,0,0,0,0,1,0,0,79240,home,524,20250725
3,0,0,1,0,0,2,0,79402,home,524,20250725
3,0,1,1,0,0,1,0,51003,home,524,20250725
1,1,1,1,1,0,0,0,67025,home,524,20250725
0,0,0,0,0,0,0,0,64115,home,524,20250725
4,0,1,0,0,0,0,0,76313,home,524,20250725
4,0,1,0,0,0,2,0,50854,away,525,20250725
0,0,0,0,0,0,0,0,66917,away,525,20250725
4,0,0,0,0,0,2,0,68868,away,525,20250725
3,0,0,0,0,1,1,0,75847,away,525,20250725
4,0,2,0,0,0,0,0,53827,away,525,20250725
4,0,1,0,0,0,2,0,51868,away,525,20250725
3,0,0,0,0,1,2,0,66864,away,525,20250725
3,0,0,0,0,0,1,0,79456,away,525,20250725
3,0,1,0,0,0,0,1,54812,away,525,20250725
2,0,0,0,0,0,2,0,52804,away,525,20250725
1,0,0,0,0,0,1,0,60558,away,525,20250725
3,3,2,0,0,0,0,0,54795,home,525,20250725
4,0,1,1,0,0,0,0,55703,home,525,20250725
4,0,3,2,0,0,0,0,53764,home,525,20250725
4,0,0,1,0,0,1,0,69737,home,525,20250725
4,0,2,0,0,0,0,0,79192,home,525,20250725
4,0,0,0,0,0,2,0,50707,home,525,20250725
4,0,0,0,0,0,1,0,65703,home,525,20250725
4,0,0,0,0,0,2,0,78288,home,525,20250725
2,1,1,0,0,1,1,1,68700,home,525,20250725
3,1,1,0,0,1,2,0,65207,away,526,20250726
3,1,1,1,0,0,1,0,68119,away,526,20250726
4,0,1,1,0,0,0,0,76290,away,526,20250726
0,0,0,0,0,0,0,0,52103,away,526,20250726
2,0,0,1,0,1,2,0,69102,away,526,20250726
4,0,0,0,0,0,2,0,79365,away,526,20250726
3,1,0,0,0,1,0,0,79109,away,526,20250726
3,0,1,1,0,1,0,0,50054,away,526,20250726
4,0,0,0,0,0,1,0,69100,away,526,20250726
3,1,1,0,0,0,0,0,62415,away,526,20250726
5,0,2,1,0,0,0,0,50208,home,526,20250726
5,1,0,0,0,0,0,0,55252,home,526,20250726
5,0,2,0,0,0,1,0,55208,home,526,20250726
4,1,4,1,0,0,0,0,76232,home,526,20250726
0,0,0,0,0,0,0,0,53554,home,526,20250726
1,0,0,0,0,0,0,0,66112,home,526,20250726
3,0,0,0,0,1,1,0,78224,home,526,20250726
3,0,1,1,0,1,0,0,63257,home,526,20250726
0,0,0,0,0,0,0,1,66209,home,526,20250726
3,1,0,0,0,1,2,0,64153,home,526,20250726
4,0,2,0,0,0,1,1,67207,home,526,20250726
2,0,0,0,0,1,1,0,79231,home,526,20250726
5,0,3,1,0,0,0,0,61353,away,527,20250726
2,0,1,2,0,1,0,0,64646,away,527,20250726
5,0,0,0,0,0,2,0,55645,away,527,20250726
5,0,0,0,0,0,2,0,72443,away,527,20250726
3,0,0,0,0,1,2,0,69636,away,527,20250726
3,0,0,0,0,0,1,0,69727,away,527,20250726
1,0,0,0,0,0,0,0,62947,away,527,20250726
4,2,2,0,0,0,1,0,65653,away,527,20250726
4,2,2,1,1,0,1,0,68646,away,527,20250726
2,0,0,0,0,2,1,0,66614,away,527,20250726
4,2,2,0,0,1,1,0,50500,home,527,20250726
5,2,3,1,1,0,1,0,69517,home,527,20250726
3,2,1,1,0,1,0,0,50150,home,527,20250726
4,1,1,2,0,0,1,0,54529,home,527,20250726
1,1,0,0,0,0,0,1,52504,home,527,20250726
4,1,3,3,0,1,0,0,52591,home,527,20250726
0,0,0,0,0,0,0,0,68507,home,527,20250726
3,0,2,2,0,1,1,0,78513,home,527,20250726
0,0,0,0,0,1,0,0,51551,home,527,20250726
4,0,0,0,0,0,2,0,52568,home,527,20250726
1,0,0,0,0,0,0,0,54598,home,527,20250726
4,0,0,0,0,0,1,0,61102,home,527,20250726
1,0,0,0,0,0,0,0,68518,home,527,20250726
4,0,0,0,0,0,1,0,62802,home,527,20250726
5,1,4,1,1,0,0,0,65357,away,528,20250726
5,0,0,0,0,0,1,0,50167,away,528,20250726
4,0,1,0,0,0,1,0,54444,away,528,20250726
4,1,1,0,0,0,0,0,76267,away,528,20250726
4,2,2,2,1,0,1,0,64346,away,528,20250726
4,1,1,0,0,0,1,0,69332,away,528,20250726
2,1,1,3,1,0,0,0,64984,away,528,20250726
1,0,1,0,0,0,0,0,64340,away,528,20250726
0,0,0,0,0,0,0,0,50304,away,528,20250726
1,0,0,0,0,0,0,0,68305,away,528,20250726
0,0,0,0,0,0,0,0,78756,away,528,20250726
4,0,0,0,0,0,3,0,55392,away,528,20250726
3,0,0,0,0,0,2,0,62332,away,528,20250726
1,0,0,0,0,0,0,0,53312,away,528,20250726
5,1,3,0,0,0,1,0,51907,home,528,20250726
3,1,1,1,0,1,1,1,69992,home,528,20250726
5,2,3,3,1,0,0,1,62907,home,528,20250726
4,0,1,0,0,0,1,0,68904,home,528,20250726
2,1,0,1,0,1,0,0,79215,home,528,20250726
3,0,0,0,0,1,0,0,63963,home,528,20250726
0,1,0,0,0,0,0,0,51996,home,528,20250726
0,0,0,0,0,0,0,0,67905,home,528,20250726
4,1,3,3,1,0,1,0,51344,home,528,20250726
2,0,0,0,0,0,1,0,64022,home,528,20250726
2,0,0,0,0,0,1,0,68912,home,528,20250726
4,1,2,0,0,0,1,1,69995,home,528,20250726
6,1,2,1,0,0,1,0,62234,away,529,20250726
3,2,0,0,0,2,1,0,67449,away,529,20250726
1,0,0,0,0,0,1,0,66409,away,529,20250726
4,0,2,0,0,0,0,0,62404,away,529,20250726
0,1,0,0,0,0,0,0,69418,away,529,20250726
4,0,2,2,0,0,1,0,54400,away,529,20250726
5,1,1,1,0,0,0,0,74540,away,529,20250726
5,2,2,3,1,0,1,0,52430,away,529,20250726
3,1,1,0,0,1,1,0,67005,away,529,20250726
3,3,2,0,0,2,1,0,52415,away,529,20250726
4,0,3,3,0,0,0,0,54408,away,529,20250726
3,0,0,0,0,0,1,0,64004,home,529,20250726
1,0,0,0,0,0,0,0,68050,home,529,20250726
3,0,0,0,0,0,0,0,67025,home,529,20250726
3,0,0,0,0,0,0,0,52001,home,529,20250726
3,0,0,0,0,0,0,0,78548,home,529,20250726
0,0,0,0,0,0,0,0,68089,home,529,20250726
3,0,0,0,0,0,2,0,67644,home,529,20250726
3,0,2,0,0,0,0,0,79240,home,529,20250726
3,0,0,0,0,0,1,0,79402,home,529,20250726
3,0,0,0,0,0,0,0,76313,home,529,20250726
2,0,0,0,0,0,0,0,64115,home,529,20250726
1,0,0,0,0,0,0,0,67006,home,529,20250726
5,1,2,0,0,0,1,0,50854,away,530,20250726
2,1,0,1,0,2,1,0,66864,away,530,20250726
5,1,2,1,0,0,1,0,75847,away,530,20250726
0,0,0,0,0,0,0,0,54805,away,530,20250726
5,1,1,1,0,0,2,0,53827,away,530,20250726
0,0,0,0,0,0,0,0,68868,away,530,20250726
2,1,1,0,0,1,1,0,51868,away,530,20250726
2,1,1,0,0,0,1,1,60558,away,530,20250726
4,1,2,3,0,1,1,0,62934,away,530,20250726
3,0,1,1,0,0,0,0,79456,away,530,20250726
1,0,0,0,0,0,1,0,66662,away,530,20250726
3,1,2,0,0,1,0,1,54812,away,530,20250726
4,1,1,1,0,0,1,0,76802,away,530,20250726
0,0,0,0,0,0,0,0,66917,away,530,20250726
4,1,2,0,0,0,0,0,66657,home,530,20250726
3,0,1,0,0,1,0,0,55703,home,530,20250726
0,0,0,0,0,0,0,0,68700,home,530,20250726
4,0,2,1,0,0,1,0,53764,home,530,20250726
4,0,0,0,0,0,1,0,69737,home,530,20250726
0,0,0,0,0,0,0,0,65703,home,530,20250726
4,1,2,0,0,0,1,0,79192,home,530,20250726
4,0,2,0,0,0,0,0,66704,home,530,20250726
4,0,0,0,0,0,1,0,54795,home,530,20250726
2,0,0,0,0,0,0,0,78288,home,530,20250726
2,0,0,0,0,0,2,0,52764,home,530,20250726
3,1,1,0,0,0,0,0,64006,home,530,20250726
0,0,0,0,0,0,0,0,62700,home,530,20250726
4,1,1,2,0,0,0,0,65207,away,531,20250727
5,1,1,0,0,0,0,0,68119,away,531,20250727
4,1,3,1,0,0,0,0,76290,away,531,20250727
1,0,0,0,0,0,1,0,68110,away,531,20250727
4,1,2,3,1,0,1,0,69102,away,531,20250727
3,0,0,0,0,1,2,0,79365,away,531,20250727
4,0,2,0,0,0,0,0,79109,away,531,20250727
3,0,0,0,0,0,0,0,69100,away,531,20250727
1,0,0,0,0,0,1,0,50054,away,531,20250727
2,0,0,0,0,0,0,0,52154,away,531,20250727
0,0,0,0,0,1,0,0,55164,away,531,20250727
0,1,0,0,0,0,0,1,52103,away,531,20250727
1,0,0,0,0,0,0,0,52105,away,531,20250727
0,0,0,0,0,0,0,0,75867,away,531,20250727
0,0,0,0,0,0,0,0,65109,away,531,20250727
4,1,2,0,0,0,0,1,62415,away,531,20250727
2,0,0,0,0,0,1,0,50208,home,531,20250727
2,0,0,0,0,0,1,0,53554,home,531,20250727
0,0,0,0,0,1,0,1,78224,home,531,20250727
0,0,0,0,0,0,0,0,55224,home,531,20250727
5,2,3,2,0,0,1,1,67207,home,531,20250727
5,0,2,2,0,0,1,0,55208,home,531,20250727
4,0,1,0,0,0,0,0,76232,home,531,20250727
4,1,1,0,0,0,0,0,55252,home,531,20250727
4,2,2,0,0,0,1,0,66112,home,531,20250727
2,2,1,1,0,1,0,0,63257,home,531,20250727
1,1,1,0,0,0,0,1,66209,home,531,20250727
2,0,1,2,0,1,0,0,64468,home,531,20250727
2,1,1,1,0,1,0,0,79231,home,531,20250727
3,0,1,1,0,0,0,0,61353,away,532,20250727
0,0,0,0,0,0,0,0,66614,away,532,20250727
3,0,0,0,0,1,0,1,64646,away,532,20250727
4,1,1,0,0,0,2,0,69636,away,532,20250727
4,0,0,0,0,0,0,0,72443,away,532,20250727
4,0,1,1,0,0,2,0,78603,away,532,20250727
0,0,0,0,0,0,0,0,50657,away,532,20250727
3,0,1,0,0,0,1,0,62947,away,532,20250727
1,0,0,0,0,0,0,0,66606,away,532,20250727
3,0,0,0,0,0,2,0,55645,away,532,20250727
1,0,0,0,0,0,1,0,69727,away,532,20250727
3,1,2,1,1,0,0,0,78122,away,532,20250727
3,1,1,0,0,0,2,0,65653,away,532,20250727
3,0,0,0,0,0,3,0,50500,home,532,20250727
1,0,0,0,0,0,1,0,68507,home,532,20250727
4,0,1,0,0,0,0,0,69517,home,532,20250727
0,1,0,0,0,0,0,0,52504,home,532,20250727
3,0,0,0,0,0,2,0,50150,home,532,20250727
3,1,1,0,0,1,0,1,54529,home,532,20250727
4,0,0,0,0,0,0,0,52591,home,532,20250727
4,1,4,2,0,0,0,0,78513,home,532,20250727
0,1,0,0,0,0,0,0,77564,home,532,20250727
4,1,2,1,0,0,1,0,52568,home,532,20250727
4,0,2,2,0,0,0,0,61102,home,532,20250727
2,0,0,0,0,0,2,0,62802,home,532,20250727
0,0,0,0,0,1,0,0,51551,home,532,20250727
0,0,0,0,0,0,0,1,54598,home,532,20250727
3,2,2,1,0,1,0,0,65357,away,533,20250727
4,1,2,1,0,0,1,0,64340,away,533,20250727
4,0,0,0,0,0,1,0,50167,away,533,20250727
0,0,0,0,0,0,0,0,69332,away,533,20250727
4,0,1,2,0,0,1,0,54444,away,533,20250727
4,0,0,0,0,0,1,0,76267,away,533,20250727
4,0,0,0,0,0,0,0,64346,away,533,20250727
3,0,0,0,0,0,2,0,53312,away,533,20250727
1,0,0,0,0,0,0,0,68305,away,533,20250727
0,0,0,0,0,0,0,0,78756,away,533,20250727
3,0,0,0,0,0,1,0,55392,away,533,20250727
4,0,2,1,0,1,1,0,51907,home,533,20250727
0,0,0,0,0,0,0,0,55995,home,533,20250727
4,2,1,1,0,0,0,1,69992,home,533,20250727
4,1,1,3,1,0,0,0,62907,home,533,20250727
1,0,0,0,0,0,0,0,50902,home,533,20250727
4,0,1,1,0,0,0,0,68904,home,533,20250727
3,0,0,0,0,0,1,0,63963,home,533,20250727
1,0,0,0,0,0,1,0,79215,home,533,20250727
0,0,0,0,0,0,0,0,50996,home,533,20250727
3,1,0,0,0,0,1,0,51344,home,533,20250727
0,1,0,0,0,0,0,0,51996,home,533,20250727
4,2,2,0,0,0,1,0,69995,home,533,20250727
4,3,3,3,1,0,0,0,68912,home,533,20250727
0,0,0,0,0,0,0,0,64022,home,533,20250727
4,2,2,2,1,0,0,0,67905,home,533,20250727
5,0,0,0,0,0,0,0,62234,away,534,20250727
4,1,1,0,0,0,0,1,67449,away,534,20250727
4,1,3,1,0,0,1,0,62404,away,534,20250727
3,0,1,0,0,1,0,0,54400,away,534,20250727
4,0,1,1,0,0,1,0,65586,away,534,20250727
4,1,2,1,1,0,0,0,74540,away,534,20250727
4,0,1,0,0,0,1,0,52415,away,534,20250727
2,0,0,0,0,1,1,0,67005,away,534,20250727
0,0,0,0,0,0,0,0,69418,away,534,20250727
4,0,0,0,0,0,2,0,54408,away,534,20250727
4,0,2,0,0,0,0,0,64004,home,534,20250727
1,1,1,0,0,0,0,0,51003,home,534,20250727
4,0,0,1,0,1,1,0,68050,home,534,20250727
4,0,2,1,0,0,0,1,52001,home,534,20250727
4,0,1,0,0,1,2,0,78548,home,534,20250727
4,0,0,1,0,1,0,0,79240,home,534,20250727
4,0,0,0,0,0,1,0,76313,home,534,20250727
1,0,0,0,0,0,0,0,64504,home,534,20250727
1,0,1,0,0,0,0,0,67644,home,534,20250727
0,1,0,0,0,0,0,0,67006,home,534,20250727
2,0,0,0,0,0,0,0,64166,home,534,20250727
0,0,0,0,0,0,0,0,79402,home,534,20250727
1,1,1,1,0,0,0,0,68089,home,534,20250727
2,0,1,0,0,0,0,0,64115,home,534,20250727
1,1,0,0,0,1,0,0,67025,home,534,20250727
4,0,0,0,0,0,2,0,50854,away,535,20250727
3,1,2,0,0,1,1,0,54812,away,535,20250727
3,2,2,2,2,1,0,0,75847,away,535,20250727
3,0,1,0,0,0,1,0,53827,away,535,20250727
3,0,1,1,0,0,1,0,51868,away,535,20250727
0,0,0,0,0,0,0,0,60558,away,535,20250727
4,0,1,0,0,0,0,0,62934,away,535,20250727
3,0,0,0,0,0,1,0,66864,away,535,20250727
0,0,0,0,0,0,0,0,66917,away,535,20250727
4,0,1,0,0,0,0,0,66662,away,535,20250727
3,0,0,0,0,0,0,0,76802,away,535,20250727
4,0,0,0,0,0,1,0,54795,home,535,20250727
4,1,2,0,0,0,0,0,55703,home,535,20250727
3,0,0,0,0,1,0,0,53764,home,535,20250727
3,0,1,1,0,1,1,0,69737,home,535,20250727
3,0,0,0,0,1,0,0,79192,home,535,20250727
2,0,0,0,0,0,0,0,66657,home,535,20250727
2,0,0,0,0,0,1,1,68700,home,535,20250727
3,1,1,1,1,1,0,0,66704,home,535,20250727
3,0,1,0,0,0,1,0,78288,home,535,20250727
1,0,0,0,0,0,1,0,65703,home,535,20250727
2,0,0,0,0,0,1,0,64006,home,535,20250727
2,0,0,0,0,0,0,0,62700,home,535,20250727
4,0,0,0,0,0,0,0,68050,away,536,20250729
4,0,0,0,0,0,1,0,67644,away,536,20250729
4,0,1,0,0,0,0,0,52001,away,536,20250729
0,0,0,0,0,0,0,0,64166,away,536,20250729
3,0,0,0,0,1,0,0,78548,away,536,20250729
0,0,0,0,0,0,0,0,68089,away,536,20250729
3,1,1,0,0,0,0,0,79240,away,536,20250729
0,0,0,0,0,0,0,0,64115,away,536,20250729
4,0,0,0,0,0,0,0,76313,away,536,20250729
2,1,0,0,0,0,1,0,67006,away,536,20250729
2,0,0,0,0,0,0,0,67025,away,536,20250729
3,0,2,2,0,1,0,0,64504,away,536,20250729
4,0,1,0,0,0,0,0,51003,away,536,20250729
5,1,2,1,0,1,0,0,65207,home,536,20250729
5,0,3,1,0,0,0,0,68119,home,536,20250729
4,0,0,0,0,1,0,0,76290,home,536,20250729
0,0,0,0,0,0,0,0,52103,home,536,20250729
3,1,1,0,0,2,0,0,69102,home,536,20250729
3,0,1,0,0,2,1,0,79365,home,536,20250729
0,1,0,0,0,0,0,0,50054,home,536,20250729
0,0,0,0,0,0,0,0,52154,home,536,20250729
5,2,2,0,0,0,2,0,79109,home,536,20250729
5,1,4,3,0,0,0,0,69100,home,536,20250729
3,1,1,1,0,0,1,1,54156,home,536,20250729
2,0,0,1,0,0,0,0,55164,home,536,20250729
5,1,2,1,0,0,0,3,62415,home,536,20250729
0,0,0,0,0,0,0,0,54166,home,536,20250729
4,1,1,0,0,0,1,0,50167,away,537,20250729
3,1,1,0,0,2,1,0,64340,away,537,20250729
4,1,1,1,0,0,1,0,65357,away,537,20250729
4,0,0,0,0,0,1,0,54444,away,537,20250729
4,0,3,2,0,0,0,0,76267,away,537,20250729
3,0,0,0,0,0,1,0,64346,away,537,20250729
1,0,0,0,0,0,0,0,69332,away,537,20250729
3,0,0,0,0,1,1,0,64984,away,537,20250729
1,0,0,0,0,0,0,0,78756,away,537,20250729
4,0,1,0,0,0,0,0,53312,away,537,20250729
3,0,0,0,0,2,1,0,50854,home,537,20250729
5,1,2,2,0,0,1,1,54812,home,537,20250729
4,0,0,0,0,1,1,0,75847,home,537,20250729
3,2,2,2,1,1,0,0,53827,home,537,20250729
1,0,0,0,0,0,1,0,60558,home,537,20250729
3,3,2,1,1,1,0,0,51868,home,537,20250729
0,0,0,0,0,0,0,0,54805,home,537,20250729
4,1,1,0,0,0,0,0,62934,home,537,20250729
3,0,1,0,0,1,1,0,66864,home,537,20250729
4,1,2,4,1,0,1,0,79456,home,537,20250729
0,0,0,0,0,0,0,0,66662,home,537,20250729
2,1,1,0,0,1,0,0,76802,home,537,20250729
1,0,0,0,0,0,0,0,68868,home,537,20250729
0,0,0,0,0,0,0,0,66917,home,537,20250729
5,0,0,0,0,0,4,0,51907,away,538,20250729
4,0,0,0,0,0,1,0,66606,away,538,20250729
2,1,0,1,0,1,1,0,62907,away,538,20250729
3,0,0,0,0,0,1,0,68904,away,538,20250729
0,1,0,0,0,0,0,1,69992,away,538,20250729
1,0,1,0,0,0,0,0,69995,away,538,20250729
4,0,1,0,0,0,1,0,79215,away,538,20250729
3,0,0,1,0,0,1,0,63260,away,538,20250729
2,1,2,0,0,0,0,2,51344,away,538,20250729
2,0,0,0,0,1,0,0,68912,away,538,20250729
1,0,0,0,0,0,1,0,64022,away,538,20250729
3,1,1,0,0,1,2,1,63963,away,538,20250729
3,1,0,0,0,1,1,0,50500,home,538,20250729
1,0,0,0,0,0,0,0,77564,home,538,20250729
0,0,0,0,0,0,0,0,68507,home,538,20250729
4,2,2,0,0,1,1,0,69517,home,538,20250729
3,2,2,3,1,1,0,1,50150,home,538,20250729
4,0,0,0,0,0,1,0,54529,home,538,20250729
2,0,1,1,0,0,0,0,52591,home,538,20250729
4,0,0,0,0,0,1,0,78513,home,538,20250729
4,0,1,0,0,0,2,0,52568,home,538,20250729
3,0,1,0,0,0,1,0,61102,home,538,20250729
0,0,0,0,0,1,0,0,68518,home,538,20250729
2,0,1,0,0,1,0,0,62802,home,538,20250729
0,1,0,0,0,0,0,0,52504,home,538,20250729
0,0,0,0,0,0,0,0,54598,home,538,20250729
5,1,3,1,0,0,1,0,79231,away,539,20250729
4,1,1,0,0,1,0,0,67207,away,539,20250729
4,0,0,1,0,0,1,0,55208,away,539,20250729
5,1,2,1,0,0,0,0,76232,away,539,20250729
3,1,2,0,0,1,1,0,63257,away,539,20250729
1,1,0,0,0,0,0,0,66209,away,539,20250729
5,0,1,1,0,0,1,0,55252,away,539,20250729
3,2,2,3,1,0,0,0,78224,away,539,20250729
3,0,0,0,0,0,0,0,64468,away,539,20250729
4,2,2,1,0,0,0,0,53554,away,539,20250729
5,1,1,1,1,0,1,0,61353,home,539,20250729
3,0,0,0,0,2,1,0,64646,home,539,20250729
3,0,0,0,0,0,1,0,69636,home,539,20250729
4,0,1,0,0,0,2,0,72443,home,539,20250729
4,1,2,1,1,0,1,0,62947,home,539,20250729
0,0,0,0,0,0,0,0,55636,home,539,20250729
4,1,1,0,0,0,0,0,78603,home,539,20250729
0,0,0,0,0,0,0,0,66614,home,539,20250729
0,0,0,0,0,0,0,0,55645,home,539,20250729
4,2,2,0,0,0,1,0,69727,home,539,20250729
2,0,0,0,0,0,0,0,68646,home,539,20250729
1,1,1,2,1,0,0,0,78122,home,539,20250729
4,0,1,2,0,0,1,0,65653,home,539,20250729
5,1,2,0,0,0,2,0,52415,away,540,20250729
5,1,3,2,0,0,0,0,67449,away,540,20250729
3,1,2,3,0,0,0,0,62404,away,540,20250729
1,0,0,0,0,0,0,0,67005,away,540,20250729
4,1,2,2,1,1,0,0,54400,away,540,20250729
0,0,0,0,0,0,0,0,65586,away,540,20250729
3,0,0,0,0,0,1,0,74540,away,540,20250729
3,1,1,1,1,2,2,1,52430,away,540,20250729
4,0,0,0,0,0,3,0,75125,away,540,20250729
1,0,0,0,0,0,0,0,65040,away,540,20250729
4,3,2,1,1,1,1,0,69418,away,540,20250729
2,1,0,0,0,0,0,0,62234,away,540,20250729
0,0,0,0,0,0,0,0,54408,away,540,20250729
4,0,2,0,0,0,2,0,66704,home,540,20250729
4,0,1,0,0,0,1,0,55703,home,540,20250729
3,0,0,0,0,0,1,0,53764,home,540,20250729
1,0,0,0,0,0,1,0,68700,home,540,20250729
3,1,2,0,0,1,1,0,69737,home,540,20250729
3,1,0,0,0,1,0,0,79192,home,540,20250729
4,0,1,1,0,0,1,0,79608,home,540,20250729
4,0,1,0,0,0,0,0,62700,home,540,20250729
2,0,0,0,0,0,0,0,78288,home,540,20250729
1,0,0,0,0,0,0,0,52764,home,540,20250729
1,0,0,0,0,0,0,0,50707,home,540,20250729
4,0,1,0,0,0,2,0,65703,home,540,20250729
4,0,1,0,0,0,0,0,76313,away,541,20250730
3,0,0,0,0,0,0,0,64504,away,541,20250730
3,0,1,0,0,0,0,0,52001,away,541,20250730
3,0,1,0,0,0,1,0,78548,away,541,20250730
0,0,0,0,0,0,0,0,68089,away,541,20250730
3,0,0,0,0,0,1,0,68050,away,541,20250730
3,0,0,0,0,0,1,0,67025,away,541,20250730
3,0,1,0,0,0,0,0,79240,away,541,20250730
2,0,1,0,0,0,0,0,64166,away,541,20250730
1,0,1,0,0,0,0,0,67006,away,541,20250730
2,0,1,0,0,0,0,0,64115,away,541,20250730
1,0,0,0,0,0,0,0,79402,away,541,20250730
4,2,2,0,0,0,1,0,65207,home,541,20250730
2,0,1,2,0,1,0,0,68119,home,541,20250730
4,0,1,0,0,0,1,0,76290,home,541,20250730
4,0,1,0,0,0,3,0,69102,home,541,20250730
3,1,1,0,0,1,1,0,79109,home,541,20250730
3,1,1,2,1,0,1,0,55164,home,541,20250730
1,0,0,0,0,0,0,0,52103,home,541,20250730
4,0,2,0,0,0,0,0,69100,home,541,20250730
4,0,1,0,0,0,0,0,52154,home,541,20250730
3,1,0,0,0,1,0,1,62415,home,541,20250730
4,1,0,0,0,1,4,0,50167,away,542,20250730
6,1,1,3,1,0,2,0,64340,away,542,20250730
4,1,1,0,0,1,0,1,65357,away,542,20250730
5,0,1,1,0,0,0,0,54444,away,542,20250730
4,0,0,0,0,1,0,0,76267,away,542,20250730
3,0,1,0,0,1,1,0,50357,away,542,20250730
1,0,0,0,0,0,1,0,69332,away,542,20250730
4,0,1,0,0,0,0,0,64984,away,542,20250730
1,0,0,0,0,0,0,0,54344,away,542,20250730
0,0,0,0,0,0,0,0,78756,away,542,20250730
4,1,1,1,1,0,2,0,53312,away,542,20250730
0,0,0,0,0,0,0,0,62332,away,542,20250730
5,1,2,0,0,0,0,0,55392,away,542,20250730
3,1,0,0,0,1,0,1,50854,home,542,20250730
4,0,1,1,0,0,1,0,54812,home,542,20250730
0,0,0,0,0,0,0,0,76802,home,542,20250730
4,2,3,1,1,1,1,0,75847,home,542,20250730
3,0,2,2,0,0,0,0,53827,home,542,20250730
2,0,0,0,0,0,1,0,60558,home,542,20250730
4,0,0,0,0,1,2,0,51868,home,542,20250730
0,0,0,0,0,0,0,0,54805,home,542,20250730
5,0,2,1,0,0,1,0,62934,home,542,20250730
5,0,1,0,0,0,1,0,79456,home,542,20250730
4,1,1,0,0,1,1,0,69813,home,542,20250730
4,1,1,0,0,0,1,0,66864,home,542,20250730
0,0,0,0,0,0,0,0,66917,home,542,20250730
1,0,0,0,0,0,0,0,66662,home,542,20250730
6,2,3,1,0,0,0,4,51907,away,543,20250730
3,0,1,1,0,0,1,0,63963,away,543,20250730
2,0,2,2,0,0,0,0,68904,away,543,20250730
4,0,1,1,0,0,0,0,79215,away,543,20250730
1,0,0,0,0,1,1,0,69992,away,543,20250730
4,0,2,0,0,1,1,0,63260,away,543,20250730
4,0,0,0,0,1,1,0,51344,away,543,20250730
3,1,1,0,0,0,0,0,69995,away,543,20250730
1,0,0,0,0,0,1,0,62907,away,543,20250730
1,0,0,0,0,0,1,0,50600,away,543,20250730
4,2,2,0,0,1,2,0,67905,away,543,20250730
5,2,4,0,0,0,1,0,68912,away,543,20250730
4,2,2,3,0,0,1,1,66606,away,543,20250730
5,0,0,0,0,0,1,0,69517,home,543,20250730
4,0,0,0,0,1,2,0,50150,home,543,20250730
5,0,1,0,0,0,0,0,54529,home,543,20250730
3,1,0,0,0,2,0,0,78513,home,543,20250730
2,1,1,0,0,1,0,0,52591,home,543,20250730
1,0,0,0,0,1,0,0,50500,home,543,20250730
4,1,4,2,0,0,0,0,61102,home,543,20250730
0,0,0,0,0,0,0,0,52504,home,543,20250730
1,0,0,0,0,0,1,0,55563,home,543,20250730
4,1,1,0,0,1,1,0,52568,home,543,20250730
3,0,1,1,0,1,2,0,51551,home,543,20250730
4,0,1,1,0,0,0,0,62802,home,543,20250730
3,0,1,0,0,1,1,0,67207,away,544,20250730
3,1,1,0,0,0,0,1,66209,away,544,20250730
0,0,0,0,0,0,0,0,55224,away,544,20250730
1,0,0,0,0,0,1,0,63257,away,544,20250730
0,0,0,0,0,0,0,0,54205,away,544,20250730
5,0,1,1,0,0,1,0,55208,away,544,20250730
5,0,0,0,0,0,2,0,76232,away,544,20250730
4,0,1,0,0,1,0,0,55252,away,544,20250730
4,0,0,0,0,1,1,0,78224,away,544,20250730
5,0,1,0,0,0,1,0,66112,away,544,20250730
3,0,0,0,0,0,0,0,53554,away,544,20250730
1,0,0,0,0,1,1,0,64468,away,544,20250730
2,1,2,0,0,0,0,1,79231,away,544,20250730
4,0,0,0,0,0,0,0,55645,home,544,20250730
1,0,0,0,0,1,0,0,69636,home,544,20250730
5,0,2,0,0,1,0,1,64646,home,544,20250730
4,0,1,1,0,0,0,0,78603,home,544,20250730
1,0,0,0,0,1,0,0,66614,home,544,20250730
6,0,0,0,0,0,1,0,72443,home,544,20250730
3,0,0,0,0,0,1,0,61353,home,544,20250730
1,0,0,0,0,1,1,1,55636,home,544,20250730
5,1,2,0,0,0,1,0,62947,home,544,20250730
3,0,0,0,0,0,0,0,69727,home,544,20250730
2,0,0,0,0,0,1,0,50657,home,544,20250730
3,0,1,1,0,0,0,0,78122,home,544,20250730
1,0,1,0,0,1,0,0,68646,home,544,20250730
4,1,3,0,0,1,0,2,65653,home,544,20250730
4,0,1,0,0,0,0,0,52415,away,545,20250730
4,0,3,0,0,0,0,0,67449,away,545,20250730
3,0,1,0,0,1,0,0,62404,away,545,20250730
4,0,1,0,0,0,1,0,54400,away,545,20250730
3,0,0,0,0,0,2,0,52430,away,545,20250730
1,0,0,0,0,0,1,0,65586,away,545,20250730
2,0,0,0,0,1,1,0,69418,away,545,20250730
1,0,0,0,0,0,0,0,75125,away,545,20250730
3,0,0,0,0,0,2,0,65040,away,545,20250730
1,0,1,0,0,0,0,0,74540,away,545,20250730
3,0,0,0,0,0,2,0,69428,away,545,20250730
1,0,0,0,0,0,0,0,67005,away,545,20250730
2,0,1,0,0,0,0,0,54408,away,545,20250730
1,0,0,0,0,0,0,0,62234,away,545,20250730
4,1,2,1,1,0,1,0,66704,home,545,20250730
3,1,1,1,1,1,1,0,55703,home,545,20250730
0,0,0,0,0,0,0,0,68700,home,545,20250730
4,0,0,0,0,0,0,0,53764,home,545,20250730
4,1,1,1,1,0,2,0,69737,home,545,20250730
3,1,2,0,0,0,0,0,79192,home,545,20250730
2,0,0,0,0,0,1,0,79608,home,545,20250730
3,1,1,1,0,0,0,0,62700,home,545,20250730
0,0,0,0,0,0,0,0,64006,home,545,20250730
2,0,1,1,0,0,0,0,78288,home,545,20250730
3,0,0,0,0,0,1,0,54795,home,545,20250730
2,0,1,0,0,0,1,0,64004,away,546,20250731
2,0,0,0,0,0,0,0,67644,away,546,20250731
3,0,1,0,0,0,1,0,76313,away,546,20250731
1,0,0,0,0,0,0,0,68050,away,546,20250731
4,0,1,0,0,0,1,0,52001,away,546,20250731
0,0,0,0,0,0,0,0,51007,away,546,20250731
3,0,0,0,0,1,0,0,67025,away,546,20250731
2,0,1,0,0,0,0,0,79240,away,546,20250731
2,0,0,0,0,0,1,0,51003,away,546,20250731
3,0,1,0,0,0,1,0,79402,away,546,20250731
1,0,0,0,0,0,0,0,64504,away,546,20250731
4,0,0,0,0,0,2,0,67006,away,546,20250731
3,0,0,0,0,0,2,0,68089,away,546,20250731
3,0,0,0,0,0,1,0,64115,away,546,20250731
3,2,1,0,0,3,0,0,65207,home,546,20250731
3,1,1,1,0,1,0,0,68119,home,546,20250731
1,0,0,0,0,0,1,0,54166,home,546,20250731
3,2,2,2,0,0,0,0,76290,home,546,20250731
3,1,1,1,0,0,0,0,55164,home,546,20250731
6,4,5,7,2,0,0,0,69102,home,546,20250731
6,2,2,1,0,0,0,0,79365,home,546,20250731
1,0,0,0,0,0,1,0,79109,home,546,20250731
0,0,0,0,0,0,0,0,54156,home,546,20250731
3,1,0,0,0,0,0,0,50054,home,546,20250731
5,1,4,2,0,0,0,0,69100,home,546,20250731
4,2,1,1,1,1,2,0,52154,home,546,20250731
3,0,3,3,0,0,0,1,62415,home,546,20250731
2,2,1,0,0,0,0,0,52103,home,546,20250731
4,0,1,0,0,1,1,0,65357,away,547,20250731
3,0,0,0,0,1,1,1,64340,away,547,20250731
4,0,0,0,0,0,2,0,54444,away,547,20250731
2,0,0,0,0,0,2,0,50357,away,547,20250731
2,1,1,1,1,0,0,0,76267,away,547,20250731
3,1,1,0,0,1,1,2,69332,away,547,20250731
3,0,0,0,0,0,0,0,64984,away,547,20250731
1,0,0,0,0,0,0,0,50167,away,547,20250731
3,0,2,1,0,1,1,0,54344,away,547,20250731
2,0,0,0,0,0,2,0,55392,away,547,20250731
0,0,0,0,0,1,0,0,78756,away,547,20250731
4,0,0,0,0,0,2,0,53312,away,547,20250731
4,2,2,0,0,0,2,1,50854,home,547,20250731
2,1,1,0,0,1,1,2,54812,home,547,20250731
2,1,1,1,0,2,0,0,75847,home,547,20250731
2,0,0,1,0,1,0,0,51868,home,547,20250731
0,0,0,0,0,0,0,0,60558,home,547,20250731
3,0,0,0,0,0,0,0,62934,home,547,20250731
0,0,0,0,0,1,0,0,53827,home,547,20250731
0,0,0,0,0,0,0,0,69804,home,547,20250731
2,0,0,1,0,1,1,0,69813,home,547,20250731
4,0,0,0,0,0,1,0,66662,home,547,20250731
0,0,0,0,0,0,0,0,79456,home,547,20250731
3,0,1,0,0,0,0,0,76802,home,547,20250731
3,0,0,0,0,0,0,0,66917,home,547,20250731
3,2,2,2,0,0,1,0,51907,away,548,20250731
1,0,0,0,0,0,0,0,69992,away,548,20250731
3,0,1,2,0,0,1,0,63963,away,548,20250731
1,0,0,0,0,0,1,0,68904,away,548,20250731
3,0,0,0,0,1,0,0,79215,away,548,20250731
4,0,0,0,0,0,1,0,63260,away,548,20250731
2,0,0,0,0,0,0,0,51344,away,548,20250731
2,0,0,0,0,0,1,0,50600,away,548,20250731
4,1,2,0,0,0,0,0,69995,away,548,20250731
4,0,1,0,0,0,1,0,67905,away,548,20250731
1,0,0,0,0,1,0,0,64022,away,548,20250731
2,0,1,0,0,0,0,0,68912,away,548,20250731
3,2,1,1,0,0,0,0,66606,away,548,20250731
5,1,2,1,0,0,1,0,68507,home,548,20250731
3,1,0,0,0,2,0,0,69517,home,548,20250731
4,1,2,4,1,0,1,0,50150,home,548,20250731
3,0,1,1,0,1,0,0,54529,home,548,20250731
0,1,0,0,0,0,0,1,50500,home,548,20250731
4,0,1,1,0,1,0,0,78513,home,548,20250731
0,1,0,0,0,0,0,0,77564,home,548,20250731
3,1,1,0,0,2,0,0,61102,home,548,20250731
0,0,0,0,0,0,0,0,51528,home,548,20250731
5,1,2,1,0,0,1,0,52568,home,548,20250731
2,2,1,2,0,1,1,0,51551,home,548,20250731
0,0,0,0,0,0,0,0,54598,home,548,20250731
1,0,0,0,0,0,0,0,52591,home,548,20250731
1,0,0,0,0,0,0,0,52504,home,548,20250731
3,2,1,0,0,1,0,0,62802,home,548,20250731
3,0,1,0,0,1,0,1,79231,away,549,20250731
4,0,0,0,0,0,1,0,67207,away,549,20250731
3,0,0,0,0,0,1,0,55208,away,549,20250731
3,2,2,1,1,1,0,0,76232,away,549,20250731
4,0,0,0,0,0,1,0,78224,away,549,20250731
4,0,2,0,0,0,1,1,55252,away,549,20250731
4,0,1,0,0,0,2,0,53554,away,549,20250731
3,0,1,1,0,0,1,0,64468,away,549,20250731
1,0,0,0,0,0,0,0,63257,away,549,20250731
2,0,0,0,0,1,0,0,66209,away,549,20250731
1,0,0,0,0,0,1,0,66112,away,549,20250731
4,0,0,0,0,0,1,0,64646,home,549,20250731
3,0,1,0,0,0,2,0,55645,home,549,20250731
1,0,0,0,0,0,0,0,61353,home,549,20250731
0,0,0,0,0,0,0,0,66614,home,549,20250731
4,1,2,0,0,0,1,0,78603,home,549,20250731
0,0,0,0,0,0,0,0,50657,home,549,20250731
4,2,2,1,1,0,2,0,72443,home,549,20250731
4,0,1,1,0,0,3,0,62947,home,549,20250731
0,0,0,0,0,0,0,0,67609,home,549,20250731
3,0,0,0,0,1,2,0,69636,home,549,20250731
4,0,2,1,0,0,1,0,69727,home,549,20250731
2,0,0,0,0,0,0,0,78122,home,549,20250731
3,0,0,0,0,0,2,0,65653,home,549,20250731
2,0,0,1,0,0,2,0,52415,away,550,20250731
0,0,0,0,0,0,0,0,54408,away,550,20250731
3,0,0,0,0,1,0,0,67449,away,550,20250731
0,0,0,0,0,0,0,0,67005,away,550,20250731
3,0,0,0,0,1,1,0,62404,away,550,20250731
4,0,0,0,0,0,1,0,54400,away,550,20250731
3,0,0,0,0,0,0,0,74540,away,550,20250731
1,0,0,0,0,0,1,0,69428,away,550,20250731
3,0,1,0,0,0,1,0,52430,away,550,20250731
2,0,0,0,0,0,1,0,75125,away,550,20250731
1,0,0,0,0,0,0,0,65040,away,550,20250731
2,1,0,0,0,1,1,0,69418,away,550,20250731
3,0,1,0,0,0,0,0,62234,away,550,20250731
2,2,2,0,0,1,0,0,66704,home,550,20250731
1,1,0,0,0,0,0,1,68700,home,550,20250731
5,2,3,2,1,0,0,0,55703,home,550,20250731
4,0,1,2,0,0,0,0,53764,home,550,20250731
1,0,0,0,0,0,0,0,50707,home,550,20250731
4,0,1,0,0,1,1,0,69737,home,550,20250731
4,0,0,1,0,0,0,0,79192,home,550,20250731
4,0,3,0,0,0,0,0,79608,home,550,20250731
3,1,0,0,0,1,0,0,62700,home,550,20250731
0,0,0,0,0,0,0,0,54795,home,550,20250731
2,0,0,0,0,1,1,0,78288,home,550,20250731
4,1,1,1,0,0,0,0,64006,home,550,20250731
3,1,1,0,0,2,1,1,50854,away,551,20250801
5,0,2,1,0,0,2,0,54812,away,551,20250801
0,0,0,0,0,0,0,0,66917,away,551,20250801
4,1,1,1,0,1,2,0,75847,away,551,20250801
3,0,0,0,0,0,1,0,51868,away,551,20250801
1,0,0,0,0,1,1,0,60558,away,551,20250801
5,2,2,2,1,0,1,1,69813,away,551,20250801
4,1,1,1,1,0,1,0,62934,away,551,20250801
1,0,0,0,0,0,0,0,69804,away,551,20250801
5,1,1,0,0,0,1,1,66864,away,551,20250801
3,0,1,1,0,0,0,0,79456,away,551,20250801
1,0,0,0,0,0,0,0,53827,away,551,20250801
0,0,0,0,0,0,0,0,66662,away,551,20250801
3,1,2,1,0,1,1,0,76802,away,551,20250801
3,1,1,0,0,1,0,0,79231,home,551,20250801
4,0,1,0,0,0,2,0,67207,home,551,20250801
2,1,0,0,0,2,0,0,55208,home,551,20250801
0,0,0,0,0,0,0,0,66209,home,551,20250801
4,0,1,1,0,0,0,0,76232,home,551,20250801
3,0,0,1,0,0,1,0,55252,home,551,20250801
1,0,0,0,0,0,1,0,55224,home,551,20250801
3,0,0,0,0,1,0,0,66112,home,551,20250801
3,0,0,0,0,1,2,0,63257,home,551,20250801
1,0,0,0,0,1,0,0,54205,home,551,20250801
4,0,1,0,0,0,0,0,64468,home,551,20250801
5,0,2,1,0,0,0,0,65207,away,552,20250801
3,0,1,1,0,1,0,0,68119,away,552,20250801
4,0,1,0,0,0,0,0,76290,away,552,20250801
0,0,0,0,0,0,0,0,52103,away,552,20250801
4,1,1,0,0,0,1,0,69102,away,552,20250801
4,0,0,0,0,0,2,0,79365,away,552,20250801
4,0,0,0,0,0,0,0,79109,away,552,20250801
4,0,1,1,0,0,1,0,69100,away,552,20250801
3,1,1,1,1,0,0,0,50054,away,552,20250801
1,0,0,0,0,0,1,0,54156,away,552,20250801
0,0,0,0,0,0,0,0,50106,away,552,20250801
2,2,1,0,0,2,0,1,62415,away,552,20250801
5,0,0,0,0,0,2,0,52415,home,552,20250801
4,0,2,0,0,0,0,0,67449,home,552,20250801
2,0,0,0,0,2,2,0,62404,home,552,20250801
4,1,1,0,0,0,0,0,54400,home,552,20250801
4,0,1,0,0,0,1,0,74540,home,552,20250801
4,1,1,0,0,0,1,0,69418,home,552,20250801
3,0,1,0,0,0,1,0,75125,home,552,20250801
4,0,2,2,0,0,0,0,52430,home,552,20250801
3,0,0,0,0,0,1,0,62234,home,552,20250801
1,0,0,0,0,0,1,0,54408,home,552,20250801
3,0,0,0,0,0,1,0,67644,away,553,20250801
1,0,0,0,0,0,1,0,76313,away,553,20250801
1,0,0,0,0,0,1,0,67006,away,553,20250801
4,1,2,2,1,1,0,0,68050,away,553,20250801
3,0,1,0,0,1,0,0,52001,away,553,20250801
4,0,0,0,0,0,0,0,78548,away,553,20250801
4,1,2,1,1,0,1,0,79402,away,553,20250801
4,0,2,0,0,0,1,0,79240,away,553,20250801
3,0,1,0,0,1,0,0,64504,away,553,20250801
4,0,0,0,0,0,3,0,66706,away,553,20250801
1,0,0,0,0,0,0,0,64115,away,553,20250801
1,1,0,0,0,0,0,0,67025,away,553,20250801
2,0,0,0,0,0,2,0,51003,away,553,20250801
4,0,1,0,0,0,0,0,51907,home,553,20250801
4,1,1,0,0,0,0,1,66606,home,553,20250801
4,0,1,1,0,0,1,0,62907,home,553,20250801
4,1,3,1,1,0,1,0,54944,home,553,20250801
4,1,2,0,0,0,1,0,79215,home,553,20250801
0,0,0,0,0,0,0,0,69992,home,553,20250801
3,1,1,1,0,0,0,0,63260,home,553,20250801
1,0,0,0,0,0,0,0,51344,home,553,20250801
4,0,2,1,0,0,1,0,69995,home,553,20250801
4,0,1,0,0,0,1,0,68912,home,553,20250801
3,1,1,1,1,0,1,0,63963,home,553,20250801
0,0,0,0,0,0,0,0,67905,home,553,20250801
3,1,1,0,0,1,1,0,66704,away,554,20250801
0,0,0,0,0,0,0,0,68700,away,554,20250801
4,1,1,0,0,0,1,0,55703,away,554,20250801
4,0,2,2,0,0,0,0,53764,away,554,20250801
4,0,0,0,0,0,2,0,69737,away,554,20250801
3,0,0,0,0,1,0,0,79192,away,554,20250801
4,0,1,0,0,0,1,0,79608,away,554,20250801
0,0,0,0,0,0,0,0,52704,away,554,20250801
2,0,0,0,0,1,0,0,62700,away,554,20250801
3,0,0,0,0,0,0,0,78288,away,554,20250801
2,0,0,0,0,1,1,0,64006,away,554,20250801
0,0,0,0,0,0,0,0,54795,away,554,20250801
4,0,1,0,0,0,0,0,64646,home,554,20250801
4,0,1,0,0,0,1,0,55645,home,554,20250801
4,1,1,0,0,0,0,0,78603,home,554,20250801
0,0,0,0,0,0,0,0,66614,home,554,20250801
4,1,1,0,0,0,2,0,72443,home,554,20250801
4,1,2,1,0,0,1,0,62947,home,554,20250801
0,0,0,0,0,0,0,0,67609,home,554,20250801
3,0,1,1,0,0,1,0,68646,home,554,20250801
3,0,1,0,0,0,2,0,69636,home,554,20250801
2,0,0,0,0,0,2,0,69727,home,554,20250801
1,0,0,0,0,0,0,0,61353,home,554,20250801
0,0,0,0,0,0,0,0,50657,home,554,20250801
3,0,0,0,0,0,0,0,65653,home,554,20250801
4,0,0,0,0,0,1,0,68507,away,555,20250801
4,0,2,0,0,0,0,0,69517,away,555,20250801
4,0,0,0,0,0,0,0,50150,away,555,20250801
4,0,0,0,0,0,0,0,54529,away,555,20250801
3,0,0,0,0,1,0,0,52591,away,555,20250801
3,0,1,0,0,0,0,0,61102,away,555,20250801
1,0,0,0,0,0,1,0,51528,away,555,20250801
2,0,0,0,0,1,1,0,52568,away,555,20250801
3,0,1,0,0,0,1,0,62802,away,555,20250801
2,0,0,0,0,0,2,0,52504,away,555,20250801
1,0,0,0,0,0,0,0,78513,away,555,20250801
0,0,0,0,0,0,0,0,50500,away,555,20250801
4,0,0,0,0,0,3,0,50167,home,555,20250801
3,1,1,0,0,1,2,0,64340,home,555,20250801
2,1,0,0,0,2,1,0,65357,home,555,20250801
4,0,1,1,0,0,0,0,76267,home,555,20250801
3,0,2,0,0,1,0,0,54444,home,555,20250801
0,0,0,0,0,0,0,0,50357,home,555,20250801
3,0,0,0,0,0,0,0,54344,home,555,20250801
1,0,0,0,0,0,0,0,64984,home,555,20250801
3,0,1,0,0,0,0,0,62332,home,555,20250801
5,0,1,0,0,0,2,0,54812,away,556,20250802
5,0,1,0,0,0,3,0,66864,away,556,20250802
5,0,0,0,0,0,0,0,75847,away,556,20250802
4,0,2,0,0,0,0,0,53827,away,556,20250802
4,0,0,0,0,0,1,0,69813,away,556,20250802
2,1,0,0,0,0,0,0,51868,away,556,20250802
2,0,0,0,0,0,1,0,50854,away,556,20250802
3,1,0,0,0,1,0,0,60558,away,556,20250802
3,1,2,1,0,1,0,0,79456,away,556,20250802
0,0,0,0,0,0,0,0,66662,away,556,20250802
4,1,2,3,1,0,1,0,69804,away,556,20250802
4,1,1,0,0,0,0,0,79231,home,556,20250802
4,0,0,0,0,0,1,0,67207,home,556,20250802
4,2,3,2,1,0,0,1,55208,home,556,20250802
4,0,1,1,0,0,0,0,76232,home,556,20250802
3,0,1,0,0,1,2,0,78224,home,556,20250802
4,0,1,0,0,0,1,0,55252,home,556,20250802
2,1,0,0,0,1,1,0,63257,home,556,20250802
0,0,0,0,0,0,0,0,54214,home,556,20250802
1,0,0,0,0,0,1,0,66112,home,556,20250802
0,0,0,0,0,0,0,0,66209,home,556,20250802
3,0,0,0,0,0,0,0,64468,home,556,20250802
1,0,0,0,0,0,0,0,53554,home,556,20250802
2,1,1,1,0,0,0,0,54205,home,556,20250802
4,0,0,0,0,0,0,0,65207,away,557,20250802
3,0,0,0,0,1,1,0,68119,away,557,20250802
4,0,1,0,0,0,1,0,76290,away,557,20250802
0,0,0,0,0,0,0,0,52103,away,557,20250802
4,1,1,1,1,0,3,0,69102,away,557,20250802
4,1,1,1,1,0,0,0,79365,away,557,20250802
4,1,1,1,1,0,2,0,79109,away,557,20250802
4,0,2,0,0,0,0,0,69100,away,557,20250802
3,0,1,0,0,0,0,0,50054,away,557,20250802
2,0,0,0,0,0,0,0,62415,away,557,20250802
4,1,2,1,1,0,2,0,67449,home,557,20250802
3,0,1,0,0,1,0,1,69418,home,557,20250802
3,0,0,0,0,1,1,1,62404,home,557,20250802
1,0,0,0,0,1,1,0,54400,home,557,20250802
1,0,0,0,0,1,0,0,75125,home,557,20250802
0,0,0,0,0,0,0,0,62234,home,557,20250802
4,1,1,1,1,0,1,0,52430,home,557,20250802
3,0,0,0,0,0,2,0,65040,home,557,20250802
1,0,0,0,0,0,0,0,67005,home,557,20250802
4,0,0,0,0,0,1,0,52415,home,557,20250802
4,0,0,0,0,0,1,0,69442,home,557,20250802
3,0,0,0,0,0,1,0,54408,home,557,20250802
4,1,1,3,1,1,2,0,67644,away,558,20250802
0,0,0,0,0,0,0,0,67006,away,558,20250802
5,1,1,1,0,1,2,0,68050,away,558,20250802
3,1,2,0,0,2,0,0,52001,away,558,20250802
0,0,0,0,0,0,0,0,51007,away,558,20250802
5,0,0,0,0,0,1,0,78548,away,558,20250802
1,0,0,0,0,0,0,0,68089,away,558,20250802
4,0,1,2,0,1,1,0,79402,away,558,20250802
3,1,0,0,0,1,1,0,79240,away,558,20250802
4,2,1,0,0,1,2,0,64504,away,558,20250802
4,0,1,0,0,0,2,0,66706,away,558,20250802
2,0,0,0,0,0,1,0,51003,away,558,20250802
1,0,0,0,0,0,0,0,50066,away,558,20250802
0,0,0,0,0,0,0,0,64115,away,558,20250802
2,0,1,0,0,0,1,0,76313,away,558,20250802
5,1,3,2,1,0,0,0,51907,home,558,20250802
6,0,0,0,0,0,1,0,66606,home,558,20250802
4,1,0,0,0,2,1,1,62907,home,558,20250802
4,1,2,1,1,0,1,0,54944,home,558,20250802
2,0,1,1,0,0,0,1,69992,home,558,20250802
4,1,2,1,0,1,0,0,79215,home,558,20250802
0,0,0,0,0,0,0,0,68900,home,558,20250802
4,1,1,1,0,0,1,0,63260,home,558,20250802
1,0,0,0,0,0,0,0,67905,home,558,20250802
4,0,0,0,0,0,1,0,69995,home,558,20250802
5,1,3,1,0,0,2,0,68912,home,558,20250802
2,0,1,0,0,0,0,1,63963,home,558,20250802
2,0,1,0,0,0,1,0,51344,home,558,20250802
1,1,1,0,0,0,0,0,50600,home,558,20250802
3,0,1,0,0,1,0,1,68507,away,560,20250802
3,0,0,0,0,0,2,0,69517,away,560,20250802
0,1,0,0,0,0,0,0,50500,away,560,20250802
3,0,0,0,0,0,1,0,50150,away,560,20250802
0,0,0,0,0,0,0,0,62528,away,560,20250802
4,0,0,0,0,0,0,0,54529,away,560,20250802
3,0,0,0,0,1,1,0,52591,away,560,20250802
0,1,0,0,0,0,0,0,54598,away,560,20250802
3,0,0,0,0,0,0,0,61102,away,560,20250802
1,0,1,1,0,0,0,0,78513,away,560,20250802
0,0,0,0,0,0,0,0,51528,away,560,20250802
3,0,0,0,0,0,1,0,51551,away,560,20250802
0,0,0,0,0,0,0,0,52504,away,560,20250802
1,0,1,1,0,0,0,0,77564,away,560,20250802
4,1,1,0,0,0,1,0,52568,away,560,20250802
3,0,1,1,0,0,1,0,62802,away,560,20250802
3,0,0,0,0,1,1,0,65357,home,560,20250802
4,0,0,0,0,0,2,0,64340,home,560,20250802
4,1,2,0,0,0,2,0,76267,home,560,20250802
3,1,1,0,0,1,0,0,54444,home,560,20250802
3,0,1,2,0,0,0,0,50167,home,560,20250802
1,0,0,0,0,0,0,0,50357,home,560,20250802
3,0,1,0,0,0,1,0,53312,home,560,20250802
1,0,0,0,0,0,0,0,62332,home,560,20250802
2,0,0,0,0,0,1,0,64984,home,560,20250802
2,0,0,0,0,0,1,0,54344,home,560,20250802
0,0,0,0,0,1,0,0,55392,home,560,20250802
2,0,0,0,0,0,1,0,69332,home,560,20250802
5,2,2,0,0,1,3,0,68507,away,561,20250803
4,2,1,1,0,1,1,0,69517,away,561,20250803
1,0,0,0,0,0,0,0,60523,away,561,20250803
5,2,3,2,0,0,0,0,50150,away,561,20250803
0,0,0,0,0,0,0,0,54598,away,561,20250803
5,1,3,2,0,0,0,0,54529,away,561,20250803
0,0,0,0,0,0,0,0,52504,away,561,20250803
2,1,1,1,0,0,0,0,52591,away,561,20250803
1,0,1,0,0,0,0,0,50500,away,561,20250803
3,0,1,1,0,1,2,0,78513,away,561,20250803
3,0,0,1,0,1,0,0,61102,away,561,20250803
1,0,0,0,0,0,0,0,51528,away,561,20250803
3,0,0,1,0,2,2,0,52568,away,561,20250803
4,1,1,0,0,0,1,0,62802,away,561,20250803
0,0,0,0,0,0,0,0,77564,away,561,20250803
4,0,2,1,0,0,1,0,65357,home,561,20250803
1,1,0,0,0,0,0,0,54344,home,561,20250803
4,0,2,0,0,0,1,0,64340,home,561,20250803
0,0,0,0,0,0,0,0,55392,home,561,20250803
4,0,1,1,0,0,2,0,50167,home,561,20250803
2,0,1,0,0,1,0,0,54444,home,561,20250803
1,0,0,0,0,0,0,0,50357,home,561,20250803
4,0,0,0,0,0,0,0,64984,home,561,20250803
4,1,1,0,0,0,2,0,53312,home,561,20250803
4,1,1,0,0,0,2,0,69332,home,561,20250803
3,0,0,1,0,0,0,0,78756,home,561,20250803
4,2,2,0,0,1,0,0,67893,away,562,20250803
3,0,1,1,0,0,1,0,54812,away,562,20250803
5,0,3,1,0,0,0,0,75847,away,562,20250803
3,0,1,1,0,1,0,0,53827,away,562,20250803
5,0,0,0,0,0,1,0,51868,away,562,20250803
3,0,1,0,0,1,1,0,50854,away,562,20250803
4,0,1,0,0,0,0,0,60558,away,562,20250803
3,0,0,0,0,0,0,0,69804,away,562,20250803
1,0,0,0,0,0,0,0,69813,away,562,20250803
2,0,0,0,0,0,1,0,51865,away,562,20250803
0,1,0,0,0,1,0,0,66864,away,562,20250803
1,0,0,0,0,0,1,0,79456,away,562,20250803
5,0,3,0,0,0,0,0,79231,home,562,20250803
4,0,1,0,0,0,2,0,67207,home,562,20250803
4,0,0,0,0,1,0,0,55208,home,562,20250803
5,1,2,0,0,0,0,0,76232,home,562,20250803
4,0,1,1,0,0,0,0,78224,home,562,20250803
0,0,0,0,0,0,0,0,54214,home,562,20250803
1,0,0,0,0,0,1,0,63257,home,562,20250803
4,1,2,0,0,0,0,1,55252,home,562,20250803
4,0,1,0,0,0,0,0,66112,home,562,20250803
4,0,1,0,0,0,0,0,53554,home,562,20250803
4,0,2,1,0,0,0,1,64468,home,562,20250803
3,1,1,1,0,2,0,0,65207,away,563,20250803
1,0,0,0,0,0,0,0,68119,away,563,20250803
2,0,1,0,0,0,0,0,52103,away,563,20250803
3,1,1,1,0,1,0,0,76290,away,563,20250803
3,1,1,1,0,1,0,0,69102,away,563,20250803
4,0,0,0,0,0,1,0,79365,away,563,20250803
2,1,1,1,1,2,1,2,79109,away,563,20250803
4,0,0,0,0,0,0,1,69100,away,563,20250803
3,1,1,0,0,1,0,0,55164,away,563,20250803
3,1,1,0,0,1,2,0,62415,away,563,20250803
4,0,1,0,0,0,0,0,69418,home,563,20250803
3,1,1,1,0,1,0,0,67449,home,563,20250803
3,0,3,0,0,1,0,0,62404,home,563,20250803
4,0,1,1,0,0,2,0,54400,home,563,20250803
2,0,0,0,0,1,1,0,52430,home,563,20250803
3,0,0,0,0,0,0,0,75125,home,563,20250803
2,0,0,0,0,0,1,0,62234,home,563,20250803
1,0,0,0,0,0,0,0,54408,home,563,20250803
3,2,2,0,0,0,1,0,69442,home,563,20250803
1,0,0,0,0,1,1,0,52415,home,563,20250803
4,0,0,0,0,0,2,0,79402,away,564,20250803
0,0,0,0,0,0,0,0,51003,away,564,20250803
4,1,1,0,0,0,0,0,64504,away,564,20250803
4,0,1,1,0,0,0,0,52001,away,564,20250803
3,0,0,0,0,1,0,0,78548,away,564,20250803
3,0,1,0,0,1,1,0,68050,away,564,20250803
3,0,1,0,0,1,0,0,79240,away,564,20250803
4,0,1,0,0,0,1,0,67644,away,564,20250803
0,0,0,0,0,0,0,0,67006,away,564,20250803
3,0,0,0,0,0,1,0,64115,away,564,20250803
1,0,0,0,0,0,1,0,76313,away,564,20250803
4,0,2,0,0,0,1,0,66706,away,564,20250803
4,0,1,0,0,0,2,0,51907,home,564,20250803
3,0,0,0,0,0,0,0,63963,home,564,20250803
1,0,0,0,0,0,0,0,66606,home,564,20250803
4,0,1,0,0,0,1,0,79215,home,564,20250803
0,0,0,0,0,0,0,1,69992,home,564,20250803
4,1,1,1,1,0,2,0,54944,home,564,20250803
3,0,0,0,0,0,1,0,63260,home,564,20250803
0,0,0,0,0,1,0,0,62907,home,564,20250803
3,0,1,0,0,0,0,0,51344,home,564,20250803
2,0,0,0,0,0,0,0,69995,home,564,20250803
2,0,0,0,0,0,0,0,50600,home,564,20250803
2,0,0,0,0,1,1,0,68912,home,564,20250803
3,0,0,0,0,0,1,0,67905,home,564,20250803
4,0,0,0,0,0,1,0,79231,away,566,20250805
4,0,1,0,0,0,0,0,67207,away,566,20250805
4,0,0,0,0,0,2,0,55208,away,566,20250805
3,1,2,1,1,1,1,0,76232,away,566,20250805
4,0,1,0,0,0,0,0,55252,away,566,20250805
2,1,0,0,0,1,1,1,78224,away,566,20250805
1,0,0,0,0,0,1,0,66112,away,566,20250805
4,0,0,0,0,0,1,0,63123,away,566,20250805
4,0,2,1,0,0,1,0,64468,away,566,20250805
2,0,0,0,0,0,1,0,69238,away,566,20250805
1,0,0,0,0,0,0,0,63257,away,566,20250805
0,0,0,0,0,0,0,0,66209,away,566,20250805
5,0,0,0,0,0,2,0,65207,home,566,20250805
3,1,2,0,0,0,0,0,68119,home,566,20250805
3,1,2,0,0,1,0,0,53123,home,566,20250805
4,1,1,3,1,0,0,0,69102,home,566,20250805
3,1,2,0,0,1,0,0,76290,home,566,20250805
0,0,0,0,0,0,0,0,52103,home,566,20250805
4,0,1,0,0,0,1,0,79109,home,566,20250805
3,0,1,1,0,1,0,0,69100,home,566,20250805
2,0,0,0,0,0,0,0,52154,home,566,20250805
2,0,0,0,0,0,1,0,79365,home,566,20250805
3,0,0,0,0,1,0,0,62415,home,566,20250805
5,0,1,0,0,0,1,0,69418,away,567,20250805
3,1,1,0,0,2,0,0,67449,away,567,20250805
3,1,0,0,0,2,1,0,62404,away,567,20250805
4,1,1,3,1,1,0,0,54400,away,567,20250805
3,1,1,0,0,1,0,0,74540,away,567,20250805
2,0,0,0,0,0,2,0,52415,away,567,20250805
3,2,2,3,2,1,0,0,52430,away,567,20250805
2,0,0,0,0,0,0,0,69442,away,567,20250805
0,0,0,0,0,0,0,0,67005,away,567,20250805
1,0,0,0,0,0,1,0,51407,away,567,20250805
1,0,0,0,0,0,0,0,69428,away,567,20250805
4,0,0,0,0,0,1,0,54408,away,567,20250805
4,1,2,1,0,1,1,1,67893,home,567,20250805
4,0,1,0,0,0,1,0,54812,home,567,20250805
1,0,0,0,0,0,1,0,60558,home,567,20250805
3,0,0,0,0,1,0,0,75847,home,567,20250805
4,0,2,0,0,0,1,0,53827,home,567,20250805
3,0,2,1,0,0,0,0,62895,home,567,20250805
4,0,0,0,0,0,2,0,51868,home,567,20250805
0,0,0,0,0,0,0,0,69804,home,567,20250805
3,0,0,0,0,0,1,0,50854,home,567,20250805
1,0,0,0,0,0,0,0,50840,home,567,20250805
4,1,3,0,0,0,0,1,66864,home,567,20250805
3,0,0,0,0,0,0,0,79456,home,567,20250805
1,0,0,0,0,0,0,0,51865,home,567,20250805
3,0,1,0,0,1,0,0,64646,away,568,20250805
3,0,1,0,0,0,0,0,78603,away,568,20250805
0,0,0,0,0,0,0,0,66614,away,568,20250805
4,0,0,0,0,0,3,0,52605,away,568,20250805
3,0,0,0,0,0,2,0,72443,away,568,20250805
2,0,0,0,0,1,0,0,62947,away,568,20250805
1,1,0,0,0,0,0,0,67609,away,568,20250805
4,1,1,0,0,0,2,0,55645,away,568,20250805
4,0,0,0,0,0,3,0,69636,away,568,20250805
4,0,1,2,0,0,1,0,78122,away,568,20250805
2,0,0,0,0,0,0,0,65653,away,568,20250805
4,0,0,0,0,0,2,0,68507,home,568,20250805
3,0,1,0,0,1,2,0,69517,home,568,20250805
3,0,1,0,0,0,1,0,50150,home,568,20250805
3,0,0,0,0,1,2,0,54529,home,568,20250805
4,0,1,0,0,0,1,0,52591,home,568,20250805
0,0,0,0,0,0,0,0,52504,home,568,20250805
1,0,0,0,0,0,0,0,78513,home,568,20250805
3,0,0,0,0,0,1,0,60523,home,568,20250805
3,0,0,0,0,0,0,0,61102,home,568,20250805
2,0,0,0,0,0,1,0,62802,home,568,20250805
3,0,0,0,0,0,2,0,52568,home,568,20250805
3,3,1,2,1,2,1,1,65357,away,569,20250805
4,1,1,1,0,1,1,1,64340,away,569,20250805
3,1,1,1,0,2,1,0,76267,away,569,20250805
4,0,0,0,0,0,1,0,50167,away,569,20250805
3,0,2,1,0,1,0,0,54444,away,569,20250805
5,1,2,2,1,0,1,0,64984,away,569,20250805
1,0,0,0,0,1,1,0,55392,away,569,20250805
1,1,0,0,0,0,0,0,54344,away,569,20250805
0,0,0,0,0,0,0,0,78756,away,569,20250805
2,0,0,0,0,0,1,0,62332,away,569,20250805
3,1,1,1,0,1,0,0,50357,away,569,20250805
4,0,0,0,0,0,3,0,51907,home,569,20250805
4,0,1,0,0,0,0,0,66606,home,569,20250805
4,1,2,0,0,0,0,0,62907,home,569,20250805
4,0,1,0,0,0,1,0,54944,home,569,20250805
4,0,1,1,0,0,0,0,79215,home,569,20250805
3,0,1,0,0,0,0,0,63260,home,569,20250805
1,1,0,0,0,0,1,0,69992,home,569,20250805
3,2,1,1,0,0,1,1,51344,home,569,20250805
4,1,1,2,1,0,2,0,68912,home,569,20250805
2,0,0,0,0,0,2,0,63963,home,569,20250805
3,1,1,0,0,0,2,0,67644,away,570,20250805
0,0,0,0,0,0,0,0,51007,away,570,20250805
3,0,0,1,0,0,1,0,79240,away,570,20250805
2,1,0,0,0,1,1,0,52001,away,570,20250805
0,0,0,0,0,0,0,0,64115,away,570,20250805
4,0,1,3,0,0,1,0,68050,away,570,20250805
4,0,0,0,0,0,1,0,78548,away,570,20250805
4,0,0,0,0,0,2,0,64504,away,570,20250805
3,1,2,1,1,1,1,0,76313,away,570,20250805
2,1,0,0,0,1,1,0,66706,away,570,20250805
2,0,0,0,0,0,2,0,51003,away,570,20250805
1,0,1,0,0,0,0,0,50066,away,570,20250805
1,1,0,0,0,0,0,0,67006,away,570,20250805
5,0,2,0,0,0,1,0,66704,home,570,20250805
5,0,2,0,0,0,1,1,55703,home,570,20250805
5,1,2,1,1,0,0,0,53764,home,570,20250805
0,0,0,0,0,0,0,0,68700,home,570,20250805
5,1,1,0,0,0,2,0,69737,home,570,20250805
4,0,2,1,0,0,0,0,79192,home,570,20250805
4,0,0,0,0,0,0,0,79608,home,570,20250805
4,0,2,0,0,0,0,0,62700,home,570,20250805
1,0,1,0,0,2,0,0,78288,home,570,20250805
1,0,0,0,0,0,0,0,76812,home,570,20250805
3,0,0,0,0,0,0,0,65703,home,570,20250805
1,0,0,0,0,0,1,0,54795,home,570,20250805
3,2,1,0,0,2,0,1,79231,away,571,20250806
4,2,2,1,0,1,1,0,67207,away,571,20250806
4,1,2,2,1,1,1,0,55208,away,571,20250806
4,1,2,4,1,1,0,0,76232,away,571,20250806
4,0,1,0,0,1,0,0,55252,away,571,20250806
4,0,0,0,0,0,0,0,63257,away,571,20250806
1,0,0,0,0,0,0,0,66209,away,571,20250806
5,1,1,0,0,0,2,0,63123,away,571,20250806
3,1,0,0,0,1,1,0,66112,away,571,20250806
3,1,1,1,0,0,1,0,64468,away,571,20250806
1,1,1,2,1,0,0,0,53554,away,571,20250806
4,1,1,0,0,1,0,0,65207,home,571,20250806
1,0,0,0,0,0,1,0,52103,home,571,20250806
2,1,0,0,0,1,1,0,68119,home,571,20250806
1,0,0,0,0,1,1,0,55164,home,571,20250806
5,1,2,0,0,0,1,0,53123,home,571,20250806
5,2,2,1,0,0,0,0,69102,home,571,20250806
4,2,1,1,1,1,0,0,76290,home,571,20250806
4,0,1,1,0,1,0,0,69100,home,571,20250806
1,0,0,0,0,0,0,0,54156,home,571,20250806
3,0,1,2,0,1,1,0,79365,home,571,20250806
1,0,1,0,0,0,0,0,52154,home,571,20250806
3,0,1,2,0,1,0,0,79109,home,571,20250806
4,1,1,0,0,0,0,0,62415,home,571,20250806
1,0,1,0,0,0,0,0,50054,home,571,20250806
3,0,0,0,0,1,1,0,67005,away,572,20250806
4,1,2,1,1,0,0,1,67449,away,572,20250806
4,0,0,0,0,0,1,0,62404,away,572,20250806
4,2,2,2,2,0,1,0,54400,away,572,20250806
2,1,0,0,0,2,0,0,74540,away,572,20250806
4,0,1,1,0,0,1,0,52430,away,572,20250806
4,0,0,0,0,0,1,0,52415,away,572,20250806
4,0,1,0,0,0,1,0,55440,away,572,20250806
2,0,0,0,0,0,1,0,55438,away,572,20250806
1,0,0,0,0,0,0,0,54408,away,572,20250806
1,0,0,0,0,0,1,0,51407,away,572,20250806
4,1,1,0,0,0,0,0,67893,home,572,20250806
4,0,1,0,0,0,0,0,66864,home,572,20250806
2,1,1,1,0,2,0,0,75847,home,572,20250806
3,0,1,0,0,0,0,0,53827,home,572,20250806
3,1,1,0,0,1,0,0,62895,home,572,20250806
4,1,2,1,0,0,1,0,50840,home,572,20250806
4,0,0,0,0,0,0,1,50854,home,572,20250806
2,0,0,0,0,0,1,0,69804,home,572,20250806
2,1,1,3,1,0,0,0,60558,home,572,20250806
3,0,0,0,0,0,3,0,51865,home,572,20250806
3,1,0,0,0,1,1,1,64646,away,573,20250806
0,0,0,0,0,0,0,0,50657,away,573,20250806
4,0,0,0,0,0,2,0,78603,away,573,20250806
0,0,0,0,0,0,0,0,66614,away,573,20250806
4,0,0,1,0,0,1,0,52605,away,573,20250806
4,0,0,0,0,0,2,0,72443,away,573,20250806
2,0,1,0,0,1,0,0,62947,away,573,20250806
1,0,0,0,0,0,0,0,61353,away,573,20250806
4,0,0,0,0,0,1,0,55645,away,573,20250806
3,0,1,0,0,1,1,0,69636,away,573,20250806
3,0,2,0,0,0,0,0,78122,away,573,20250806
0,0,0,0,0,0,0,0,68646,away,573,20250806
2,0,1,0,0,1,0,0,65653,away,573,20250806
0,0,0,0,0,0,0,0,67609,away,573,20250806
2,0,0,0,0,0,1,0,68507,home,573,20250806
2,0,1,3,0,1,1,0,50500,home,573,20250806
5,0,0,0,0,0,2,0,69517,home,573,20250806
4,1,1,0,0,0,1,0,50150,home,573,20250806
0,0,0,0,0,0,0,0,68205,home,573,20250806
5,1,2,0,0,0,0,0,54529,home,573,20250806
3,2,0,0,0,1,0,0,52591,home,573,20250806
1,0,0,0,0,0,0,0,52504,home,573,20250806
3,1,1,1,0,1,0,0,62931,home,573,20250806
3,1,1,0,0,1,0,0,61102,home,573,20250806
0,0,0,0,0,0,0,0,51528,home,573,20250806
2,1,1,2,0,1,1,0,62802,home,573,20250806
1,0,0,0,0,0,0,0,77564,home,573,20250806
0,0,0,0,0,0,0,0,54598,home,573,20250806
2,0,1,1,0,2,1,0,52568,home,573,20250806
5,2,3,0,0,1,0,0,65357,away,574,20250806
4,2,0,0,0,2,0,0,64340,away,574,20250806
3,0,0,1,0,2,0,0,76267,away,574,20250806
6,1,2,5,1,0,2,0,54444,away,574,20250806
5,1,2,0,0,1,0,0,64984,away,574,20250806
2,0,0,0,0,0,1,0,53312,away,574,20250806
1,0,0,0,0,0,0,0,62332,away,574,20250806
4,1,1,0,0,0,0,0,50167,away,574,20250806
4,0,2,1,0,0,0,0,55392,away,574,20250806
0,0,0,0,0,0,0,0,78756,away,574,20250806
0,1,0,0,0,1,0,0,54344,away,574,20250806
4,1,3,1,0,1,0,0,50357,away,574,20250806
5,2,3,0,0,0,1,0,51907,home,574,20250806
5,2,3,0,0,0,1,0,66606,home,574,20250806
5,0,2,3,0,0,1,0,62907,home,574,20250806
3,0,1,0,0,0,1,0,54944,home,574,20250806
2,1,0,0,0,0,1,0,50600,home,574,20250806
1,0,0,0,0,0,0,0,79215,home,574,20250806
1,0,0,0,0,1,1,0,63963,home,574,20250806
1,0,0,0,0,0,0,0,67905,home,574,20250806
2,0,0,0,0,0,0,0,63260,home,574,20250806
2,0,1,0,0,0,0,0,69992,home,574,20250806
4,0,0,0,0,0,1,0,51344,home,574,20250806
1,0,0,0,0,0,1,0,68912,home,574,20250806
2,0,1,0,0,1,0,0,64022,home,574,20250806
3,0,0,0,0,0,0,0,69995,home,574,20250806
5,0,2,0,0,0,1,0,55013,away,575,20250806
3,1,2,0,0,2,0,0,79240,away,575,20250806
5,1,2,1,0,0,2,0,52001,away,575,20250806
5,0,3,2,0,0,1,0,68050,away,575,20250806
4,0,1,0,0,0,2,0,78548,away,575,20250806
1,0,1,0,0,0,0,0,79402,away,575,20250806
2,0,0,0,0,0,2,0,67644,away,575,20250806
1,0,0,0,0,0,0,0,50066,away,575,20250806
2,0,0,0,0,0,0,0,51007,away,575,20250806
4,1,2,0,0,0,2,0,76313,away,575,20250806
0,0,0,0,0,0,0,0,64504,away,575,20250806
3,0,1,1,0,0,2,0,64115,away,575,20250806
1,0,0,0,0,0,1,0,66706,away,575,20250806
0,0,0,0,0,0,0,0,68089,away,575,20250806
3,1,1,0,0,1,1,0,51003,away,575,20250806
3,1,0,0,0,1,0,0,66704,home,575,20250806
3,2,1,2,1,1,1,0,55703,home,575,20250806
3,2,2,0,0,1,1,0,53764,home,575,20250806
4,0,1,0,0,0,0,0,69737,home,575,20250806
4,0,2,2,0,0,0,0,79192,home,575,20250806
4,0,1,1,0,0,0,0,62700,home,575,20250806
4,0,1,0,0,0,1,1,68700,home,575,20250806
2,0,0,0,0,1,1,0,78288,home,575,20250806
2,0,0,0,0,1,0,0,65703,home,575,20250806
5,0,0,0,0,0,1,0,79231,away,576,20250807
3,0,1,1,0,1,1,0,67207,away,576,20250807
5,0,0,0,0,0,2,0,55208,away,576,20250807
4,1,1,0,0,0,1,2,76232,away,576,20250807
4,1,2,1,0,0,0,0,55252,away,576,20250807
0,0,0,0,0,0,0,0,64468,away,576,20250807
3,0,0,0,0,0,2,0,63257,away,576,20250807
1,0,0,0,0,0,1,0,66209,away,576,20250807
4,1,2,0,0,0,0,0,63123,away,576,20250807
2,0,0,0,0,0,1,0,51269,away,576,20250807
2,0,1,0,0,0,1,0,68362,away,576,20250807
4,0,3,1,0,0,1,1,53554,away,576,20250807
5,0,2,3,0,0,0,0,65207,home,576,20250807
5,1,1,0,0,0,0,0,68119,home,576,20250807
4,0,2,0,0,0,0,0,53123,home,576,20250807
4,0,1,0,0,0,0,0,69102,home,576,20250807
2,1,1,1,0,2,0,0,76290,home,576,20250807
3,1,1,0,0,1,0,0,79109,home,576,20250807
2,0,0,0,0,0,1,0,55164,home,576,20250807
1,0,0,0,0,1,0,0,52103,home,576,20250807
1,0,0,0,0,0,0,0,52154,home,576,20250807
2,0,0,0,0,1,1,0,79365,home,576,20250807
3,1,0,0,0,1,0,0,62415,home,576,20250807
4,1,1,2,0,1,0,0,69418,away,577,20250807
4,1,0,0,0,1,1,0,67449,away,577,20250807
4,0,2,2,0,0,0,0,62404,away,577,20250807
1,0,0,0,0,0,0,0,67005,away,577,20250807
4,0,1,1,0,0,1,0,54400,away,577,20250807
4,1,3,0,0,0,0,0,74540,away,577,20250807
4,1,1,0,0,0,2,0,52430,away,577,20250807
3,1,1,1,0,0,0,0,61404,away,577,20250807
3,1,0,0,0,0,1,0,52415,away,577,20250807
4,0,0,0,0,0,2,0,54408,away,577,20250807
3,0,0,0,0,0,1,0,67893,home,577,20250807
1,0,0,0,0,0,0,0,76802,home,577,20250807
4,0,0,0,0,0,1,0,54812,home,577,20250807
4,0,1,0,0,0,1,0,75847,home,577,20250807
4,1,2,1,1,0,0,0,53827,home,577,20250807
0,0,0,0,0,0,0,0,69804,home,577,20250807
3,0,0,0,0,1,0,0,62895,home,577,20250807
2,0,0,0,0,0,1,0,51868,home,577,20250807
1,0,0,0,0,0,0,0,60558,home,577,20250807
2,0,0,0,0,0,1,0,50854,home,577,20250807
1,0,0,0,0,0,0,0,69813,home,577,20250807
3,0,3,0,0,0,0,0,50840,home,577,20250807
2,0,0,0,0,0,0,0,79456,home,577,20250807
1,0,0,0,0,0,1,0,51865,home,577,20250807
5,0,1,1,0,0,1,0,61353,away,578,20250807
0,0,0,0,0,0,0,0,67609,away,578,20250807
4,1,0,0,0,1,1,0,64646,away,578,20250807
2,1,1,0,0,1,1,0,52605,away,578,20250807
2,0,2,0,0,0,0,0,50657,away,578,20250807
5,0,2,1,0,0,2,0,72443,away,578,20250807
2,1,1,1,0,3,0,0,62947,away,578,20250807
4,1,1,2,1,0,1,0,78603,away,578,20250807
1,0,0,0,0,0,1,0,66614,away,578,20250807
5,1,1,1,1,0,1,0,55645,away,578,20250807
3,1,0,0,0,1,1,0,68646,away,578,20250807
0,0,0,0,0,0,0,0,78122,away,578,20250807
3,0,1,0,0,0,0,0,65653,away,578,20250807
4,1,0,0,0,0,0,0,50500,home,578,20250807
4,0,0,0,0,0,0,0,69517,home,578,20250807
4,0,0,0,0,0,0,0,50150,home,578,20250807
3,1,3,1,0,1,0,0,54529,home,578,20250807
0,0,0,0,0,0,0,0,68507,home,578,20250807
2,0,0,0,0,0,0,0,52591,home,578,20250807
2,1,1,0,0,0,0,0,52504,home,578,20250807
4,1,2,1,0,0,0,0,61102,home,578,20250807
4,1,1,3,1,0,0,0,52568,home,578,20250807
4,0,2,0,0,0,0,0,77564,home,578,20250807
3,0,0,0,0,0,1,0,68205,home,578,20250807
1,0,0,0,0,0,1,0,62931,home,578,20250807
7,2,3,3,1,0,0,1,65357,away,579,20250807
6,2,1,2,1,0,4,1,64340,away,579,20250807
5,2,3,1,0,1,0,0,76267,away,579,20250807
5,3,3,1,1,1,1,0,54444,away,579,20250807
5,1,1,1,0,0,0,0,64984,away,579,20250807
0,0,0,0,0,0,0,0,78756,away,579,20250807
0,1,0,0,0,0,0,0,69332,away,579,20250807
0,0,0,0,0,0,0,0,55393,away,579,20250807
4,0,3,3,0,0,1,0,50167,away,579,20250807
2,1,0,0,0,0,0,0,55392,away,579,20250807
2,0,1,0,0,0,0,0,54344,away,579,20250807
5,0,1,1,0,0,1,0,62332,away,579,20250807
1,0,1,1,0,0,0,0,53312,away,579,20250807
5,1,2,0,0,1,1,0,50357,away,579,20250807
6,2,3,2,0,1,1,0,51907,home,579,20250807
7,3,3,4,1,0,0,0,66606,home,579,20250807
6,1,1,0,0,1,2,0,62907,home,579,20250807
2,0,0,0,0,0,1,0,54944,home,579,20250807
3,0,2,3,0,1,1,0,63260,home,579,20250807
4,1,3,1,1,0,1,0,79215,home,579,20250807
1,0,0,0,0,0,0,0,67905,home,579,20250807
2,0,0,0,0,0,0,0,51344,home,579,20250807
3,0,0,0,0,1,1,1,69995,home,579,20250807
3,1,1,1,0,3,1,0,68912,home,579,20250807
0,0,0,0,0,0,0,0,64022,home,579,20250807
4,2,1,0,0,0,1,0,50600,home,579,20250807
1,0,0,0,0,1,0,0,63963,home,579,20250807
6,2,2,1,0,0,0,1,69992,home,579,20250807
4,2,2,1,1,0,1,0,55013,away,580,20250807
4,1,2,0,0,1,0,0,79240,away,580,20250807
4,0,1,1,0,0,2,0,52001,away,580,20250807
5,1,2,2,1,0,3,0,68050,away,580,20250807
5,1,1,0,0,0,2,0,67644,away,580,20250807
0,0,0,0,0,0,0,0,66706,away,580,20250807
4,0,2,0,0,1,2,0,76313,away,580,20250807
2,0,0,0,0,0,1,0,64504,away,580,20250807
1,0,1,1,0,0,0,0,79402,away,580,20250807
1,0,0,0,0,1,0,0,68089,away,580,20250807
1,0,0,0,0,0,0,0,78548,away,580,20250807
3,0,0,0,0,0,2,0,51003,away,580,20250807
1,0,0,0,0,0,0,0,50066,away,580,20250807
0,0,0,0,0,0,0,0,64115,away,580,20250807
4,0,0,0,0,0,1,0,66704,home,580,20250807
5,0,1,0,0,0,1,0,55703,home,580,20250807
4,1,1,0,0,0,1,0,53764,home,580,20250807
5,2,2,0,0,0,1,1,69737,home,580,20250807
4,1,2,2,1,0,0,0,79192,home,580,20250807
0,0,0,0,0,0,0,0,68700,home,580,20250807
4,0,2,0,0,0,1,0,62700,home,580,20250807
0,0,0,0,0,0,0,0,67703,home,580,20250807
2,0,1,2,0,0,0,0,79608,home,580,20250807
0,0,0,0,0,1,0,0,77532,home,580,20250807
0,0,0,0,0,0,0,1,64006,home,580,20250807
3,0,0,0,0,0,0,0,78288,home,580,20250807
1,0,0,0,0,0,0,0,76812,home,580,20250807
4,0,1,0,0,0,0,0,54795,home,580,20250807
5,0,1,1,0,0,2,0,77532,away,581,20250808
5,0,1,0,0,0,2,0,55703,away,581,20250808
4,0,1,0,0,0,0,0,53764,away,581,20250808
4,0,1,0,0,0,0,0,69737,away,581,20250808
4,0,1,0,0,0,0,0,79192,away,581,20250808
4,0,2,0,0,0,0,0,62700,away,581,20250808
0,0,0,0,0,0,0,0,54795,away,581,20250808
2,0,0,0,0,1,1,0,68700,away,581,20250808
3,0,0,0,0,0,0,0,76812,away,581,20250808
1,0,0,0,0,0,0,0,79608,away,581,20250808
0,0,0,0,0,0,0,0,78288,away,581,20250808
4,1,1,0,0,0,0,1,64006,away,581,20250808
5,0,1,0,0,0,2,0,65207,home,581,20250808
3,0,1,0,0,2,1,0,68119,home,581,20250808
5,0,1,1,0,0,0,0,53123,home,581,20250808
4,0,0,0,0,1,1,0,69102,home,581,20250808
5,0,3,0,0,0,0,0,76290,home,581,20250808
0,1,0,0,0,0,0,0,54156,home,581,20250808
5,0,1,0,0,0,1,0,79109,home,581,20250808
4,0,0,0,0,1,3,0,79365,home,581,20250808
4,1,3,0,0,0,0,0,69100,home,581,20250808
0,0,0,0,0,0,0,0,52103,home,581,20250808
1,0,1,1,0,0,0,0,50054,home,581,20250808
2,0,1,0,0,0,0,0,62415,home,581,20250808
4,0,1,1,0,0,1,0,67893,away,582,20250808
4,0,1,0,0,0,0,0,53827,away,582,20250808
3,0,0,0,0,0,2,0,75847,away,582,20250808
3,0,0,0,0,1,0,0,62895,away,582,20250808
3,0,0,0,0,0,0,0,50840,away,582,20250808
1,0,0,0,0,0,1,0,60558,away,582,20250808
4,0,0,0,0,0,3,0,66864,away,582,20250808
4,1,1,0,0,0,1,0,50854,away,582,20250808
1,0,0,0,0,1,0,0,79456,away,582,20250808
3,0,0,0,0,0,0,0,54812,away,582,20250808
3,0,1,0,0,1,2,0,50500,home,582,20250808
3,0,0,0,0,1,1,0,69517,home,582,20250808
4,0,0,0,0,0,1,0,50150,home,582,20250808
3,0,0,0,0,1,0,0,54529,home,582,20250808
4,0,1,0,0,0,1,0,61102,home,582,20250808
4,0,1,0,0,0,2,0,62931,home,582,20250808
2,0,0,0,0,0,0,0,52591,home,582,20250808
0,0,0,0,0,0,0,0,68507,home,582,20250808
2,0,0,0,0,1,1,0,52568,home,582,20250808
1,0,0,0,0,0,1,0,62802,home,582,20250808
1,0,0,0,0,0,0,0,77564,home,582,20250808
0,0,0,0,0,1,0,0,68205,home,582,20250808
0,0,0,0,0,0,0,0,52504,home,582,20250808
0,0,0,0,0,0,0,0,54598,home,582,20250808
5,0,1,0,0,0,2,0,61353,away,583,20250808
4,2,2,0,0,0,0,0,64646,away,583,20250808
3,2,2,2,1,1,0,0,78603,away,583,20250808
0,0,0,0,0,0,0,0,66614,away,583,20250808
3,0,1,1,0,1,0,0,72443,away,583,20250808
4,0,1,0,0,0,3,0,62947,away,583,20250808
3,0,0,1,0,0,3,0,55645,away,583,20250808
4,0,0,0,0,0,2,0,65653,away,583,20250808
4,0,2,0,0,0,1,0,78122,away,583,20250808
2,0,0,0,0,0,2,0,50657,away,583,20250808
2,0,1,0,0,0,0,0,69636,away,583,20250808
3,1,2,1,0,1,0,0,51907,home,583,20250808
3,1,1,0,0,1,0,0,66606,home,583,20250808
2,1,0,0,0,1,0,0,62907,home,583,20250808
2,1,1,3,1,0,0,0,54944,home,583,20250808
3,0,1,1,0,0,0,0,79215,home,583,20250808
3,0,0,0,0,0,0,0,63260,home,583,20250808
3,0,0,0,0,0,0,0,68912,home,583,20250808
3,0,0,0,0,0,2,0,69995,home,583,20250808
3,1,1,0,0,0,1,1,63963,home,583,20250808
0,0,0,0,0,0,0,0,67905,home,583,20250808
5,0,1,0,0,0,0,0,67005,away,584,20250808
5,0,2,2,0,0,0,0,67449,away,584,20250808
4,1,1,0,0,1,0,0,62404,away,584,20250808
5,1,1,0,0,0,1,0,54400,away,584,20250808
5,2,1,2,1,0,0,0,74540,away,584,20250808
0,0,0,0,0,0,0,0,69428,away,584,20250808
5,2,3,2,1,0,0,0,52430,away,584,20250808
4,1,2,1,0,0,1,0,55440,away,584,20250808
1,0,1,0,0,0,0,0,61404,away,584,20250808
5,1,1,0,0,0,0,0,52415,away,584,20250808
3,0,2,1,0,0,1,0,54408,away,584,20250808
4,0,0,0,0,0,3,0,55013,home,584,20250808
4,0,0,0,0,0,1,0,79402,home,584,20250808
4,0,0,0,0,0,0,0,52001,home,584,20250808
4,1,1,1,1,0,1,0,68050,home,584,20250808
3,0,0,0,0,1,0,0,78548,home,584,20250808
3,0,0,0,0,0,0,0,67644,home,584,20250808
3,1,1,0,0,0,2,0,76313,home,584,20250808
2,1,1,0,0,0,0,0,64504,home,584,20250808
0,0,0,0,0,0,0,0,64115,home,584,20250808
1,0,0,0,0,0,0,0,79240,home,584,20250808
3,1,3,3,1,0,0,0,51003,home,584,20250808
4,1,1,1,1,0,0,0,79231,away,585,20250808
0,1,0,0,0,1,0,0,66209,away,585,20250808
3,1,2,0,0,1,0,0,67207,away,585,20250808
1,0,0,0,0,0,0,0,64468,away,585,20250808
3,1,0,0,0,1,0,0,55208,away,585,20250808
1,0,0,0,0,0,0,0,68362,away,585,20250808
4,2,2,4,2,0,0,0,76232,away,585,20250808
0,0,0,1,0,0,0,0,66112,away,585,20250808
5,1,1,0,0,0,0,1,55252,away,585,20250808
3,2,2,0,0,1,0,0,50208,away,585,20250808
3,0,1,1,0,0,1,0,63257,away,585,20250808
1,0,0,0,0,0,0,0,54205,away,585,20250808
3,0,0,0,0,0,2,0,63123,away,585,20250808
3,0,0,1,0,0,1,0,53554,away,585,20250808
3,0,1,0,0,0,1,0,65357,home,585,20250808
1,0,0,0,0,0,1,0,55393,home,585,20250808
3,1,1,0,0,1,1,0,64340,home,585,20250808
0,0,0,0,0,0,0,0,78756,home,585,20250808
4,0,1,0,0,0,0,0,54444,home,585,20250808
3,0,0,0,0,0,0,0,50167,home,585,20250808
4,0,0,1,0,0,3,0,53312,home,585,20250808
3,0,0,0,0,1,0,0,69332,home,585,20250808
4,1,1,0,0,0,2,0,55392,home,585,20250808
3,0,1,1,0,0,0,0,54344,home,585,20250808
3,0,0,0,0,0,2,0,50357,home,585,20250808
4,0,1,0,0,0,1,0,77532,away,586,20250809
4,0,1,0,0,0,0,0,55703,away,586,20250809
0,0,0,0,0,0,0,0,68700,away,586,20250809
4,0,2,0,0,0,1,0,53764,away,586,20250809
4,0,0,0,0,0,1,0,69737,away,586,20250809
0,0,0,0,0,0,0,0,62700,away,586,20250809
4,0,0,0,0,0,0,0,79192,away,586,20250809
3,1,2,0,0,1,0,0,66657,away,586,20250809
2,0,0,0,0,0,0,0,54795,away,586,20250809
2,0,0,0,0,0,1,0,79608,away,586,20250809
3,0,0,0,0,0,1,0,76812,away,586,20250809
1,0,0,0,0,0,0,0,66704,away,586,20250809
1,0,0,0,0,0,0,0,64006,away,586,20250809
2,0,1,1,0,0,0,0,65703,away,586,20250809
3,3,3,0,0,2,0,1,65207,home,586,20250809
4,1,2,3,0,0,1,0,68119,home,586,20250809
4,1,1,3,1,0,1,0,53123,home,586,20250809
4,1,1,1,0,1,2,1,69102,home,586,20250809
3,0,2,0,0,0,0,0,76290,home,586,20250809
1,0,0,0,0,0,0,0,55164,home,586,20250809
1,0,1,0,0,0,0,0,50054,home,586,20250809
3,0,1,1,0,1,1,0,79109,home,586,20250809
1,0,1,0,0,0,0,0,52103,home,586,20250809
4,0,0,0,0,1,2,0,79365,home,586,20250809
0,0,0,0,0,0,0,0,52154,home,586,20250809
4,0,0,0,0,1,1,0,69100,home,586,20250809
4,2,3,0,0,0,1,1,62415,home,586,20250809
2,0,0,0,0,0,1,0,69418,away,589,20250809
1,0,0,0,0,0,1,0,55440,away,589,20250809
4,0,1,0,0,0,1,0,67449,away,589,20250809
4,0,0,0,0,0,0,0,62404,away,589,20250809
3,1,1,1,1,0,1,0,54400,away,589,20250809
3,0,0,0,0,0,0,0,74540,away,589,20250809
3,0,0,0,0,0,2,0,52430,away,589,20250809
3,0,0,0,0,0,1,0,61404,away,589,20250809
3,0,1,0,0,0,1,0,52415,away,589,20250809
3,0,1,0,0,0,2,0,54408,away,589,20250809
4,0,1,0,0,0,0,0,55013,home,589,20250809
4,0,0,0,0,0,1,0,79240,home,589,20250809
4,0,0,0,0,0,4,0,52001,home,589,20250809
3,0,1,0,0,0,0,0,68050,home,589,20250809
4,1,2,0,0,0,1,0,78548,home,589,20250809
3,0,1,0,0,1,2,0,79402,home,589,20250809
3,1,0,0,0,1,1,0,76313,home,589,20250809
3,1,2,3,1,0,1,0,66706,home,589,20250809
2,0,0,0,0,0,1,0,51003,home,589,20250809
1,0,1,0,0,0,0,0,50066,home,589,20250809
0,0,0,0,0,0,0,0,64115,home,589,20250809
5,1,1,0,0,0,0,0,79231,away,590,20250809
4,1,1,0,0,1,1,0,67207,away,590,20250809
5,1,2,2,0,0,0,0,55208,away,590,20250809
5,0,3,2,0,0,2,0,76232,away,590,20250809
0,0,0,0,0,0,0,0,66112,away,590,20250809
5,0,2,0,0,0,0,0,55252,away,590,20250809
5,0,2,0,0,0,2,0,50208,away,590,20250809
2,1,1,0,0,2,0,0,64468,away,590,20250809
1,1,0,0,0,0,1,1,66209,away,590,20250809
5,1,3,2,1,0,0,1,63123,away,590,20250809
1,0,0,0,0,0,1,0,53554,away,590,20250809
2,0,0,0,0,0,1,0,68362,away,590,20250809
0,0,0,0,0,0,0,0,72523,away,590,20250809
5,1,2,1,1,0,1,0,65357,home,590,20250809
4,1,0,0,0,1,3,0,64340,home,590,20250809
4,0,1,1,0,0,1,0,76267,home,590,20250809
3,0,0,1,0,1,1,0,54444,home,590,20250809
4,0,1,0,0,0,1,0,64984,home,590,20250809
3,0,1,0,0,0,0,1,50167,home,590,20250809
1,0,0,0,0,0,0,0,55392,home,590,20250809
3,1,1,0,0,0,0,0,54344,home,590,20250809
3,0,0,0,0,0,2,0,62332,home,590,20250809
1,0,0,0,0,0,0,0,53312,home,590,20250809
4,1,3,1,0,0,1,0,50357,home,590,20250809
4,0,0,0,0,0,1,0,79231,away,591,20250810
4,0,1,0,0,0,1,0,67207,away,591,20250810
3,0,1,0,0,0,1,0,50208,away,591,20250810
0,0,0,0,0,0,0,0,54205,away,591,20250810
4,1,0,0,0,0,1,0,55208,away,591,20250810
4,1,1,0,0,0,0,0,55252,away,591,20250810
3,1,2,1,1,1,1,0,63123,away,591,20250810
2,0,0,0,0,0,0,0,53554,away,591,20250810
2,0,1,2,0,0,0,0,63257,away,591,20250810
0,0,0,0,0,0,0,0,66209,away,591,20250810
4,0,1,0,0,0,0,0,66112,away,591,20250810
3,0,0,0,0,0,2,0,64468,away,591,20250810
4,1,1,0,0,1,0,1,65357,home,591,20250810
5,0,2,2,0,0,0,0,64340,home,591,20250810
4,1,0,0,0,0,0,0,54444,home,591,20250810
4,1,3,1,1,0,0,0,76267,home,591,20250810
2,0,1,0,0,1,0,0,50167,home,591,20250810
3,0,1,1,0,0,1,0,53312,home,591,20250810
3,0,1,0,0,0,0,0,78756,home,591,20250810
1,0,0,0,0,0,1,0,55392,home,591,20250810
2,0,0,0,0,0,1,0,64984,home,591,20250810
4,1,1,0,0,0,0,0,50357,home,591,20250810
3,1,1,2,0,1,1,0,77532,away,592,20250810
3,0,0,2,0,0,1,0,55703,away,592,20250810
4,0,0,1,0,1,1,0,53764,away,592,20250810
0,0,0,0,0,0,0,0,66704,away,592,20250810
4,0,1,0,0,0,2,0,69737,away,592,20250810
3,0,1,0,0,0,0,0,79192,away,592,20250810
4,0,2,0,0,0,1,0,66657,away,592,20250810
0,0,0,0,0,0,0,0,68700,away,592,20250810
3,1,1,0,0,0,0,0,79608,away,592,20250810
1,0,0,0,0,0,1,0,65703,away,592,20250810
3,1,0,0,0,1,1,0,78288,away,592,20250810
1,0,1,0,0,0,0,0,62700,away,592,20250810
1,2,1,0,0,0,0,0,64006,away,592,20250810
5,1,1,1,0,0,1,0,65207,home,592,20250810
3,1,2,1,0,1,0,0,68119,home,592,20250810
0,0,0,0,0,0,0,0,52103,home,592,20250810
5,1,1,0,0,0,0,0,53123,home,592,20250810
4,0,0,1,0,0,1,0,69102,home,592,20250810
4,0,1,1,0,0,1,0,76290,home,592,20250810
3,0,0,0,0,1,1,0,79109,home,592,20250810
4,0,1,0,0,0,2,0,50054,home,592,20250810
1,0,1,0,0,1,0,0,52154,home,592,20250810
2,0,0,0,0,0,0,0,79365,home,592,20250810
3,1,1,0,0,1,1,2,62415,home,592,20250810
3,1,1,0,0,1,1,0,67893,away,593,20250810
1,0,0,0,0,0,0,0,54812,away,593,20250810
4,1,2,3,1,0,1,0,53827,away,593,20250810
1,0,0,0,0,0,1,0,69804,away,593,20250810
5,0,3,2,0,0,0,0,75847,away,593,20250810
0,1,0,0,0,0,0,0,66864,away,593,20250810
5,0,2,1,0,0,1,0,62895,away,593,20250810
3,0,0,0,0,0,2,0,50840,away,593,20250810
2,0,0,0,0,0,0,0,60558,away,593,20250810
5,2,4,1,1,0,0,1,50854,away,593,20250810
5,0,0,0,0,0,1,0,69813,away,593,20250810
4,1,1,0,0,1,1,0,76802,away,593,20250810
4,4,4,3,1,0,0,0,51865,away,593,20250810
4,0,0,0,0,0,0,0,50500,home,593,20250810
3,0,2,0,0,0,0,0,52568,home,593,20250810
1,0,0,0,0,0,0,0,54598,home,593,20250810
3,0,0,0,0,0,0,0,69517,home,593,20250810
1,1,1,1,1,0,0,0,62931,home,593,20250810
2,0,0,0,0,1,0,0,54529,home,593,20250810
1,0,1,0,0,0,0,0,68507,home,593,20250810
2,0,0,0,0,0,0,0,61102,home,593,20250810
2,0,1,0,0,0,1,0,51528,home,593,20250810
2,0,0,0,0,1,0,0,52591,home,593,20250810
1,0,0,0,0,0,0,0,52504,home,593,20250810
4,0,0,0,0,0,1,0,50150,home,593,20250810
3,0,1,0,0,0,0,0,77564,home,593,20250810
2,0,1,0,0,0,0,0,68205,home,593,20250810
1,0,0,0,0,0,1,0,62802,home,593,20250810
4,1,1,2,0,1,0,0,64560,away,594,20250810
5,1,1,0,0,0,0,0,64646,away,594,20250810
2,0,0,0,0,0,0,0,78603,away,594,20250810
2,0,0,0,0,0,1,0,50657,away,594,20250810
1,1,0,0,0,0,0,0,61353,away,594,20250810
5,1,3,3,1,0,1,0,72443,away,594,20250810
4,1,1,0,0,1,1,0,62947,away,594,20250810
0,0,0,0,0,0,0,0,66614,away,594,20250810
5,2,2,2,1,0,1,0,55645,away,594,20250810
5,1,1,0,0,0,2,0,69636,away,594,20250810
3,2,2,1,0,0,1,0,78122,away,594,20250810
2,1,2,0,0,0,0,0,68646,away,594,20250810
5,1,1,2,1,0,2,0,65653,away,594,20250810
2,2,1,1,0,2,1,1,51907,home,594,20250810
4,1,1,1,0,1,2,1,66606,home,594,20250810
3,2,1,2,0,1,1,0,62907,home,594,20250810
1,0,0,0,0,0,1,0,50600,home,594,20250810
5,1,1,3,1,0,3,0,54944,home,594,20250810
4,2,2,4,1,1,2,0,79215,home,594,20250810
3,1,1,1,0,1,1,0,63260,home,594,20250810
1,2,1,0,0,0,0,1,67905,home,594,20250810
5,1,2,1,0,0,1,0,68912,home,594,20250810
4,1,1,1,0,0,1,0,69995,home,594,20250810
1,1,1,1,1,0,0,0,51344,home,594,20250810
1,2,1,0,0,2,0,0,63963,home,594,20250810
2,0,0,0,0,0,0,1,69992,home,594,20250810
4,1,1,0,0,1,0,1,67449,away,595,20250810
2,0,0,0,0,0,2,0,55440,away,595,20250810
2,0,0,0,0,0,0,0,61404,away,595,20250810
0,0,0,0,0,0,0,0,69428,away,595,20250810
1,0,0,0,0,0,1,0,69418,away,595,20250810
4,0,1,0,0,1,0,0,62404,away,595,20250810
5,0,1,0,0,0,0,0,54400,away,595,20250810
0,0,0,0,0,0,0,0,55438,away,595,20250810
5,0,3,1,0,0,0,0,52430,away,595,20250810
4,0,1,0,0,0,1,0,74540,away,595,20250810
4,0,0,0,0,0,0,0,52415,away,595,20250810
2,0,0,0,0,0,0,0,65132,away,595,20250810
2,1,1,0,0,0,0,0,67005,away,595,20250810
3,0,2,1,0,0,0,0,54408,away,595,20250810
4,1,1,0,0,0,1,1,55013,home,595,20250810
5,1,3,2,1,0,0,0,79240,home,595,20250810
4,2,1,2,0,1,0,0,52001,home,595,20250810
2,1,2,1,0,3,0,0,68050,home,595,20250810
5,1,1,0,0,0,0,0,78548,home,595,20250810
0,0,0,0,0,0,0,0,68089,home,595,20250810
3,0,2,1,0,0,0,0,79402,home,595,20250810
1,0,0,0,0,0,1,0,64504,home,595,20250810
3,0,0,1,0,0,0,0,76313,home,595,20250810
4,1,1,1,0,0,1,0,66706,home,595,20250810
3,2,2,1,0,1,0,0,51003,home,595,20250810
4,1,0,0,0,1,1,0,51907,away,596,20250812
4,1,1,0,0,1,0,0,66606,away,596,20250812
4,0,1,0,0,0,2,0,62907,away,596,20250812
4,1,1,3,1,0,2,0,54944,away,596,20250812
3,0,1,0,0,1,0,0,79215,away,596,20250812
2,0,0,0,0,2,1,1,63260,away,596,20250812
2,0,0,0,0,2,1,0,51344,away,596,20250812
3,0,0,0,0,1,3,0,68912,away,596,20250812
3,0,1,0,0,0,1,0,63963,away,596,20250812
1,0,0,0,0,0,0,0,67905,away,596,20250812
4,1,4,0,0,0,0,0,79231,home,596,20250812
3,0,0,0,0,0,1,0,50208,home,596,20250812
1,0,0,0,0,0,0,0,51203,home,596,20250812
4,0,1,1,0,0,0,0,55208,home,596,20250812
3,0,2,0,0,1,0,0,76232,home,596,20250812
0,0,0,0,0,0,0,0,54205,home,596,20250812
0,0,0,0,0,0,0,0,66112,home,596,20250812
4,0,0,0,0,0,2,0,55252,home,596,20250812
4,0,0,0,0,0,2,0,63257,home,596,20250812
4,0,0,0,0,0,2,0,63123,home,596,20250812
2,0,0,0,0,1,1,0,53554,home,596,20250812
0,0,0,0,0,0,0,0,66209,home,596,20250812
1,0,0,0,0,0,1,0,68362,home,596,20250812
2,1,1,0,0,1,1,0,67207,home,596,20250812
4,0,1,0,0,0,1,0,65357,away,597,20250812
3,0,0,0,0,1,1,0,64340,away,597,20250812
4,1,2,1,1,0,1,0,76267,away,597,20250812
4,0,2,0,0,0,1,0,54444,away,597,20250812
2,0,0,0,0,1,1,0,64984,away,597,20250812
2,0,1,0,0,0,0,1,55392,away,597,20250812
2,0,0,0,0,0,1,0,50167,away,597,20250812
3,0,0,0,0,0,2,0,55393,away,597,20250812
1,0,0,0,0,0,0,0,55397,away,597,20250812
1,0,0,0,0,0,0,0,62332,away,597,20250812
3,0,0,0,0,0,2,0,53312,away,597,20250812
2,0,0,0,0,0,1,0,50357,away,597,20250812
1,0,0,0,0,0,1,0,78756,away,597,20250812
2,1,1,0,0,3,0,0,67893,home,597,20250812
2,0,1,0,0,0,0,1,66864,home,597,20250812
1,0,0,0,0,0,0,0,68868,home,597,20250812
3,0,0,0,0,1,1,0,75847,home,597,20250812
3,0,1,0,0,1,1,0,53827,home,597,20250812
3,0,2,1,0,1,0,0,62895,home,597,20250812
4,1,1,0,0,0,2,0,50840,home,597,20250812
0,0,0,0,0,0,0,0,60558,home,597,20250812
4,0,0,0,0,0,0,0,50854,home,597,20250812
3,1,1,2,1,1,0,0,69813,home,597,20250812
0,0,0,0,0,0,0,0,54812,home,597,20250812
4,0,0,0,0,0,1,0,51865,home,597,20250812
5,1,3,0,0,0,1,0,64560,away,598,20250812
5,0,0,0,0,0,0,0,64646,away,598,20250812
4,0,1,2,0,0,1,0,78603,away,598,20250812
1,0,0,0,0,0,1,0,66614,away,598,20250812
2,0,0,0,0,2,2,0,72443,away,598,20250812
0,0,0,0,0,0,0,0,61353,away,598,20250812
4,0,0,0,0,1,1,0,55645,away,598,20250812
4,2,2,1,1,0,1,0,62947,away,598,20250812
1,0,0,0,0,0,0,0,67609,away,598,20250812
4,1,2,2,1,0,1,0,69636,away,598,20250812
0,0,0,0,0,1,0,0,50657,away,598,20250812
5,0,2,0,0,0,2,0,78122,away,598,20250812
3,1,1,0,0,0,1,0,65653,away,598,20250812
4,0,1,0,0,0,1,0,67449,home,598,20250812
2,0,0,0,0,0,1,0,67005,home,598,20250812
2,0,1,0,0,0,0,0,69418,home,598,20250812
2,0,0,0,0,0,0,0,74540,home,598,20250812
0,1,0,0,0,0,0,0,69416,home,598,20250812
3,0,0,0,0,1,1,0,54400,home,598,20250812
4,0,1,0,0,0,1,0,52430,home,598,20250812
4,0,0,1,0,0,0,0,62404,home,598,20250812
4,0,1,0,0,0,1,0,61404,home,598,20250812
3,0,0,0,0,0,2,0,52415,home,598,20250812
2,0,0,0,0,0,2,0,54408,home,598,20250812
1,0,0,0,0,0,0,0,66409,home,598,20250812
0,0,0,0,0,0,0,0,55438,home,598,20250812
6,1,2,2,0,0,1,0,65207,away,599,20250812
5,0,1,2,0,0,0,0,68119,away,599,20250812
0,0,0,0,0,0,0,0,65109,away,599,20250812
5,0,1,0,0,0,0,0,53123,away,599,20250812
0,0,0,0,0,0,0,0,50054,away,599,20250812
4,0,2,0,0,0,0,0,69102,away,599,20250812
4,0,0,0,0,0,2,0,76290,away,599,20250812
1,1,1,0,0,0,0,0,52103,away,599,20250812
5,1,1,1,0,0,1,0,79109,away,599,20250812
5,1,2,2,0,0,2,0,79365,away,599,20250812
0,1,0,0,0,0,0,0,52154,away,599,20250812
3,3,2,0,0,2,0,2,69100,away,599,20250812
2,1,2,2,0,0,0,0,62415,away,599,20250812
1,0,1,2,0,0,0,0,55164,away,599,20250812
4,0,0,0,0,0,2,0,55013,home,599,20250812
4,0,0,0,0,0,0,0,79240,home,599,20250812
4,0,2,0,0,0,1,0,52001,home,599,20250812
4,0,0,0,0,0,1,0,68050,home,599,20250812
3,0,0,0,0,0,1,0,78548,home,599,20250812
1,0,0,0,0,0,0,0,68089,home,599,20250812
4,0,0,0,0,0,2,0,79402,home,599,20250812
3,1,1,0,0,0,0,0,76313,home,599,20250812
2,1,1,0,0,1,1,0,66706,home,599,20250812
2,0,0,0,0,0,0,0,51003,home,599,20250812
1,0,1,2,0,0,0,0,64504,home,599,20250812
3,0,0,0,0,0,3,0,52504,away,600,20250812
1,0,0,0,0,0,1,0,77564,away,600,20250812
0,0,0,0,0,0,0,0,68507,away,600,20250812
3,0,1,0,0,1,1,0,52568,away,600,20250812
3,0,1,0,0,1,2,0,69517,away,600,20250812
4,0,0,0,0,0,1,0,54529,away,600,20250812
2,0,0,0,0,1,0,0,52591,away,600,20250812
0,0,0,0,0,0,0,1,50500,away,600,20250812
4,0,0,0,0,0,0,0,62931,away,600,20250812
4,0,1,0,0,0,0,0,61102,away,600,20250812
3,0,0,0,0,1,2,0,50150,away,600,20250812
3,0,1,0,0,0,1,1,68205,away,600,20250812
4,1,1,0,0,0,2,0,77532,home,600,20250812
2,1,1,0,0,2,0,0,55703,home,600,20250812
3,0,1,1,0,0,0,0,53764,home,600,20250812
4,0,0,1,0,0,0,0,69737,home,600,20250812
4,0,0,0,0,0,0,0,79192,home,600,20250812
0,0,0,0,0,0,0,0,66704,home,600,20250812
3,0,0,0,0,0,1,0,66657,home,600,20250812
1,0,0,0,0,0,0,0,76812,home,600,20250812
3,0,0,0,0,0,1,0,79608,home,600,20250812
0,0,0,0,0,0,0,0,65703,home,600,20250812
1,0,1,0,0,2,0,0,78288,home,600,20250812
0,0,0,0,0,0,0,1,68700,home,600,20250812
3,0,0,0,0,0,2,0,64006,home,600,20250812
4,1,2,0,0,0,0,0,61353,away,603,20250813
0,1,0,0,0,0,0,1,67609,away,603,20250813
4,0,1,0,0,0,2,0,69636,away,603,20250813
1,0,0,0,0,0,1,0,50657,away,603,20250813
4,0,1,1,0,0,0,0,78603,away,603,20250813
1,1,1,1,0,0,0,0,64646,away,603,20250813
4,2,1,0,0,1,1,0,72443,away,603,20250813
4,0,2,0,0,1,0,0,62947,away,603,20250813
0,1,0,0,0,0,0,0,64560,away,603,20250813
5,1,2,1,0,0,1,0,55645,away,603,20250813
4,1,1,0,0,1,2,0,65653,away,603,20250813
5,1,1,4,1,0,0,0,68646,away,603,20250813
4,0,1,0,0,0,0,0,66614,away,603,20250813
3,0,1,0,0,1,1,0,69418,home,603,20250813
3,0,0,0,0,1,1,1,67449,home,603,20250813
4,0,0,0,0,0,1,0,62404,home,603,20250813
3,0,0,0,0,1,1,0,54400,home,603,20250813
4,1,1,0,0,0,1,0,52430,home,603,20250813
3,0,2,1,0,0,0,0,74540,home,603,20250813
1,0,0,0,0,0,0,0,69428,home,603,20250813
2,0,0,0,0,0,1,0,55440,home,603,20250813
1,0,0,0,0,1,0,0,61404,home,603,20250813
3,0,0,0,0,0,2,0,54408,home,603,20250813
1,0,0,0,0,0,0,0,67005,home,603,20250813
3,0,0,0,0,0,1,0,69416,home,603,20250813
3,0,0,0,0,2,2,0,52568,away,605,20250813
4,0,0,0,0,0,3,0,69517,away,605,20250813
3,0,0,0,0,1,2,0,52591,away,605,20250813
2,0,1,0,0,2,0,0,54529,away,605,20250813
0,0,0,0,0,0,0,0,52504,away,605,20250813
3,0,0,0,0,0,1,0,61102,away,605,20250813
1,0,0,0,0,0,0,0,51528,away,605,20250813
4,0,0,0,0,0,2,0,62931,away,605,20250813
2,0,0,0,0,0,1,0,50150,away,605,20250813
2,0,1,0,0,0,0,0,77564,away,605,20250813
3,0,2,0,0,0,1,0,68205,away,605,20250813
0,0,0,0,0,0,0,0,54598,away,605,20250813
3,0,0,0,0,1,2,0,50500,away,605,20250813
5,1,1,3,0,0,0,0,77532,home,605,20250813
4,0,1,1,0,0,0,0,55703,home,605,20250813
0,0,0,0,0,0,0,0,66657,home,605,20250813
3,0,0,0,0,1,1,0,53764,home,605,20250813
4,1,2,0,0,0,0,0,69737,home,605,20250813
4,0,1,1,0,0,1,0,79192,home,605,20250813
4,1,1,0,0,0,2,0,62700,home,605,20250813
2,1,0,0,0,1,0,0,66704,home,605,20250813
1,0,1,0,0,0,0,0,76812,home,605,20250813
2,1,1,1,0,1,1,0,78288,home,605,20250813
0,1,0,0,0,1,0,1,68700,home,605,20250813
4,0,0,0,0,0,2,0,65703,home,605,20250813
5,1,3,1,1,0,0,0,51907,away,606,20250814
4,1,2,0,0,0,0,0,66606,away,606,20250814
4,0,0,0,0,1,0,0,62907,away,606,20250814
5,2,1,2,1,0,3,0,54944,away,606,20250814
5,0,1,0,0,0,0,0,79215,away,606,20250814
2,0,1,1,0,0,0,0,63260,away,606,20250814
1,0,1,0,0,0,0,0,69995,away,606,20250814
2,0,0,0,0,0,0,0,51344,away,606,20250814
4,1,0,0,0,0,3,0,68912,away,606,20250814
0,0,0,0,0,0,0,0,64022,away,606,20250814
2,0,0,0,0,0,1,0,63963,away,606,20250814
1,0,0,0,0,1,0,0,67905,away,606,20250814
4,0,1,0,0,0,0,0,79231,home,606,20250814
4,0,0,0,0,0,1,0,67207,home,606,20250814
4,0,0,0,0,0,3,0,55208,home,606,20250814
3,2,2,0,0,0,0,0,76232,home,606,20250814
0,1,0,0,0,0,0,0,66209,home,606,20250814
4,2,2,0,0,0,0,0,55252,home,606,20250814
2,0,0,2,0,1,0,0,50208,home,606,20250814
2,0,0,0,0,1,1,0,63257,home,606,20250814
1,0,1,1,0,0,0,0,66112,home,606,20250814
2,1,1,1,0,0,1,0,63123,home,606,20250814
3,0,2,2,0,0,1,0,53554,home,606,20250814
4,0,2,2,0,0,0,0,65357,away,607,20250814
4,0,1,0,0,0,2,0,64340,away,607,20250814
4,0,2,0,0,0,0,0,76267,away,607,20250814
4,0,2,0,0,0,0,0,54444,away,607,20250814
3,0,0,0,0,1,0,0,50167,away,607,20250814
4,0,0,0,0,0,0,0,64984,away,607,20250814
4,1,1,0,0,0,1,0,53312,away,607,20250814
2,0,0,0,0,1,0,0,55392,away,607,20250814
2,1,0,0,0,2,0,0,50357,away,607,20250814
4,0,1,0,0,0,0,0,67893,home,607,20250814
4,0,0,0,0,0,0,0,54812,home,607,20250814
3,0,0,0,0,0,0,0,53827,home,607,20250814
3,0,0,0,0,1,2,0,62895,home,607,20250814
4,0,0,0,0,0,3,0,69813,home,607,20250814
3,0,1,0,0,0,0,0,79456,home,607,20250814
1,0,1,0,0,0,0,0,60558,home,607,20250814
4,0,1,0,0,0,0,0,50854,home,607,20250814
3,0,1,0,0,0,0,0,50840,home,607,20250814
2,0,0,0,0,0,1,0,76802,home,607,20250814
4,0,0,0,0,0,0,0,61353,away,608,20250814
0,1,0,0,0,1,0,0,67609,away,608,20250814
4,1,0,0,0,1,0,0,64646,away,608,20250814
4,2,3,1,1,0,0,0,78603,away,608,20250814
0,0,0,0,0,0,0,0,66614,away,608,20250814
3,1,1,0,0,2,1,0,62947,away,608,20250814
4,1,2,0,0,0,1,0,69636,away,608,20250814
0,0,0,1,0,0,0,0,50657,away,608,20250814
5,2,4,6,2,0,0,0,55645,away,608,20250814
5,0,0,0,0,0,1,0,64560,away,608,20250814
4,1,1,1,1,0,0,0,78122,away,608,20250814
1,0,0,0,0,0,0,0,68646,away,608,20250814
4,1,2,1,1,0,1,0,65653,away,608,20250814
5,1,1,0,0,0,1,0,69418,home,608,20250814
2,0,1,1,0,0,1,0,62234,home,608,20250814
1,0,1,0,0,0,0,0,65040,home,608,20250814
1,0,0,0,0,0,0,0,69403,home,608,20250814
4,0,0,0,0,0,1,0,67449,home,608,20250814
1,0,0,0,0,0,1,0,66409,home,608,20250814
4,0,1,1,0,0,0,0,54400,home,608,20250814
4,1,1,0,0,0,0,0,52430,home,608,20250814
4,0,2,0,0,0,2,0,74540,home,608,20250814
0,0,0,0,0,0,0,0,69428,home,608,20250814
3,1,3,1,0,1,0,0,62404,home,608,20250814
4,1,1,1,0,0,1,0,61404,home,608,20250814
1,0,0,0,0,0,0,0,54408,home,608,20250814
2,0,0,0,0,0,0,0,52415,home,608,20250814
5,1,2,0,0,0,0,0,52568,away,610,20250814
4,1,2,1,0,0,0,0,69517,away,610,20250814
0,0,0,0,0,0,0,0,65522,away,610,20250814
5,0,4,2,0,0,0,0,52591,away,610,20250814
4,0,0,0,0,1,0,1,54529,away,610,20250814
3,0,1,0,0,0,1,0,61102,away,610,20250814
2,0,0,0,0,0,1,0,68507,away,610,20250814
2,0,0,0,0,1,0,0,77564,away,610,20250814
1,1,0,0,0,0,0,0,54598,away,610,20250814
3,0,0,0,0,0,2,0,50150,away,610,20250814
1,0,1,0,0,0,0,0,62931,away,610,20250814
0,0,0,0,0,0,0,1,55506,away,610,20250814
1,0,0,0,0,0,1,0,62802,away,610,20250814
5,1,2,1,0,0,0,0,68205,away,610,20250814
2,0,0,0,0,0,1,0,50500,away,610,20250814
2,0,0,0,0,0,2,0,68518,away,610,20250814
4,1,0,0,0,0,1,0,77532,home,610,20250814
5,1,1,1,1,0,2,0,55703,home,610,20250814
5,0,2,0,0,0,1,0,53764,home,610,20250814
4,1,1,0,0,1,1,0,69737,home,610,20250814
4,0,2,1,0,0,0,0,79192,home,610,20250814
1,0,0,0,0,0,0,0,66704,home,610,20250814
2,1,1,1,1,1,0,0,66657,home,610,20250814
1,1,0,1,0,1,0,0,68700,home,610,20250814
2,0,0,0,0,0,1,0,79608,home,610,20250814
1,0,0,0,0,0,1,0,62700,home,610,20250814
1,0,0,0,0,0,0,0,76812,home,610,20250814
2,0,0,0,0,0,1,0,78288,home,610,20250814
1,0,0,1,0,0,0,0,65703,home,610,20250814
4,0,1,0,0,0,2,1,64006,home,610,20250814
5,2,2,0,0,1,0,1,64646,away,611,20250815
5,0,3,2,0,0,1,0,65653,away,611,20250815
5,1,3,1,0,0,0,1,78603,away,611,20250815
1,0,0,0,0,0,0,0,66614,away,611,20250815
4,0,0,0,0,1,2,0,72443,away,611,20250815
0,0,0,0,0,0,0,0,61353,away,611,20250815
5,0,1,0,0,0,3,0,55645,away,611,20250815
3,0,1,0,0,1,1,0,62947,away,611,20250815
1,0,0,0,0,0,0,0,67609,away,611,20250815
4,1,1,0,0,0,3,0,69636,away,611,20250815
1,0,0,0,0,0,0,0,64560,away,611,20250815
2,0,0,0,0,0,0,0,78122,away,611,20250815
2,0,0,0,0,0,0,0,68646,away,611,20250815
5,1,2,1,0,0,0,0,50657,away,611,20250815
4,2,1,0,0,0,0,1,79231,home,611,20250815
5,0,0,0,0,0,1,0,50208,home,611,20250815
4,0,0,0,0,1,0,0,55208,home,611,20250815
3,1,2,0,0,0,1,0,76232,home,611,20250815
0,0,0,0,0,0,0,0,66209,home,611,20250815
1,0,0,0,0,0,1,0,66112,home,611,20250815
4,1,1,1,0,0,0,0,55252,home,611,20250815
5,0,0,0,0,0,2,0,63123,home,611,20250815
5,2,2,2,1,0,1,0,51203,home,611,20250815
4,0,2,1,0,0,2,0,53554,home,611,20250815
2,0,0,0,0,1,0,0,67207,home,611,20250815
1,0,1,0,0,0,0,0,63257,home,611,20250815
0,0,0,0,0,0,0,0,54205,home,611,20250815
0,0,0,0,0,0,0,0,64468,home,611,20250815
4,1,1,0,0,1,2,0,65207,away,612,20250815
4,0,1,0,0,1,1,0,68119,away,612,20250815
3,0,0,1,0,0,0,0,53123,away,612,20250815
0,0,0,0,0,1,0,0,50106,away,612,20250815
4,1,1,1,0,0,3,0,69102,away,612,20250815
4,0,0,0,0,0,0,1,76290,away,612,20250815
0,0,0,0,0,0,0,0,62415,away,612,20250815
3,1,0,0,0,1,3,0,79109,away,612,20250815
4,1,1,3,1,0,1,0,79365,away,612,20250815
3,0,2,0,0,1,1,0,69100,away,612,20250815
4,1,2,0,0,0,1,0,52103,away,612,20250815
3,1,1,0,0,2,0,0,67893,home,612,20250815
5,1,2,0,0,0,0,0,54812,home,612,20250815
5,1,4,2,1,0,0,0,53827,home,612,20250815
4,0,2,1,0,0,0,0,62895,home,612,20250815
1,0,0,0,0,0,1,0,66864,home,612,20250815
5,0,0,0,0,0,2,0,60558,home,612,20250815
3,0,0,0,0,0,1,0,69813,home,612,20250815
1,0,0,0,0,0,0,0,68868,home,612,20250815
4,0,2,0,0,0,0,0,51865,home,612,20250815
4,0,2,0,0,0,1,0,50854,home,612,20250815
4,0,0,0,0,0,2,0,76802,home,612,20250815
4,4,2,1,1,2,0,0,69418,away,613,20250815
4,2,2,0,0,1,0,0,67449,away,613,20250815
3,1,1,0,0,2,0,0,62404,away,613,20250815
1,0,0,2,0,3,1,0,54400,away,613,20250815
4,1,1,3,1,0,1,0,52430,away,613,20250815
3,0,0,1,0,0,1,0,74540,away,613,20250815
1,0,0,0,0,0,0,0,54408,away,613,20250815
4,0,1,0,0,1,1,0,61404,away,613,20250815
5,1,2,0,0,0,0,1,62234,away,613,20250815
4,1,1,1,1,0,1,0,52415,away,613,20250815
1,0,0,0,0,0,0,0,69428,away,613,20250815
3,1,2,0,0,1,1,0,52568,home,613,20250815
4,0,0,0,0,1,1,0,69517,home,613,20250815
0,0,0,0,0,0,0,0,50500,home,613,20250815
5,0,0,0,0,0,2,0,52591,home,613,20250815
5,0,2,1,0,0,0,0,54529,home,613,20250815
4,1,1,0,0,0,1,0,61102,home,613,20250815
1,0,0,0,0,0,0,0,68518,home,613,20250815
3,1,0,0,0,0,2,0,62931,home,613,20250815
4,1,1,0,0,0,2,0,68205,home,613,20250815
2,0,1,3,0,2,1,0,77564,home,613,20250815
2,0,0,0,0,0,2,0,68507,home,613,20250815
1,0,0,0,0,0,0,0,50150,home,613,20250815
1,0,0,0,0,0,0,0,69508,home,613,20250815
5,1,1,0,0,0,2,0,77532,away,614,20250815
1,0,0,0,0,0,0,0,52764,away,614,20250815
4,2,3,0,0,2,0,0,55703,away,614,20250815
4,2,3,4,1,0,1,0,53764,away,614,20250815
4,1,1,0,0,1,0,0,69737,away,614,20250815
3,1,2,2,0,1,0,0,79192,away,614,20250815
1,0,1,0,0,1,0,0,66704,away,614,20250815
3,1,1,0,0,2,1,0,66657,away,614,20250815
1,0,0,0,0,0,1,0,68700,away,614,20250815
2,0,1,1,0,1,0,0,79608,away,614,20250815
1,0,0,0,0,0,1,0,65703,away,614,20250815
2,0,0,0,0,1,0,0,78288,away,614,20250815
0,1,0,0,0,0,0,0,62700,away,614,20250815
4,0,1,2,0,0,0,0,64006,away,614,20250815
4,1,1,0,0,0,0,0,51907,home,614,20250815
3,1,1,1,0,1,1,0,66606,home,614,20250815
4,0,0,0,0,0,0,0,62907,home,614,20250815
3,0,0,1,0,0,0,0,54944,home,614,20250815
4,0,1,0,0,0,0,0,79215,home,614,20250815
3,0,2,0,0,0,0,1,63260,home,614,20250815
0,0,0,0,0,0,0,0,69992,home,614,20250815
3,0,0,0,0,0,2,0,51344,home,614,20250815
1,0,0,0,0,0,0,0,69995,home,614,20250815
3,0,1,0,0,1,2,0,64022,home,614,20250815
5,1,2,0,0,0,0,0,55013,away,615,20250815
5,0,2,1,0,0,0,0,79240,away,615,20250815
3,0,0,0,0,1,0,0,52001,away,615,20250815
0,0,0,0,0,1,0,0,66706,away,615,20250815
5,1,1,0,0,0,1,0,68050,away,615,20250815
3,0,1,1,0,1,0,0,78548,away,615,20250815
3,0,0,0,0,1,1,0,64004,away,615,20250815
2,0,0,0,0,2,1,0,79402,away,615,20250815
2,0,0,0,0,0,0,0,64504,away,615,20250815
2,1,1,1,1,0,1,0,76313,away,615,20250815
3,0,0,0,0,0,3,0,51003,away,615,20250815
1,0,1,0,0,0,0,0,67644,away,615,20250815
3,3,1,1,1,1,0,1,65357,home,615,20250815
4,0,2,1,0,0,0,0,76267,home,615,20250815
4,1,1,0,0,0,0,0,54444,home,615,20250815
4,1,1,0,0,0,2,0,64340,home,615,20250815
3,1,1,0,0,1,0,0,64984,home,615,20250815
4,0,1,2,0,0,1,0,50167,home,615,20250815
4,1,0,0,0,0,1,0,55392,home,615,20250815
0,0,0,0,0,0,0,0,78756,home,615,20250815
2,0,0,0,0,0,1,0,53344,home,615,20250815
2,0,1,2,0,0,0,0,53312,home,615,20250815
4,0,0,0,0,0,1,0,50357,home,615,20250815
3,0,0,0,0,0,0,0,64646,away,616,20250816
4,0,0,0,0,0,2,0,65653,away,616,20250816
4,0,2,0,0,0,0,0,78603,away,616,20250816
0,0,0,0,0,0,0,0,64560,away,616,20250816
4,1,1,0,0,0,1,0,72443,away,616,20250816
4,1,1,1,1,0,2,0,55645,away,616,20250816
1,0,0,0,0,3,1,0,62947,away,616,20250816
0,1,0,0,0,0,0,0,67609,away,616,20250816
4,0,1,1,0,0,2,0,69636,away,616,20250816
4,0,1,1,0,0,0,0,78122,away,616,20250816
2,0,0,0,0,0,1,0,50657,away,616,20250816
2,0,1,0,0,0,0,0,61353,away,616,20250816
0,0,0,0,0,0,0,0,66614,away,616,20250816
4,1,1,0,0,0,1,0,79231,home,616,20250816
4,1,2,1,0,0,0,0,50208,home,616,20250816
4,0,1,0,0,0,2,0,55252,home,616,20250816
1,0,0,0,0,0,1,0,76232,home,616,20250816
2,1,1,0,0,0,0,0,66112,home,616,20250816
3,1,1,1,0,1,1,0,55208,home,616,20250816
4,0,2,0,0,0,1,0,51203,home,616,20250816
3,0,1,0,0,0,2,0,63123,home,616,20250816
1,0,1,2,0,0,0,0,63257,home,616,20250816
3,0,0,0,0,0,1,0,53554,home,616,20250816
0,0,0,0,0,0,0,0,66209,home,616,20250816
3,0,0,0,0,0,1,0,64468,home,616,20250816
4,1,1,1,0,1,0,1,65207,away,617,20250816
4,0,1,0,0,1,1,0,68119,away,617,20250816
5,1,1,0,0,0,1,0,53123,away,617,20250816
4,1,2,2,0,1,0,0,69102,away,617,20250816
4,0,0,0,0,0,0,0,76290,away,617,20250816
3,1,1,0,0,1,2,0,79365,away,617,20250816
1,2,0,0,0,2,0,1,69100,away,617,20250816
0,0,0,0,0,0,0,0,62415,away,617,20250816
2,0,0,0,0,0,1,0,52154,away,617,20250816
2,1,1,4,1,0,0,0,79109,away,617,20250816
3,0,1,0,0,0,0,0,52103,away,617,20250816
0,0,0,0,0,0,0,0,55167,away,617,20250816
0,0,0,0,0,1,0,0,50054,away,617,20250816
0,0,0,0,0,0,0,0,65109,away,617,20250816
5,2,2,2,0,0,1,0,67893,home,617,20250816
2,1,0,0,0,0,1,0,66864,home,617,20250816
2,0,2,1,0,0,0,0,50854,home,617,20250816
5,2,3,5,1,0,1,0,53827,home,617,20250816
4,0,2,1,0,1,0,0,62895,home,617,20250816
3,0,1,0,0,0,1,0,62934,home,617,20250816
2,0,1,1,0,0,0,0,76802,home,617,20250816
5,0,0,0,0,0,3,0,51865,home,617,20250816
4,1,2,0,0,0,1,0,50840,home,617,20250816
0,0,0,0,0,0,0,0,60558,home,617,20250816
4,2,1,0,0,0,0,0,50868,home,617,20250816
1,2,0,0,0,1,0,1,54812,home,617,20250816
4,0,0,0,0,1,2,0,69418,away,618,20250816
5,1,3,0,0,0,0,0,67449,away,618,20250816
5,2,4,1,1,0,0,0,62404,away,618,20250816
5,0,1,2,0,0,2,0,54400,away,618,20250816
4,0,1,0,0,0,2,0,52430,away,618,20250816
2,0,0,0,0,1,0,0,74540,away,618,20250816
1,0,0,0,0,0,0,0,69403,away,618,20250816
0,0,0,0,0,0,0,0,69428,away,618,20250816
4,1,1,0,0,0,1,0,62234,away,618,20250816
3,0,1,0,0,1,0,0,61404,away,618,20250816
4,0,1,1,0,0,1,0,54408,away,618,20250816
4,0,0,0,0,0,1,0,52568,home,618,20250816
0,0,0,0,0,0,0,0,54598,home,618,20250816
4,0,1,1,0,0,0,0,69517,home,618,20250816
4,0,0,0,0,0,0,0,52591,home,618,20250816
3,0,1,0,0,1,0,1,54529,home,618,20250816
0,0,0,0,0,0,0,0,55530,home,618,20250816
3,0,1,0,0,0,1,0,77564,home,618,20250816
0,0,0,0,0,0,0,0,68507,home,618,20250816
4,0,0,0,0,0,0,0,61102,home,618,20250816
4,1,1,0,0,0,0,0,50150,home,618,20250816
3,0,0,0,0,1,2,0,68205,home,618,20250816
4,0,1,0,0,0,2,1,50500,home,618,20250816
5,0,1,0,0,0,0,0,77532,away,619,20250816
4,0,0,0,0,0,1,0,55703,away,619,20250816
3,2,1,0,0,1,0,0,53764,away,619,20250816
3,3,2,4,2,1,0,0,69737,away,619,20250816
4,1,1,0,0,0,1,0,79192,away,619,20250816
0,0,0,0,0,0,0,0,66704,away,619,20250816
3,0,2,1,0,1,1,0,62700,away,619,20250816
0,0,0,0,0,0,0,0,64006,away,619,20250816
3,0,0,1,0,0,0,0,65703,away,619,20250816
2,0,0,0,0,1,0,0,78288,away,619,20250816
1,0,0,0,0,0,0,0,79608,away,619,20250816
3,0,0,0,0,0,0,0,68700,away,619,20250816
1,0,0,0,0,0,0,0,66657,away,619,20250816
5,1,2,0,0,0,1,0,51907,home,619,20250816
4,2,1,1,0,0,2,2,66606,home,619,20250816
3,1,1,2,0,0,1,0,62907,home,619,20250816
4,1,1,1,0,0,2,0,54944,home,619,20250816
0,0,0,0,0,0,0,0,50902,home,619,20250816
3,1,0,0,0,1,1,0,79215,home,619,20250816
3,0,2,1,0,0,1,0,63260,home,619,20250816
1,0,0,0,0,0,1,0,68912,home,619,20250816
1,0,0,0,0,1,1,0,62244,home,619,20250816
1,0,1,1,0,0,0,0,63963,home,619,20250816
1,1,1,1,1,0,0,0,67905,home,619,20250816
3,0,0,0,0,0,2,0,69995,home,619,20250816
1,1,1,1,1,0,0,0,51344,home,619,20250816
4,1,2,0,0,0,1,1,69992,home,619,20250816
4,0,0,0,0,0,1,0,55013,away,620,20250816
3,0,0,0,0,0,0,0,79240,away,620,20250816
4,2,1,0,0,0,0,0,64004,away,620,20250816
4,1,2,3,1,0,1,0,68050,away,620,20250816
0,0,0,0,0,0,0,0,50092,away,620,20250816
3,0,0,0,0,1,1,0,78548,away,620,20250816
0,0,0,0,0,0,0,0,64504,away,620,20250816
4,0,1,0,0,0,2,0,79402,away,620,20250816
4,0,1,0,0,0,1,0,76313,away,620,20250816
3,0,0,0,0,0,1,0,66706,away,620,20250816
2,0,0,0,0,0,0,0,51003,away,620,20250816
1,0,0,0,0,0,1,0,67644,away,620,20250816
0,0,0,0,0,0,0,0,64115,away,620,20250816
4,0,0,0,0,0,0,0,65357,home,620,20250816
3,1,1,0,0,1,0,0,64340,home,620,20250816
3,1,0,0,0,1,1,0,76267,home,620,20250816
4,1,1,1,0,0,1,0,54444,home,620,20250816
0,0,0,0,0,0,0,0,50357,home,620,20250816
4,0,1,2,0,0,2,1,55397,home,620,20250816
0,0,0,0,0,0,0,0,69332,home,620,20250816
4,1,1,1,1,0,3,0,50167,home,620,20250816
4,0,2,0,0,0,2,1,53312,home,620,20250816
1,0,0,0,0,0,0,0,64984,home,620,20250816
2,0,0,0,0,1,1,0,55392,home,620,20250816
0,0,0,0,0,0,0,0,78756,home,620,20250816
5,0,1,1,0,0,1,0,55013,away,621,20250817
5,1,2,0,0,0,0,0,79240,away,621,20250817
4,2,2,1,0,1,0,0,64004,away,621,20250817
5,0,2,2,0,0,0,0,68050,away,621,20250817
0,0,0,0,0,0,0,0,50092,away,621,20250817
3,0,0,0,0,2,1,0,76313,away,621,20250817
5,1,1,0,0,0,1,0,79402,away,621,20250817
0,0,0,0,0,0,0,0,64504,away,621,20250817
3,1,0,0,0,1,1,0,66706,away,621,20250817
2,0,0,1,0,1,1,0,68089,away,621,20250817
2,0,0,0,0,0,1,0,51003,away,621,20250817
1,0,0,0,0,0,0,0,67644,away,621,20250817
1,0,0,0,0,0,0,0,64115,away,621,20250817
4,0,1,0,0,1,1,0,65357,home,621,20250817
5,1,1,2,1,0,0,0,64340,home,621,20250817
5,0,1,0,0,0,0,0,76267,home,621,20250817
5,1,1,0,0,0,1,0,54444,home,621,20250817
4,0,0,0,0,1,1,0,64984,home,621,20250817
4,0,0,0,0,0,0,0,50167,home,621,20250817
3,0,1,0,0,1,1,0,53312,home,621,20250817
2,0,0,0,0,0,1,0,55392,home,621,20250817
0,0,0,0,0,1,0,0,55397,home,621,20250817
0,0,0,0,0,0,0,0,78756,home,621,20250817
1,0,0,0,0,0,1,0,69332,home,621,20250817
3,1,1,0,0,1,2,1,50357,home,621,20250817
3,0,0,0,0,0,0,0,61353,away,622,20250817
1,0,0,0,0,0,0,0,67609,away,622,20250817
3,1,0,0,0,1,0,0,64646,away,622,20250817
4,0,3,0,0,0,0,0,78603,away,622,20250817
0,0,0,0,0,0,0,1,66614,away,622,20250817
2,0,0,1,0,1,0,0,72443,away,622,20250817
3,0,0,0,0,1,2,0,62947,away,622,20250817
0,0,0,0,0,0,0,0,64560,away,622,20250817
3,0,0,0,0,1,1,0,55645,away,622,20250817
3,0,0,0,0,0,1,0,69636,away,622,20250817
1,0,0,0,0,0,1,0,50657,away,622,20250817
4,1,2,1,1,0,0,0,78122,away,622,20250817
4,0,0,0,0,0,1,0,65653,away,622,20250817
4,0,1,0,0,0,0,0,79231,home,622,20250817
3,0,0,0,0,0,2,0,50208,home,622,20250817
1,0,1,0,0,0,0,0,63123,home,622,20250817
3,1,0,0,0,0,0,0,55208,home,622,20250817
4,1,3,0,0,0,0,0,76232,home,622,20250817
2,1,1,0,0,2,0,0,51203,home,622,20250817
3,0,0,0,0,0,1,0,55252,home,622,20250817
0,0,0,1,0,1,0,0,63257,home,622,20250817
0,1,0,0,0,0,0,0,64468,home,622,20250817
3,0,0,0,0,0,0,0,53554,home,622,20250817
1,0,0,0,0,0,1,0,54219,home,622,20250817
3,0,2,0,0,0,0,0,66112,home,622,20250817
1,0,1,2,0,0,0,2,66209,home,622,20250817
4,0,0,0,0,0,1,0,67207,home,622,20250817
4,0,0,0,0,1,0,0,65207,away,623,20250817
4,0,1,0,0,0,0,0,68119,away,623,20250817
1,0,0,0,0,0,0,0,55164,away,623,20250817
4,1,1,1,1,0,0,0,53123,away,623,20250817
4,2,3,1,1,0,1,0,69102,away,623,20250817
4,1,2,2,1,0,1,0,76290,away,623,20250817
0,0,0,0,0,0,0,0,52103,away,623,20250817
4,0,1,0,0,0,1,0,79109,away,623,20250817
0,0,0,0,0,0,0,0,50054,away,623,20250817
3,1,2,0,0,1,0,1,79365,away,623,20250817
4,1,1,1,0,0,1,1,69100,away,623,20250817
3,0,1,1,0,0,0,0,62415,away,623,20250817
4,0,0,0,0,0,2,0,67893,home,623,20250817
1,0,0,0,0,0,0,0,54812,home,623,20250817
4,0,1,0,0,0,0,0,50854,home,623,20250817
4,0,1,0,0,0,0,0,75847,home,623,20250817
4,0,1,0,0,0,0,0,53827,home,623,20250817
2,0,1,0,0,2,0,0,62895,home,623,20250817
0,0,0,0,0,0,0,0,62934,home,623,20250817
4,1,1,1,1,0,2,0,50868,home,623,20250817
3,0,2,0,0,0,0,1,79456,home,623,20250817
1,0,1,0,0,0,0,0,51865,home,623,20250817
3,0,1,0,0,0,0,0,50840,home,623,20250817
1,0,0,0,0,0,0,0,66864,home,623,20250817
2,0,0,0,0,0,1,0,76802,home,623,20250817
1,0,1,0,0,1,0,0,60558,home,623,20250817
5,3,1,0,0,1,1,0,69418,away,624,20250817
6,0,1,0,0,0,0,0,67449,away,624,20250817
4,2,2,0,0,2,1,0,62404,away,624,20250817
0,0,0,0,0,0,0,0,66409,away,624,20250817
5,2,3,4,1,0,0,0,54400,away,624,20250817
6,1,1,4,1,0,4,0,52430,away,624,20250817
2,0,0,0,0,1,1,0,74540,away,624,20250817
2,0,0,0,0,0,0,0,54408,away,624,20250817
1,0,0,0,0,1,0,0,62234,away,624,20250817
2,0,1,0,0,0,1,0,69428,away,624,20250817
5,0,0,0,0,0,1,0,61404,away,624,20250817
4,0,0,0,0,1,2,0,52415,away,624,20250817
5,1,1,1,0,0,3,0,52568,home,624,20250817
5,1,1,0,0,0,1,0,69517,home,624,20250817
6,1,2,1,0,0,1,0,50150,home,624,20250817
3,0,0,0,0,1,0,0,54529,home,624,20250817
2,2,2,1,1,0,0,1,50500,home,624,20250817
5,0,0,0,0,1,1,0,52591,home,624,20250817
2,0,0,0,0,2,0,0,77564,home,624,20250817
1,0,0,0,0,0,0,0,54598,home,624,20250817
1,0,0,0,0,0,0,0,55530,home,624,20250817
3,0,1,0,0,0,0,0,61102,home,624,20250817
0,1,0,0,0,0,0,0,68507,home,624,20250817
1,0,1,2,0,0,0,0,62931,home,624,20250817
0,0,0,0,0,1,0,0,68518,home,624,20250817
3,1,1,1,0,1,0,0,68205,home,624,20250817
4,1,1,0,0,0,1,1,69508,home,624,20250817
5,1,1,1,1,0,0,0,77532,away,625,20250817
4,0,0,0,0,0,1,0,55703,away,625,20250817
1,0,0,0,0,0,0,0,68700,away,625,20250817
4,1,2,1,0,0,0,0,53764,away,625,20250817
2,0,0,0,0,2,0,1,69737,away,625,20250817
4,1,1,2,1,0,1,0,79192,away,625,20250817
2,0,0,0,0,2,0,0,79608,away,625,20250817
2,0,0,0,0,0,0,0,62700,away,625,20250817
2,0,2,0,0,0,0,0,65703,away,625,20250817
4,1,1,0,0,0,0,0,66704,away,625,20250817
0,0,0,0,0,0,0,0,76812,away,625,20250817
4,0,1,0,0,0,3,0,52764,away,625,20250817
4,2,3,1,0,1,0,0,51907,home,625,20250817
3,2,1,2,0,1,0,1,66606,home,625,20250817
4,1,2,0,0,1,2,1,79215,home,625,20250817
3,1,0,0,0,1,2,0,54944,home,625,20250817
1,0,0,0,0,0,0,0,69995,home,625,20250817
4,0,1,2,0,1,2,0,63260,home,625,20250817
4,0,1,1,0,0,1,0,63963,home,625,20250817
1,0,0,0,0,0,0,0,67905,home,625,20250817
4,0,1,0,0,1,0,0,51344,home,625,20250817
3,1,0,0,0,1,2,0,68912,home,625,20250817
1,0,0,0,0,0,0,0,62244,home,625,20250817
2,1,1,0,0,0,0,0,69992,home,625,20250817
2,1,1,0,0,0,0,0,50902,home,625,20250817
5,1,1,0,0,0,2,0,52568,away,626,20250819
4,1,3,0,0,1,0,0,69517,away,626,20250819
5,0,0,0,0,0,1,0,50150,away,626,20250819
5,0,2,2,0,0,0,0,54529,away,626,20250819
4,0,1,0,0,1,0,0,52591,away,626,20250819
4,0,3,0,0,0,1,0,61102,away,626,20250819
0,0,0,0,0,0,0,0,68518,away,626,20250819
1,0,0,0,0,0,1,0,77564,away,626,20250819
2,0,0,0,0,0,0,0,55530,away,626,20250819
4,0,0,0,0,0,1,0,68205,away,626,20250819
2,0,0,0,0,0,1,0,50500,away,626,20250819
1,0,0,0,0,0,0,0,62931,away,626,20250819
1,0,0,0,0,0,1,0,68507,away,626,20250819
2,0,0,0,0,0,1,0,65207,home,626,20250819
3,0,2,2,0,0,0,0,68119,home,626,20250819
1,0,0,0,0,0,0,0,52103,home,626,20250819
4,0,4,0,0,0,0,0,53123,home,626,20250819
4,0,0,0,0,0,1,0,69102,home,626,20250819
0,1,0,0,0,0,0,0,50054,home,626,20250819
3,2,1,2,1,1,0,0,76290,home,626,20250819
0,0,0,0,0,0,0,0,52154,home,626,20250819
4,0,1,1,0,0,2,0,79109,home,626,20250819
3,0,0,0,0,0,1,0,79365,home,626,20250819
1,0,0,0,0,0,0,0,55164,home,626,20250819
3,1,1,0,0,0,0,0,69100,home,626,20250819
2,1,0,0,0,1,1,0,62415,home,626,20250819
5,1,1,1,1,0,2,0,69418,away,627,20250819
5,1,2,0,0,0,0,0,67449,away,627,20250819
2,1,0,0,0,3,0,1,62404,away,627,20250819
0,0,0,0,0,0,0,0,61404,away,627,20250819
5,1,1,0,0,0,0,0,54400,away,627,20250819
2,1,0,0,0,2,1,0,52430,away,627,20250819
3,0,0,0,0,1,0,0,52415,away,627,20250819
4,1,1,0,0,0,1,0,50458,away,627,20250819
0,0,0,0,0,0,0,0,65062,away,627,20250819
2,0,0,1,0,1,1,0,74540,away,627,20250819
0,0,0,0,0,0,0,0,69428,away,627,20250819
4,0,1,3,0,0,1,0,62234,away,627,20250819
0,0,0,0,0,0,0,0,54408,away,627,20250819
4,0,1,0,0,0,1,0,51907,home,627,20250819
4,0,1,1,0,0,1,0,66606,home,627,20250819
3,0,0,0,0,1,0,0,62907,home,627,20250819
3,0,0,0,0,0,1,0,63260,home,627,20250819
0,0,0,0,0,0,0,0,69995,home,627,20250819
1,0,0,0,0,0,0,0,54944,home,627,20250819
0,0,0,0,0,0,0,0,50902,home,627,20250819
4,0,1,0,0,0,0,0,79215,home,627,20250819
4,0,1,0,0,0,1,0,63963,home,627,20250819
3,1,1,0,0,0,0,1,51344,home,627,20250819
2,0,0,0,0,0,0,0,68912,home,627,20250819
2,0,0,0,0,0,2,0,62244,home,627,20250819
4,1,2,1,0,0,0,1,69992,home,627,20250819
5,0,0,0,0,0,3,0,67893,away,628,20250819
5,0,2,0,0,0,1,0,53827,away,628,20250819
4,1,1,0,0,0,0,0,75847,away,628,20250819
4,1,1,0,0,0,1,0,62895,away,628,20250819
4,1,2,0,0,0,1,0,62934,away,628,20250819
3,1,1,3,1,1,0,0,60558,away,628,20250819
4,0,2,0,0,0,1,0,50868,away,628,20250819
0,0,0,0,0,0,0,0,54812,away,628,20250819
4,0,2,0,0,0,1,0,51865,away,628,20250819
2,0,0,0,0,0,1,0,76802,away,628,20250819
0,0,0,1,0,0,0,0,50854,away,628,20250819
1,0,1,0,0,0,0,0,66864,away,628,20250819
4,0,3,2,0,1,0,0,79240,home,628,20250819
4,0,2,0,0,0,1,0,64004,home,628,20250819
3,0,0,0,0,1,0,0,52001,home,628,20250819
0,0,0,0,0,0,0,0,66706,home,628,20250819
2,1,0,0,0,2,1,0,68050,home,628,20250819
4,0,0,0,0,0,0,0,76313,home,628,20250819
3,1,2,2,1,1,0,0,78548,home,628,20250819
3,1,1,0,0,1,0,0,79402,home,628,20250819
3,1,1,0,0,0,0,0,64115,home,628,20250819
1,0,0,0,0,0,1,0,67644,home,628,20250819
4,1,2,1,0,0,1,1,55013,home,628,20250819
5,2,3,3,1,0,0,1,65357,away,629,20250819
5,1,0,0,0,1,3,0,64340,away,629,20250819
5,1,3,2,1,0,0,0,76267,away,629,20250819
0,0,0,0,0,0,0,0,55397,away,629,20250819
5,0,1,1,0,0,0,0,54444,away,629,20250819
5,1,2,0,0,0,0,1,50167,away,629,20250819
2,0,0,0,0,1,1,1,53312,away,629,20250819
2,0,1,1,0,0,0,0,53344,away,629,20250819
5,0,0,0,0,0,1,0,64984,away,629,20250819
3,3,1,0,0,2,1,0,55392,away,629,20250819
3,1,3,2,1,2,0,0,50357,away,629,20250819
5,2,3,1,0,0,0,0,64646,home,629,20250819
4,1,1,1,0,1,1,0,69636,home,629,20250819
0,0,0,0,0,0,0,0,50657,home,629,20250819
5,1,1,2,0,0,0,0,78603,home,629,20250819
0,0,0,0,0,0,0,0,66614,home,629,20250819
4,2,2,3,1,1,0,0,72443,home,629,20250819
4,1,2,3,1,0,1,0,62947,home,629,20250819
1,0,0,0,0,0,0,0,64560,home,629,20250819
0,0,0,0,0,0,0,0,61353,home,629,20250819
4,1,1,1,1,0,2,0,55645,home,629,20250819
3,1,1,1,1,0,1,0,68646,home,629,20250819
1,0,1,0,0,0,0,0,78122,home,629,20250819
3,1,0,0,0,1,1,0,65653,home,629,20250819
4,2,2,0,0,0,0,0,67609,home,629,20250819
4,2,2,3,0,1,0,0,79231,away,630,20250819
3,0,0,0,0,0,1,0,50208,away,630,20250819
2,0,0,1,0,0,1,0,63257,away,630,20250819
4,1,1,0,0,0,1,0,55208,away,630,20250819
3,0,1,1,0,0,0,0,76232,away,630,20250819
3,0,2,1,0,1,0,0,51203,away,630,20250819
3,0,0,0,0,0,1,0,55252,away,630,20250819
1,0,0,0,0,0,0,0,66112,away,630,20250819
0,0,0,0,0,0,0,0,64468,away,630,20250819
3,0,0,0,0,0,0,0,53554,away,630,20250819
1,2,0,0,0,2,0,1,67207,away,630,20250819
2,0,0,0,0,0,0,0,66209,away,630,20250819
1,1,1,0,0,0,0,0,63123,away,630,20250819
5,1,3,0,0,0,0,0,77532,home,630,20250819
0,0,0,0,0,0,0,0,68700,home,630,20250819
3,1,1,2,1,2,1,0,55703,home,630,20250819
2,0,1,1,0,3,0,1,53764,home,630,20250819
4,1,1,1,1,1,0,1,69737,home,630,20250819
4,1,0,0,0,1,1,0,79192,home,630,20250819
2,0,0,0,0,0,2,0,66657,home,630,20250819
2,0,0,0,0,0,2,0,66704,home,630,20250819
1,0,0,0,0,0,0,0,62700,home,630,20250819
3,0,0,0,0,1,1,0,79608,home,630,20250819
0,0,0,0,0,1,0,0,65703,home,630,20250819
5,0,1,1,0,0,2,0,78288,home,630,20250819
2,1,1,0,0,2,1,0,64006,home,630,20250819
5,0,0,0,0,0,2,0,52568,away,631,20250820
1,1,0,0,0,3,0,1,50150,away,631,20250820
4,1,0,0,0,1,1,0,69517,away,631,20250820
3,1,1,3,1,1,1,0,54529,away,631,20250820
0,0,0,0,0,0,0,1,68507,away,631,20250820
4,0,2,0,0,0,0,0,61102,away,631,20250820
3,0,0,0,0,0,1,0,77564,away,631,20250820
1,0,0,0,0,0,1,0,62931,away,631,20250820
4,0,0,0,0,0,2,0,51551,away,631,20250820
2,0,1,0,0,1,0,0,54598,away,631,20250820
1,0,1,0,0,0,0,0,55530,away,631,20250820
4,0,0,0,0,0,1,0,50500,away,631,20250820
4,1,3,0,0,0,0,0,65207,home,631,20250820
4,0,2,0,0,0,1,0,50054,home,631,20250820
0,0,0,0,0,0,0,0,52103,home,631,20250820
2,0,0,1,0,1,1,0,53123,home,631,20250820
4,0,0,0,0,0,1,0,69102,home,631,20250820
4,0,0,0,0,0,2,0,76290,home,631,20250820
3,2,1,1,1,1,2,1,79109,home,631,20250820
3,2,2,1,0,1,0,0,69100,home,631,20250820
1,0,0,0,0,0,1,0,52154,home,631,20250820
1,0,0,0,0,0,0,0,68119,home,631,20250820
1,0,1,1,0,0,0,0,79365,home,631,20250820
4,0,0,1,0,0,1,0,62415,home,631,20250820
4,1,1,0,0,0,0,1,50458,away,632,20250820
1,0,0,0,0,0,0,0,69418,away,632,20250820
3,1,2,2,0,1,1,0,67449,away,632,20250820
3,1,1,0,0,1,0,0,62404,away,632,20250820
3,0,1,1,0,0,1,0,54400,away,632,20250820
3,0,2,1,0,1,0,0,52430,away,632,20250820
4,0,0,0,0,0,2,0,52415,away,632,20250820
3,0,1,0,0,0,0,0,65040,away,632,20250820
1,0,0,0,0,0,0,0,61404,away,632,20250820
4,0,0,0,0,0,1,0,74540,away,632,20250820
0,0,0,0,0,0,0,0,69428,away,632,20250820
4,1,1,0,0,0,0,0,62234,away,632,20250820
0,0,0,0,0,0,0,0,54408,away,632,20250820
4,1,2,1,1,0,1,0,51907,home,632,20250820
3,0,0,0,0,0,0,0,66606,home,632,20250820
3,0,1,0,0,1,1,0,62907,home,632,20250820
0,0,0,0,0,0,0,0,69995,home,632,20250820
1,1,0,0,0,2,1,1,54944,home,632,20250820
4,0,1,1,0,0,1,0,79215,home,632,20250820
4,1,2,0,0,0,1,0,63260,home,632,20250820
4,0,1,0,0,0,1,0,51344,home,632,20250820
3,0,1,0,0,0,0,0,68912,home,632,20250820
1,0,0,0,0,0,1,0,62244,home,632,20250820
2,0,0,0,0,0,0,0,69992,home,632,20250820
2,0,0,0,0,0,0,0,63963,home,632,20250820
5,1,2,1,0,0,0,0,67893,away,633,20250820
4,1,1,0,0,0,0,0,50854,away,633,20250820
4,2,2,0,0,1,0,0,75847,away,633,20250820
5,0,4,1,0,0,0,0,53827,away,633,20250820
5,0,3,3,0,0,1,0,62895,away,633,20250820
5,0,1,0,0,0,1,0,62934,away,633,20250820
4,0,0,0,0,0,0,1,60558,away,633,20250820
4,0,0,0,0,0,0,0,51865,away,633,20250820
3,1,2,0,0,1,0,1,54812,away,633,20250820
4,1,2,0,0,0,0,0,79240,home,633,20250820
4,0,0,0,0,0,0,0,64004,home,633,20250820
3,0,1,0,0,0,0,0,52001,home,633,20250820
1,0,0,0,0,0,0,0,66706,home,633,20250820
3,0,0,0,0,1,0,0,68050,home,633,20250820
4,0,1,1,0,0,1,0,79402,home,633,20250820
4,0,1,0,0,0,1,0,78548,home,633,20250820
0,0,0,0,0,0,0,0,51003,home,633,20250820
2,0,0,0,0,0,1,0,64504,home,633,20250820
2,0,0,0,0,0,1,0,76313,home,633,20250820
2,1,1,0,0,1,1,0,64115,home,633,20250820
1,0,1,0,0,0,0,0,67644,home,633,20250820
0,0,0,0,0,0,0,0,50092,home,633,20250820
4,1,1,2,1,0,1,0,55013,home,633,20250820
5,1,2,1,0,0,0,0,65357,away,634,20250820
5,1,1,0,0,0,1,0,64340,away,634,20250820
4,0,0,0,0,0,1,0,76267,away,634,20250820
4,1,1,0,0,0,0,0,54444,away,634,20250820
3,0,1,0,0,0,0,0,53312,away,634,20250820
4,1,1,1,0,0,1,0,50167,away,634,20250820
3,1,2,1,0,0,1,0,78756,away,634,20250820
3,0,1,0,0,0,1,0,55392,away,634,20250820
4,1,1,0,0,0,1,0,50357,away,634,20250820
4,0,2,0,0,0,0,0,64646,home,634,20250820
0,0,0,0,0,0,0,0,50657,home,634,20250820
4,0,0,0,0,0,0,0,69636,home,634,20250820
4,0,0,0,0,0,0,0,78603,home,634,20250820
4,0,0,0,0,0,0,0,72443,home,634,20250820
3,0,1,0,0,0,1,0,62947,home,634,20250820
3,0,0,0,0,0,1,0,55645,home,634,20250820
3,1,2,1,1,0,0,0,67610,home,634,20250820
2,0,0,0,0,0,0,0,78122,home,634,20250820
1,0,0,0,0,0,1,0,68646,home,634,20250820
2,0,0,0,0,0,1,0,67609,home,634,20250820
1,0,0,0,0,0,0,0,61353,home,634,20250820
0,0,0,0,0,0,0,0,65653,home,634,20250820
5,2,1,2,0,0,1,0,79231,away,635,20250820
1,0,0,0,0,0,1,0,63257,away,635,20250820
4,1,0,0,0,0,3,0,50208,away,635,20250820
1,0,0,0,0,0,0,0,64468,away,635,20250820
4,2,3,0,0,1,0,0,55208,away,635,20250820
3,2,2,1,0,2,1,0,76232,away,635,20250820
0,0,0,0,0,0,0,0,66112,away,635,20250820
5,1,2,2,0,0,1,0,51203,away,635,20250820
5,1,3,2,0,0,1,0,55252,away,635,20250820
4,2,2,1,0,1,1,0,63123,away,635,20250820
4,1,2,3,0,0,0,0,53554,away,635,20250820
1,0,0,0,0,0,0,0,66209,away,635,20250820
5,1,1,0,0,0,1,0,67207,away,635,20250820
5,2,4,0,0,0,0,0,77532,home,635,20250820
1,0,0,0,0,2,0,0,55703,home,635,20250820
2,3,1,0,0,0,0,0,68700,home,635,20250820
4,1,2,2,0,0,1,0,53764,home,635,20250820
3,1,0,1,0,1,2,0,69737,home,635,20250820
5,1,1,3,1,0,2,0,79192,home,635,20250820
4,1,1,1,0,0,0,0,66715,home,635,20250820
0,0,0,0,0,0,0,0,66704,home,635,20250820
4,0,2,2,0,0,1,0,62700,home,635,20250820
2,0,0,0,0,0,0,0,78288,home,635,20250820
1,0,0,0,0,1,0,0,76812,home,635,20250820
4,0,0,0,0,0,1,0,65703,home,635,20250820
4,1,1,0,0,1,1,1,50500,away,636,20250821
1,0,0,0,0,0,0,0,69508,away,636,20250821
5,1,2,0,0,1,0,0,55530,away,636,20250821
0,0,0,0,0,0,0,0,68507,away,636,20250821
5,1,1,1,0,0,1,0,69517,away,636,20250821
4,1,2,0,0,0,0,0,54529,away,636,20250821
0,0,0,0,0,0,0,0,77564,away,636,20250821
4,0,2,1,0,0,0,0,61102,away,636,20250821
0,0,0,0,0,0,0,0,68518,away,636,20250821
4,1,1,0,0,1,1,0,62931,away,636,20250821
4,0,1,2,0,0,0,0,51551,away,636,20250821
1,0,0,0,0,0,0,0,50150,away,636,20250821
0,0,0,0,0,0,0,0,60523,away,636,20250821
5,0,0,0,0,0,2,0,52568,away,636,20250821
3,1,1,1,1,2,1,0,54598,away,636,20250821
3,0,0,0,0,0,0,0,50054,home,636,20250821
1,0,0,0,0,0,0,0,65207,home,636,20250821
1,0,0,0,0,0,0,0,52103,home,636,20250821
1,0,1,0,0,0,0,0,55164,home,636,20250821
6,0,2,0,0,0,0,0,68119,home,636,20250821
6,2,3,1,1,0,1,0,53123,home,636,20250821
5,2,1,1,1,1,0,0,69102,home,636,20250821
5,1,1,0,0,1,1,0,76290,home,636,20250821
5,1,3,1,0,1,1,0,79109,home,636,20250821
6,0,1,0,0,0,2,0,79365,home,636,20250821
5,0,1,2,0,0,1,0,69100,home,636,20250821
4,0,2,0,0,1,1,1,62415,home,636,20250821
5,2,2,0,0,0,1,0,69418,away,637,20250821
4,0,1,1,0,1,1,0,67449,away,637,20250821
5,0,4,3,0,0,0,0,62404,away,637,20250821
4,0,0,0,0,1,1,0,54400,away,637,20250821
0,0,0,0,0,0,0,0,54408,away,637,20250821
4,1,1,0,0,1,1,0,52430,away,637,20250821
2,0,1,0,0,0,0,0,74540,away,637,20250821
1,0,0,0,0,0,1,0,50458,away,637,20250821
3,0,0,0,0,1,0,0,62234,away,637,20250821
2,0,0,0,0,0,0,0,61404,away,637,20250821
1,0,0,0,0,0,0,0,65040,away,637,20250821
1,0,1,1,0,0,0,0,69428,away,637,20250821
3,2,1,0,0,1,0,0,52415,away,637,20250821
3,1,2,2,1,1,1,1,51907,home,637,20250821
4,1,1,1,1,0,0,0,66606,home,637,20250821
2,0,0,0,0,2,0,1,62907,home,637,20250821
3,0,1,0,0,0,1,0,54944,home,637,20250821
1,1,1,0,0,0,0,1,69992,home,637,20250821
4,0,0,0,0,0,0,0,79215,home,637,20250821
3,0,0,0,0,0,0,0,63260,home,637,20250821
1,1,1,2,1,0,0,0,69995,home,637,20250821
3,1,1,1,1,0,0,0,63963,home,637,20250821
1,0,0,0,0,0,1,0,67905,home,637,20250821
3,1,1,1,1,0,2,0,68912,home,637,20250821
2,1,0,0,0,1,0,0,51344,home,637,20250821
5,1,1,0,0,0,1,0,67893,away,638,20250821
0,0,0,0,0,0,0,0,76802,away,638,20250821
5,2,1,0,0,0,2,0,54812,away,638,20250821
3,1,2,3,0,1,0,0,75847,away,638,20250821
0,0,0,0,0,0,0,0,66864,away,638,20250821
5,2,2,1,0,0,2,0,53827,away,638,20250821
4,1,2,0,0,0,2,0,62895,away,638,20250821
1,0,0,0,0,0,1,1,60558,away,638,20250821
3,0,2,1,0,1,1,0,51868,away,638,20250821
3,0,2,2,0,0,0,0,50854,away,638,20250821
4,0,0,0,0,0,0,0,62934,away,638,20250821
4,0,0,0,0,0,1,0,79456,away,638,20250821
0,0,0,0,0,0,0,0,51865,away,638,20250821
4,0,0,0,0,0,0,0,79240,home,638,20250821
4,0,1,0,0,0,0,1,64004,home,638,20250821
1,0,0,0,0,0,0,0,67006,home,638,20250821
4,0,0,0,0,1,2,0,67644,home,638,20250821
3,0,1,0,0,0,1,0,68050,home,638,20250821
0,0,0,0,0,1,0,0,52001,home,638,20250821
3,0,0,0,0,1,2,0,79402,home,638,20250821
4,0,1,0,0,0,1,0,76313,home,638,20250821
3,0,1,0,0,0,2,0,64115,home,638,20250821
1,1,1,0,0,0,0,0,64504,home,638,20250821
2,0,0,0,0,0,0,0,68089,home,638,20250821
1,0,0,0,0,1,1,0,78548,home,638,20250821
3,0,1,1,0,1,0,0,55013,home,638,20250821
5,1,2,1,0,0,0,0,65357,away,639,20250821
1,0,0,0,0,0,0,0,78756,away,639,20250821
4,1,1,4,1,0,0,0,76267,away,639,20250821
5,0,2,0,0,0,1,0,54444,away,639,20250821
3,1,0,0,0,1,0,0,64340,away,639,20250821
5,2,2,0,0,0,2,1,50167,away,639,20250821
4,2,2,1,0,1,0,0,64984,away,639,20250821
3,1,1,1,0,0,0,0,53344,away,639,20250821
2,0,2,0,0,0,0,0,53312,away,639,20250821
4,1,1,1,0,1,0,0,55392,away,639,20250821
5,2,3,2,0,0,2,0,50357,away,639,20250821
5,1,1,0,0,0,1,0,64646,home,639,20250821
4,2,2,1,1,1,0,0,65653,home,639,20250821
4,2,1,1,0,1,1,0,78603,home,639,20250821
4,1,3,2,0,1,0,0,72443,home,639,20250821
0,0,0,0,0,0,0,0,67609,home,639,20250821
4,1,3,4,1,0,0,0,62947,home,639,20250821
2,0,0,0,0,0,1,0,68646,home,639,20250821
3,0,0,0,0,0,1,0,78122,home,639,20250821
4,0,0,0,0,0,2,0,69636,home,639,20250821
4,1,2,0,0,0,2,0,67610,home,639,20250821
2,0,0,0,0,0,1,0,50657,home,639,20250821
1,1,1,0,0,0,0,0,66614,home,639,20250821
1,1,1,2,1,0,0,0,55645,home,639,20250821
4,0,1,0,0,0,0,0,79231,away,640,20250821
4,1,1,1,1,0,0,0,63123,away,640,20250821
4,0,2,0,0,0,2,0,55208,away,640,20250821
3,0,2,0,0,0,0,0,76232,away,640,20250821
1,1,0,0,0,0,0,0,66209,away,640,20250821
4,2,1,0,0,0,0,1,55252,away,640,20250821
0,0,0,0,0,0,0,0,50208,away,640,20250821
4,1,1,0,0,0,2,0,51203,away,640,20250821
4,1,2,5,1,0,1,0,64468,away,640,20250821
2,0,0,0,0,1,1,0,53554,away,640,20250821
1,0,0,0,0,0,0,0,66112,away,640,20250821
3,0,0,0,0,0,1,0,67207,away,640,20250821
5,0,1,0,0,0,1,0,77532,home,640,20250821
4,0,0,1,0,0,3,0,55703,home,640,20250821
4,0,1,0,0,0,1,0,53764,home,640,20250821
4,0,1,0,0,0,1,0,69737,home,640,20250821
4,1,1,0,0,0,0,0,79192,home,640,20250821
4,0,0,0,0,0,2,0,62700,home,640,20250821
2,0,1,1,0,0,1,0,78288,home,640,20250821
1,1,1,0,0,0,0,0,65703,home,640,20250821
4,0,2,1,0,0,1,0,68700,home,640,20250821
3,1,1,0,0,1,0,0,64006,home,640,20250821
4,2,2,3,0,1,0,0,64004,away,641,20250822
1,0,0,0,0,0,0,0,66706,away,641,20250822
6,2,2,1,0,0,1,0,55013,away,641,20250822
5,1,2,1,0,0,1,0,52001,away,641,20250822
0,0,0,0,0,0,0,0,64115,away,641,20250822
5,3,3,1,0,0,0,0,68050,away,641,20250822
4,0,1,2,0,0,0,0,79402,away,641,20250822
2,1,1,1,0,2,0,0,78548,away,641,20250822
1,1,1,0,0,0,0,0,67006,away,641,20250822
5,2,2,4,1,0,2,0,76313,away,641,20250822
3,0,0,0,0,0,0,0,51003,away,641,20250822
1,0,0,0,0,0,0,0,68089,away,641,20250822
4,1,2,0,0,0,2,0,64504,away,641,20250822
4,2,2,0,0,1,0,0,67207,home,641,20250822
5,1,1,1,1,0,2,0,63123,home,641,20250822
3,1,2,4,0,1,1,0,55208,home,641,20250822
1,0,1,0,0,0,0,0,63257,home,641,20250822
4,0,2,0,0,0,0,0,76232,home,641,20250822
1,0,0,0,0,0,1,0,66112,home,641,20250822
5,1,1,0,0,0,0,0,55252,home,641,20250822
5,1,2,1,0,0,0,0,51203,home,641,20250822
4,0,1,0,0,0,1,1,64468,home,641,20250822
0,0,0,0,0,0,0,0,66209,home,641,20250822
4,1,1,1,0,0,1,0,53554,home,641,20250822
0,0,0,0,0,0,0,0,50208,home,641,20250822
4,1,1,1,0,0,1,0,79231,home,641,20250822
4,0,2,0,0,0,1,0,65357,away,642,20250822
0,0,0,0,0,0,0,0,55393,away,642,20250822
4,0,1,1,0,0,1,0,50167,away,642,20250822
0,0,0,0,0,0,0,0,69332,away,642,20250822
4,0,0,0,0,0,0,0,54444,away,642,20250822
4,1,1,0,0,0,0,0,64340,away,642,20250822
4,0,1,0,0,0,1,0,64984,away,642,20250822
3,0,1,0,0,0,1,0,53312,away,642,20250822
1,0,1,0,0,0,0,0,53344,away,642,20250822
3,0,0,1,0,0,1,0,55397,away,642,20250822
2,1,0,0,0,1,1,0,78756,away,642,20250822
3,0,0,0,0,0,0,0,50357,away,642,20250822
3,1,1,0,0,2,1,0,50458,home,642,20250822
4,1,1,2,0,0,0,0,67449,home,642,20250822
1,0,0,0,0,0,0,0,69418,home,642,20250822
4,1,1,1,0,0,0,0,62404,home,642,20250822
4,1,1,2,1,0,0,0,54400,home,642,20250822
3,1,1,0,0,1,0,0,52430,home,642,20250822
3,1,1,0,0,0,0,0,62234,home,642,20250822
0,0,0,0,0,0,0,0,66406,home,642,20250822
4,0,1,1,0,0,0,0,61404,home,642,20250822
2,1,1,1,0,0,0,0,69403,home,642,20250822
2,0,0,0,0,0,0,0,52415,home,642,20250822
4,1,2,1,0,0,0,0,69428,home,642,20250822
3,0,0,0,0,0,1,0,50500,away,643,20250822
0,0,0,0,0,0,0,0,60523,away,643,20250822
0,0,0,0,0,0,0,0,52568,away,643,20250822
2,1,1,0,0,0,1,0,55530,away,643,20250822
3,0,0,0,0,0,1,0,77564,away,643,20250822
4,0,0,0,0,1,1,0,69517,away,643,20250822
4,1,2,1,0,0,0,0,54529,away,643,20250822
1,0,0,0,0,0,1,0,69508,away,643,20250822
3,2,1,2,1,0,1,0,61102,away,643,20250822
0,0,0,0,0,0,0,0,68518,away,643,20250822
4,1,1,0,0,0,1,0,62931,away,643,20250822
3,0,1,1,0,0,1,0,51551,away,643,20250822
1,1,1,0,0,0,0,0,68507,away,643,20250822
4,0,2,1,0,0,0,0,50150,away,643,20250822
4,0,1,1,0,0,0,0,54598,away,643,20250822
4,1,1,0,0,0,2,1,51907,home,643,20250822
2,1,0,0,0,1,1,0,69992,home,643,20250822
1,0,0,0,0,0,0,0,63260,home,643,20250822
1,0,1,0,0,0,0,0,50902,home,643,20250822
5,2,3,0,0,0,2,0,62907,home,643,20250822
4,0,1,1,0,0,1,0,54944,home,643,20250822
4,1,2,1,0,0,1,0,79215,home,643,20250822
0,0,0,0,0,0,0,0,67905,home,643,20250822
3,1,0,0,0,1,1,0,63963,home,643,20250822
2,0,0,0,0,0,1,0,69995,home,643,20250822
2,1,0,0,0,0,0,1,66606,home,643,20250822
2,0,0,0,0,0,1,0,62244,home,643,20250822
2,0,1,2,0,0,1,1,68912,home,643,20250822
4,0,1,0,0,0,2,0,51344,home,643,20250822
5,3,2,1,0,1,1,0,65207,away,644,20250822
1,1,0,1,0,2,0,0,68119,away,644,20250822
1,1,0,0,0,1,0,0,79365,away,644,20250822
3,0,0,2,0,0,0,0,53123,away,644,20250822
1,0,0,0,0,1,0,0,69100,away,644,20250822
4,2,2,5,1,0,1,0,69102,away,644,20250822
4,0,1,1,0,0,1,0,76290,away,644,20250822
1,0,0,1,0,0,0,0,55164,away,644,20250822
4,2,3,2,2,0,1,0,79109,away,644,20250822
1,0,0,0,0,0,0,0,50054,away,644,20250822
4,2,1,0,0,1,1,0,52103,away,644,20250822
3,2,1,0,0,1,0,0,52154,away,644,20250822
2,1,2,1,0,1,0,0,62415,away,644,20250822
2,1,1,0,0,1,0,0,64646,home,644,20250822
2,1,1,1,1,0,0,0,69636,home,644,20250822
4,0,0,0,0,0,1,0,65653,home,644,20250822
2,0,1,0,0,0,0,0,78603,home,644,20250822
2,0,1,0,0,0,0,0,66614,home,644,20250822
0,0,0,0,0,2,0,0,72443,home,644,20250822
2,0,1,0,0,0,0,0,61353,home,644,20250822
2,0,1,1,0,0,0,0,62947,home,644,20250822
2,0,1,0,0,0,0,0,67609,home,644,20250822
4,0,0,0,0,0,0,0,55645,home,644,20250822
4,0,0,0,0,0,3,0,67610,home,644,20250822
2,0,1,0,0,0,0,0,78122,home,644,20250822
2,0,0,0,0,0,1,0,68646,home,644,20250822
4,0,0,0,0,0,2,0,50657,home,644,20250822
3,0,0,0,0,2,0,0,67893,away,645,20250822
0,1,0,0,0,0,0,1,60558,away,645,20250822
4,0,1,0,0,0,1,0,54812,away,645,20250822
5,0,0,0,0,0,2,0,75847,away,645,20250822
5,0,2,1,0,0,2,0,53827,away,645,20250822
5,0,0,0,0,0,2,0,62895,away,645,20250822
4,0,2,0,0,0,1,1,66864,away,645,20250822
4,0,1,0,0,0,1,0,51868,away,645,20250822
0,0,0,0,0,0,0,0,76802,away,645,20250822
4,0,1,0,0,0,1,0,50854,away,645,20250822
2,0,0,0,0,1,0,0,79456,away,645,20250822
0,0,0,0,0,0,0,0,62934,away,645,20250822
1,0,0,0,0,0,0,0,51865,away,645,20250822
4,0,0,0,0,1,1,0,77532,home,645,20250822
3,0,2,0,0,0,1,0,55703,home,645,20250822
1,0,0,0,0,0,1,0,66657,home,645,20250822
4,0,1,0,0,0,0,0,53764,home,645,20250822
4,0,0,0,0,0,1,0,69737,home,645,20250822
4,0,1,0,0,0,1,0,79192,home,645,20250822
0,0,0,0,0,0,0,0,66704,home,645,20250822
3,0,0,0,0,0,0,0,62700,home,645,20250822
1,0,0,0,0,0,0,0,66715,home,645,20250822
0,0,0,0,0,0,0,0,54795,home,645,20250822
3,0,1,0,0,0,0,0,78288,home,645,20250822
1,0,0,0,0,0,0,0,65703,home,645,20250822
3,0,0,0,0,0,1,0,68700,home,645,20250822
4,0,1,0,0,0,0,1,64006,home,645,20250822
4,0,1,2,0,0,0,1,79240,away,646,20250823
4,1,2,0,0,1,0,0,64004,away,646,20250823
0,0,0,0,0,0,0,0,67006,away,646,20250823
4,0,2,0,0,1,0,0,52001,away,646,20250823
0,0,0,0,0,0,0,0,66706,away,646,20250823
4,0,1,1,0,1,1,0,68050,away,646,20250823
5,1,1,0,0,0,1,0,79402,away,646,20250823
5,2,2,0,0,0,1,0,76313,away,646,20250823
4,2,2,0,0,0,0,0,55013,away,646,20250823
2,0,0,0,0,0,1,0,68089,away,646,20250823
1,0,1,1,0,0,0,0,50066,away,646,20250823
1,0,0,0,0,0,0,0,51003,away,646,20250823
1,0,0,0,0,1,1,0,64115,away,646,20250823
2,0,0,0,0,0,0,0,78548,away,646,20250823
3,1,1,0,0,0,0,0,79231,home,646,20250823
3,0,0,0,0,0,0,0,67207,home,646,20250823
4,0,2,1,0,0,1,0,55208,home,646,20250823
4,0,1,0,0,0,1,0,76232,home,646,20250823
2,0,1,0,0,0,0,0,55252,home,646,20250823
1,0,1,0,0,0,0,0,63257,home,646,20250823
4,1,1,0,0,0,2,1,63123,home,646,20250823
4,0,1,0,0,0,2,0,53554,home,646,20250823
3,0,1,1,0,0,0,0,66112,home,646,20250823
1,0,0,0,0,0,1,0,51203,home,646,20250823
4,0,0,0,0,0,2,0,50208,home,646,20250823
5,1,0,0,0,0,0,0,50357,away,647,20250823
5,2,4,3,1,0,1,0,65357,away,647,20250823
5,0,1,0,0,0,2,0,64340,away,647,20250823
5,0,3,2,0,0,1,0,54444,away,647,20250823
5,1,2,0,0,0,0,0,50167,away,647,20250823
4,0,0,0,0,0,1,0,53312,away,647,20250823
1,0,0,0,0,0,0,0,55397,away,647,20250823
4,2,2,0,0,1,0,0,55392,away,647,20250823
1,1,0,0,0,1,0,0,55393,away,647,20250823
1,0,0,0,0,0,1,0,78756,away,647,20250823
3,1,1,3,0,1,0,0,64984,away,647,20250823
4,0,1,0,0,1,2,0,69418,home,647,20250823
3,0,0,1,0,1,1,0,67449,home,647,20250823
3,2,0,0,0,2,1,0,62404,home,647,20250823
4,3,2,0,0,1,0,0,54400,home,647,20250823
0,0,0,0,0,0,0,0,52430,home,647,20250823
3,2,1,2,1,0,1,0,66406,home,647,20250823
2,1,1,1,0,0,0,0,69403,home,647,20250823
3,0,1,0,0,0,0,0,61404,home,647,20250823
2,0,0,0,0,0,0,0,50458,home,647,20250823
5,2,2,1,0,0,2,0,62234,home,647,20250823
2,1,1,0,0,0,0,0,69442,home,647,20250823
3,1,3,5,1,0,0,0,69428,home,647,20250823
3,0,2,2,0,1,0,0,52415,home,647,20250823
3,0,1,0,0,0,0,0,55530,away,648,20250823
2,0,0,0,0,0,1,0,52568,away,648,20250823
4,0,1,0,0,0,0,0,69517,away,648,20250823
4,0,0,0,0,1,2,0,54529,away,648,20250823
5,0,0,0,0,0,2,0,61102,away,648,20250823
2,1,2,0,0,2,0,0,62931,away,648,20250823
2,0,0,0,0,0,0,0,50150,away,648,20250823
0,0,0,0,0,1,0,0,51551,away,648,20250823
3,0,1,1,0,0,1,0,54598,away,648,20250823
1,0,0,0,0,0,0,0,60523,away,648,20250823
3,0,1,0,0,1,0,1,68507,away,648,20250823
4,0,1,0,0,0,0,1,50500,away,648,20250823
4,0,1,0,0,0,1,1,51907,home,648,20250823
3,1,1,0,0,1,2,0,63963,home,648,20250823
0,0,0,0,0,0,0,0,66606,home,648,20250823
4,1,1,1,0,0,1,0,79215,home,648,20250823
3,1,0,0,0,1,1,0,54944,home,648,20250823
0,0,0,0,0,0,0,0,50902,home,648,20250823
2,0,1,0,0,0,0,0,63260,home,648,20250823
2,0,1,1,0,0,1,1,69992,home,648,20250823
4,0,2,1,0,0,0,1,51344,home,648,20250823
3,0,1,0,0,0,1,0,69995,home,648,20250823
2,0,0,0,0,1,1,0,68912,home,648,20250823
2,1,0,0,0,1,1,0,67905,home,648,20250823
4,2,0,0,0,1,1,0,65207,away,649,20250823
3,1,2,2,1,0,0,0,68119,away,649,20250823
2,0,0,0,0,0,0,0,55164,away,649,20250823
5,1,1,1,0,0,1,0,53123,away,649,20250823
4,0,1,1,0,0,0,0,69102,away,649,20250823
0,0,0,0,0,0,0,0,69100,away,649,20250823
3,0,1,0,0,1,0,0,76290,away,649,20250823
3,0,0,0,0,1,2,0,79109,away,649,20250823
4,1,2,0,0,0,1,0,79365,away,649,20250823
2,0,2,1,0,0,0,0,50054,away,649,20250823
1,1,0,0,0,0,0,0,52103,away,649,20250823
3,0,0,0,0,0,0,0,62415,away,649,20250823
5,0,1,0,0,0,1,0,64646,home,649,20250823
2,1,0,0,0,1,0,0,66614,home,649,20250823
1,0,1,1,0,1,0,0,78603,home,649,20250823
0,0,0,0,0,0,0,0,55926,home,649,20250823
3,0,1,0,0,1,1,0,62947,home,649,20250823
4,0,0,0,0,1,2,0,72443,home,649,20250823
4,0,1,1,0,1,0,0,55645,home,649,20250823
5,0,0,0,0,0,1,0,69636,home,649,20250823
3,1,1,0,0,0,0,0,67610,home,649,20250823
1,0,0,0,0,0,0,0,78122,home,649,20250823
2,0,0,0,0,1,0,0,68646,home,649,20250823
4,0,2,0,0,0,1,0,65653,home,649,20250823
3,0,1,0,0,1,1,0,67893,away,650,20250823
0,0,0,0,0,0,0,0,54812,away,650,20250823
4,0,1,0,0,0,0,0,66864,away,650,20250823
3,0,0,0,0,0,1,0,75847,away,650,20250823
1,0,1,0,0,0,0,0,76802,away,650,20250823
4,0,1,0,0,0,2,0,53827,away,650,20250823
4,0,1,0,0,0,2,0,62895,away,650,20250823
4,0,1,0,0,0,1,0,51868,away,650,20250823
3,0,0,0,0,0,0,0,50854,away,650,20250823
1,0,0,0,0,0,0,0,62934,away,650,20250823
2,0,0,0,0,0,0,0,50868,away,650,20250823
1,0,0,0,0,0,0,0,60558,away,650,20250823
3,0,0,0,0,0,1,0,51865,away,650,20250823
4,0,0,0,0,0,2,0,68700,home,650,20250823
4,1,1,0,0,0,1,0,77532,home,650,20250823
0,0,0,0,0,0,0,0,66657,home,650,20250823
4,1,2,1,0,0,1,0,53764,home,650,20250823
3,1,1,0,0,1,0,0,69737,home,650,20250823
4,0,2,2,0,0,1,0,79192,home,650,20250823
2,0,0,0,0,0,0,0,66704,home,650,20250823
3,1,2,0,0,1,0,0,65703,home,650,20250823
1,0,0,0,0,1,0,0,76812,home,650,20250823
0,0,0,0,0,0,0,0,54795,home,650,20250823
0,0,0,1,0,0,0,0,78288,home,650,20250823
3,1,1,1,0,0,1,0,64006,home,650,20250823
4,0,1,0,0,0,0,0,79240,away,651,20250824
3,1,1,0,0,0,1,1,64004,away,651,20250824
4,0,1,0,0,0,2,0,52001,away,651,20250824
0,0,0,0,0,0,0,0,65048,away,651,20250824
2,1,0,0,0,2,0,0,68050,away,651,20250824
1,0,0,0,0,1,0,0,79402,away,651,20250824
1,0,0,0,0,0,1,0,69064,away,651,20250824
1,1,1,3,1,0,0,0,66706,away,651,20250824
4,0,0,0,0,0,1,0,76313,away,651,20250824
4,0,0,0,0,0,2,0,50066,away,651,20250824
4,0,2,0,0,0,2,0,55013,away,651,20250824
2,0,1,0,0,0,0,0,64115,away,651,20250824
1,0,0,0,0,0,0,0,78548,away,651,20250824
1,0,0,0,0,0,1,0,51003,away,651,20250824
4,1,1,0,0,0,0,0,79231,home,651,20250824
4,1,2,0,0,0,1,0,51203,home,651,20250824
4,0,1,0,0,0,0,0,55208,home,651,20250824
3,0,0,1,0,1,0,0,76232,home,651,20250824
0,0,0,0,0,0,0,0,64468,home,651,20250824
1,0,0,0,0,2,1,0,63257,home,651,20250824
0,0,0,0,0,0,0,0,66209,home,651,20250824
1,0,0,0,0,0,1,0,55252,home,651,20250824
0,0,0,0,0,0,0,0,66112,home,651,20250824
3,0,0,0,0,0,1,0,53554,home,651,20250824
4,0,0,0,0,0,3,0,63123,home,651,20250824
4,0,0,0,0,0,2,0,50208,home,651,20250824
3,0,0,0,0,0,1,0,67207,home,651,20250824
4,1,1,0,0,1,0,0,50357,away,652,20250824
4,1,2,2,1,0,0,0,65357,away,652,20250824
4,0,0,0,0,0,1,0,64340,away,652,20250824
4,1,3,0,0,0,0,0,54444,away,652,20250824
4,0,1,0,0,0,1,0,50167,away,652,20250824
2,0,0,0,0,0,1,0,69332,away,652,20250824
2,0,0,0,0,0,1,0,55397,away,652,20250824
2,0,0,0,0,0,0,0,53312,away,652,20250824
1,0,0,0,0,1,0,0,53344,away,652,20250824
4,1,2,2,1,0,1,0,55392,away,652,20250824
4,0,0,0,0,0,0,0,64984,away,652,20250824
3,1,1,0,0,2,1,0,69418,home,652,20250824
5,2,3,0,0,0,0,0,50458,home,652,20250824
0,0,0,0,0,0,0,0,61404,home,652,20250824
4,1,1,0,0,0,1,0,62404,home,652,20250824
4,2,3,4,1,0,0,0,54400,home,652,20250824
4,1,1,1,0,0,0,0,67449,home,652,20250824
3,0,1,2,0,0,0,1,62234,home,652,20250824
4,0,0,0,0,0,1,0,52415,home,652,20250824
3,0,0,0,0,1,0,0,69428,home,652,20250824
4,0,1,0,0,0,1,0,69403,home,652,20250824
5,1,4,4,0,0,1,0,55530,away,653,20250824
5,2,1,1,0,1,2,0,62931,away,653,20250824
0,0,0,0,0,0,0,0,52504,away,653,20250824
5,2,2,1,0,0,1,0,69517,away,653,20250824
1,0,0,0,0,0,0,0,52568,away,653,20250824
5,3,3,4,1,1,0,0,54529,away,653,20250824
5,1,1,1,0,0,3,0,61102,away,653,20250824
1,0,0,0,0,0,1,0,51528,away,653,20250824
4,2,2,0,0,1,0,0,51551,away,653,20250824
1,0,0,0,0,0,0,0,60523,away,653,20250824
6,2,3,2,1,0,1,0,54598,away,653,20250824
2,2,0,0,0,4,1,0,68507,away,653,20250824
3,2,0,1,0,1,1,0,50500,away,653,20250824
3,1,1,1,1,0,1,0,51907,home,653,20250824
2,0,0,0,0,0,1,0,69992,home,653,20250824
4,0,0,0,0,0,1,0,66606,home,653,20250824
2,1,0,0,0,1,0,0,62907,home,653,20250824
1,0,0,0,0,0,0,0,63963,home,653,20250824
4,1,2,2,1,0,0,0,54944,home,653,20250824
2,1,1,0,0,1,0,0,79215,home,653,20250824
1,0,0,0,0,0,0,0,67905,home,653,20250824
3,1,1,0,0,1,0,0,63260,home,653,20250824
3,0,0,0,0,0,1,0,51344,home,653,20250824
2,0,1,1,0,0,0,0,68912,home,653,20250824
2,0,0,0,0,0,0,0,62244,home,653,20250824
1,0,0,0,0,0,0,0,69995,home,653,20250824
3,0,0,0,0,0,1,0,50902,home,653,20250824
4,1,2,1,0,0,0,0,65207,away,654,20250824
4,0,1,1,0,0,0,0,68119,away,654,20250824
4,0,0,0,0,0,2,0,53123,away,654,20250824
4,0,1,0,0,0,2,0,69102,away,654,20250824
4,0,1,0,0,0,2,0,76290,away,654,20250824
0,0,0,0,0,0,0,0,52103,away,654,20250824
4,0,1,0,0,0,2,0,79109,away,654,20250824
4,0,0,0,0,0,2,0,79365,away,654,20250824
2,0,0,0,0,0,1,0,50054,away,654,20250824
1,0,0,0,0,0,0,0,69100,away,654,20250824
2,1,1,0,0,1,0,0,62415,away,654,20250824
5,0,2,0,0,0,1,3,64646,home,654,20250824
4,1,1,1,1,1,2,0,55645,home,654,20250824
5,0,1,0,0,0,2,0,62947,home,654,20250824
5,0,2,0,0,0,0,0,72443,home,654,20250824
0,0,0,0,0,0,0,0,55926,home,654,20250824
4,0,3,0,0,1,0,0,78603,home,654,20250824
0,0,0,0,0,0,0,0,50657,home,654,20250824
4,0,1,0,0,0,2,0,69636,home,654,20250824
0,0,0,0,0,0,0,0,55636,home,654,20250824
0,0,0,0,0,1,0,0,67610,home,654,20250824
5,0,2,0,0,0,1,0,68646,home,654,20250824
3,0,1,0,0,1,1,0,65653,home,654,20250824
3,0,0,0,0,1,0,0,66614,home,654,20250824
4,0,1,0,0,0,0,0,67893,away,655,20250824
3,1,1,0,0,1,0,0,54812,away,655,20250824
3,1,2,2,1,0,1,0,75847,away,655,20250824
2,0,0,0,0,2,0,0,53827,away,655,20250824
4,0,0,0,0,0,2,0,62895,away,655,20250824
4,0,0,0,0,0,2,0,51868,away,655,20250824
4,0,0,0,0,0,2,0,50854,away,655,20250824
3,0,0,0,0,1,3,0,62934,away,655,20250824
2,0,0,0,0,0,1,0,51865,away,655,20250824
1,0,0,0,0,0,0,0,50868,away,655,20250824
0,0,0,0,0,0,0,0,79456,away,655,20250824
3,1,2,1,0,1,0,0,68700,home,655,20250824
4,1,1,1,0,0,0,0,77532,home,655,20250824
2,0,0,0,0,0,1,0,53764,home,655,20250824
1,0,1,0,0,0,0,0,66657,home,655,20250824
4,1,1,2,1,0,0,0,69737,home,655,20250824
4,0,1,0,0,0,0,0,79192,home,655,20250824
3,1,1,0,0,1,0,0,66704,home,655,20250824
3,0,0,0,0,0,1,0,65703,home,655,20250824
2,0,0,0,0,1,0,0,78288,home,655,20250824
0,0,0,0,0,0,0,0,54795,home,655,20250824
1,0,0,0,0,0,0,0,76812,home,655,20250824
3,1,1,0,0,0,0,0,64006,home,655,20250824
5,1,3,1,1,0,2,0,69418,away,656,20250826
2,1,1,0,0,2,1,0,50458,away,656,20250826
1,0,0,0,0,0,0,0,61404,away,656,20250826
4,2,2,1,0,1,0,0,62404,away,656,20250826
3,1,1,2,1,2,0,0,54400,away,656,20250826
5,0,0,1,0,0,0,1,67449,away,656,20250826
2,0,0,0,0,2,1,0,52430,away,656,20250826
3,0,2,1,0,0,0,0,74540,away,656,20250826
0,0,0,0,0,0,0,0,55438,away,656,20250826
3,0,0,0,0,1,1,0,62234,away,656,20250826
0,0,0,0,0,0,0,0,69428,away,656,20250826
4,1,1,0,0,0,1,0,52415,away,656,20250826
4,0,1,0,0,0,1,0,79231,home,656,20250826
3,0,1,0,0,0,2,0,67207,home,656,20250826
0,0,0,1,0,0,0,0,63123,home,656,20250826
4,0,0,0,0,0,2,0,55208,home,656,20250826
3,0,0,0,0,0,0,0,76232,home,656,20250826
1,0,0,0,0,0,0,0,54219,home,656,20250826
3,0,1,0,0,1,0,0,51203,home,656,20250826
4,0,1,0,0,0,0,0,55252,home,656,20250826
3,1,1,1,1,1,0,0,63257,home,656,20250826
2,0,0,0,0,0,1,0,64468,home,656,20250826
1,1,0,0,0,1,1,0,53554,home,656,20250826
3,0,1,0,0,0,2,0,50208,home,656,20250826
5,1,3,0,0,0,0,0,64646,away,657,20250826
5,1,2,1,0,0,1,0,78603,away,657,20250826
5,1,2,1,0,0,2,0,62947,away,657,20250826
4,1,1,2,1,1,1,0,72443,away,657,20250826
4,0,0,0,0,1,2,0,55645,away,657,20250826
4,1,1,1,1,0,1,0,69636,away,657,20250826
4,0,1,0,0,0,2,0,65653,away,657,20250826
3,0,1,0,0,0,1,0,78122,away,657,20250826
1,0,0,0,0,0,0,0,68646,away,657,20250826
3,0,0,0,0,0,2,0,66614,away,657,20250826
1,0,1,0,0,0,0,0,67610,away,657,20250826
0,0,0,0,0,0,0,0,50657,away,657,20250826
4,1,2,2,0,1,1,0,67893,home,657,20250826
4,2,3,1,1,1,0,0,66864,home,657,20250826
4,0,1,1,0,1,0,0,75847,home,657,20250826
4,1,2,1,1,1,0,0,53827,home,657,20250826
3,1,1,2,1,1,0,0,62895,home,657,20250826
1,0,0,0,0,0,1,0,62934,home,657,20250826
5,1,1,0,0,0,1,0,60558,home,657,20250826
3,1,2,0,0,0,1,0,51868,home,657,20250826
1,0,0,0,0,0,0,0,50854,home,657,20250826
4,2,3,2,2,0,0,0,50868,home,657,20250826
4,0,0,0,0,0,0,0,79456,home,657,20250826
0,0,0,0,0,0,0,0,51865,home,657,20250826
4,0,2,0,0,0,0,0,79240,away,658,20250826
4,0,0,0,0,0,2,0,64004,away,658,20250826
4,0,0,0,0,0,3,0,52001,away,658,20250826
0,0,0,0,0,0,0,0,51003,away,658,20250826
4,0,1,0,0,0,1,0,68050,away,658,20250826
4,2,2,0,0,0,0,0,79402,away,658,20250826
4,0,0,1,0,0,0,0,76313,away,658,20250826
4,0,0,0,0,0,2,0,78548,away,658,20250826
3,1,1,0,0,0,1,0,55013,away,658,20250826
2,0,1,2,0,0,0,0,64115,away,658,20250826
1,0,0,0,0,0,1,0,66706,away,658,20250826
4,1,3,0,0,0,0,0,55530,home,658,20250826
2,1,0,0,0,0,1,0,50150,home,658,20250826
4,0,2,1,0,0,1,0,69517,home,658,20250826
3,0,0,0,0,1,0,0,54529,home,658,20250826
4,1,1,0,0,0,2,0,61102,home,658,20250826
0,0,0,0,0,0,0,0,51528,home,658,20250826
3,0,1,0,0,1,0,0,51551,home,658,20250826
2,1,1,1,0,1,0,0,54598,home,658,20250826
4,0,1,0,0,0,0,0,68507,home,658,20250826
2,0,0,0,0,0,1,0,50500,home,658,20250826
1,0,0,0,0,0,0,0,60523,home,658,20250826
0,0,0,0,0,0,0,0,52504,home,658,20250826
4,2,2,0,0,1,0,0,65207,away,659,20250826
4,2,2,0,0,1,1,1,68119,away,659,20250826
2,1,0,0,0,3,0,0,53123,away,659,20250826
4,0,1,3,0,0,0,0,69102,away,659,20250826
2,0,1,1,0,1,0,0,76290,away,659,20250826
1,0,1,1,0,0,0,0,52103,away,659,20250826
1,0,0,0,0,0,0,0,50054,away,659,20250826
5,1,1,0,0,0,2,0,79109,away,659,20250826
5,1,4,0,0,0,0,0,69100,away,659,20250826
3,0,1,1,0,0,1,0,52154,away,659,20250826
2,0,0,0,0,0,1,0,79365,away,659,20250826
5,0,0,1,0,0,1,1,62415,away,659,20250826
5,2,3,1,0,0,0,1,51907,home,659,20250826
5,1,4,3,0,0,0,1,66606,home,659,20250826
5,1,3,0,0,0,0,1,62907,home,659,20250826
3,0,0,0,0,2,2,0,54944,home,659,20250826
0,0,0,0,0,0,0,0,69995,home,659,20250826
5,0,1,2,0,0,3,0,79215,home,659,20250826
5,1,1,0,0,0,0,0,63260,home,659,20250826
0,0,0,0,0,0,0,0,69992,home,659,20250826
4,1,1,0,0,0,1,0,68912,home,659,20250826
4,2,2,0,0,0,0,0,51344,home,659,20250826
3,1,1,3,1,0,1,0,67905,home,659,20250826
4,0,0,0,0,0,1,0,68700,away,660,20250826
4,0,0,0,0,0,1,0,55703,away,660,20250826
4,2,2,1,1,0,0,0,53764,away,660,20250826
4,1,3,1,0,0,1,0,69737,away,660,20250826
3,0,0,0,0,0,2,0,77532,away,660,20250826
3,0,1,0,0,0,1,0,66704,away,660,20250826
4,0,1,0,0,0,0,0,65703,away,660,20250826
2,0,0,0,0,0,1,0,78288,away,660,20250826
1,0,0,0,0,0,1,0,66657,away,660,20250826
1,0,0,0,0,0,0,0,76812,away,660,20250826
3,0,1,0,0,0,0,0,64006,away,660,20250826
4,1,1,0,0,0,1,0,65357,home,660,20250826
4,0,0,0,0,0,3,0,54444,home,660,20250826
4,0,2,1,0,0,0,0,50357,home,660,20250826
3,0,1,0,0,1,0,0,64340,home,660,20250826
4,0,0,0,0,0,0,0,50167,home,660,20250826
3,0,0,0,0,0,2,0,53312,home,660,20250826
3,0,1,0,0,1,0,0,55392,home,660,20250826
2,0,0,0,0,0,2,0,78756,home,660,20250826
1,0,0,0,0,0,0,0,64984,home,660,20250826
3,0,0,0,0,0,1,0,69332,home,660,20250826
5,1,1,2,0,0,3,0,69418,away,661,20250827
3,2,0,0,0,2,0,0,50458,away,661,20250827
5,2,2,6,2,0,0,0,62404,away,661,20250827
6,2,2,1,1,0,2,0,54400,away,661,20250827
3,1,2,0,0,1,0,0,67449,away,661,20250827
0,0,0,0,0,1,0,0,61404,away,661,20250827
4,1,2,1,0,0,2,0,52430,away,661,20250827
1,0,1,1,0,0,0,0,69416,away,661,20250827
4,1,2,1,0,0,0,0,74540,away,661,20250827
1,0,0,0,0,0,0,0,69428,away,661,20250827
0,1,0,0,0,1,0,0,62234,away,661,20250827
2,1,0,1,0,0,0,0,69403,away,661,20250827
2,0,0,0,0,0,1,0,55438,away,661,20250827
4,2,1,1,0,1,0,0,52415,away,661,20250827
2,0,0,0,0,0,2,0,79231,home,661,20250827
3,0,0,0,0,0,1,0,66209,home,661,20250827
4,0,1,0,0,0,1,0,55252,home,661,20250827
4,1,1,0,0,0,0,0,63257,home,661,20250827
3,0,1,0,0,0,1,0,55208,home,661,20250827
1,0,0,0,0,0,0,0,64468,home,661,20250827
4,0,1,0,0,0,1,0,51203,home,661,20250827
3,0,1,0,0,0,0,0,66112,home,661,20250827
1,0,0,0,0,0,0,0,54219,home,661,20250827
1,0,0,0,0,1,1,1,63123,home,661,20250827
1,0,0,0,0,1,1,0,53554,home,661,20250827
3,0,0,0,0,1,2,0,50208,home,661,20250827
3,0,0,0,0,1,1,0,67207,home,661,20250827
3,1,1,1,0,2,1,1,64646,away,662,20250827
5,0,1,2,0,0,3,0,55645,away,662,20250827
5,0,1,1,0,0,1,0,78603,away,662,20250827
5,0,0,0,0,0,1,0,72443,away,662,20250827
3,0,1,0,0,1,2,0,62947,away,662,20250827
0,0,0,0,0,0,0,0,55926,away,662,20250827
0,0,0,0,0,0,0,0,66609,away,662,20250827
1,0,0,0,0,0,1,0,69620,away,662,20250827
0,0,0,0,0,0,0,0,65665,away,662,20250827
3,0,0,0,0,0,2,0,69636,away,662,20250827
2,0,0,0,0,0,1,0,50657,away,662,20250827
3,0,0,0,0,1,1,0,67610,away,662,20250827
0,1,0,0,0,0,0,0,66614,away,662,20250827
2,0,0,0,0,1,1,0,78122,away,662,20250827
0,0,0,0,0,0,0,0,55636,away,662,20250827
1,1,1,0,0,0,0,0,68646,away,662,20250827
4,1,2,0,0,0,0,1,65653,away,662,20250827
4,0,1,0,0,1,1,0,67893,home,662,20250827
4,0,1,0,0,0,0,1,50854,home,662,20250827
1,0,0,0,0,0,1,0,62934,home,662,20250827
5,0,1,0,0,0,1,0,75847,home,662,20250827
4,1,2,1,1,1,0,0,53827,home,662,20250827
3,0,0,0,0,1,0,0,62895,home,662,20250827
0,1,0,0,0,1,0,1,60558,home,662,20250827
5,0,2,0,0,0,1,0,50868,home,662,20250827
5,0,1,0,0,0,1,0,66864,home,662,20250827
4,0,1,0,0,0,0,0,51868,home,662,20250827
2,0,1,0,0,0,0,0,51865,home,662,20250827
1,0,0,0,0,0,0,0,54812,home,662,20250827
1,0,0,0,0,0,0,0,79456,home,662,20250827
4,0,1,1,0,1,0,0,79240,away,663,20250827
4,1,0,0,0,1,1,0,55013,away,663,20250827
5,1,1,0,0,0,1,0,52001,away,663,20250827
0,0,0,0,0,0,0,0,67006,away,663,20250827
5,2,2,2,1,0,1,0,68050,away,663,20250827
5,0,2,1,0,0,0,0,79402,away,663,20250827
0,0,0,0,0,0,0,0,69064,away,663,20250827
5,1,3,0,0,0,0,1,76313,away,663,20250827
3,1,0,1,0,1,1,0,66706,away,663,20250827
1,0,0,0,0,0,0,0,68089,away,663,20250827
2,1,1,1,0,1,0,0,50066,away,663,20250827
1,0,0,1,0,0,0,0,64115,away,663,20250827
1,0,0,0,0,0,0,0,64004,away,663,20250827
0,0,0,0,0,1,0,0,51003,away,663,20250827
5,1,2,0,0,0,1,0,55530,home,663,20250827
5,0,1,0,0,0,1,0,68507,home,663,20250827
5,0,3,0,0,0,0,0,69517,home,663,20250827
4,0,2,1,0,0,1,0,54529,home,663,20250827
3,0,0,0,0,0,1,0,61102,home,663,20250827
1,0,0,0,0,0,0,0,51528,home,663,20250827
4,1,3,0,0,0,0,0,51551,home,663,20250827
3,0,0,0,0,0,1,0,50150,home,663,20250827
2,0,1,1,0,2,0,0,54598,home,663,20250827
0,0,0,0,0,0,0,0,52568,home,663,20250827
2,0,0,0,0,0,1,0,52504,home,663,20250827
1,0,0,0,0,0,0,0,62931,home,663,20250827
1,0,0,0,0,0,1,0,55506,home,663,20250827
4,1,1,0,0,2,1,0,65207,away,664,20250827
5,2,2,0,0,0,3,0,68119,away,664,20250827
5,2,3,3,1,0,0,0,53123,away,664,20250827
4,1,1,1,0,1,0,0,69102,away,664,20250827
5,0,2,1,0,0,0,0,79109,away,664,20250827
3,2,1,0,0,2,0,0,69100,away,664,20250827
4,0,1,0,0,1,1,0,79365,away,664,20250827
1,0,0,0,0,1,0,0,50054,away,664,20250827
1,0,0,0,0,0,0,0,52103,away,664,20250827
1,1,1,1,0,0,0,0,55164,away,664,20250827
3,0,2,3,0,1,0,0,62415,away,664,20250827
0,0,0,0,0,0,0,0,52154,away,664,20250827
2,0,0,0,0,0,0,0,51907,home,664,20250827
2,0,0,0,0,0,1,0,51344,home,664,20250827
4,0,1,0,0,0,0,0,66606,home,664,20250827
0,0,0,0,0,0,0,0,69992,home,664,20250827
3,0,2,0,0,0,0,0,62907,home,664,20250827
1,0,0,0,0,0,0,0,50902,home,664,20250827
4,1,2,1,1,0,0,0,54944,home,664,20250827
2,0,0,0,0,0,0,0,79215,home,664,20250827
2,0,1,0,0,0,0,0,67905,home,664,20250827
4,0,1,0,0,0,0,0,63260,home,664,20250827
2,0,1,0,0,0,1,0,68912,home,664,20250827
2,0,0,0,0,0,1,0,62244,home,664,20250827
4,0,1,0,0,0,2,0,69995,home,664,20250827
4,0,0,0,0,0,2,0,63963,home,664,20250827
2,1,0,1,0,0,0,0,68700,away,665,20250827
2,0,0,1,0,0,0,0,55703,away,665,20250827
2,0,0,0,0,0,0,0,66657,away,665,20250827
4,0,1,1,0,0,0,0,53764,away,665,20250827
4,0,0,0,0,0,0,0,69737,away,665,20250827
4,0,0,0,0,0,2,0,77532,away,665,20250827
3,0,1,0,0,1,1,0,66704,away,665,20250827
3,1,2,0,0,0,1,0,65703,away,665,20250827
4,1,2,0,0,0,1,0,78288,away,665,20250827
4,0,0,0,0,0,0,0,64006,away,665,20250827
3,1,0,0,0,1,0,0,50357,home,665,20250827
4,0,2,0,0,0,1,0,65357,home,665,20250827
4,0,0,0,0,0,1,0,64340,home,665,20250827
4,0,0,0,0,0,3,0,50167,home,665,20250827
4,0,0,0,0,0,1,0,54444,home,665,20250827
4,0,0,0,0,0,1,0,64984,home,665,20250827
2,0,1,0,0,1,0,0,53312,home,665,20250827
2,0,0,0,0,1,1,0,55392,home,665,20250827
3,0,0,0,0,0,1,0,55397,home,665,20250827
5,1,2,0,0,0,0,0,69418,away,666,20250828
2,1,1,1,0,2,0,0,50458,away,666,20250828
0,0,0,0,0,0,0,0,61404,away,666,20250828
5,1,2,3,0,0,0,1,62404,away,666,20250828
3,1,1,0,0,2,0,0,54400,away,666,20250828
5,0,2,1,0,0,1,0,67449,away,666,20250828
4,0,1,1,0,0,0,0,52430,away,666,20250828
2,0,0,0,0,0,1,0,74540,away,666,20250828
2,0,0,0,0,0,1,0,69428,away,666,20250828
4,1,1,0,0,0,0,0,62234,away,666,20250828
4,1,1,0,0,0,3,0,52415,away,666,20250828
5,1,2,1,0,0,1,0,51203,home,666,20250828
5,2,2,0,0,0,1,0,63123,home,666,20250828
3,1,2,3,1,1,1,1,55208,home,666,20250828
4,0,1,1,0,1,1,0,76232,home,666,20250828
0,0,0,0,0,0,0,0,66112,home,666,20250828
3,1,0,0,0,0,1,0,63257,home,666,20250828
0,0,0,0,0,0,0,0,66209,home,666,20250828
1,0,0,0,0,0,0,0,53554,home,666,20250828
3,2,3,0,0,2,0,0,55252,home,666,20250828
4,0,1,1,0,0,3,0,50208,home,666,20250828
5,0,1,1,0,0,1,0,67207,home,666,20250828
4,0,1,0,0,1,0,0,79231,home,666,20250828
5,1,1,0,0,1,0,0,64646,away,667,20250828
4,1,1,2,1,0,2,0,55645,away,667,20250828
4,1,3,3,0,1,0,0,78603,away,667,20250828
0,1,0,0,0,0,0,0,66614,away,667,20250828
3,2,1,2,1,2,1,0,72443,away,667,20250828
4,0,1,0,0,1,3,0,62947,away,667,20250828
1,0,0,0,0,0,1,0,55636,away,667,20250828
6,1,2,1,1,0,2,0,69636,away,667,20250828
3,1,1,0,0,1,2,0,67610,away,667,20250828
0,0,0,0,0,0,0,0,50657,away,667,20250828
2,0,0,0,0,0,2,0,68646,away,667,20250828
1,0,0,0,0,1,0,0,78122,away,667,20250828
3,2,2,0,0,2,0,0,65653,away,667,20250828
3,1,2,1,0,1,1,0,67893,home,667,20250828
3,1,0,0,0,0,2,0,66864,home,667,20250828
1,0,0,0,0,0,1,0,62895,home,667,20250828
0,0,0,0,0,0,0,0,76802,home,667,20250828
4,0,1,0,0,1,0,0,75847,home,667,20250828
3,0,0,1,0,2,2,0,53827,home,667,20250828
5,0,0,1,0,0,3,0,50868,home,667,20250828
2,1,0,0,0,2,0,0,60558,home,667,20250828
3,1,0,0,0,1,1,0,62934,home,667,20250828
4,1,1,3,1,0,2,0,51868,home,667,20250828
4,1,1,0,0,0,2,0,51865,home,667,20250828
6,0,1,0,0,0,0,0,79240,away,668,20250828
2,0,0,0,0,2,2,0,79402,away,668,20250828
3,0,0,0,0,2,2,0,52001,away,668,20250828
0,1,0,0,0,0,0,0,67006,away,668,20250828
5,1,2,1,0,0,1,0,68050,away,668,20250828
0,0,0,0,0,0,0,0,51013,away,668,20250828
4,0,1,0,0,1,2,0,76313,away,668,20250828
1,0,0,0,0,1,0,0,50066,away,668,20250828
1,0,0,0,0,0,0,0,68089,away,668,20250828
2,0,0,0,0,0,1,0,78548,away,668,20250828
5,0,3,0,0,0,1,0,55013,away,668,20250828
3,0,2,0,0,0,1,0,64115,away,668,20250828
2,0,0,0,0,0,1,0,51003,away,668,20250828
4,0,0,0,0,0,1,0,66706,away,668,20250828
4,1,1,1,1,2,2,0,55530,home,668,20250828
6,0,1,1,0,0,1,0,69517,home,668,20250828
2,0,1,0,0,1,1,0,51551,home,668,20250828
0,1,0,0,0,0,0,1,50500,home,668,20250828
2,0,0,0,0,0,0,0,52504,home,668,20250828
3,0,1,0,0,2,1,0,54529,home,668,20250828
1,0,1,0,0,0,0,0,61102,home,668,20250828
3,0,0,0,0,0,2,0,51528,home,668,20250828
1,0,0,0,0,0,1,0,52568,home,668,20250828
1,0,0,0,0,0,0,0,60523,home,668,20250828
2,0,0,0,0,0,1,0,50150,home,668,20250828
5,0,0,0,0,0,1,0,54598,home,668,20250828
2,0,0,0,0,0,0,0,55506,home,668,20250828
3,1,2,0,0,0,1,0,62931,home,668,20250828
5,0,2,0,0,0,0,0,68507,home,668,20250828
5,1,3,0,0,0,0,0,65207,away,669,20250828
5,0,1,0,0,0,0,0,68119,away,669,20250828
4,1,3,3,1,0,0,0,53123,away,669,20250828
3,0,0,0,0,2,0,0,69102,away,669,20250828
5,1,1,0,0,0,2,0,79109,away,669,20250828
3,0,0,0,0,0,1,0,69100,away,669,20250828
2,0,0,0,0,0,0,0,50054,away,669,20250828
1,0,0,0,0,0,0,0,76290,away,669,20250828
0,0,0,0,0,0,0,0,52103,away,669,20250828
1,0,0,0,0,0,0,0,55164,away,669,20250828
2,0,1,0,0,0,0,0,52154,away,669,20250828
2,0,1,1,0,0,0,0,79365,away,669,20250828
2,1,0,0,0,1,1,0,62415,away,669,20250828
4,0,2,0,0,0,0,1,51907,home,669,20250828
4,0,2,0,0,0,1,0,66606,home,669,20250828
4,0,0,0,0,0,1,0,62907,home,669,20250828
4,0,0,0,0,0,2,0,54944,home,669,20250828
4,1,2,0,0,0,0,0,79215,home,669,20250828
4,0,2,1,0,0,0,0,63260,home,669,20250828
4,1,2,1,1,0,1,0,68912,home,669,20250828
1,1,1,1,1,1,0,0,51344,home,669,20250828
0,0,0,0,0,0,0,0,69992,home,669,20250828
1,0,0,0,0,0,1,0,69995,home,669,20250828
3,0,0,0,0,0,0,0,67905,home,669,20250828
4,1,0,1,0,2,0,0,68700,away,670,20250828
6,1,1,2,1,0,3,0,66715,away,670,20250828
4,2,1,0,0,1,2,0,53764,away,670,20250828
5,2,3,0,0,0,0,0,69737,away,670,20250828
5,2,3,4,1,0,1,0,66657,away,670,20250828
5,0,1,0,0,0,0,0,66704,away,670,20250828
5,1,2,1,0,0,1,0,62700,away,670,20250828
3,0,1,1,0,0,1,0,78288,away,670,20250828
1,0,0,0,0,1,0,0,76812,away,670,20250828
5,0,3,0,0,0,1,0,54795,away,670,20250828
4,1,1,0,0,1,0,0,50357,home,670,20250828
2,2,2,1,1,3,0,0,65357,home,670,20250828
4,0,2,0,0,0,2,0,64340,home,670,20250828
4,0,1,2,0,0,1,0,54444,home,670,20250828
4,0,1,0,0,0,2,0,64984,home,670,20250828
3,0,0,0,0,0,3,0,53312,home,670,20250828
1,0,1,0,0,0,0,0,53344,home,670,20250828
4,0,0,0,0,0,2,0,55392,home,670,20250828
4,0,1,0,0,0,3,0,55397,home,670,20250828
4,0,1,0,0,1,1,0,50357,away,671,20250829
5,1,1,0,0,0,0,0,65357,away,671,20250829
5,0,0,0,0,0,2,0,64340,away,671,20250829
3,1,1,1,0,1,0,0,50167,away,671,20250829
4,1,2,0,0,0,1,0,69332,away,671,20250829
4,0,1,1,0,0,0,0,64984,away,671,20250829
4,0,1,0,0,0,1,0,53312,away,671,20250829
4,0,2,1,0,0,1,0,78756,away,671,20250829
2,0,0,0,0,0,1,0,54444,away,671,20250829
5,1,1,0,0,0,0,0,65207,home,671,20250829
5,1,3,0,0,0,2,0,68119,home,671,20250829
4,0,1,0,0,1,0,0,53123,home,671,20250829
4,0,2,1,0,1,1,0,69102,home,671,20250829
5,0,0,0,0,0,1,0,79109,home,671,20250829
3,0,0,0,0,1,1,0,79365,home,671,20250829
3,0,1,1,0,1,0,0,69100,home,671,20250829
2,0,0,0,0,0,0,0,52103,home,671,20250829
1,0,0,0,0,0,0,0,76290,home,671,20250829
1,0,1,0,0,0,0,0,55164,home,671,20250829
3,0,0,0,0,1,0,0,62415,home,671,20250829
2,0,0,0,0,1,1,1,51907,away,672,20250829
1,0,1,0,0,0,0,0,50902,away,672,20250829
3,0,0,0,0,1,0,0,63963,away,672,20250829
3,0,0,0,0,0,0,0,66606,away,672,20250829
1,0,0,0,0,0,0,0,67905,away,672,20250829
4,0,0,0,0,0,2,0,54944,away,672,20250829
2,0,0,0,0,0,0,0,79215,away,672,20250829
1,0,0,0,0,0,1,0,64101,away,672,20250829
3,0,1,0,0,0,1,0,63260,away,672,20250829
3,0,0,0,0,0,0,0,68912,away,672,20250829
0,0,0,0,0,0,0,0,62244,away,672,20250829
3,0,0,0,0,0,0,0,51344,away,672,20250829
3,0,0,0,0,0,3,0,50600,away,672,20250829
4,2,3,1,0,0,0,0,67893,home,672,20250829
0,0,0,0,0,0,0,0,76802,home,672,20250829
1,0,0,0,0,1,0,0,54812,home,672,20250829
3,0,0,0,0,0,0,0,53827,home,672,20250829
0,0,0,0,0,0,0,0,79456,home,672,20250829
3,2,2,2,0,1,1,0,62895,home,672,20250829
4,2,2,5,2,0,1,0,75847,home,672,20250829
0,0,0,0,0,0,0,0,66864,home,672,20250829
4,0,1,0,0,0,0,0,51868,home,672,20250829
3,1,1,0,0,0,2,0,50868,home,672,20250829
4,0,0,0,0,0,0,0,50854,home,672,20250829
2,1,1,0,0,1,0,0,51865,home,672,20250829
1,0,0,0,0,0,1,0,62934,home,672,20250829
4,2,2,0,0,1,1,0,51203,away,673,20250829
4,1,1,1,0,0,2,0,63123,away,673,20250829
4,1,2,0,0,1,0,0,55208,away,673,20250829
4,1,1,1,0,0,1,0,76232,away,673,20250829
0,0,0,0,0,0,0,0,66112,away,673,20250829
5,1,1,3,1,0,2,0,55252,away,673,20250829
1,0,1,1,0,3,0,0,63257,away,673,20250829
0,0,0,0,0,0,0,0,66209,away,673,20250829
3,1,1,0,0,0,2,0,64468,away,673,20250829
4,0,1,0,0,0,1,0,67207,away,673,20250829
3,0,1,1,0,1,0,0,79231,away,673,20250829
2,0,1,1,0,0,0,0,55530,home,673,20250829
4,0,1,0,0,0,1,0,69517,home,673,20250829
3,0,1,0,0,0,0,0,51551,home,673,20250829
4,0,1,0,0,0,0,0,54529,home,673,20250829
3,0,0,0,0,0,1,0,50150,home,673,20250829
1,0,0,0,0,0,1,0,52504,home,673,20250829
2,0,0,0,0,0,1,0,55506,home,673,20250829
2,0,0,0,0,0,2,0,62931,home,673,20250829
2,0,0,0,0,0,2,0,54598,home,673,20250829
2,1,1,0,0,0,0,0,52568,home,673,20250829
3,0,0,0,0,1,0,0,51528,home,673,20250829
4,0,0,0,0,0,2,0,68507,home,673,20250829
4,2,1,0,0,1,0,0,64646,away,674,20250829
0,0,0,0,0,0,0,0,55926,away,674,20250829
4,2,3,5,1,1,1,0,65653,away,674,20250829
5,1,2,1,0,0,1,0,78603,away,674,20250829
4,1,0,0,0,1,0,0,55645,away,674,20250829
4,1,1,1,1,0,0,0,62947,away,674,20250829
1,0,0,0,0,0,1,0,55636,away,674,20250829
4,1,2,3,1,1,1,0,69636,away,674,20250829
4,0,1,0,0,1,1,0,67610,away,674,20250829
3,1,0,0,0,2,0,0,68646,away,674,20250829
0,0,0,0,0,0,0,0,78122,away,674,20250829
0,0,0,0,0,0,0,0,66614,away,674,20250829
1,0,0,0,0,0,0,0,72443,away,674,20250829
2,1,1,0,0,0,0,0,50657,away,674,20250829
3,0,0,0,0,0,0,0,79240,home,674,20250829
1,0,0,0,0,0,1,0,51003,home,674,20250829
4,0,1,0,0,0,2,0,55013,home,674,20250829
3,0,0,0,0,0,1,0,52001,home,674,20250829
1,0,0,0,0,0,0,0,51013,home,674,20250829
4,0,2,0,0,0,0,0,68050,home,674,20250829
1,1,0,0,0,1,0,0,79402,home,674,20250829
2,0,0,0,0,0,1,0,69064,home,674,20250829
3,0,1,0,0,0,1,0,76313,home,674,20250829
0,0,0,0,0,0,0,0,55046,home,674,20250829
3,0,0,0,0,0,1,0,50066,home,674,20250829
0,0,0,0,0,0,0,0,68089,home,674,20250829
3,0,0,0,0,0,1,0,66706,home,674,20250829
3,0,0,0,0,0,0,0,64115,home,674,20250829
5,1,1,0,0,0,0,0,69418,away,675,20250829
5,1,1,0,0,0,2,1,67449,away,675,20250829
5,1,2,0,0,0,2,0,62404,away,675,20250829
4,1,2,3,1,1,1,0,54400,away,675,20250829
5,0,2,0,0,0,1,0,52430,away,675,20250829
5,0,1,0,0,0,0,0,74540,away,675,20250829
0,0,0,0,0,0,0,0,69403,away,675,20250829
0,0,0,0,0,0,0,0,69428,away,675,20250829
1,0,0,0,0,0,0,0,61404,away,675,20250829
2,0,1,0,0,1,0,1,50458,away,675,20250829
1,0,0,0,0,0,0,0,67005,away,675,20250829
4,1,1,0,0,0,1,1,62234,away,675,20250829
3,0,1,1,0,1,0,0,52415,away,675,20250829
5,1,1,1,0,0,1,0,68700,home,675,20250829
3,0,1,0,0,1,0,0,77532,home,675,20250829
3,0,0,0,0,0,0,0,53764,home,675,20250829
4,0,0,0,0,0,1,0,69737,home,675,20250829
4,0,0,0,0,0,2,0,66657,home,675,20250829
3,0,0,0,0,0,2,0,66704,home,675,20250829
1,0,0,0,0,0,0,0,66715,home,675,20250829
3,1,1,0,0,0,1,0,62700,home,675,20250829
1,0,0,0,0,0,1,0,65703,home,675,20250829
2,1,1,0,0,1,0,0,76812,home,675,20250829
1,0,0,0,0,0,1,0,50707,home,675,20250829
3,0,1,1,0,1,1,0,54795,home,675,20250829
3,0,0,0,0,0,2,0,50357,away,676,20250830
2,0,1,0,0,0,0,0,55397,away,676,20250830
0,1,0,0,0,0,0,0,52305,away,676,20250830
4,1,1,0,0,1,0,0,65357,away,676,20250830
4,1,1,2,0,0,2,0,64340,away,676,20250830
4,1,1,0,0,0,0,1,50167,away,676,20250830
4,1,2,2,0,1,2,0,69332,away,676,20250830
2,0,0,0,0,1,0,0,53312,away,676,20250830
1,0,0,0,0,0,1,0,53344,away,676,20250830
4,0,2,0,0,0,0,0,64984,away,676,20250830
3,0,1,0,0,1,0,0,55393,away,676,20250830
1,0,0,0,0,1,1,0,78756,away,676,20250830
2,0,0,0,0,0,0,0,55392,away,676,20250830
4,2,2,0,0,0,0,0,65207,home,676,20250830
3,1,2,2,0,0,0,0,68119,home,676,20250830
4,1,3,1,0,0,1,0,53123,home,676,20250830
4,0,1,0,0,0,1,0,69102,home,676,20250830
0,0,0,0,0,0,0,0,69100,home,676,20250830
4,0,1,2,0,0,0,0,76290,home,676,20250830
4,0,1,0,0,0,1,0,79109,home,676,20250830
4,0,0,0,0,0,0,0,79365,home,676,20250830
4,1,2,0,0,0,1,0,52103,home,676,20250830
3,1,1,1,0,0,0,0,62415,home,676,20250830
4,0,0,0,0,1,1,0,51907,away,677,20250830
1,0,0,1,0,0,0,0,50600,away,677,20250830
5,0,2,2,0,0,1,0,63963,away,677,20250830
0,0,0,0,0,0,0,0,64101,away,677,20250830
4,1,1,0,0,0,1,0,66606,away,677,20250830
1,0,0,0,0,0,1,0,69992,away,677,20250830
4,3,3,0,0,0,0,0,63260,away,677,20250830
0,0,0,0,0,1,0,0,62907,away,677,20250830
3,1,3,1,0,0,0,0,79215,away,677,20250830
2,1,0,0,0,0,0,0,67905,away,677,20250830
4,1,1,4,1,0,0,0,54944,away,677,20250830
2,1,1,0,0,2,0,0,68912,away,677,20250830
1,1,1,0,0,0,0,0,62244,away,677,20250830
4,2,1,2,0,1,0,0,51344,away,677,20250830
4,1,3,2,0,1,0,0,50902,away,677,20250830
3,0,1,0,0,0,0,0,67893,home,677,20250830
1,0,0,0,0,0,1,0,66864,home,677,20250830
4,0,0,0,0,0,2,0,54812,home,677,20250830
4,0,1,0,0,0,1,0,53827,home,677,20250830
4,0,0,0,0,0,1,0,62895,home,677,20250830
3,1,1,1,1,0,1,0,75847,home,677,20250830
1,0,0,0,0,0,0,0,76802,home,677,20250830
3,0,0,0,0,0,0,0,51868,home,677,20250830
1,0,0,0,0,0,0,0,62934,home,677,20250830
3,1,2,0,0,0,0,0,50868,home,677,20250830
2,0,0,0,0,1,0,0,50854,home,677,20250830
3,0,0,0,0,0,2,0,51865,home,677,20250830
5,1,2,2,0,0,1,0,51203,away,678,20250830
1,0,1,0,0,0,0,0,50208,away,678,20250830
6,0,0,0,0,0,1,0,79231,away,678,20250830
4,2,1,3,1,2,1,0,55208,away,678,20250830
5,0,1,1,0,0,1,0,76232,away,678,20250830
5,1,2,0,0,0,2,0,55252,away,678,20250830
2,0,1,1,0,0,0,0,63257,away,678,20250830
1,1,1,1,0,0,0,0,66209,away,678,20250830
5,0,0,0,0,0,2,0,66112,away,678,20250830
5,2,2,0,0,0,2,0,64468,away,678,20250830
3,1,1,0,0,1,2,0,67207,away,678,20250830
1,0,0,0,0,0,0,0,63123,away,678,20250830
5,2,1,1,0,0,1,0,55530,home,678,20250830
2,2,1,0,0,2,1,0,69517,home,678,20250830
2,0,1,0,0,0,0,0,52504,home,678,20250830
4,0,0,0,0,0,2,0,51551,home,678,20250830
4,1,1,1,0,2,1,0,54529,home,678,20250830
3,1,1,2,0,1,1,0,61102,home,678,20250830
4,1,2,4,1,2,2,0,52591,home,678,20250830
4,0,1,0,0,2,1,0,52568,home,678,20250830
4,1,1,0,0,0,2,0,51528,home,678,20250830
1,0,0,0,0,0,0,0,68507,home,678,20250830
1,0,0,0,0,0,0,0,54506,home,678,20250830
2,0,0,0,0,0,2,0,50150,home,678,20250830
1,0,1,0,0,0,0,0,62931,home,678,20250830
0,0,0,0,0,0,0,1,50500,home,678,20250830
2,0,0,0,0,0,1,0,54598,home,678,20250830
4,1,1,0,0,0,1,0,64646,away,679,20250830
3,0,0,0,0,1,2,0,65653,away,679,20250830
3,0,0,0,0,1,2,0,62947,away,679,20250830
3,0,0,0,0,0,2,0,72443,away,679,20250830
1,1,1,0,0,0,0,0,55926,away,679,20250830
3,0,0,0,0,0,0,0,55645,away,679,20250830
1,0,1,1,0,0,0,0,55636,away,679,20250830
4,0,0,0,0,0,2,0,69636,away,679,20250830
3,0,0,0,0,0,0,0,67610,away,679,20250830
3,0,0,0,0,0,0,0,68646,away,679,20250830
3,0,0,0,0,0,1,0,66614,away,679,20250830
5,1,1,0,0,0,0,0,79240,home,679,20250830
0,0,0,0,0,0,0,0,51003,home,679,20250830
5,1,1,0,0,0,1,0,55013,home,679,20250830
1,1,0,0,0,4,0,1,52001,home,679,20250830
0,0,0,0,0,0,0,0,66706,home,679,20250830
4,2,2,2,0,1,2,0,76313,home,679,20250830
3,2,1,1,1,2,1,0,78548,home,679,20250830
1,0,0,0,0,1,0,0,50066,home,679,20250830
0,0,0,1,0,0,0,0,68050,home,679,20250830
2,1,1,1,0,0,0,0,68089,home,679,20250830
1,0,1,0,0,0,0,0,51013,home,679,20250830
4,0,1,2,0,0,0,0,67006,home,679,20250830
2,0,1,1,0,1,0,0,64115,home,679,20250830
3,0,0,0,0,1,2,0,69064,home,679,20250830
3,1,2,0,0,2,1,0,50458,away,680,20250830
4,0,1,1,0,0,0,0,67449,away,680,20250830
5,1,2,0,0,0,1,1,62404,away,680,20250830
3,0,0,0,0,2,1,0,54400,away,680,20250830
3,1,1,1,0,1,1,1,52430,away,680,20250830
4,0,1,2,0,0,1,0,74540,away,680,20250830
0,0,0,0,0,0,0,0,69403,away,680,20250830
0,0,0,0,0,0,0,0,69428,away,680,20250830
4,0,0,0,0,0,0,0,62234,away,680,20250830
2,0,0,0,0,0,0,0,69418,away,680,20250830
1,0,0,0,0,0,1,0,67005,away,680,20250830
4,1,2,0,0,0,0,1,52415,away,680,20250830
3,0,1,0,0,1,0,0,77532,home,680,20250830
3,0,2,0,0,0,0,0,65703,home,680,20250830
4,0,0,0,0,0,0,0,53764,home,680,20250830
1,0,0,0,0,2,0,0,69737,home,680,20250830
3,0,0,0,0,0,1,0,66657,home,680,20250830
3,0,0,0,0,0,1,0,66715,home,680,20250830
2,0,0,0,0,0,1,0,78288,home,680,20250830
1,0,0,0,0,0,0,0,50707,home,680,20250830
0,0,0,0,0,0,0,0,76812,home,680,20250830
2,0,0,0,0,0,1,0,64006,home,680,20250830
1,0,0,0,0,0,0,0,62700,home,680,20250830
3,0,0,0,0,0,0,0,68700,home,680,20250830
4,3,2,1,0,1,0,1,65357,away,681,20250831
5,0,3,2,0,0,2,0,64340,away,681,20250831
4,1,1,0,0,1,1,1,50167,away,681,20250831
3,0,0,1,0,1,0,0,69332,away,681,20250831
1,0,0,0,0,0,0,0,64984,away,681,20250831
0,0,0,0,0,0,0,0,52305,away,681,20250831
5,0,0,0,0,0,2,0,53312,away,681,20250831
5,0,1,0,0,0,3,0,55393,away,681,20250831
4,1,2,0,0,0,0,0,55392,away,681,20250831
2,1,0,0,0,2,1,0,78756,away,681,20250831
1,0,0,0,0,0,0,0,55397,away,681,20250831
3,0,0,0,0,0,2,0,50357,away,681,20250831
4,1,2,0,0,0,1,0,65207,home,681,20250831
4,1,1,2,0,0,0,0,68119,home,681,20250831
4,1,2,0,0,0,0,0,53123,home,681,20250831
3,1,2,1,0,0,0,0,69102,home,681,20250831
4,0,1,1,0,0,0,0,76290,home,681,20250831
4,0,1,1,0,0,1,0,79109,home,681,20250831
1,0,0,0,0,0,0,0,79365,home,681,20250831
3,0,0,0,0,0,0,0,52154,home,681,20250831
2,0,0,0,0,0,2,0,55164,home,681,20250831
0,0,0,0,0,0,0,0,50054,home,681,20250831
1,0,0,0,0,0,1,0,69100,home,681,20250831
1,0,0,0,0,0,0,0,52103,home,681,20250831
3,1,1,0,0,0,1,0,62415,home,681,20250831
4,1,1,3,1,1,0,0,51907,away,682,20250831
5,0,0,0,0,0,1,0,66606,away,682,20250831
5,2,2,0,0,0,1,1,62907,away,682,20250831
4,0,2,0,0,0,1,0,63260,away,682,20250831
1,0,0,0,0,0,1,0,67905,away,682,20250831
5,1,2,1,0,0,0,0,79215,away,682,20250831
5,1,1,2,1,0,0,0,54944,away,682,20250831
5,1,3,1,1,0,1,0,68912,away,682,20250831
0,0,0,0,0,0,0,0,69992,away,682,20250831
3,1,2,0,0,1,0,1,51344,away,682,20250831
3,1,1,0,0,2,2,0,63963,away,682,20250831
5,1,2,2,1,0,0,0,67893,home,682,20250831
5,2,2,0,0,0,2,0,53827,home,682,20250831
2,0,0,0,0,0,2,0,75847,home,682,20250831
1,1,0,0,0,1,1,0,54812,home,682,20250831
5,1,2,1,0,0,1,0,62895,home,682,20250831
0,0,0,0,0,0,0,0,50854,home,682,20250831
5,2,3,2,0,0,0,0,50868,home,682,20250831
4,1,1,3,1,0,0,0,51868,home,682,20250831
0,0,0,0,0,0,0,0,60558,home,682,20250831
3,0,1,0,0,0,1,0,66864,home,682,20250831
4,1,2,2,1,0,0,0,79456,home,682,20250831
2,1,1,0,0,1,1,0,62934,home,682,20250831
4,0,1,1,0,1,1,0,63257,away,683,20250831
5,0,1,0,0,0,2,0,50208,away,683,20250831
3,0,0,0,0,1,0,0,55208,away,683,20250831
3,0,1,0,0,1,1,0,76232,away,683,20250831
4,0,2,0,0,0,0,0,55252,away,683,20250831
4,0,1,0,0,0,2,0,53554,away,683,20250831
4,1,3,0,0,0,0,0,63123,away,683,20250831
4,0,2,0,0,0,1,0,66209,away,683,20250831
2,0,0,0,0,0,0,0,64468,away,683,20250831
1,0,0,0,0,0,0,0,51203,away,683,20250831
1,0,0,0,0,0,0,0,67207,away,683,20250831
4,0,0,1,0,0,3,0,55530,home,683,20250831
2,1,1,0,0,1,1,0,69517,home,683,20250831
0,0,0,0,0,0,0,0,50500,home,683,20250831
1,0,0,1,0,0,0,0,68507,home,683,20250831
3,1,1,0,0,2,0,0,52591,home,683,20250831
4,0,2,1,0,1,0,0,54529,home,683,20250831
0,0,0,0,0,0,0,0,62528,home,683,20250831
3,0,1,1,0,0,1,0,51551,home,683,20250831
0,0,0,0,0,0,0,0,52504,home,683,20250831
4,0,0,0,0,0,1,0,61102,home,683,20250831
4,1,1,0,0,0,2,0,62931,home,683,20250831
4,1,2,0,0,0,0,0,52568,home,683,20250831
3,1,1,1,1,1,1,0,54598,home,683,20250831
5,1,1,0,0,0,0,0,64646,away,684,20250831
5,1,2,0,0,0,0,0,65653,away,684,20250831
4,0,1,1,0,1,1,0,78603,away,684,20250831
0,0,0,0,0,0,0,0,55926,away,684,20250831
3,0,1,1,0,0,0,0,72443,away,684,20250831
1,1,0,0,0,0,1,0,55636,away,684,20250831
2,0,0,0,0,1,2,0,55645,away,684,20250831
1,1,1,0,0,0,0,0,62947,away,684,20250831
3,1,2,1,1,1,1,0,69636,away,684,20250831
3,0,0,1,0,0,3,0,67610,away,684,20250831
3,0,0,0,0,0,1,0,68646,away,684,20250831
1,1,1,2,1,0,0,0,66614,away,684,20250831
2,0,0,0,0,0,0,0,50657,away,684,20250831
2,0,1,0,0,0,1,0,78122,away,684,20250831
4,1,1,1,0,0,0,0,79240,home,684,20250831
4,2,1,0,0,1,1,0,55013,home,684,20250831
2,1,1,1,0,2,1,0,52001,home,684,20250831
1,0,0,0,0,0,1,0,66706,home,684,20250831
4,1,1,1,0,1,0,0,76313,home,684,20250831
4,0,4,2,0,0,0,0,78548,home,684,20250831
0,1,0,0,0,0,0,0,51013,home,684,20250831
5,0,1,2,0,0,1,0,79402,home,684,20250831
3,0,0,0,0,1,1,0,50066,home,684,20250831
3,1,1,0,0,0,0,0,67006,home,684,20250831
2,0,1,0,0,0,0,0,64115,home,684,20250831
1,0,0,0,0,0,1,0,68050,home,684,20250831
1,0,0,0,0,0,0,0,51003,home,684,20250831
5,1,1,1,0,0,0,1,50458,away,685,20250831
3,0,1,1,0,2,1,1,67449,away,685,20250831
3,0,1,0,0,0,0,0,62404,away,685,20250831
1,0,0,0,0,0,0,0,69403,away,685,20250831
0,0,0,0,0,0,0,0,66409,away,685,20250831
4,1,0,0,0,0,0,0,54400,away,685,20250831
4,0,0,0,0,0,3,0,52430,away,685,20250831
2,2,1,2,1,2,0,0,74540,away,685,20250831
4,0,1,0,0,0,1,0,62234,away,685,20250831
4,0,0,0,0,0,2,0,61404,away,685,20250831
3,1,1,1,1,1,1,0,52415,away,685,20250831
4,0,0,0,0,1,1,0,77532,home,685,20250831
4,1,1,0,0,0,1,0,65703,home,685,20250831
1,0,0,0,0,0,0,0,64006,home,685,20250831
3,1,1,0,0,1,0,0,53764,home,685,20250831
3,1,2,2,1,1,1,0,69737,home,685,20250831
3,0,1,1,0,0,1,0,66657,home,685,20250831
3,0,0,0,0,0,0,0,66704,home,685,20250831
1,0,1,0,0,0,0,0,54795,home,685,20250831
0,0,0,0,0,0,0,0,68700,home,685,20250831
2,0,0,0,0,1,1,0,66715,home,685,20250831
1,0,0,0,0,0,1,0,50707,home,685,20250831
0,0,0,0,0,0,0,0,78288,home,685,20250831
3,0,0,0,0,0,0,0,76812,home,685,20250831
4,0,2,0,0,0,1,0,62700,home,685,20250831
3,0,0,0,0,0,1,0,55530,away,686,20250902
4,1,1,0,0,0,0,0,69517,away,686,20250902
4,0,1,0,0,0,2,0,52591,away,686,20250902
4,0,2,0,0,0,0,0,54529,away,686,20250902
0,1,0,0,0,0,0,0,50500,away,686,20250902
2,0,0,0,0,2,0,0,51551,away,686,20250902
0,0,0,0,0,0,0,0,52504,away,686,20250902
2,0,0,0,0,0,1,0,61102,away,686,20250902
1,0,0,0,0,0,0,0,51528,away,686,20250902
1,0,1,2,0,0,0,0,77564,away,686,20250902
0,0,0,0,0,0,0,1,68507,away,686,20250902
4,0,1,0,0,0,2,0,62931,away,686,20250902
3,0,0,0,0,1,0,0,52568,away,686,20250902
4,0,0,0,0,0,1,0,54598,away,686,20250902
4,1,1,1,0,0,0,0,65207,home,686,20250902
4,0,4,0,0,0,0,0,68119,home,686,20250902
2,0,0,1,0,1,1,0,53123,home,686,20250902
4,0,0,0,0,0,2,0,69102,home,686,20250902
3,0,0,1,0,0,0,0,79109,home,686,20250902
4,0,1,0,0,0,0,0,69100,home,686,20250902
3,0,0,0,0,0,1,0,79365,home,686,20250902
2,1,1,0,0,0,0,0,50054,home,686,20250902
1,0,1,0,0,0,0,0,52103,home,686,20250902
3,0,0,0,0,0,0,0,62415,home,686,20250902
3,1,1,0,0,1,2,1,50357,away,687,20250902
4,0,0,0,0,0,1,0,65357,away,687,20250902
4,0,1,1,0,0,3,0,64340,away,687,20250902
4,0,1,0,0,0,1,0,76267,away,687,20250902
2,0,0,0,0,0,1,0,50167,away,687,20250902
0,0,0,0,0,0,0,0,52305,away,687,20250902
1,0,0,0,0,0,0,0,55397,away,687,20250902
3,0,0,0,0,0,1,0,69332,away,687,20250902
3,0,0,0,0,0,2,0,64984,away,687,20250902
1,0,0,0,0,0,0,0,55393,away,687,20250902
3,0,2,0,0,0,1,0,53312,away,687,20250902
1,0,0,0,0,0,0,0,53344,away,687,20250902
2,0,0,0,0,1,0,0,55392,away,687,20250902
5,1,2,1,0,0,1,0,67893,home,687,20250902
5,0,3,0,0,0,1,0,53827,home,687,20250902
0,0,0,0,0,0,0,0,75847,home,687,20250902
4,0,1,0,0,0,2,0,76802,home,687,20250902
4,0,0,0,0,0,1,0,62895,home,687,20250902
0,0,0,0,0,0,0,0,50854,home,687,20250902
3,0,1,0,0,1,1,0,50868,home,687,20250902
3,1,2,1,1,0,1,0,51868,home,687,20250902
1,1,1,0,0,0,0,0,60558,home,687,20250902
4,2,2,0,0,0,0,0,66864,home,687,20250902
4,1,3,0,0,0,0,0,79456,home,687,20250902
0,0,0,0,0,0,0,0,51865,home,687,20250902
4,0,0,1,0,0,0,0,62934,home,687,20250902
5,2,3,2,1,0,1,1,51907,away,688,20250902
5,0,0,0,0,0,2,0,66606,away,688,20250902
4,1,2,2,0,0,1,2,62907,away,688,20250902
0,0,0,0,0,0,0,0,50902,away,688,20250902
5,1,1,1,1,0,2,0,54944,away,688,20250902
4,3,3,1,0,0,0,0,79215,away,688,20250902
1,0,0,0,0,0,1,0,50996,away,688,20250902
4,0,1,0,0,1,2,0,68904,away,688,20250902
0,0,0,0,0,0,0,0,50600,away,688,20250902
0,0,0,0,0,0,0,0,68912,away,688,20250902
4,0,2,1,0,0,1,0,62244,away,688,20250902
1,0,0,0,0,0,1,0,66965,away,688,20250902
3,1,0,0,0,0,1,0,51344,away,688,20250902
1,0,1,2,0,1,0,0,64101,away,688,20250902
0,0,0,0,0,0,0,0,69992,away,688,20250902
2,1,1,0,0,0,0,0,67905,away,688,20250902
5,1,1,0,0,0,0,0,79240,home,688,20250902
4,1,1,0,0,0,2,0,55013,home,688,20250902
4,1,1,3,1,0,1,0,76313,home,688,20250902
3,1,1,1,1,1,0,0,68050,home,688,20250902
3,0,0,0,0,0,2,0,79402,home,688,20250902
1,0,0,0,0,0,1,0,68504,home,688,20250902
1,0,0,0,0,0,0,0,67644,home,688,20250902
1,0,1,0,0,0,0,0,64007,home,688,20250902
2,0,0,0,0,0,0,0,66706,home,688,20250902
3,0,0,0,0,0,0,0,50066,home,688,20250902
4,0,0,0,0,0,0,0,64115,home,688,20250902
1,0,1,0,0,1,0,0,67006,home,688,20250902
1,0,1,0,0,0,0,0,78548,home,688,20250902
0,0,0,0,0,1,0,0,51013,home,688,20250902
5,1,2,1,1,0,1,0,52667,away,689,20250902
3,0,1,0,0,0,0,0,64646,away,689,20250902
1,0,1,0,0,1,0,0,55926,away,689,20250902
3,1,1,0,0,0,0,0,78603,away,689,20250902
2,0,0,0,0,0,1,0,66614,away,689,20250902
3,0,1,1,0,0,1,0,72443,away,689,20250902
1,0,1,0,0,0,0,0,50657,away,689,20250902
1,0,0,0,0,0,0,0,55645,away,689,20250902
3,0,0,0,0,0,2,0,53659,away,689,20250902
2,0,1,0,0,0,0,0,62947,away,689,20250902
0,1,0,0,0,2,0,0,67610,away,689,20250902
3,0,0,0,0,0,2,0,69636,away,689,20250902
0,0,0,0,0,0,0,0,68646,away,689,20250902
2,0,0,0,0,0,0,0,78122,away,689,20250902
2,0,1,0,0,0,0,0,63722,away,689,20250902
2,0,1,0,0,0,0,0,65653,away,689,20250902
1,0,0,1,0,0,0,0,55636,away,689,20250902
4,1,2,0,0,1,1,0,77532,home,689,20250902
0,1,0,0,0,1,0,0,51762,home,689,20250902
3,1,2,0,0,0,0,0,62700,home,689,20250902
0,1,0,1,0,1,0,0,64006,home,689,20250902
3,0,1,1,0,0,1,0,53764,home,689,20250902
1,2,0,1,0,0,0,0,52704,home,689,20250902
3,3,2,4,2,1,0,0,69737,home,689,20250902
1,0,0,0,0,0,1,0,50709,home,689,20250902
5,2,3,0,0,0,1,0,66657,home,689,20250902
1,0,0,0,0,0,1,0,50707,home,689,20250902
6,3,3,5,0,0,1,0,66704,home,689,20250902
3,1,2,3,0,0,0,0,65703,home,689,20250902
2,2,1,1,0,0,0,0,54795,home,689,20250902
4,1,2,4,1,0,0,0,76812,home,689,20250902
1,1,1,1,0,0,0,0,52764,home,689,20250902
6,2,2,0,0,0,1,0,68700,home,689,20250902
4,1,1,0,0,1,2,1,65357,away,690,20250903
5,0,2,2,0,0,1,1,64340,away,690,20250903
4,0,0,0,0,0,0,0,76267,away,690,20250903
4,0,0,0,0,0,2,0,50357,away,690,20250903
4,0,1,0,0,0,1,1,69332,away,690,20250903
4,1,2,0,0,0,0,1,64984,away,690,20250903
4,0,2,1,0,0,0,0,55392,away,690,20250903
3,1,1,1,1,1,0,0,53312,away,690,20250903
3,1,1,0,0,0,1,1,55397,away,690,20250903
1,0,0,0,0,0,0,0,52305,away,690,20250903
3,0,2,1,0,0,0,0,50458,home,690,20250903
2,0,1,0,0,1,1,0,67449,home,690,20250903
4,0,0,0,0,0,2,0,62404,home,690,20250903
4,0,0,0,0,0,1,0,54400,home,690,20250903
4,0,0,0,0,0,1,0,52430,home,690,20250903
3,0,0,0,0,1,0,0,62234,home,690,20250903
2,0,0,0,0,0,1,0,61404,home,690,20250903
0,1,0,0,0,0,0,0,67005,home,690,20250903
1,0,0,0,0,0,1,0,65132,home,690,20250903
2,0,0,0,0,0,0,0,69428,home,690,20250903
1,0,1,0,0,0,0,0,65040,home,690,20250903
0,1,0,0,0,0,0,0,54408,home,690,20250903
1,0,0,0,0,0,1,0,68463,home,690,20250903
2,0,0,0,0,0,0,0,52415,home,690,20250903
1,1,1,2,0,0,0,0,66409,home,690,20250903
5,0,0,0,0,0,1,0,52591,away,691,20250903
4,1,0,0,0,1,0,0,69517,away,691,20250903
4,1,0,0,0,1,2,0,51551,away,691,20250903
0,0,0,0,0,0,0,0,68518,away,691,20250903
5,2,4,2,0,0,0,0,54529,away,691,20250903
4,1,1,1,0,0,3,0,77564,away,691,20250903
1,0,1,0,0,0,0,0,62802,away,691,20250903
4,1,1,0,0,0,2,0,61102,away,691,20250903
0,0,0,0,0,0,0,0,51528,away,691,20250903
1,0,0,0,0,0,1,0,68507,away,691,20250903
0,0,0,0,0,0,0,0,52504,away,691,20250903
3,0,1,2,0,1,0,0,52568,away,691,20250903
4,1,3,2,0,0,0,0,50150,away,691,20250903
2,0,0,0,0,0,1,0,54598,away,691,20250903
2,1,1,1,0,0,1,0,55530,away,691,20250903
5,2,5,0,0,1,0,0,79240,home,691,20250903
4,0,0,0,0,0,3,0,55013,home,691,20250903
0,0,0,0,0,1,0,0,68050,home,691,20250903
0,0,0,0,0,1,0,0,67644,home,691,20250903
3,2,1,1,0,1,1,0,52001,home,691,20250903
2,0,0,0,0,0,1,0,66706,home,691,20250903
4,3,3,3,2,1,0,0,78548,home,691,20250903
5,0,2,2,0,0,1,0,76313,home,691,20250903
1,0,0,0,0,1,1,0,64007,home,691,20250903
1,0,0,0,0,1,0,0,68504,home,691,20250903
0,0,0,0,0,0,0,0,51003,home,691,20250903
2,0,0,1,0,0,1,0,50066,home,691,20250903
2,0,0,0,0,0,1,0,68089,home,691,20250903
4,1,1,1,1,1,2,0,64115,home,691,20250903
2,0,0,0,0,0,2,0,51013,home,691,20250903
3,1,2,0,0,0,1,0,67006,home,691,20250903
5,0,1,0,0,0,1,0,67893,away,692,20250903
5,0,1,0,0,0,1,0,54812,away,692,20250903
5,1,3,0,0,0,1,0,53827,away,692,20250903
4,0,0,0,0,1,2,0,62895,away,692,20250903
4,0,1,0,0,1,0,0,51868,away,692,20250903
0,0,0,0,0,0,0,1,60558,away,692,20250903
4,1,3,0,0,1,0,1,50854,away,692,20250903
5,0,3,2,0,0,1,0,51865,away,692,20250903
3,0,0,0,0,0,2,0,68868,away,692,20250903
1,0,0,0,0,0,0,0,62934,away,692,20250903
4,0,1,0,0,0,1,0,66864,away,692,20250903
4,1,1,0,0,0,0,0,52667,home,692,20250903
4,0,1,0,0,0,0,0,64646,home,692,20250903
4,0,2,0,0,0,0,0,78603,home,692,20250903
0,0,0,0,0,0,0,0,66614,home,692,20250903
3,0,1,1,0,0,0,0,72443,home,692,20250903
0,0,0,0,0,0,0,0,55926,home,692,20250903
4,0,2,0,0,0,1,0,62947,home,692,20250903
4,0,0,0,0,0,3,0,69636,home,692,20250903
3,0,2,0,0,0,1,0,67610,home,692,20250903
1,0,0,0,0,0,1,0,55636,home,692,20250903
1,0,0,0,0,0,0,0,78122,home,692,20250903
1,0,0,0,0,0,1,0,68646,home,692,20250903
3,0,0,0,0,0,1,0,65653,home,692,20250903
6,0,2,1,0,0,2,0,51907,away,693,20250903
6,0,1,0,0,0,0,0,66606,away,693,20250903
5,1,2,0,0,0,1,0,62907,away,693,20250903
3,0,1,0,0,0,2,0,54944,away,693,20250903
0,1,0,0,0,0,0,0,69992,away,693,20250903
0,0,0,0,0,0,0,0,66965,away,693,20250903
0,0,0,0,0,0,0,0,50600,away,693,20250903
0,0,0,0,0,0,0,0,50902,away,693,20250903
3,0,1,0,0,2,1,0,68904,away,693,20250903
2,1,0,0,0,0,1,0,63260,away,693,20250903
1,0,1,0,0,2,0,0,63963,away,693,20250903
0,0,0,0,0,0,0,0,64101,away,693,20250903
3,1,1,0,0,0,1,0,67905,away,693,20250903
1,0,1,1,0,0,0,0,79215,away,693,20250903
1,0,1,0,0,0,0,0,50996,away,693,20250903
5,1,2,1,0,0,0,1,62244,away,693,20250903
5,0,0,0,0,0,2,0,51344,away,693,20250903
4,0,3,1,0,1,0,0,77532,home,693,20250903
1,0,1,1,0,0,0,0,54795,home,693,20250903
4,1,1,2,1,0,1,0,62700,home,693,20250903
4,0,2,0,0,0,1,0,53764,home,693,20250903
1,0,0,0,0,0,1,0,52704,home,693,20250903
5,0,1,0,0,0,1,0,69737,home,693,20250903
3,0,1,0,0,2,0,0,66657,home,693,20250903
4,1,0,0,0,0,2,0,66704,home,693,20250903
4,3,3,0,0,1,1,0,65703,home,693,20250903
2,0,2,1,0,0,0,0,76812,home,693,20250903
0,0,0,0,0,0,0,0,64006,home,693,20250903
1,0,0,0,0,0,0,0,52764,home,693,20250903
4,1,1,1,0,0,0,0,68700,home,693,20250903
0,0,0,0,0,1,0,1,79608,home,693,20250903
5,1,3,3,0,0,0,0,51203,away,695,20250904
1,1,0,0,0,0,0,0,67207,away,695,20250904
5,0,1,1,0,0,1,0,55252,away,695,20250904
4,1,1,1,0,1,0,0,55208,away,695,20250904
5,1,4,3,1,0,0,0,76232,away,695,20250904
0,0,0,0,0,0,0,0,66112,away,695,20250904
1,0,0,0,0,2,0,0,63257,away,695,20250904
1,2,1,0,0,1,0,0,66209,away,695,20250904
4,0,1,0,0,0,2,0,78224,away,695,20250904
1,1,0,0,0,0,1,0,53554,away,695,20250904
3,1,1,1,0,1,0,0,63123,away,695,20250904
1,0,0,0,0,0,0,0,54214,away,695,20250904
1,0,0,0,0,1,0,0,50208,away,695,20250904
0,1,0,0,0,1,0,0,54205,away,695,20250904
2,1,2,1,0,0,0,0,64468,away,695,20250904
1,2,0,1,0,1,0,0,79231,away,695,20250904
1,0,1,1,0,0,0,0,54219,away,695,20250904
4,0,0,0,0,0,3,0,51907,home,695,20250904
4,0,0,0,0,0,0,0,66606,home,695,20250904
4,0,0,0,0,0,1,0,62907,home,695,20250904
0,0,0,0,0,0,0,0,69992,home,695,20250904
3,1,0,0,0,1,0,0,54944,home,695,20250904
0,0,0,0,0,0,0,0,66965,home,695,20250904
3,1,1,2,1,0,1,0,79215,home,695,20250904
1,0,0,0,0,0,1,0,50996,home,695,20250904
4,1,2,0,0,0,1,0,68904,home,695,20250904
1,0,0,0,0,2,0,0,63260,home,695,20250904
1,0,0,0,0,0,0,0,67905,home,695,20250904
3,0,1,1,0,0,1,0,62244,home,695,20250904
1,0,0,0,0,0,0,0,64022,home,695,20250904
1,0,0,0,0,1,1,0,51344,home,695,20250904
1,0,0,0,0,0,0,0,63963,home,695,20250904
1,0,0,0,0,0,0,0,50902,home,695,20250904
4,1,1,0,0,2,0,0,65207,away,696,20250904
4,2,3,5,1,1,0,0,68119,away,696,20250904
5,0,1,0,0,0,1,0,53123,away,696,20250904
0,0,0,0,0,0,0,0,52154,away,696,20250904
5,0,1,1,0,0,1,0,69102,away,696,20250904
5,2,3,0,0,0,1,0,76290,away,696,20250904
5,2,3,2,1,0,1,0,79109,away,696,20250904
3,0,1,0,0,1,0,0,79365,away,696,20250904
3,0,0,0,0,0,0,0,50054,away,696,20250904
0,0,0,0,0,0,0,0,52103,away,696,20250904
0,0,0,1,0,0,0,0,55164,away,696,20250904
1,0,1,0,0,0,0,1,69100,away,696,20250904
3,2,1,0,0,2,1,0,62415,away,696,20250904
5,0,1,1,0,0,1,0,79240,home,696,20250904
4,1,2,0,0,1,1,0,55013,home,696,20250904
5,2,2,2,1,0,1,0,52001,home,696,20250904
4,2,1,1,1,1,2,0,78548,home,696,20250904
4,2,1,0,0,0,1,0,76313,home,696,20250904
1,0,0,0,0,0,0,0,50066,home,696,20250904
0,0,0,0,0,1,0,0,67644,home,696,20250904
1,0,0,0,0,0,0,0,51003,home,696,20250904
3,0,1,1,0,0,0,0,79402,home,696,20250904
1,1,0,0,0,1,0,0,64115,home,696,20250904
1,0,1,1,0,0,0,0,68504,home,696,20250904
0,0,0,0,0,0,0,0,68089,home,696,20250904
1,0,0,0,0,0,0,0,64007,home,696,20250904
0,0,0,0,0,0,0,0,55046,home,696,20250904
1,0,0,0,0,0,0,0,67006,home,696,20250904
1,0,1,1,0,0,0,0,68050,home,696,20250904
1,0,0,0,0,0,0,0,66706,home,696,20250904
1,0,0,0,0,0,1,0,51013,home,696,20250904
4,1,1,3,1,0,1,0,55530,away,698,20250905
5,0,0,0,0,0,1,0,69517,away,698,20250905
4,1,1,1,1,1,1,0,52591,away,698,20250905
4,0,2,1,0,0,0,0,54529,away,698,20250905
2,0,0,0,0,0,1,0,51551,away,698,20250905
0,0,0,0,0,0,0,0,52516,away,698,20250905
1,0,0,0,0,0,1,0,77564,away,698,20250905
1,0,0,0,0,0,0,0,68507,away,698,20250905
4,1,1,0,0,0,0,0,50150,away,698,20250905
2,0,1,0,0,0,0,0,61102,away,698,20250905
1,0,0,0,0,0,1,0,51528,away,698,20250905
0,0,0,0,0,1,0,1,50500,away,698,20250905
0,0,0,0,0,0,0,0,68518,away,698,20250905
3,1,0,0,0,1,3,0,52568,away,698,20250905
4,1,0,0,0,0,3,0,62802,away,698,20250905
4,1,1,0,0,1,1,0,67893,home,698,20250905
3,0,0,0,0,0,2,0,66864,home,698,20250905
0,0,0,0,0,0,0,0,79456,home,698,20250905
4,1,3,1,1,0,0,1,75847,home,698,20250905
4,0,1,1,0,0,2,0,53827,home,698,20250905
4,1,1,0,0,0,0,0,62895,home,698,20250905
0,0,0,0,0,0,0,0,62934,home,698,20250905
4,2,2,3,2,0,0,0,51868,home,698,20250905
0,0,0,0,0,0,0,0,60558,home,698,20250905
3,1,1,0,0,1,0,0,50854,home,698,20250905
3,1,1,2,1,1,1,0,50868,home,698,20250905
2,0,0,0,0,1,1,0,51865,home,698,20250905
1,0,1,0,0,0,0,0,54812,home,698,20250905
4,0,0,0,0,0,1,0,65357,away,699,20250905
4,2,2,1,1,0,0,1,64340,away,699,20250905
4,1,2,1,0,0,0,0,76267,away,699,20250905
4,0,1,1,0,0,1,0,50167,away,699,20250905
4,0,1,0,0,0,2,0,69332,away,699,20250905
3,0,0,0,0,0,1,0,64984,away,699,20250905
0,0,0,0,0,0,0,0,78756,away,699,20250905
1,0,0,0,0,0,0,0,55393,away,699,20250905
3,0,1,0,0,0,0,0,55392,away,699,20250905
3,0,0,0,0,0,1,0,53312,away,699,20250905
3,0,0,0,0,0,1,0,50357,away,699,20250905
4,3,2,1,0,1,0,3,50458,home,699,20250905
2,1,0,0,0,1,1,0,67449,home,699,20250905
1,0,0,0,0,0,1,0,66409,home,699,20250905
5,2,4,6,2,0,0,0,62404,home,699,20250905
4,0,0,0,0,1,0,0,54400,home,699,20250905
0,0,0,0,0,0,0,0,54408,home,699,20250905
4,1,1,0,0,1,0,0,52430,home,699,20250905
4,0,2,1,0,0,0,0,74540,home,699,20250905
0,0,0,0,0,0,0,0,69416,home,699,20250905
1,0,0,0,0,0,0,0,69428,home,699,20250905
1,0,0,0,0,0,0,0,65586,home,699,20250905
2,0,0,0,0,0,0,0,62234,home,699,20250905
0,1,0,0,0,1,0,0,61404,home,699,20250905
2,0,0,0,0,0,1,0,67005,home,699,20250905
1,0,0,0,0,0,0,0,65040,home,699,20250905
3,0,0,0,0,1,0,0,52415,home,699,20250905
6,0,1,0,0,0,2,0,51203,away,700,20250905
5,0,1,0,0,0,1,0,55252,away,700,20250905
0,1,0,0,0,0,0,0,67207,away,700,20250905
5,1,1,0,0,0,2,0,55208,away,700,20250905
5,1,2,1,0,0,0,0,76232,away,700,20250905
0,1,0,0,0,0,0,0,53554,away,700,20250905
0,0,0,0,0,0,0,0,66112,away,700,20250905
3,2,1,1,0,1,0,0,63257,away,700,20250905
0,0,0,0,0,0,0,0,54214,away,700,20250905
0,1,0,0,0,1,0,0,50208,away,700,20250905
3,0,0,0,0,1,1,0,63123,away,700,20250905
1,1,1,2,0,0,0,1,66209,away,700,20250905
4,1,2,2,1,1,0,0,78224,away,700,20250905
5,0,2,2,0,0,0,0,64468,away,700,20250905
4,0,1,0,0,1,1,0,79231,away,700,20250905
3,1,1,2,1,2,0,0,51907,home,700,20250905
3,0,1,0,0,0,1,0,63963,home,700,20250905
2,0,0,0,0,0,1,0,66606,home,700,20250905
5,0,1,0,0,0,1,0,79215,home,700,20250905
4,0,1,0,0,0,0,0,54944,home,700,20250905
1,1,0,0,0,0,0,0,69992,home,700,20250905
2,0,0,0,0,0,0,0,63260,home,700,20250905
1,0,0,0,0,0,0,0,62907,home,700,20250905
0,0,0,0,0,0,0,0,64101,home,700,20250905
2,0,1,1,0,0,0,0,68904,home,700,20250905
5,0,1,0,0,0,1,0,51344,home,700,20250905
0,0,0,0,0,0,0,0,68912,home,700,20250905
4,0,1,0,0,0,0,0,67905,home,700,20250905
2,0,1,0,0,0,1,0,64022,home,700,20250905
0,0,0,0,0,0,0,0,50996,home,700,20250905
3,0,0,0,0,0,0,0,62244,home,700,20250905
2,0,1,0,0,0,1,0,50902,home,700,20250905
1,1,1,0,0,0,0,0,66965,home,700,20250905
5,0,2,2,0,0,2,0,77532,away,704,20250906
0,1,0,0,0,0,0,0,52704,away,704,20250906
5,0,3,1,0,0,0,0,62700,away,704,20250906
0,1,0,0,0,0,0,0,64006,away,704,20250906
5,1,3,1,0,0,0,0,53764,away,704,20250906
2,0,1,1,0,3,0,0,69737,away,704,20250906
5,0,0,1,0,0,3,0,79192,away,704,20250906
3,1,1,0,0,1,0,0,66657,away,704,20250906
1,0,0,0,0,0,0,0,66704,away,704,20250906
5,1,1,0,0,0,1,0,65703,away,704,20250906
4,1,1,0,0,1,1,0,78288,away,704,20250906
3,1,2,1,0,1,0,0,68700,away,704,20250906
4,0,2,0,0,0,2,0,50458,home,704,20250906
4,0,0,0,0,0,2,0,67449,home,704,20250906
4,0,2,0,0,0,2,0,62404,home,704,20250906
3,1,1,1,1,1,1,0,54400,home,704,20250906
2,0,0,0,0,1,0,0,74540,home,704,20250906
0,1,0,0,0,0,0,0,67005,home,704,20250906
0,0,0,0,0,0,0,0,69428,home,704,20250906
1,0,0,0,0,0,0,0,65586,home,704,20250906
0,0,0,0,0,0,0,0,65132,home,704,20250906
4,0,0,0,0,0,1,0,52430,home,704,20250906
2,1,0,0,0,1,2,0,62234,home,704,20250906
1,0,0,0,0,0,0,0,66409,home,704,20250906
4,1,1,1,0,0,0,0,52415,home,704,20250906
2,0,0,0,0,0,1,0,68463,home,704,20250906
1,0,1,2,0,0,0,0,61404,home,704,20250906
5,2,2,1,0,0,2,1,52667,away,705,20250906
0,0,0,0,0,1,0,0,66614,away,705,20250906
4,1,1,1,0,2,0,1,64646,away,705,20250906
5,0,2,1,0,0,1,0,78603,away,705,20250906
0,0,0,0,0,0,0,0,50657,away,705,20250906
5,2,2,2,1,0,0,0,72443,away,705,20250906
2,1,0,0,0,2,2,0,62947,away,705,20250906
5,1,1,0,0,0,4,0,69636,away,705,20250906
3,0,1,1,0,1,2,0,67610,away,705,20250906
1,0,0,0,0,0,0,0,55636,away,705,20250906
4,0,1,1,0,0,0,0,78122,away,705,20250906
4,1,3,0,0,0,1,1,65653,away,705,20250906
4,0,1,1,0,0,1,0,51907,home,705,20250906
2,1,0,1,0,1,0,1,66606,home,705,20250906
3,0,0,0,0,1,1,0,68904,home,705,20250906
4,1,1,1,1,0,1,0,54944,home,705,20250906
3,0,1,1,0,0,2,1,79215,home,705,20250906
1,0,0,0,0,0,0,0,63963,home,705,20250906
2,0,0,0,0,0,2,0,63260,home,705,20250906
2,0,0,0,0,0,1,0,67905,home,705,20250906
3,0,0,0,0,0,0,0,66965,home,705,20250906
1,0,0,0,0,0,0,0,50996,home,705,20250906
2,1,1,0,0,0,0,0,51344,home,705,20250906
1,0,0,0,0,0,0,0,51996,home,705,20250906
2,1,1,0,0,0,0,0,62244,home,705,20250906
1,0,0,0,0,0,1,0,64022,home,705,20250906
0,0,0,0,0,0,0,0,68912,home,705,20250906
5,2,3,2,0,0,1,0,67893,away,706,20250907
4,1,1,0,0,0,0,0,50854,away,706,20250907
2,1,0,1,0,2,0,0,75847,away,706,20250907
5,0,2,1,0,0,2,0,53827,away,706,20250907
4,1,2,3,1,0,0,0,62895,away,706,20250907
1,0,1,0,0,0,0,0,62934,away,706,20250907
4,0,1,0,0,0,1,0,51868,away,706,20250907
1,0,0,0,0,0,0,0,60558,away,706,20250907
4,0,0,0,0,0,0,0,79456,away,706,20250907
0,0,0,0,0,0,0,0,51865,away,706,20250907
4,0,0,0,0,0,2,0,50868,away,706,20250907
2,0,0,0,0,0,1,0,66864,away,706,20250907
2,1,2,0,0,0,0,0,54812,away,706,20250907
4,0,2,0,0,0,1,0,65207,home,706,20250907
4,1,2,0,0,0,0,0,68119,home,706,20250907
4,1,2,1,0,0,0,0,53123,home,706,20250907
4,1,1,1,0,0,0,0,69102,home,706,20250907
4,0,2,1,0,0,0,0,76290,home,706,20250907
4,0,0,0,0,0,1,0,79109,home,706,20250907
4,0,1,0,0,0,0,0,79365,home,706,20250907
2,0,0,0,0,0,0,0,52103,home,706,20250907
2,0,1,0,0,0,0,0,55164,home,706,20250907
4,0,0,0,0,0,1,0,62415,home,706,20250907
4,1,2,0,0,0,0,0,54795,away,707,20250907
3,1,0,0,0,2,1,0,55703,away,707,20250907
5,0,1,1,0,0,0,0,53764,away,707,20250907
3,0,1,2,0,2,0,0,69737,away,707,20250907
4,0,1,0,0,0,2,0,79192,away,707,20250907
0,0,0,0,0,0,0,0,50707,away,707,20250907
3,0,1,0,0,0,0,0,79608,away,707,20250907
1,0,1,0,0,0,0,0,66704,away,707,20250907
3,0,0,0,0,0,0,0,68700,away,707,20250907
1,0,0,0,0,1,0,0,77532,away,707,20250907
1,0,0,0,0,1,0,0,76812,away,707,20250907
0,1,0,0,0,0,0,0,52704,away,707,20250907
1,0,0,0,0,0,0,0,78288,away,707,20250907
2,0,0,0,0,0,1,0,52764,away,707,20250907
4,0,3,0,0,0,0,0,64006,away,707,20250907
4,0,0,0,0,0,1,0,50458,home,707,20250907
0,0,0,0,0,0,0,0,66409,home,707,20250907
2,1,2,0,0,2,0,0,67449,home,707,20250907
4,1,1,1,0,0,1,0,62404,home,707,20250907
4,1,2,1,0,0,1,0,54400,home,707,20250907
4,1,1,2,1,0,2,0,74540,home,707,20250907
3,0,0,0,0,0,2,0,52430,home,707,20250907
3,0,0,0,0,0,2,0,62234,home,707,20250907
0,0,0,0,0,0,0,0,54408,home,707,20250907
3,0,1,0,0,0,1,0,61404,home,707,20250907
3,0,0,0,0,0,3,0,52415,home,707,20250907
4,0,2,0,0,1,1,0,52667,away,708,20250907
5,1,3,1,1,0,0,0,64646,away,708,20250907
4,0,0,0,0,1,0,0,78603,away,708,20250907
0,0,0,0,0,0,0,0,50657,away,708,20250907
5,0,1,0,0,0,0,0,72443,away,708,20250907
3,0,1,0,0,1,1,0,62947,away,708,20250907
0,0,0,0,0,0,0,0,55926,away,708,20250907
1,0,0,0,0,0,0,0,66614,away,708,20250907
3,0,1,0,0,0,2,0,69636,away,708,20250907
2,0,0,0,0,1,2,0,67610,away,708,20250907
0,0,0,0,0,0,0,0,55636,away,708,20250907
1,0,0,0,0,0,1,0,68646,away,708,20250907
0,0,0,0,0,0,0,0,53659,away,708,20250907
4,0,1,0,0,0,0,0,78122,away,708,20250907
4,0,0,0,0,0,0,0,65653,away,708,20250907
4,0,0,0,0,0,2,0,51907,home,708,20250907
4,1,2,0,0,0,1,1,66606,home,708,20250907
3,0,1,0,0,0,0,0,79215,home,708,20250907
1,0,0,0,0,0,1,0,51996,home,708,20250907
2,0,0,1,0,0,1,0,54944,home,708,20250907
0,0,0,0,0,0,0,0,66965,home,708,20250907
3,0,0,0,0,0,0,0,63260,home,708,20250907
0,0,0,0,0,0,0,0,63963,home,708,20250907
2,1,0,0,0,1,1,0,68912,home,708,20250907
3,0,1,0,0,0,1,0,51344,home,708,20250907
3,0,0,1,0,0,1,0,67905,home,708,20250907
3,0,0,0,0,0,0,0,50902,home,708,20250907
4,2,2,0,0,0,0,0,77532,away,709,20250909
2,0,0,0,0,0,0,0,79608,away,709,20250909
4,2,2,0,0,1,0,0,55703,away,709,20250909
1,0,0,0,0,0,0,0,52704,away,709,20250909
4,1,3,2,0,0,0,0,53764,away,709,20250909
1,0,0,0,0,0,0,0,50707,away,709,20250909
5,2,2,4,1,0,0,0,69737,away,709,20250909
3,1,1,2,0,1,1,0,79192,away,709,20250909
1,0,0,0,0,0,0,0,66704,away,709,20250909
4,0,1,0,0,0,2,0,66657,away,709,20250909
1,0,0,0,0,0,0,0,68700,away,709,20250909
4,0,3,0,0,1,0,0,62700,away,709,20250909
0,0,0,0,0,0,0,0,54795,away,709,20250909
4,0,1,1,0,0,0,0,78288,away,709,20250909
0,0,0,0,0,0,0,0,76812,away,709,20250909
5,1,1,0,0,0,2,0,64006,away,709,20250909
0,0,0,0,0,0,0,0,65703,away,709,20250909
3,0,0,0,0,0,0,0,50500,home,709,20250909
1,0,0,0,0,0,0,0,60523,home,709,20250909
0,0,0,0,0,0,0,0,52504,home,709,20250909
2,1,0,0,0,2,1,0,69517,home,709,20250909
4,0,2,1,0,0,2,0,52591,home,709,20250909
0,0,0,0,0,0,0,0,52516,home,709,20250909
4,0,0,0,0,0,1,0,54529,home,709,20250909
0,0,0,0,0,0,0,0,68507,home,709,20250909
3,0,0,0,0,1,0,0,51551,home,709,20250909
3,0,0,0,0,1,0,0,55530,home,709,20250909
4,0,1,0,0,0,0,0,50150,home,709,20250909
2,0,0,0,0,0,2,0,54598,home,709,20250909
1,0,0,0,0,0,0,0,52568,home,709,20250909
1,0,0,0,0,1,1,0,68518,home,709,20250909
1,0,0,0,0,0,0,0,51528,home,709,20250909
4,1,1,0,0,0,1,0,51203,away,711,20250909
4,0,1,0,0,0,1,0,52267,away,711,20250909
4,0,2,1,0,0,1,0,55208,away,711,20250909
3,0,2,0,0,0,1,0,76232,away,711,20250909
1,0,1,0,0,0,0,0,66112,away,711,20250909
4,0,0,0,0,0,3,0,78224,away,711,20250909
4,0,1,0,0,0,0,0,55252,away,711,20250909
4,0,1,0,0,0,2,0,66233,away,711,20250909
2,0,0,0,0,0,2,0,64468,away,711,20250909
2,0,2,0,0,0,0,0,50208,away,711,20250909
3,0,0,0,0,0,0,0,79231,away,711,20250909
1,0,0,0,0,0,1,0,63257,away,711,20250909
4,1,1,3,1,0,1,0,79240,home,711,20250909
3,0,0,0,0,1,1,0,55013,home,711,20250909
3,0,0,0,0,1,0,0,52001,home,711,20250909
3,0,1,0,0,0,1,0,68050,home,711,20250909
0,1,0,0,0,0,0,0,51013,home,711,20250909
1,0,0,0,0,0,0,0,66706,home,711,20250909
4,1,1,0,0,0,1,0,78548,home,711,20250909
3,1,1,1,0,1,1,0,76313,home,711,20250909
4,2,1,0,0,0,0,0,79402,home,711,20250909
2,0,0,0,0,0,1,0,64115,home,711,20250909
1,0,1,2,0,0,0,0,68504,home,711,20250909
0,1,0,0,0,0,0,0,51003,home,711,20250909
3,1,1,2,1,0,1,0,67006,home,711,20250909
3,1,1,0,0,0,0,0,65207,away,713,20250909
1,0,0,0,0,0,0,0,52103,away,713,20250909
2,1,1,0,0,1,0,0,68119,away,713,20250909
1,0,0,0,0,0,1,0,51100,away,713,20250909
4,0,1,0,0,0,0,0,53123,away,713,20250909
3,0,1,1,0,0,0,0,69102,away,713,20250909
1,0,0,0,0,0,0,0,54166,away,713,20250909
3,0,0,1,0,0,1,0,76290,away,713,20250909
1,0,0,0,0,0,0,0,52105,away,713,20250909
2,0,0,0,0,0,0,0,79109,away,713,20250909
1,0,0,0,0,0,0,0,69100,away,713,20250909
3,0,1,0,0,0,0,0,79365,away,713,20250909
0,0,0,0,0,0,0,0,52154,away,713,20250909
2,0,0,0,0,0,0,0,50054,away,713,20250909
2,0,0,0,0,0,1,0,62415,away,713,20250909
1,0,0,0,0,0,0,0,55164,away,713,20250909
3,2,2,2,0,2,0,0,65357,home,713,20250909
4,2,1,3,1,1,0,0,64340,home,713,20250909
4,1,2,2,0,0,0,0,76267,home,713,20250909
5,0,1,0,0,0,2,0,50167,home,713,20250909
0,0,0,0,0,0,0,0,52305,home,713,20250909
4,1,1,0,0,1,0,0,69332,home,713,20250909
4,0,0,0,0,0,2,0,64984,home,713,20250909
4,2,3,3,0,0,0,0,55392,home,713,20250909
2,1,1,0,0,1,1,0,53312,home,713,20250909
2,2,1,1,0,2,0,0,50357,home,713,20250909
4,0,1,2,0,0,1,0,65207,away,714,20250910
4,1,1,0,0,1,0,0,68119,away,714,20250910
4,1,1,1,0,0,0,0,53123,away,714,20250910
1,0,0,0,0,0,0,0,69100,away,714,20250910
3,1,0,0,0,1,1,0,69102,away,714,20250910
3,2,1,1,0,1,0,0,76290,away,714,20250910
4,0,2,1,0,0,0,0,79109,away,714,20250910
3,0,1,2,0,1,0,0,79365,away,714,20250910
4,1,1,0,0,0,3,0,52103,away,714,20250910
3,2,2,0,0,1,0,2,62415,away,714,20250910
4,0,0,0,0,0,0,0,51203,home,714,20250910
3,0,0,0,0,0,1,0,63123,home,714,20250910
1,0,0,0,0,0,0,0,66233,home,714,20250910
4,0,1,0,0,0,2,0,55208,home,714,20250910
4,1,3,0,0,0,0,0,76232,home,714,20250910
4,1,1,0,0,0,1,0,55252,home,714,20250910
4,1,2,2,1,0,0,0,66112,home,714,20250910
0,0,0,0,0,0,0,0,53554,home,714,20250910
3,0,1,0,0,0,2,1,50208,home,714,20250910
1,0,0,0,0,0,1,0,64468,home,714,20250910
2,0,0,0,0,1,0,0,67207,home,714,20250910
1,0,0,0,0,0,1,0,63257,home,714,20250910
2,1,0,0,0,1,1,1,79231,home,714,20250910
1,0,0,0,0,0,1,0,78224,home,714,20250910
4,2,1,0,0,1,0,0,77532,away,715,20250910
1,0,0,0,0,0,0,0,79608,away,715,20250910
5,1,1,0,0,0,1,0,55703,away,715,20250910
1,0,1,1,0,0,0,0,50707,away,715,20250910
5,3,2,1,0,0,0,0,53764,away,715,20250910
1,1,0,0,0,0,0,0,68700,away,715,20250910
4,1,2,4,1,0,1,0,69737,away,715,20250910
5,0,1,1,0,0,1,0,79192,away,715,20250910
1,0,0,0,0,0,0,0,66657,away,715,20250910
2,1,1,0,0,2,0,0,66704,away,715,20250910
4,1,1,1,0,0,2,0,62700,away,715,20250910
1,1,0,0,0,0,0,0,54795,away,715,20250910
3,1,1,2,0,1,1,0,78288,away,715,20250910
1,0,0,0,0,0,0,0,52764,away,715,20250910
4,0,1,1,0,0,1,0,64006,away,715,20250910
1,1,1,0,0,0,0,0,65703,away,715,20250910
4,0,1,0,0,0,2,0,52568,home,715,20250910
4,0,0,0,0,0,0,0,69517,home,715,20250910
2,0,0,0,0,0,0,0,52591,home,715,20250910
1,0,0,0,0,0,0,0,68507,home,715,20250910
4,0,1,0,0,0,1,0,54529,home,715,20250910
0,0,0,0,0,0,0,0,52504,home,715,20250910
2,0,0,0,0,0,2,0,77564,home,715,20250910
2,0,0,0,0,0,1,0,60523,home,715,20250910
4,0,1,0,0,0,0,0,50150,home,715,20250910
2,0,0,0,0,0,0,0,51551,home,715,20250910
0,0,0,0,0,1,0,0,52516,home,715,20250910
3,0,1,0,0,0,0,0,68205,home,715,20250910
2,0,0,0,0,0,1,0,51528,home,715,20250910
1,0,0,0,0,0,0,0,55530,home,715,20250910
0,0,0,0,0,0,0,0,68518,home,715,20250910
4,0,2,1,0,1,0,0,67893,away,716,20250910
3,0,0,0,0,0,1,0,54812,away,716,20250910
1,0,0,0,0,0,0,0,60558,away,716,20250910
3,0,0,0,0,2,0,0,75847,away,716,20250910
0,0,0,0,0,0,0,1,66864,away,716,20250910
4,0,1,1,0,0,2,0,62895,away,716,20250910
5,0,0,0,0,0,2,0,51868,away,716,20250910
4,1,2,0,0,0,1,0,50854,away,716,20250910
4,1,1,1,0,0,2,0,50868,away,716,20250910
3,1,1,0,0,1,0,0,62934,away,716,20250910
3,1,2,1,0,1,0,0,51865,away,716,20250910
3,1,0,0,0,1,2,1,51907,home,716,20250910
3,0,1,1,0,0,1,2,66606,home,716,20250910
3,1,0,0,0,0,2,0,68904,home,716,20250910
1,0,1,1,0,0,0,0,63260,home,716,20250910
4,1,1,2,1,0,2,0,54944,home,716,20250910
0,0,0,0,0,0,0,0,50902,home,716,20250910
3,0,0,0,0,0,1,0,79215,home,716,20250910
2,0,2,0,0,0,0,0,63963,home,716,20250910
1,1,0,0,0,0,0,0,67905,home,716,20250910
1,0,0,0,0,0,1,0,66965,home,716,20250910
2,0,0,0,0,0,2,0,51344,home,716,20250910
2,0,0,0,0,0,1,0,68912,home,716,20250910
1,0,1,0,0,0,0,0,62907,home,716,20250910
0,1,0,0,0,0,0,0,69992,home,716,20250910
0,0,0,0,0,0,0,0,62244,home,716,20250910
2,0,0,0,0,0,1,0,69995,home,716,20250910
4,0,0,0,0,0,3,0,50458,away,717,20250910
3,0,0,0,0,2,0,0,67449,away,717,20250910
3,0,1,0,0,2,0,0,62404,away,717,20250910
3,0,1,0,0,1,1,0,54400,away,717,20250910
0,0,0,0,0,0,0,0,54408,away,717,20250910
4,0,0,0,0,0,0,0,74540,away,717,20250910
0,0,0,0,0,0,0,0,69428,away,717,20250910
3,0,1,0,0,0,2,0,52430,away,717,20250910
2,0,1,0,0,0,0,0,65040,away,717,20250910
0,0,0,0,0,0,0,0,66409,away,717,20250910
1,0,0,0,0,0,0,0,61404,away,717,20250910
4,0,0,0,0,0,3,0,62234,away,717,20250910
3,0,3,0,0,1,0,0,52415,away,717,20250910
0,0,0,0,0,0,0,0,69416,away,717,20250910
3,1,1,0,0,0,1,0,52667,home,717,20250910
4,1,3,3,0,0,0,0,64646,home,717,20250910
4,0,2,1,0,0,1,0,78603,home,717,20250910
0,0,0,0,0,0,0,0,50657,home,717,20250910
3,0,0,0,0,1,1,1,72443,home,717,20250910
4,0,1,0,0,0,3,0,62947,home,717,20250910
3,0,1,0,0,0,1,0,69636,home,717,20250910
0,0,0,0,0,1,0,0,66614,home,717,20250910
3,0,0,0,0,0,2,0,67610,home,717,20250910
1,0,0,0,0,0,1,0,55636,home,717,20250910
3,0,0,0,0,0,0,0,78122,home,717,20250910
1,2,0,0,0,2,0,0,65653,home,717,20250910
4,0,1,1,0,1,0,0,79240,away,718,20250911
5,0,1,0,0,0,2,0,55013,away,718,20250911
5,1,1,0,0,0,2,0,52001,away,718,20250911
3,0,0,0,0,0,0,0,78548,away,718,20250911
1,2,0,0,0,1,0,0,51013,away,718,20250911
4,2,2,1,0,0,0,0,76313,away,718,20250911
2,0,0,0,0,0,0,0,79402,away,718,20250911
1,0,1,1,0,0,0,0,68050,away,718,20250911
1,1,1,2,0,0,0,0,51003,away,718,20250911
2,0,0,1,0,0,0,0,50066,away,718,20250911
0,0,0,0,0,1,0,0,66706,away,718,20250911
1,0,0,0,0,0,1,0,64115,away,718,20250911
3,0,2,0,0,0,1,0,68504,away,718,20250911
2,0,1,0,0,0,0,0,67006,away,718,20250911
1,0,0,0,0,0,1,0,67644,away,718,20250911
1,0,0,0,0,0,1,0,68089,away,718,20250911
4,1,1,1,0,0,1,0,65207,home,718,20250911
4,0,0,1,0,0,0,0,68119,home,718,20250911
1,0,0,0,0,0,0,0,55164,home,718,20250911
5,1,2,0,0,0,1,0,53123,home,718,20250911
4,1,2,0,0,1,1,0,69102,home,718,20250911
4,0,2,1,0,1,1,0,76290,home,718,20250911
5,0,2,1,0,0,0,0,79109,home,718,20250911
4,0,0,0,0,0,2,0,79365,home,718,20250911
3,1,1,0,0,0,1,0,52103,home,718,20250911
1,0,0,0,0,0,0,0,50054,home,718,20250911
3,0,2,0,0,1,0,1,62415,home,718,20250911
5,1,1,0,0,0,1,0,67893,away,719,20250911
5,2,2,2,1,0,0,0,66864,away,719,20250911
4,2,2,1,1,1,2,0,75847,away,719,20250911
3,1,1,0,0,1,0,0,62895,away,719,20250911
1,1,0,0,0,0,1,0,69804,away,719,20250911
5,1,3,2,0,0,0,0,50868,away,719,20250911
3,0,1,1,0,1,0,0,50854,away,719,20250911
4,0,1,2,0,0,2,0,51868,away,719,20250911
0,0,0,0,0,0,0,1,60558,away,719,20250911
4,0,0,0,0,0,1,0,62934,away,719,20250911
3,0,1,0,0,0,0,0,51865,away,719,20250911
0,0,0,0,0,0,0,0,54812,away,719,20250911
1,0,0,0,0,0,0,0,79456,away,719,20250911
4,0,1,1,0,0,1,0,50458,home,719,20250911
1,0,0,0,0,0,0,0,66409,home,719,20250911
4,0,1,1,0,0,0,0,67449,home,719,20250911
3,0,0,0,0,1,2,0,62404,home,719,20250911
2,1,1,1,1,1,1,0,54400,home,719,20250911
4,0,0,0,0,0,1,0,74540,home,719,20250911
0,0,0,0,0,0,0,0,69428,home,719,20250911
2,1,1,1,1,2,0,0,52430,home,719,20250911
3,1,2,0,0,0,0,0,52415,home,719,20250911
1,0,0,0,0,0,0,0,65040,home,719,20250911
2,0,0,0,0,0,0,0,61404,home,719,20250911
3,1,1,0,0,0,2,1,54408,home,719,20250911
1,0,0,0,0,0,0,0,62234,home,719,20250911
3,1,1,0,0,0,0,0,50500,away,720,20250911
1,0,0,0,0,0,0,0,60523,away,720,20250911
1,0,0,0,0,0,0,0,51528,away,720,20250911
5,1,4,2,0,0,1,0,69517,away,720,20250911
2,1,0,0,0,2,0,0,51551,away,720,20250911
1,0,0,0,0,0,1,0,54598,away,720,20250911
4,0,0,0,0,0,1,0,54529,away,720,20250911
0,0,0,0,0,0,0,0,62528,away,720,20250911
4,0,2,1,0,0,1,0,52591,away,720,20250911
4,0,1,1,0,0,0,0,50150,away,720,20250911
4,0,2,0,0,0,0,0,55530,away,720,20250911
0,0,0,0,0,0,0,0,52504,away,720,20250911
4,0,2,0,0,0,0,0,68205,away,720,20250911
1,0,0,0,0,1,0,0,68518,away,720,20250911
1,1,0,0,0,0,0,1,68507,away,720,20250911
4,0,1,0,0,0,1,0,52667,home,720,20250911
2,1,1,0,0,2,1,0,64646,home,720,20250911
2,1,1,0,0,1,0,0,78603,home,720,20250911
0,0,0,0,0,0,0,0,66614,home,720,20250911
4,1,2,3,1,0,0,0,72443,home,720,20250911
4,0,1,0,0,0,1,0,62947,home,720,20250911
4,0,0,0,0,0,1,0,69636,home,720,20250911
2,0,0,0,0,0,2,0,67610,home,720,20250911
0,0,0,0,0,0,0,0,53659,home,720,20250911
2,0,0,0,0,0,0,0,68646,home,720,20250911
2,0,0,0,0,0,0,0,78122,home,720,20250911
1,0,0,0,0,0,1,0,55645,home,720,20250911
3,0,0,0,0,0,2,0,65653,home,720,20250911
4,0,1,1,0,0,0,0,51907,away,721,20250911
4,0,0,0,0,0,1,0,66606,away,721,20250911
4,0,0,0,0,0,1,0,62907,away,721,20250911
4,0,1,0,0,0,2,0,54944,away,721,20250911
4,0,0,0,0,0,1,0,79215,away,721,20250911
3,0,0,0,0,0,1,0,63260,away,721,20250911
1,0,0,0,0,0,0,0,63963,away,721,20250911
2,0,0,0,0,0,0,0,67905,away,721,20250911
2,0,0,0,0,1,0,0,68912,away,721,20250911
1,1,1,0,0,1,0,1,51344,away,721,20250911
4,1,2,0,0,0,2,1,65357,home,721,20250911
4,0,1,0,0,0,1,0,64340,home,721,20250911
4,1,2,2,1,0,1,0,69332,home,721,20250911
3,0,2,2,0,1,0,0,53312,home,721,20250911
2,0,0,0,0,0,1,0,53344,home,721,20250911
1,0,0,0,0,1,1,0,76267,home,721,20250911
4,0,0,0,0,0,1,0,55392,home,721,20250911
2,0,0,0,0,0,2,0,55393,home,721,20250911
2,0,0,0,0,0,0,0,50167,home,721,20250911
1,0,0,0,0,0,0,0,55397,home,721,20250911
0,0,0,0,0,0,0,0,78756,home,721,20250911
1,2,0,0,0,2,0,0,52305,home,721,20250911
