date,batting_order,game_id,hitter_id,pitcher_id,stadium
20250322,1,1,1,52528,잠실
20250322,2,1,50500,1,잠실
20250322,3,1,69517,1,잠실
20250322,4,1,51551,1,잠실
20250322,5,1,54529,1,잠실
20250322,6,1,52591,1,잠실
20250322,7,1,78513,1,잠실
20250322,8,1,50150,1,잠실
20250322,9,1,61102,1,잠실
20250322,10,1,62802,1,잠실
20250322,1,1,1,55146,잠실
20250322,2,1,66108,1,잠실
20250322,3,1,76290,1,잠실
20250322,4,1,53123,1,잠실
20250322,5,1,69102,1,잠실
20250322,6,1,79109,1,잠실
20250322,7,1,68110,1,잠실
20250322,8,1,79365,1,잠실
20250322,9,1,62415,1,잠실
20250322,10,1,69100,1,잠실
20250322,1,2,1,55257,문학
20250322,2,2,53554,1,문학
20250322,3,2,78224,1,문학
20250322,4,2,76232,1,문학
20250322,5,2,55208,1,문학
20250322,6,2,63123,1,문학
20250322,7,2,64153,1,문학
20250322,8,2,50208,1,문학
20250322,9,2,66928,1,문학
20250322,10,2,79231,1,문학
20250322,1,2,1,54833,문학
20250322,2,2,50854,1,문학
20250322,3,2,54812,1,문학
20250322,4,2,53827,1,문학
20250322,5,2,62895,1,문학
20250322,6,2,79456,1,문학
20250322,7,2,67893,1,문학
20250322,8,2,69813,1,문학
20250322,9,2,51868,1,문학
20250322,10,2,54805,1,문학
20250322,1,3,1,55322,대구
20250322,2,3,65357,1,대구
20250322,3,3,52366,1,대구
20250322,4,3,50167,1,대구
20250322,5,3,54444,1,대구
20250322,6,3,76267,1,대구
20250322,7,3,64984,1,대구
20250322,8,3,55393,1,대구
20250322,9,3,50357,1,대구
20250322,10,3,62332,1,대구
20250322,1,3,1,53375,대구
20250322,2,3,50458,1,대구
20250322,3,3,52415,1,대구
20250322,4,3,62404,1,대구
20250322,5,3,74540,1,대구
20250322,6,3,54400,1,대구
20250322,7,3,75125,1,대구
20250322,8,3,65586,1,대구
20250322,9,3,52430,1,대구
20250322,10,3,61404,1,대구
20250322,1,4,1,55730,수원
20250322,2,4,66704,1,수원
20250322,3,4,53764,1,수원
20250322,4,4,55734,1,수원
20250322,5,4,69737,1,수원
20250322,6,4,79192,1,수원
20250322,7,4,79608,1,수원
20250322,8,4,50704,1,수원
20250322,9,4,78288,1,수원
20250322,10,4,64006,1,수원
20250322,1,4,1,54354,수원
20250322,2,4,68050,1,수원
20250322,3,4,67025,1,수원
20250322,4,4,79240,1,수원
20250322,5,4,64004,1,수원
20250322,6,4,78548,1,수원
20250322,7,4,64007,1,수원
20250322,8,4,50054,1,수원
20250322,9,4,64166,1,수원
20250322,10,4,79402,1,수원
20250322,1,5,1,55912,광주
20250322,2,5,62907,1,광주
20250322,3,5,51907,1,광주
20250322,4,5,77532,1,광주
20250322,5,5,54944,1,광주
20250322,6,5,79215,1,광주
20250322,7,5,63963,1,광주
20250322,8,5,66965,1,광주
20250322,9,5,68912,1,광주
20250322,10,5,51344,1,광주
20250322,1,5,1,54640,광주
20250322,2,5,64646,1,광주
20250322,3,5,52605,1,광주
20250322,4,5,62947,1,광주
20250322,5,5,55645,1,광주
20250322,6,5,72443,1,광주
20250322,7,5,78603,1,광주
20250322,8,5,63260,1,광주
20250322,9,5,78122,1,광주
20250322,10,5,66606,1,광주
20250323,1,6,1,64021,잠실
20250323,2,6,52591,1,잠실
20250323,3,6,50150,1,잠실
20250323,4,6,78513,1,잠실
20250323,5,6,54529,1,잠실
20250323,6,6,51551,1,잠실
20250323,7,6,60523,1,잠실
20250323,8,6,61102,1,잠실
20250323,9,6,69517,1,잠실
20250323,10,6,68205,1,잠실
20250323,1,6,1,67143,잠실
20250323,2,6,66108,1,잠실
20250323,3,6,76290,1,잠실
20250323,4,6,53123,1,잠실
20250323,5,6,69102,1,잠실
20250323,6,6,79109,1,잠실
20250323,7,6,68110,1,잠실
20250323,8,6,79365,1,잠실
20250323,9,6,62415,1,잠실
20250323,10,6,69100,1,잠실
20250323,1,7,1,55239,문학
20250323,2,7,53554,1,문학
20250323,3,7,78224,1,문학
20250323,4,7,76232,1,문학
20250323,5,7,55208,1,문학
20250323,6,7,63123,1,문학
20250323,7,7,64153,1,문학
20250323,8,7,66928,1,문학
20250323,9,7,67207,1,문학
20250323,10,7,79231,1,문학
20250323,1,7,1,77829,문학
20250323,2,7,50854,1,문학
20250323,3,7,54812,1,문학
20250323,4,7,53827,1,문학
20250323,5,7,62895,1,문학
20250323,6,7,79456,1,문학
20250323,7,7,69813,1,문학
20250323,8,7,51868,1,문학
20250323,9,7,66864,1,문학
20250323,10,7,54805,1,문학
20250323,1,8,1,64350,대구
20250323,2,8,52366,1,대구
20250323,3,8,50167,1,대구
20250323,4,8,54444,1,대구
20250323,5,8,65357,1,대구
20250323,6,8,53344,1,대구
20250323,7,8,76267,1,대구
20250323,8,8,55393,1,대구
20250323,9,8,54305,1,대구
20250323,10,8,50357,1,대구
20250323,1,8,1,77446,대구
20250323,2,8,50458,1,대구
20250323,3,8,62234,1,대구
20250323,4,8,62404,1,대구
20250323,5,8,74540,1,대구
20250323,6,8,54400,1,대구
20250323,7,8,75125,1,대구
20250323,8,8,61404,1,대구
20250323,9,8,52430,1,대구
20250323,10,8,52415,1,대구
20250323,1,9,1,54755,수원
20250323,2,9,66704,1,수원
20250323,3,9,53764,1,수원
20250323,4,9,55734,1,수원
20250323,5,9,69737,1,수원
20250323,6,9,79192,1,수원
20250323,7,9,54795,1,수원
20250323,8,9,50704,1,수원
20250323,9,9,78288,1,수원
20250323,10,9,64006,1,수원
20250323,1,9,1,69032,수원
20250323,2,9,68050,1,수원
20250323,3,9,67025,1,수원
20250323,4,9,79240,1,수원
20250323,5,9,64004,1,수원
20250323,6,9,78548,1,수원
20250323,7,9,64007,1,수원
20250323,8,9,50054,1,수원
20250323,9,9,64166,1,수원
20250323,10,9,79402,1,수원
20250323,1,10,1,55903,광주
20250323,2,10,62907,1,광주
20250323,3,10,51907,1,광주
20250323,4,10,77532,1,광주
20250323,5,10,54944,1,광주
20250323,6,10,79215,1,광주
20250323,7,10,63963,1,광주
20250323,8,10,69995,1,광주
20250323,9,10,68912,1,광주
20250323,10,10,51344,1,광주
20250323,1,10,1,77637,광주
20250323,2,10,64646,1,광주
20250323,3,10,66606,1,광주
20250323,4,10,62947,1,광주
20250323,5,10,55645,1,광주
20250323,6,10,72443,1,광주
20250323,7,10,78603,1,광주
20250323,8,10,63260,1,광주
20250323,9,10,68646,1,광주
20250323,10,10,52667,1,광주
20250325,1,11,1,76715,잠실
20250325,2,11,66704,1,잠실
20250325,3,11,53764,1,잠실
20250325,4,11,55734,1,잠실
20250325,5,11,69737,1,잠실
20250325,6,11,79192,1,잠실
20250325,7,11,79608,1,잠실
20250325,8,11,50704,1,잠실
20250325,9,11,78288,1,잠실
20250325,10,11,64006,1,잠실
20250325,1,11,1,54119,잠실
20250325,2,11,66108,1,잠실
20250325,3,11,68110,1,잠실
20250325,4,11,53123,1,잠실
20250325,5,11,69102,1,잠실
20250325,6,11,79109,1,잠실
20250325,7,11,79365,1,잠실
20250325,8,11,52121,1,잠실
20250325,9,11,62415,1,잠실
20250325,10,11,69100,1,잠실
20250325,1,12,1,55536,문학
20250325,2,12,50500,1,문학
20250325,3,12,69517,1,문학
20250325,4,12,51551,1,문학
20250325,5,12,54529,1,문학
20250325,6,12,52591,1,문학
20250325,7,12,78513,1,문학
20250325,8,12,50150,1,문학
20250325,9,12,68205,1,문학
20250325,10,12,68518,1,문학
20250325,1,12,1,62869,문학
20250325,2,12,50854,1,문학
20250325,3,12,54812,1,문학
20250325,4,12,67893,1,문학
20250325,5,12,53827,1,문학
20250325,6,12,60558,1,문학
20250325,7,12,79456,1,문학
20250325,8,12,51868,1,문학
20250325,9,12,54805,1,문학
20250325,10,12,69813,1,문학
20250325,1,13,1,66920,대구
20250325,2,13,62907,1,대구
20250325,3,13,51907,1,대구
20250325,4,13,77532,1,대구
20250325,5,13,54944,1,대구
20250325,6,13,79215,1,대구
20250325,7,13,63963,1,대구
20250325,8,13,62244,1,대구
20250325,9,13,51344,1,대구
20250325,10,13,62934,1,대구
20250325,1,13,1,65320,대구
20250325,2,13,50458,1,대구
20250325,3,13,52415,1,대구
20250325,4,13,62404,1,대구
20250325,5,13,74540,1,대구
20250325,6,13,54400,1,대구
20250325,7,13,75125,1,대구
20250325,8,13,52430,1,대구
20250325,9,13,61404,1,대구
20250325,10,13,62234,1,대구
20250325,1,14,1,67263,수원
20250325,2,14,53554,1,수원
20250325,3,14,78224,1,수원
20250325,4,14,63123,1,수원
20250325,5,14,55208,1,수원
20250325,6,14,76232,1,수원
20250325,7,14,64153,1,수원
20250325,8,14,50208,1,수원
20250325,9,14,67207,1,수원
20250325,10,14,79231,1,수원
20250325,1,14,1,64001,수원
20250325,2,14,68050,1,수원
20250325,3,14,67025,1,수원
20250325,4,14,79240,1,수원
20250325,5,14,64004,1,수원
20250325,6,14,78548,1,수원
20250325,7,14,50054,1,수원
20250325,8,14,76313,1,수원
20250325,9,14,64166,1,수원
20250325,10,14,79402,1,수원
20250325,1,15,1,54319,광주
20250325,2,15,65357,1,광주
20250325,3,15,52366,1,광주
20250325,4,15,50167,1,광주
20250325,5,15,54444,1,광주
20250325,6,15,76267,1,광주
20250325,7,15,53344,1,광주
20250325,8,15,50357,1,광주
20250325,9,15,64984,1,광주
20250325,10,15,55392,1,광주
20250325,1,15,1,55633,광주
20250325,2,15,64646,1,광주
20250325,3,15,55645,1,광주
20250325,4,15,62947,1,광주
20250325,5,15,72443,1,광주
20250325,6,15,78603,1,광주
20250325,7,15,63260,1,광주
20250325,8,15,78168,1,광주
20250325,9,15,78122,1,광주
20250325,10,15,66606,1,광주
20250326,1,16,1,65056,잠실
20250326,2,16,66704,1,잠실
20250326,3,16,53764,1,잠실
20250326,4,16,55734,1,잠실
20250326,5,16,69737,1,잠실
20250326,6,16,79192,1,잠실
20250326,7,16,54795,1,잠실
20250326,8,16,50704,1,잠실
20250326,9,16,76812,1,잠실
20250326,10,16,64006,1,잠실
20250326,1,16,1,61101,잠실
20250326,2,16,66108,1,잠실
20250326,3,16,68119,1,잠실
20250326,4,16,53123,1,잠실
20250326,5,16,69102,1,잠실
20250326,6,16,79109,1,잠실
20250326,7,16,76290,1,잠실
20250326,8,16,79365,1,잠실
20250326,9,16,62415,1,잠실
20250326,10,16,65207,1,잠실
20250326,1,17,1,51516,문학
20250326,2,17,50500,1,문학
20250326,3,17,52591,1,문학
20250326,4,17,50150,1,문학
20250326,5,17,54529,1,문학
20250326,6,17,51551,1,문학
20250326,7,17,78513,1,문학
20250326,8,17,68205,1,문학
20250326,9,17,62802,1,문학
20250326,10,17,68518,1,문학
20250326,1,17,1,53898,문학
20250326,2,17,50854,1,문학
20250326,3,17,54812,1,문학
20250326,4,17,60558,1,문학
20250326,5,17,53827,1,문학
20250326,6,17,69813,1,문학
20250326,7,17,67893,1,문학
20250326,8,17,79456,1,문학
20250326,9,17,51868,1,문학
20250326,10,17,54805,1,문학
20250326,1,18,1,68902,대구
20250326,2,18,62907,1,대구
20250326,3,18,51907,1,대구
20250326,4,18,77532,1,대구
20250326,5,18,54944,1,대구
20250326,6,18,79215,1,대구
20250326,7,18,63963,1,대구
20250326,8,18,68912,1,대구
20250326,9,18,50903,1,대구
20250326,10,18,69995,1,대구
20250326,1,18,1,51454,대구
20250326,2,18,50458,1,대구
20250326,3,18,52415,1,대구
20250326,4,18,62404,1,대구
20250326,5,18,74540,1,대구
20250326,6,18,54400,1,대구
20250326,7,18,52430,1,대구
20250326,8,18,75125,1,대구
20250326,9,18,62234,1,대구
20250326,10,18,68463,1,대구
20250326,1,19,1,51264,수원
20250326,2,19,53554,1,수원
20250326,3,19,78224,1,수원
20250326,4,19,63123,1,수원
20250326,5,19,55208,1,수원
20250326,6,19,76232,1,수원
20250326,7,19,64153,1,수원
20250326,8,19,66928,1,수원
20250326,9,19,50208,1,수원
20250326,10,19,79231,1,수원
20250326,1,19,1,50030,수원
20250326,2,19,68050,1,수원
20250326,3,19,67025,1,수원
20250326,4,19,79240,1,수원
20250326,5,19,64004,1,수원
20250326,6,19,78548,1,수원
20250326,7,19,76313,1,수원
20250326,8,19,64504,1,수원
20250326,9,19,64166,1,수원
20250326,10,19,79402,1,수원
20250326,1,20,1,55313,광주
20250326,2,20,52366,1,광주
20250326,3,20,50167,1,광주
20250326,4,20,54444,1,광주
20250326,5,20,65357,1,광주
20250326,6,20,76267,1,광주
20250326,7,20,55397,1,광주
20250326,8,20,55393,1,광주
20250326,9,20,62332,1,광주
20250326,10,20,78756,1,광주
20250326,1,20,1,53613,광주
20250326,2,20,66606,1,광주
20250326,3,20,55645,1,광주
20250326,4,20,62947,1,광주
20250326,5,20,72443,1,광주
20250326,6,20,78603,1,광주
20250326,7,20,63260,1,광주
20250326,8,20,69727,1,광주
20250326,9,20,78122,1,광주
20250326,10,20,52667,1,광주
20250327,1,21,1,52701,잠실
20250327,2,21,66704,1,잠실
20250327,3,21,53764,1,잠실
20250327,4,21,55734,1,잠실
20250327,5,21,69737,1,잠실
20250327,6,21,79192,1,잠실
20250327,7,21,79608,1,잠실
20250327,8,21,50704,1,잠실
20250327,9,21,78288,1,잠실
20250327,10,21,64006,1,잠실
20250327,1,21,1,51111,잠실
20250327,2,21,66108,1,잠실
20250327,3,21,68119,1,잠실
20250327,4,21,53123,1,잠실
20250327,5,21,69102,1,잠실
20250327,6,21,79109,1,잠실
20250327,7,21,76290,1,잠실
20250327,8,21,52154,1,잠실
20250327,9,21,62415,1,잠실
20250327,10,21,65207,1,잠실
20250327,1,22,1,67539,문학
20250327,2,22,52591,1,문학
20250327,3,22,60523,1,문학
20250327,4,22,51551,1,문학
20250327,5,22,54529,1,문학
20250327,6,22,78513,1,문학
20250327,7,22,50150,1,문학
20250327,8,22,62802,1,문학
20250327,9,22,68205,1,문학
20250327,10,22,68518,1,문학
20250327,1,22,1,60841,문학
20250327,2,22,50854,1,문학
20250327,3,22,54812,1,문학
20250327,4,22,67893,1,문학
20250327,5,22,53827,1,문학
20250327,6,22,62895,1,문학
20250327,7,22,69813,1,문학
20250327,8,22,51868,1,문학
20250327,9,22,54805,1,문학
20250327,10,22,51865,1,문학
20250327,1,23,1,53973,대구
20250327,2,23,63963,1,대구
20250327,3,23,51907,1,대구
20250327,4,23,77532,1,대구
20250327,5,23,54944,1,대구
20250327,6,23,79215,1,대구
20250327,7,23,68912,1,대구
20250327,8,23,66965,1,대구
20250327,9,23,51344,1,대구
20250327,10,23,50996,1,대구
20250327,1,23,1,54401,대구
20250327,2,23,50458,1,대구
20250327,3,23,52415,1,대구
20250327,4,23,62404,1,대구
20250327,5,23,52430,1,대구
20250327,6,23,75125,1,대구
20250327,7,23,54400,1,대구
20250327,8,23,62234,1,대구
20250327,9,23,61404,1,대구
20250327,10,23,69428,1,대구
20250327,1,24,1,53262,수원
20250327,2,24,67207,1,수원
20250327,3,24,78224,1,수원
20250327,4,24,63123,1,수원
20250327,5,24,55208,1,수원
20250327,6,24,76232,1,수원
20250327,7,24,64153,1,수원
20250327,8,24,66928,1,수원
20250327,9,24,63202,1,수원
20250327,10,24,79231,1,수원
20250327,1,24,1,50859,수원
20250327,2,24,68050,1,수원
20250327,3,24,67025,1,수원
20250327,4,24,79240,1,수원
20250327,5,24,64004,1,수원
20250327,6,24,78548,1,수원
20250327,7,24,50054,1,수원
20250327,8,24,64007,1,수원
20250327,9,24,64166,1,수원
20250327,10,24,79402,1,수원
20250327,1,25,1,55396,광주
20250327,2,25,52366,1,광주
20250327,3,25,50167,1,광주
20250327,4,25,54444,1,광주
20250327,5,25,65357,1,광주
20250327,6,25,76267,1,광주
20250327,7,25,55397,1,광주
20250327,8,25,78135,1,광주
20250327,9,25,62332,1,광주
20250327,10,25,64984,1,광주
20250327,1,25,1,69745,광주
20250327,2,25,78603,1,광주
20250327,3,25,55645,1,광주
20250327,4,25,62947,1,광주
20250327,5,25,72443,1,광주
20250327,6,25,63260,1,광주
20250327,7,25,68646,1,광주
20250327,8,25,66606,1,광주
20250327,9,25,69727,1,광주
20250327,10,25,66614,1,광주
20250328,1,26,1,53375,잠실
20250328,2,26,50458,1,잠실
20250328,3,26,52415,1,잠실
20250328,4,26,62404,1,잠실
20250328,5,26,74540,1,잠실
20250328,6,26,54400,1,잠실
20250328,7,26,75125,1,잠실
20250328,8,26,52430,1,잠실
20250328,9,26,61404,1,잠실
20250328,10,26,62234,1,잠실
20250328,1,26,1,55257,잠실
20250328,2,26,53554,1,잠실
20250328,3,26,78224,1,잠실
20250328,4,26,63123,1,잠실
20250328,5,26,55208,1,잠실
20250328,6,26,76232,1,잠실
20250328,7,26,64153,1,잠실
20250328,8,26,66928,1,잠실
20250328,9,26,67207,1,잠실
20250328,10,26,79231,1,잠실
20250328,1,27,1,54354,사직
20250328,2,27,68050,1,사직
20250328,3,27,67025,1,사직
20250328,4,27,79240,1,사직
20250328,5,27,64004,1,사직
20250328,6,27,78548,1,사직
20250328,7,27,50054,1,사직
20250328,8,27,64007,1,사직
20250328,9,27,64166,1,사직
20250328,10,27,79402,1,사직
20250328,1,27,1,52528,사직
20250328,2,27,52591,1,사직
20250328,3,27,60523,1,사직
20250328,4,27,78513,1,사직
20250328,5,27,54529,1,사직
20250328,6,27,51551,1,사직
20250328,7,27,50150,1,사직
20250328,8,27,68205,1,사직
20250328,9,27,77564,1,사직
20250328,10,27,61102,1,사직
20250328,1,28,1,55146,창원
20250328,2,28,66108,1,창원
20250328,3,28,68110,1,창원
20250328,4,28,53123,1,창원
20250328,5,28,69102,1,창원
20250328,6,28,79365,1,창원
20250328,7,28,52121,1,창원
20250328,8,28,69100,1,창원
20250328,9,28,62415,1,창원
20250328,10,28,65207,1,창원
20250328,1,28,1,55912,창원
20250328,2,28,63963,1,창원
20250328,3,28,51907,1,창원
20250328,4,28,77532,1,창원
20250328,5,28,54944,1,창원
20250328,6,28,79215,1,창원
20250328,7,28,68912,1,창원
20250328,8,28,66965,1,창원
20250328,9,28,51344,1,창원
20250328,10,28,50996,1,창원
20250328,1,29,1,54833,고척
20250328,2,29,50854,1,고척
20250328,3,29,67893,1,고척
20250328,4,29,53827,1,고척
20250328,5,29,62895,1,고척
20250328,6,29,51868,1,고척
20250328,7,29,79456,1,고척
20250328,8,29,66864,1,고척
20250328,9,29,69813,1,고척
20250328,10,29,54805,1,고척
20250328,1,29,1,55322,고척
20250328,2,29,52366,1,고척
20250328,3,29,50167,1,고척
20250328,4,29,54444,1,고척
20250328,5,29,65357,1,고척
20250328,6,29,76267,1,고척
20250328,7,29,55397,1,고척
20250328,8,29,53344,1,고척
20250328,9,29,64984,1,고척
20250328,10,29,55392,1,고척
20250328,1,30,1,54640,대전
20250328,2,30,78603,1,대전
20250328,3,30,50600,1,대전
20250328,4,30,62947,1,대전
20250328,5,30,72443,1,대전
20250328,6,30,55645,1,대전
20250328,7,30,63260,1,대전
20250328,8,30,66606,1,대전
20250328,9,30,78122,1,대전
20250328,10,30,66614,1,대전
20250328,1,30,1,55730,대전
20250328,2,30,54795,1,대전
20250328,3,30,50707,1,대전
20250328,4,30,55734,1,대전
20250328,5,30,69737,1,대전
20250328,6,30,79192,1,대전
20250328,7,30,66704,1,대전
20250328,8,30,50704,1,대전
20250328,9,30,78288,1,대전
20250328,10,30,64006,1,대전
20250329,1,31,1,77829,고척
20250329,2,31,50854,1,고척
20250329,3,31,54812,1,고척
20250329,4,31,67893,1,고척
20250329,5,31,53827,1,고척
20250329,6,31,51868,1,고척
20250329,7,31,62895,1,고척
20250329,8,31,79456,1,고척
20250329,9,31,54805,1,고척
20250329,10,31,69813,1,고척
20250329,1,31,1,64350,고척
20250329,2,31,52366,1,고척
20250329,3,31,50167,1,고척
20250329,4,31,54444,1,고척
20250329,5,31,65357,1,고척
20250329,6,31,76267,1,고척
20250329,7,31,53344,1,고척
20250329,8,31,50357,1,고척
20250329,9,31,55370,1,고척
20250329,10,31,64984,1,고척
20250329,1,32,1,77637,대전
20250329,2,32,66606,1,대전
20250329,3,32,78168,1,대전
20250329,4,32,62947,1,대전
20250329,5,32,72443,1,대전
20250329,6,32,55645,1,대전
20250329,7,32,63260,1,대전
20250329,8,32,68646,1,대전
20250329,9,32,50600,1,대전
20250329,10,32,66614,1,대전
20250329,1,32,1,54755,대전
20250329,2,32,54795,1,대전
20250329,3,32,66704,1,대전
20250329,4,32,55734,1,대전
20250329,5,32,69737,1,대전
20250329,6,32,79192,1,대전
20250329,7,32,66657,1,대전
20250329,8,32,68700,1,대전
20250329,9,32,78288,1,대전
20250329,10,32,64006,1,대전
20250329,1,33,1,69446,잠실
20250329,2,33,50458,1,잠실
20250329,3,33,52415,1,잠실
20250329,4,33,62404,1,잠실
20250329,5,33,74540,1,잠실
20250329,6,33,75125,1,잠실
20250329,7,33,52430,1,잠실
20250329,8,33,61404,1,잠실
20250329,9,33,54408,1,잠실
20250329,10,33,67449,1,잠실
20250329,1,33,1,55239,잠실
20250329,2,33,53554,1,잠실
20250329,3,33,78224,1,잠실
20250329,4,33,63123,1,잠실
20250329,5,33,55208,1,잠실
20250329,6,33,76232,1,잠실
20250329,7,33,64153,1,잠실
20250329,8,33,66928,1,잠실
20250329,9,33,67207,1,잠실
20250329,10,33,79231,1,잠실
20250329,1,34,1,69032,사직
20250329,2,34,68050,1,사직
20250329,3,34,67025,1,사직
20250329,4,34,79240,1,사직
20250329,5,34,64004,1,사직
20250329,6,34,78548,1,사직
20250329,7,34,76313,1,사직
20250329,8,34,50054,1,사직
20250329,9,34,64166,1,사직
20250329,10,34,79402,1,사직
20250329,1,34,1,64021,사직
20250329,2,34,78513,1,사직
20250329,3,34,77564,1,사직
20250329,4,34,50150,1,사직
20250329,5,34,54529,1,사직
20250329,6,34,51551,1,사직
20250329,7,34,61102,1,사직
20250329,8,34,60523,1,사직
20250329,9,34,52568,1,사직
20250329,10,34,68507,1,사직
20250329,1,35,1,67143,창원
20250329,2,35,66108,1,창원
20250329,3,35,65207,1,창원
20250329,4,35,53123,1,창원
20250329,5,35,69102,1,창원
20250329,6,35,79109,1,창원
20250329,7,35,68110,1,창원
20250329,8,35,76290,1,창원
20250329,9,35,79365,1,창원
20250329,10,35,62415,1,창원
20250329,1,35,1,55903,창원
20250329,2,35,62907,1,창원
20250329,3,35,51907,1,창원
20250329,4,35,77532,1,창원
20250329,5,35,54944,1,창원
20250329,6,35,79215,1,창원
20250329,7,35,63963,1,창원
20250329,8,35,66965,1,창원
20250329,9,35,68912,1,창원
20250329,10,35,51344,1,창원
20250330,1,36,1,54443,잠실
20250330,2,36,50458,1,잠실
20250330,3,36,52415,1,잠실
20250330,4,36,62404,1,잠실
20250330,5,36,74540,1,잠실
20250330,6,36,54400,1,잠실
20250330,7,36,52430,1,잠실
20250330,8,36,75125,1,잠실
20250330,9,36,62234,1,잠실
20250330,10,36,67449,1,잠실
20250330,1,36,1,67263,잠실
20250330,2,36,79231,1,잠실
20250330,3,36,78224,1,잠실
20250330,4,36,63123,1,잠실
20250330,5,36,55208,1,잠실
20250330,6,36,76232,1,잠실
20250330,7,36,66112,1,잠실
20250330,8,36,50208,1,잠실
20250330,9,36,64468,1,잠실
20250330,10,36,67207,1,잠실
20250330,1,37,1,64001,사직
20250330,2,37,67025,1,사직
20250330,3,37,68050,1,사직
20250330,4,37,79240,1,사직
20250330,5,37,64004,1,사직
20250330,6,37,79402,1,사직
20250330,7,37,64007,1,사직
20250330,8,37,76313,1,사직
20250330,9,37,64504,1,사직
20250330,10,37,64166,1,사직
20250330,1,37,1,55536,사직
20250330,2,37,78513,1,사직
20250330,3,37,50150,1,사직
20250330,4,37,51551,1,사직
20250330,5,37,54529,1,사직
20250330,6,37,52591,1,사직
20250330,7,37,77564,1,사직
20250330,8,37,68518,1,사직
20250330,9,37,54598,1,사직
20250330,10,37,68507,1,사직
20250330,1,39,1,62869,고척
20250330,2,39,50854,1,고척
20250330,3,39,54812,1,고척
20250330,4,39,53827,1,고척
20250330,5,39,62895,1,고척
20250330,6,39,67893,1,고척
20250330,7,39,51868,1,고척
20250330,8,39,60558,1,고척
20250330,9,39,79456,1,고척
20250330,10,39,54805,1,고척
20250330,1,39,1,54319,고척
20250330,2,39,52366,1,고척
20250330,3,39,50167,1,고척
20250330,4,39,54444,1,고척
20250330,5,39,65357,1,고척
20250330,6,39,76267,1,고척
20250330,7,39,55397,1,고척
20250330,8,39,50357,1,고척
20250330,9,39,62332,1,고척
20250330,10,39,64984,1,고척
20250330,1,40,1,55633,대전
20250330,2,40,55636,1,대전
20250330,3,40,55645,1,대전
20250330,4,40,62947,1,대전
20250330,5,40,72443,1,대전
20250330,6,40,63260,1,대전
20250330,7,40,69727,1,대전
20250330,8,40,78168,1,대전
20250330,9,40,78122,1,대전
20250330,10,40,66614,1,대전
20250330,1,40,1,76715,대전
20250330,2,40,54795,1,대전
20250330,3,40,79608,1,대전
20250330,4,40,55734,1,대전
20250330,5,40,69737,1,대전
20250330,6,40,79192,1,대전
20250330,7,40,66704,1,대전
20250330,8,40,50704,1,대전
20250330,9,40,78288,1,대전
20250330,10,40,64006,1,대전
20250402,1,46,1,55396,잠실
20250402,2,46,52366,1,잠실
20250402,3,46,50167,1,잠실
20250402,4,46,54444,1,잠실
20250402,5,46,65357,1,잠실
20250402,6,46,76267,1,잠실
20250402,7,46,55397,1,잠실
20250402,8,46,55392,1,잠실
20250402,9,46,62332,1,잠실
20250402,10,46,55370,1,잠실
20250402,1,46,1,51264,잠실
20250402,2,46,79231,1,잠실
20250402,3,46,68362,1,잠실
20250402,4,46,63123,1,잠실
20250402,5,46,78224,1,잠실
20250402,6,46,76232,1,잠실
20250402,7,46,64153,1,잠실
20250402,8,46,53554,1,잠실
20250402,9,46,50208,1,잠실
20250402,10,46,66928,1,잠실
20250402,1,48,1,54119,수원
20250402,2,48,66108,1,수원
20250402,3,48,68110,1,수원
20250402,4,48,53123,1,수원
20250402,5,48,69102,1,수원
20250402,6,48,79365,1,수원
20250402,7,48,79109,1,수원
20250402,8,48,69100,1,수원
20250402,9,48,62415,1,수원
20250402,10,48,65207,1,수원
20250402,1,48,1,50859,수원
20250402,2,48,67025,1,수원
20250402,3,48,68050,1,수원
20250402,4,48,79240,1,수원
20250402,5,48,64004,1,수원
20250402,6,48,78548,1,수원
20250402,7,48,79402,1,수원
20250402,8,48,64504,1,수원
20250402,9,48,64166,1,수원
20250402,10,48,51003,1,수원
20250402,1,49,1,65320,광주
20250402,2,49,50458,1,광주
20250402,3,49,52415,1,광주
20250402,4,49,62404,1,광주
20250402,5,49,75125,1,광주
20250402,6,49,54400,1,광주
20250402,7,49,52430,1,광주
20250402,8,49,61404,1,광주
20250402,9,49,62234,1,광주
20250402,10,49,69428,1,광주
20250402,1,49,1,69745,광주
20250402,2,49,66606,1,광주
20250402,3,49,55645,1,광주
20250402,4,49,62947,1,광주
20250402,5,49,72443,1,광주
20250402,6,49,63260,1,광주
20250402,7,49,69727,1,광주
20250402,8,49,65464,1,광주
20250402,9,49,68646,1,광주
20250402,10,49,66614,1,광주
20250402,1,50,1,51516,대전
20250402,2,50,78513,1,대전
20250402,3,50,50150,1,대전
20250402,4,50,51551,1,대전
20250402,5,50,54529,1,대전
20250402,6,50,60523,1,대전
20250402,7,50,52591,1,대전
20250402,8,50,77564,1,대전
20250402,9,50,61102,1,대전
20250402,10,50,54598,1,대전
20250402,1,50,1,52701,대전
20250402,2,50,54795,1,대전
20250402,3,50,79608,1,대전
20250402,4,50,55734,1,대전
20250402,5,50,69737,1,대전
20250402,6,50,79192,1,대전
20250402,7,50,66704,1,대전
20250402,8,50,66657,1,대전
20250402,9,50,76812,1,대전
20250402,10,50,64006,1,대전
20250403,1,51,1,55322,잠실
20250403,2,51,52366,1,잠실
20250403,3,51,50167,1,잠실
20250403,4,51,54444,1,잠실
20250403,5,51,65357,1,잠실
20250403,6,51,76267,1,잠실
20250403,7,51,53344,1,잠실
20250403,8,51,78135,1,잠실
20250403,9,51,64984,1,잠실
20250403,10,51,53302,1,잠실
20250403,1,51,1,55257,잠실
20250403,2,51,79231,1,잠실
20250403,3,51,68362,1,잠실
20250403,4,51,63123,1,잠실
20250403,5,51,78224,1,잠실
20250403,6,51,76232,1,잠실
20250403,7,51,64153,1,잠실
20250403,8,51,64468,1,잠실
20250403,9,51,50208,1,잠실
20250403,10,51,66209,1,잠실
20250403,1,53,1,61101,수원
20250403,2,53,66108,1,수원
20250403,3,53,65207,1,수원
20250403,4,53,53123,1,수원
20250403,5,53,69102,1,수원
20250403,6,53,68110,1,수원
20250403,7,53,79109,1,수원
20250403,8,53,79365,1,수원
20250403,9,53,52121,1,수원
20250403,10,53,62415,1,수원
20250403,1,53,1,54354,수원
20250403,2,53,67025,1,수원
20250403,3,53,68050,1,수원
20250403,4,53,64004,1,수원
20250403,5,53,78548,1,수원
20250403,6,53,76313,1,수원
20250403,7,53,50054,1,수원
20250403,8,53,64007,1,수원
20250403,9,53,64166,1,수원
20250403,10,53,51003,1,수원
20250403,1,54,1,53375,광주
20250403,2,54,50458,1,광주
20250403,3,54,52415,1,광주
20250403,4,54,62404,1,광주
20250403,5,54,54400,1,광주
20250403,6,54,74540,1,광주
20250403,7,54,52430,1,광주
20250403,8,54,75125,1,광주
20250403,9,54,61404,1,광주
20250403,10,54,62234,1,광주
20250403,1,54,1,54640,광주
20250403,2,54,66606,1,광주
20250403,3,54,55636,1,광주
20250403,4,54,62947,1,광주
20250403,5,54,55645,1,광주
20250403,6,54,63260,1,광주
20250403,7,54,69727,1,광주
20250403,8,54,50600,1,광주
20250403,9,54,78122,1,광주
20250403,10,54,66614,1,광주
20250403,1,55,1,67539,대전
20250403,2,55,78513,1,대전
20250403,3,55,60523,1,대전
20250403,4,55,51551,1,대전
20250403,5,55,54529,1,대전
20250403,6,55,77564,1,대전
20250403,7,55,52591,1,대전
20250403,8,55,54598,1,대전
20250403,9,55,68205,1,대전
20250403,10,55,68518,1,대전
20250403,1,55,1,55730,대전
20250403,2,55,54795,1,대전
20250403,3,55,79608,1,대전
20250403,4,55,55734,1,대전
20250403,5,55,69737,1,대전
20250403,6,55,79192,1,대전
20250403,7,55,66704,1,대전
20250403,8,55,50704,1,대전
20250403,9,55,78288,1,대전
20250403,10,55,64006,1,대전
20250404,1,56,1,77637,잠실
20250404,2,56,63260,1,잠실
20250404,3,56,55645,1,잠실
20250404,4,56,62947,1,잠실
20250404,5,56,72443,1,잠실
20250404,6,56,69727,1,잠실
20250404,7,56,68646,1,잠실
20250404,8,56,66606,1,잠실
20250404,9,56,66614,1,잠실
20250404,10,56,78168,1,잠실
20250404,1,56,1,51111,잠실
20250404,2,56,66108,1,잠실
20250404,3,56,65207,1,잠실
20250404,4,56,53123,1,잠실
20250404,5,56,69102,1,잠실
20250404,6,56,76290,1,잠실
20250404,7,56,52121,1,잠실
20250404,8,56,69100,1,잠실
20250404,9,56,52154,1,잠실
20250404,10,56,52103,1,잠실
20250404,1,57,1,69032,문학
20250404,2,57,67025,1,문학
20250404,3,57,68050,1,문학
20250404,4,57,79240,1,문학
20250404,5,57,78548,1,문학
20250404,6,57,79402,1,문학
20250404,7,57,64007,1,문학
20250404,8,57,64166,1,문학
20250404,9,57,64504,1,문학
20250404,10,57,51007,1,문학
20250404,1,57,1,77829,문학
20250404,2,57,50854,1,문학
20250404,3,57,54812,1,문학
20250404,4,57,53827,1,문학
20250404,5,57,62895,1,문학
20250404,6,57,51868,1,문학
20250404,7,57,67893,1,문학
20250404,8,57,60558,1,문학
20250404,9,57,79456,1,문학
20250404,10,57,76802,1,문학
20250404,1,58,1,55239,사직
20250404,2,58,67207,1,사직
20250404,3,58,63123,1,사직
20250404,4,58,76232,1,사직
20250404,5,58,64153,1,사직
20250404,6,58,65269,1,사직
20250404,7,58,64468,1,사직
20250404,8,58,66928,1,사직
20250404,9,58,68362,1,사직
20250404,10,58,79231,1,사직
20250404,1,58,1,52528,사직
20250404,2,58,78513,1,사직
20250404,3,58,77564,1,사직
20250404,4,58,51551,1,사직
20250404,5,58,54529,1,사직
20250404,6,58,52591,1,사직
20250404,7,58,61102,1,사직
20250404,8,58,52516,1,사직
20250404,9,58,54598,1,사직
20250404,10,58,68205,1,사직
20250404,1,59,1,54755,대구
20250404,2,59,54795,1,대구
20250404,3,59,79608,1,대구
20250404,4,59,66704,1,대구
20250404,5,59,69737,1,대구
20250404,6,59,79192,1,대구
20250404,7,59,55734,1,대구
20250404,8,59,68700,1,대구
20250404,9,59,78288,1,대구
20250404,10,59,64006,1,대구
20250404,1,59,1,69446,대구
20250404,2,59,50458,1,대구
20250404,3,59,62404,1,대구
20250404,4,59,52430,1,대구
20250404,5,59,74540,1,대구
20250404,6,59,54400,1,대구
20250404,7,59,75125,1,대구
20250404,8,59,52415,1,대구
20250404,9,59,68463,1,대구
20250404,10,59,62234,1,대구
20250404,1,60,1,55912,고척
20250404,2,60,62907,1,고척
20250404,3,60,51907,1,고척
20250404,4,60,77532,1,고척
20250404,5,60,54944,1,고척
20250404,6,60,79215,1,고척
20250404,7,60,63963,1,고척
20250404,8,60,66965,1,고척
20250404,9,60,68912,1,고척
20250404,10,60,51344,1,고척
20250404,1,60,1,64350,고척
20250404,2,60,52366,1,고척
20250404,3,60,50167,1,고척
20250404,4,60,54444,1,고척
20250404,5,60,76267,1,고척
20250404,6,60,53312,1,고척
20250404,7,60,55397,1,고척
20250404,8,60,62925,1,고척
20250404,9,60,64984,1,고척
20250404,10,60,78756,1,고척
20250405,1,62,1,76715,대구
20250405,2,62,54795,1,대구
20250405,3,62,79608,1,대구
20250405,4,62,66704,1,대구
20250405,5,62,69737,1,대구
20250405,6,62,79192,1,대구
20250405,7,62,55734,1,대구
20250405,8,62,66657,1,대구
20250405,9,62,78288,1,대구
20250405,10,62,64006,1,대구
20250405,1,62,1,51454,대구
20250405,2,62,52415,1,대구
20250405,3,62,62404,1,대구
20250405,4,62,52430,1,대구
20250405,5,62,74540,1,대구
20250405,6,62,75125,1,대구
20250405,7,62,54400,1,대구
20250405,8,62,61404,1,대구
20250405,9,62,65586,1,대구
20250405,10,62,67449,1,대구
20250405,1,63,1,64001,문학
20250405,2,63,67025,1,문학
20250405,3,63,79240,1,문학
20250405,4,63,68050,1,문학
20250405,5,63,78548,1,문학
20250405,6,63,79402,1,문학
20250405,7,63,51007,1,문학
20250405,8,63,64007,1,문학
20250405,9,63,64504,1,문학
20250405,10,63,64166,1,문학
20250405,1,63,1,62869,문학
20250405,2,63,50854,1,문학
20250405,3,63,54812,1,문학
20250405,4,63,53827,1,문학
20250405,5,63,62895,1,문학
20250405,6,63,67893,1,문학
20250405,7,63,60558,1,문학
20250405,8,63,54815,1,문학
20250405,9,63,54805,1,문학
20250405,10,63,51865,1,문학
20250405,1,64,1,67263,사직
20250405,2,64,79231,1,사직
20250405,3,64,63257,1,사직
20250405,4,64,76232,1,사직
20250405,5,64,78224,1,사직
20250405,6,64,64153,1,사직
20250405,7,64,63123,1,사직
20250405,8,64,66928,1,사직
20250405,9,64,64468,1,사직
20250405,10,64,67207,1,사직
20250405,1,64,1,64021,사직
20250405,2,64,68507,1,사직
20250405,3,64,60523,1,사직
20250405,4,64,51551,1,사직
20250405,5,64,54529,1,사직
20250405,6,64,61102,1,사직
20250405,7,64,52591,1,사직
20250405,8,64,77564,1,사직
20250405,9,64,54598,1,사직
20250405,10,64,68205,1,사직
20250405,1,65,1,55903,고척
20250405,2,65,62907,1,고척
20250405,3,65,51907,1,고척
20250405,4,65,77532,1,고척
20250405,5,65,54944,1,고척
20250405,6,65,79215,1,고척
20250405,7,65,63963,1,고척
20250405,8,65,69995,1,고척
20250405,9,65,62244,1,고척
20250405,10,65,50903,1,고척
20250405,1,65,1,54319,고척
20250405,2,65,52366,1,고척
20250405,3,65,65357,1,고척
20250405,4,65,54444,1,고척
20250405,5,65,76267,1,고척
20250405,6,65,53312,1,고척
20250405,7,65,64346,1,고척
20250405,8,65,50357,1,고척
20250405,9,65,64984,1,고척
20250405,10,65,55397,1,고척
20250406,1,66,1,55633,잠실
20250406,2,66,64646,1,잠실
20250406,3,66,63260,1,잠실
20250406,4,66,62947,1,잠실
20250406,5,66,72443,1,잠실
20250406,6,66,55645,1,잠실
20250406,7,66,69727,1,잠실
20250406,8,66,66614,1,잠실
20250406,9,66,78122,1,잠실
20250406,10,66,67609,1,잠실
20250406,1,66,1,55146,잠실
20250406,2,66,66108,1,잠실
20250406,3,66,65207,1,잠실
20250406,4,66,53123,1,잠실
20250406,5,66,69102,1,잠실
20250406,6,66,79109,1,잠실
20250406,7,66,76290,1,잠실
20250406,8,66,79365,1,잠실
20250406,9,66,69100,1,잠실
20250406,10,66,62415,1,잠실
20250406,1,67,1,50030,문학
20250406,2,67,67025,1,문학
20250406,3,67,79240,1,문학
20250406,4,67,68050,1,문학
20250406,5,67,78548,1,문학
20250406,6,67,79402,1,문학
20250406,7,67,51007,1,문학
20250406,8,67,64007,1,문학
20250406,9,67,64504,1,문학
20250406,10,67,64166,1,문학
20250406,1,67,1,62869,문학
20250406,2,67,50854,1,문학
20250406,3,67,54812,1,문학
20250406,4,67,53827,1,문학
20250406,5,67,62895,1,문학
20250406,6,67,67893,1,문학
20250406,7,67,60558,1,문학
20250406,8,67,68868,1,문학
20250406,9,67,54805,1,문학
20250406,10,67,51865,1,문학
20250406,1,68,1,53262,사직
20250406,2,68,67207,1,사직
20250406,3,68,79231,1,사직
20250406,4,68,76232,1,사직
20250406,5,68,64153,1,사직
20250406,6,68,63123,1,사직
20250406,7,68,66112,1,사직
20250406,8,68,68362,1,사직
20250406,9,68,66928,1,사직
20250406,10,68,64468,1,사직
20250406,1,68,1,55536,사직
20250406,2,68,78513,1,사직
20250406,3,68,60523,1,사직
20250406,4,68,51551,1,사직
20250406,5,68,54529,1,사직
20250406,6,68,61102,1,사직
20250406,7,68,77564,1,사직
20250406,8,68,52591,1,사직
20250406,9,68,54598,1,사직
20250406,10,68,68205,1,사직
20250406,1,69,1,65056,대구
20250406,2,69,79608,1,대구
20250406,3,69,55734,1,대구
20250406,4,69,66704,1,대구
20250406,5,69,53764,1,대구
20250406,6,69,69737,1,대구
20250406,7,69,66657,1,대구
20250406,8,69,79192,1,대구
20250406,9,69,76812,1,대구
20250406,10,69,64006,1,대구
20250406,1,69,1,54443,대구
20250406,2,69,52415,1,대구
20250406,3,69,67449,1,대구
20250406,4,69,62404,1,대구
20250406,5,69,74540,1,대구
20250406,6,69,52430,1,대구
20250406,7,69,54400,1,대구
20250406,8,69,75125,1,대구
20250406,9,69,61404,1,대구
20250406,10,69,62234,1,대구
20250406,1,70,1,68902,고척
20250406,2,70,63963,1,고척
20250406,3,70,51907,1,고척
20250406,4,70,62907,1,고척
20250406,5,70,54944,1,고척
20250406,6,70,79215,1,고척
20250406,7,70,50903,1,고척
20250406,8,70,51344,1,고척
20250406,9,70,68912,1,고척
20250406,10,70,69995,1,고척
20250406,1,70,1,55313,고척
20250406,2,70,52366,1,고척
20250406,3,70,50167,1,고척
20250406,4,70,54444,1,고척
20250406,5,70,65357,1,고척
20250406,6,70,76267,1,고척
20250406,7,70,50357,1,고척
20250406,8,70,64984,1,고척
20250406,9,70,62332,1,고척
20250406,10,70,55397,1,고척
20250408,1,71,1,52701,잠실
20250408,2,71,54795,1,잠실
20250408,3,71,55734,1,잠실
20250408,4,71,69737,1,잠실
20250408,5,71,79192,1,잠실
20250408,6,71,53764,1,잠실
20250408,7,71,66704,1,잠실
20250408,8,71,66657,1,잠실
20250408,9,71,78288,1,잠실
20250408,10,71,64006,1,잠실
20250408,1,71,1,51264,잠실
20250408,2,71,79231,1,잠실
20250408,3,71,68362,1,잠실
20250408,4,71,76232,1,잠실
20250408,5,71,64153,1,잠실
20250408,6,71,63123,1,잠실
20250408,7,71,78224,1,잠실
20250408,8,71,64468,1,잠실
20250408,9,71,66928,1,잠실
20250408,10,71,66209,1,잠실
20250408,1,72,1,69745,사직
20250408,2,72,64646,1,사직
20250408,3,72,55645,1,사직
20250408,4,72,62947,1,사직
20250408,5,72,72443,1,사직
20250408,6,72,63260,1,사직
20250408,7,72,69727,1,사직
20250408,8,72,66606,1,사직
20250408,9,72,78122,1,사직
20250408,10,72,66614,1,사직
20250408,1,72,1,51516,사직
20250408,2,72,50500,1,사직
20250408,3,72,60523,1,사직
20250408,4,72,54529,1,사직
20250408,5,72,78513,1,사직
20250408,6,72,77564,1,사직
20250408,7,72,61102,1,사직
20250408,8,72,69517,1,사직
20250408,9,72,68205,1,사직
20250408,10,72,62802,1,사직
20250408,1,73,1,53898,대구
20250408,2,73,50854,1,대구
20250408,3,73,54812,1,대구
20250408,4,73,53827,1,대구
20250408,5,73,62895,1,대구
20250408,6,73,60558,1,대구
20250408,7,73,67893,1,대구
20250408,8,73,79456,1,대구
20250408,9,73,68868,1,대구
20250408,10,73,54805,1,대구
20250408,1,73,1,65320,대구
20250408,2,73,52415,1,대구
20250408,3,73,67449,1,대구
20250408,4,73,52430,1,대구
20250408,5,73,74540,1,대구
20250408,6,73,54400,1,대구
20250408,7,73,62404,1,대구
20250408,8,73,75125,1,대구
20250408,9,73,62234,1,대구
20250408,10,73,61404,1,대구
20250408,1,74,1,53973,수원
20250408,2,74,62907,1,수원
20250408,3,74,51907,1,수원
20250408,4,74,77532,1,수원
20250408,5,74,54944,1,수원
20250408,6,74,63963,1,수원
20250408,7,74,51344,1,수원
20250408,8,74,62244,1,수원
20250408,9,74,67905,1,수원
20250408,10,74,50996,1,수원
20250408,1,74,1,64001,수원
20250408,2,74,67025,1,수원
20250408,3,74,79240,1,수원
20250408,4,74,68050,1,수원
20250408,5,74,64004,1,수원
20250408,6,74,78548,1,수원
20250408,7,74,79402,1,수원
20250408,8,74,76313,1,수원
20250408,9,74,64166,1,수원
20250408,10,74,51003,1,수원
20250408,1,75,1,67143,고척
20250408,2,75,66108,1,고척
20250408,3,75,65207,1,고척
20250408,4,75,53123,1,고척
20250408,5,75,69102,1,고척
20250408,6,75,79109,1,고척
20250408,7,75,76290,1,고척
20250408,8,75,79365,1,고척
20250408,9,75,50108,1,고척
20250408,10,75,62415,1,고척
20250408,1,75,1,55396,고척
20250408,2,75,52366,1,고척
20250408,3,75,50167,1,고척
20250408,4,75,76267,1,고척
20250408,5,75,51359,1,고척
20250408,6,75,65357,1,고척
20250408,7,75,55393,1,고척
20250408,8,75,62925,1,고척
20250408,9,75,78756,1,고척
20250408,10,75,53312,1,고척
20250409,1,76,1,55730,잠실
20250409,2,76,54795,1,잠실
20250409,3,76,55734,1,잠실
20250409,4,76,53764,1,잠실
20250409,5,76,69737,1,잠실
20250409,6,76,79192,1,잠실
20250409,7,76,66704,1,잠실
20250409,8,76,66657,1,잠실
20250409,9,76,78288,1,잠실
20250409,10,76,64006,1,잠실
20250409,1,76,1,55257,잠실
20250409,2,76,79231,1,잠실
20250409,3,76,68362,1,잠실
20250409,4,76,76232,1,잠실
20250409,5,76,64153,1,잠실
20250409,6,76,63123,1,잠실
20250409,7,76,78224,1,잠실
20250409,8,76,64468,1,잠실
20250409,9,76,50208,1,잠실
20250409,10,76,66209,1,잠실
20250409,1,77,1,54640,사직
20250409,2,77,64646,1,사직
20250409,3,77,55645,1,사직
20250409,4,77,62947,1,사직
20250409,5,77,72443,1,사직
20250409,6,77,63260,1,사직
20250409,7,77,69727,1,사직
20250409,8,77,66606,1,사직
20250409,9,77,78122,1,사직
20250409,10,77,66614,1,사직
20250409,1,77,1,67539,사직
20250409,2,77,50500,1,사직
20250409,3,77,69517,1,사직
20250409,4,77,54529,1,사직
20250409,5,77,78513,1,사직
20250409,6,77,77564,1,사직
20250409,7,77,51551,1,사직
20250409,8,77,60523,1,사직
20250409,9,77,68518,1,사직
20250409,10,77,68205,1,사직
20250409,1,78,1,54833,대구
20250409,2,78,50854,1,대구
20250409,3,78,54812,1,대구
20250409,4,78,53827,1,대구
20250409,5,78,62895,1,대구
20250409,6,78,51868,1,대구
20250409,7,78,67893,1,대구
20250409,8,78,79456,1,대구
20250409,9,78,68868,1,대구
20250409,10,78,76802,1,대구
20250409,1,78,1,53375,대구
20250409,2,78,52415,1,대구
20250409,3,78,67449,1,대구
20250409,4,78,52430,1,대구
20250409,5,78,74540,1,대구
20250409,6,78,54400,1,대구
20250409,7,78,62404,1,대구
20250409,8,78,75125,1,대구
20250409,9,78,62234,1,대구
20250409,10,78,68463,1,대구
20250409,1,79,1,55912,수원
20250409,2,79,63963,1,수원
20250409,3,79,51907,1,수원
20250409,4,79,62907,1,수원
20250409,5,79,54944,1,수원
20250409,6,79,51344,1,수원
20250409,7,79,68912,1,수원
20250409,8,79,67905,1,수원
20250409,9,79,69203,1,수원
20250409,10,79,50903,1,수원
20250409,1,79,1,54354,수원
20250409,2,79,67025,1,수원
20250409,3,79,79240,1,수원
20250409,4,79,64004,1,수원
20250409,5,79,78548,1,수원
20250409,6,79,68050,1,수원
20250409,7,79,79402,1,수원
20250409,8,79,76313,1,수원
20250409,9,79,64166,1,수원
20250409,10,79,64115,1,수원
20250409,1,80,1,54119,고척
20250409,2,80,66108,1,고척
20250409,3,80,65207,1,고척
20250409,4,80,53123,1,고척
20250409,5,80,69102,1,고척
20250409,6,80,79365,1,고척
20250409,7,80,68110,1,고척
20250409,8,80,52121,1,고척
20250409,9,80,69100,1,고척
20250409,10,80,52103,1,고척
20250409,1,80,1,55322,고척
20250409,2,80,65357,1,고척
20250409,3,80,52366,1,고척
20250409,4,80,50167,1,고척
20250409,5,80,76267,1,고척
20250409,6,80,50357,1,고척
20250409,7,80,55397,1,고척
20250409,8,80,65898,1,고척
20250409,9,80,62332,1,고척
20250409,10,80,64984,1,고척
20250410,1,81,1,54755,잠실
20250410,2,81,65703,1,잠실
20250410,3,81,55734,1,잠실
20250410,4,81,53764,1,잠실
20250410,5,81,69737,1,잠실
20250410,6,81,79192,1,잠실
20250410,7,81,66704,1,잠실
20250410,8,81,66657,1,잠실
20250410,9,81,76812,1,잠실
20250410,10,81,62700,1,잠실
20250410,1,81,1,55239,잠실
20250410,2,81,79231,1,잠실
20250410,3,81,55208,1,잠실
20250410,4,81,76232,1,잠실
20250410,5,81,64153,1,잠실
20250410,6,81,63123,1,잠실
20250410,7,81,78224,1,잠실
20250410,8,81,68362,1,잠실
20250410,9,81,64468,1,잠실
20250410,10,81,50208,1,잠실
20250410,1,82,1,53613,사직
20250410,2,82,64646,1,사직
20250410,3,82,55636,1,사직
20250410,4,82,62947,1,사직
20250410,5,82,55645,1,사직
20250410,6,82,63260,1,사직
20250410,7,82,69727,1,사직
20250410,8,82,66606,1,사직
20250410,9,82,78122,1,사직
20250410,10,82,78168,1,사직
20250410,1,82,1,52528,사직
20250410,2,82,50500,1,사직
20250410,3,82,69517,1,사직
20250410,4,82,78513,1,사직
20250410,5,82,54529,1,사직
20250410,6,82,61102,1,사직
20250410,7,82,77564,1,사직
20250410,8,82,51551,1,사직
20250410,9,82,60523,1,사직
20250410,10,82,68205,1,사직
20250410,1,83,1,77829,대구
20250410,2,83,50854,1,대구
20250410,3,83,54812,1,대구
20250410,4,83,53827,1,대구
20250410,5,83,62895,1,대구
20250410,6,83,51868,1,대구
20250410,7,83,79456,1,대구
20250410,8,83,67893,1,대구
20250410,9,83,60558,1,대구
20250410,10,83,54805,1,대구
20250410,1,83,1,69446,대구
20250410,2,83,52415,1,대구
20250410,3,83,62234,1,대구
20250410,4,83,52430,1,대구
20250410,5,83,74540,1,대구
20250410,6,83,54400,1,대구
20250410,7,83,62404,1,대구
20250410,8,83,75125,1,대구
20250410,9,83,61404,1,대구
20250410,10,83,67449,1,대구
20250410,1,84,1,55903,수원
20250410,2,84,62907,1,수원
20250410,3,84,51907,1,수원
20250410,4,84,77532,1,수원
20250410,5,84,54944,1,수원
20250410,6,84,63963,1,수원
20250410,7,84,51344,1,수원
20250410,8,84,68912,1,수원
20250410,9,84,53992,1,수원
20250410,10,84,62934,1,수원
20250410,1,84,1,50859,수원
20250410,2,84,67025,1,수원
20250410,3,84,79240,1,수원
20250410,4,84,68050,1,수원
20250410,5,84,64004,1,수원
20250410,6,84,76313,1,수원
20250410,7,84,51013,1,수원
20250410,8,84,64166,1,수원
20250410,9,84,64115,1,수원
20250410,10,84,51003,1,수원
20250410,1,85,1,61101,고척
20250410,2,85,65207,1,고척
20250410,3,85,68119,1,고척
20250410,4,85,53123,1,고척
20250410,5,85,69102,1,고척
20250410,6,85,76290,1,고척
20250410,7,85,79365,1,고척
20250410,8,85,68110,1,고척
20250410,9,85,69100,1,고척
20250410,10,85,62415,1,고척
20250410,1,85,1,64350,고척
20250410,2,85,65357,1,고척
20250410,3,85,52366,1,고척
20250410,4,85,50167,1,고척
20250410,5,85,50357,1,고척
20250410,6,85,55397,1,고척
20250410,7,85,62925,1,고척
20250410,8,85,65898,1,고척
20250410,9,85,53312,1,고척
20250410,10,85,64984,1,고척
20250411,1,86,1,67263,잠실
20250411,2,86,79231,1,잠실
20250411,3,86,55208,1,잠실
20250411,4,86,76232,1,잠실
20250411,5,86,64153,1,잠실
20250411,6,86,63123,1,잠실
20250411,7,86,66112,1,잠실
20250411,8,86,68362,1,잠실
20250411,9,86,64468,1,잠실
20250411,10,86,66928,1,잠실
20250411,1,86,1,51111,잠실
20250411,2,86,65207,1,잠실
20250411,3,86,76290,1,잠실
20250411,4,86,53123,1,잠실
20250411,5,86,69102,1,잠실
20250411,6,86,79109,1,잠실
20250411,7,86,68119,1,잠실
20250411,8,86,68110,1,잠실
20250411,9,86,52154,1,잠실
20250411,10,86,62415,1,잠실
20250411,1,87,1,64021,사직
20250411,2,87,50500,1,사직
20250411,3,87,69517,1,사직
20250411,4,87,51551,1,사직
20250411,5,87,54529,1,사직
20250411,6,87,60523,1,사직
20250411,7,87,77564,1,사직
20250411,8,87,61102,1,사직
20250411,9,87,68507,1,사직
20250411,10,87,68205,1,사직
20250411,1,87,1,50992,사직
20250411,2,87,62907,1,사직
20250411,3,87,51907,1,사직
20250411,4,87,77532,1,사직
20250411,5,87,54944,1,사직
20250411,6,87,63963,1,사직
20250411,7,87,51344,1,사직
20250411,8,87,68904,1,사직
20250411,9,87,62244,1,사직
20250411,10,87,62934,1,사직
20250411,1,88,1,51454,수원
20250411,2,88,52415,1,수원
20250411,3,88,67449,1,수원
20250411,4,88,62404,1,수원
20250411,5,88,54400,1,수원
20250411,6,88,52430,1,수원
20250411,7,88,75125,1,수원
20250411,8,88,61404,1,수원
20250411,9,88,62234,1,수원
20250411,10,88,69428,1,수원
20250411,1,88,1,69032,수원
20250411,2,88,67025,1,수원
20250411,3,88,79240,1,수원
20250411,4,88,64004,1,수원
20250411,5,88,78548,1,수원
20250411,6,88,68050,1,수원
20250411,7,88,79402,1,수원
20250411,8,88,64166,1,수원
20250411,9,88,64504,1,수원
20250411,10,88,64115,1,수원
20250411,1,89,1,60841,광주
20250411,2,89,50854,1,광주
20250411,3,89,60558,1,광주
20250411,4,89,67893,1,광주
20250411,5,89,62895,1,광주
20250411,6,89,51868,1,광주
20250411,7,89,79456,1,광주
20250411,8,89,54805,1,광주
20250411,9,89,50840,1,광주
20250411,10,89,66864,1,광주
20250411,1,89,1,77637,광주
20250411,2,89,78168,1,광주
20250411,3,89,64646,1,광주
20250411,4,89,62947,1,광주
20250411,5,89,72443,1,광주
20250411,6,89,63260,1,광주
20250411,7,89,68646,1,광주
20250411,8,89,66606,1,광주
20250411,9,89,65464,1,광주
20250411,10,89,66614,1,광주
20250411,1,90,1,54319,대전
20250411,2,90,65357,1,대전
20250411,3,90,52366,1,대전
20250411,4,90,50357,1,대전
20250411,5,90,53312,1,대전
20250411,6,90,65898,1,대전
20250411,7,90,51359,1,대전
20250411,8,90,55397,1,대전
20250411,9,90,78756,1,대전
20250411,10,90,64346,1,대전
20250411,1,90,1,76715,대전
20250411,2,90,54795,1,대전
20250411,3,90,55734,1,대전
20250411,4,90,53764,1,대전
20250411,5,90,69737,1,대전
20250411,6,90,79192,1,대전
20250411,7,90,66704,1,대전
20250411,8,90,66657,1,대전
20250411,9,90,78288,1,대전
20250411,10,90,64006,1,대전
20250412,1,91,1,53262,잠실
20250412,2,91,79231,1,잠실
20250412,3,91,55208,1,잠실
20250412,4,91,76232,1,잠실
20250412,5,91,68362,1,잠실
20250412,6,91,64153,1,잠실
20250412,7,91,63257,1,잠실
20250412,8,91,63123,1,잠실
20250412,9,91,64468,1,잠실
20250412,10,91,66928,1,잠실
20250412,1,91,1,55146,잠실
20250412,2,91,65207,1,잠실
20250412,3,91,76290,1,잠실
20250412,4,91,53123,1,잠실
20250412,5,91,69102,1,잠실
20250412,6,91,79109,1,잠실
20250412,7,91,68119,1,잠실
20250412,8,91,79365,1,잠실
20250412,9,91,68110,1,잠실
20250412,10,91,62415,1,잠실
20250412,1,92,1,54443,수원
20250412,2,92,52415,1,수원
20250412,3,92,62234,1,수원
20250412,4,92,62404,1,수원
20250412,5,92,74540,1,수원
20250412,6,92,54400,1,수원
20250412,7,92,52430,1,수원
20250412,8,92,75125,1,수원
20250412,9,92,68463,1,수원
20250412,10,92,67449,1,수원
20250412,1,92,1,67419,수원
20250412,2,92,67025,1,수원
20250412,3,92,79240,1,수원
20250412,4,92,68050,1,수원
20250412,5,92,78548,1,수원
20250412,6,92,64166,1,수원
20250412,7,92,52001,1,수원
20250412,8,92,76313,1,수원
20250412,9,92,64115,1,수원
20250412,10,92,51003,1,수원
20250412,1,93,1,55536,사직
20250412,2,93,50500,1,사직
20250412,3,93,69517,1,사직
20250412,4,93,51551,1,사직
20250412,5,93,54529,1,사직
20250412,6,93,77564,1,사직
20250412,7,93,78513,1,사직
20250412,8,93,68507,1,사직
20250412,9,93,68518,1,사직
20250412,10,93,68205,1,사직
20250412,1,93,1,68902,사직
20250412,2,93,63963,1,사직
20250412,3,93,51907,1,사직
20250412,4,93,77532,1,사직
20250412,5,93,54944,1,사직
20250412,6,93,53992,1,사직
20250412,7,93,51344,1,사직
20250412,8,93,68904,1,사직
20250412,9,93,68912,1,사직
20250412,10,93,69995,1,사직
20250412,1,94,1,62869,광주
20250412,2,94,50854,1,광주
20250412,3,94,54812,1,광주
20250412,4,94,60558,1,광주
20250412,5,94,62895,1,광주
20250412,6,94,51868,1,광주
20250412,7,94,79456,1,광주
20250412,8,94,66864,1,광주
20250412,9,94,68805,1,광주
20250412,10,94,54805,1,광주
20250412,1,94,1,55633,광주
20250412,2,94,64646,1,광주
20250412,3,94,69636,1,광주
20250412,4,94,62947,1,광주
20250412,5,94,72443,1,광주
20250412,6,94,55645,1,광주
20250412,7,94,69727,1,광주
20250412,8,94,66606,1,광주
20250412,9,94,78122,1,광주
20250412,10,94,66614,1,광주
20250412,1,95,1,55313,대전
20250412,2,95,65357,1,대전
20250412,3,95,52366,1,대전
20250412,4,95,76267,1,대전
20250412,5,95,65898,1,대전
20250412,6,95,50357,1,대전
20250412,7,95,64346,1,대전
20250412,8,95,55397,1,대전
20250412,9,95,53312,1,대전
20250412,10,95,64984,1,대전
20250412,1,95,1,65056,대전
20250412,2,95,54795,1,대전
20250412,3,95,55734,1,대전
20250412,4,95,53764,1,대전
20250412,5,95,69737,1,대전
20250412,6,95,79192,1,대전
20250412,7,95,66704,1,대전
20250412,8,95,66657,1,대전
20250412,9,95,76812,1,대전
20250412,10,95,64006,1,대전
20250413,1,96,1,51264,잠실
20250413,2,96,79231,1,잠실
20250413,3,96,64468,1,잠실
20250413,4,96,55208,1,잠실
20250413,5,96,76232,1,잠실
20250413,6,96,64153,1,잠실
20250413,7,96,63123,1,잠실
20250413,8,96,66112,1,잠실
20250413,9,96,66928,1,잠실
20250413,10,96,66209,1,잠실
20250413,1,96,1,67143,잠실
20250413,2,96,66108,1,잠실
20250413,3,96,68119,1,잠실
20250413,4,96,53123,1,잠실
20250413,5,96,69102,1,잠실
20250413,6,96,76290,1,잠실
20250413,7,96,79109,1,잠실
20250413,8,96,79365,1,잠실
20250413,9,96,68110,1,잠실
20250413,10,96,69100,1,잠실
20250413,1,97,1,51516,사직
20250413,2,97,50500,1,사직
20250413,3,97,69517,1,사직
20250413,4,97,51551,1,사직
20250413,5,97,54529,1,사직
20250413,6,97,61102,1,사직
20250413,7,97,77564,1,사직
20250413,8,97,78513,1,사직
20250413,9,97,68507,1,사직
20250413,10,97,68205,1,사직
20250413,1,97,1,77211,사직
20250413,2,97,63963,1,사직
20250413,3,97,51907,1,사직
20250413,4,97,77532,1,사직
20250413,5,97,53992,1,사직
20250413,6,97,68904,1,사직
20250413,7,97,54944,1,사직
20250413,8,97,51344,1,사직
20250413,9,97,68912,1,사직
20250413,10,97,69995,1,사직
20250413,1,98,1,54443,수원
20250413,2,98,52415,1,수원
20250413,3,98,62234,1,수원
20250413,4,98,62404,1,수원
20250413,5,98,74540,1,수원
20250413,6,98,54400,1,수원
20250413,7,98,52430,1,수원
20250413,8,98,75125,1,수원
20250413,9,98,68463,1,수원
20250413,10,98,67449,1,수원
20250413,1,98,1,50030,수원
20250413,2,98,67025,1,수원
20250413,3,98,79240,1,수원
20250413,4,98,68050,1,수원
20250413,5,98,64004,1,수원
20250413,6,98,78548,1,수원
20250413,7,98,64166,1,수원
20250413,8,98,76313,1,수원
20250413,9,98,64115,1,수원
20250413,10,98,79402,1,수원
20250413,1,99,1,62869,광주
20250413,2,99,50854,1,광주
20250413,3,99,54812,1,광주
20250413,4,99,60558,1,광주
20250413,5,99,62895,1,광주
20250413,6,99,67893,1,광주
20250413,7,99,51868,1,광주
20250413,8,99,79456,1,광주
20250413,9,99,50840,1,광주
20250413,10,99,54805,1,광주
20250413,1,99,1,55633,광주
20250413,2,99,64646,1,광주
20250413,3,99,69636,1,광주
20250413,4,99,62947,1,광주
20250413,5,99,72443,1,광주
20250413,6,99,55645,1,광주
20250413,7,99,69727,1,광주
20250413,8,99,66606,1,광주
20250413,9,99,78122,1,광주
20250413,10,99,66614,1,광주
20250413,1,100,1,69360,대전
20250413,2,100,65357,1,대전
20250413,3,100,52366,1,대전
20250413,4,100,50357,1,대전
20250413,5,100,76267,1,대전
20250413,6,100,64346,1,대전
20250413,7,100,55397,1,대전
20250413,8,100,53312,1,대전
20250413,9,100,55393,1,대전
20250413,10,100,64984,1,대전
20250413,1,100,1,52701,대전
20250413,2,100,68700,1,대전
20250413,3,100,55734,1,대전
20250413,4,100,50707,1,대전
20250413,5,100,69737,1,대전
20250413,6,100,66704,1,대전
20250413,7,100,79192,1,대전
20250413,8,100,54795,1,대전
20250413,9,100,78288,1,대전
20250413,10,100,65703,1,대전
20250415,1,101,1,53375,잠실
20250415,2,101,67449,1,잠실
20250415,3,101,62234,1,잠실
20250415,4,101,62404,1,잠실
20250415,5,101,74540,1,잠실
20250415,6,101,54400,1,잠실
20250415,7,101,61404,1,잠실
20250415,8,101,68463,1,잠실
20250415,9,101,52430,1,잠실
20250415,10,101,52415,1,잠실
20250415,1,101,1,54119,잠실
20250415,2,101,66108,1,잠실
20250415,3,101,76290,1,잠실
20250415,4,101,53123,1,잠실
20250415,5,101,69102,1,잠실
20250415,6,101,79109,1,잠실
20250415,7,101,68119,1,잠실
20250415,8,101,79365,1,잠실
20250415,9,101,62415,1,잠실
20250415,10,101,65207,1,잠실
20250415,1,102,1,55730,문학
20250415,2,102,66657,1,문학
20250415,3,102,55734,1,문학
20250415,4,102,53764,1,문학
20250415,5,102,69737,1,문학
20250415,6,102,66704,1,문학
20250415,7,102,79192,1,문학
20250415,8,102,54795,1,문학
20250415,9,102,78288,1,문학
20250415,10,102,64006,1,문학
20250415,1,102,1,54833,문학
20250415,2,102,50854,1,문학
20250415,3,102,54812,1,문학
20250415,4,102,67893,1,문학
20250415,5,102,62895,1,문학
20250415,6,102,79456,1,문학
20250415,7,102,60558,1,문학
20250415,8,102,51868,1,문학
20250415,9,102,50840,1,문학
20250415,10,102,54805,1,문학
20250415,1,103,1,55322,사직
20250415,2,103,65357,1,사직
20250415,3,103,54444,1,사직
20250415,4,103,50167,1,사직
20250415,5,103,76267,1,사직
20250415,6,103,52366,1,사직
20250415,7,103,50357,1,사직
20250415,8,103,55397,1,사직
20250415,9,103,62332,1,사직
20250415,10,103,64984,1,사직
20250415,1,103,1,67539,사직
20250415,2,103,50500,1,사직
20250415,3,103,68205,1,사직
20250415,4,103,78513,1,사직
20250415,5,103,54529,1,사직
20250415,6,103,51551,1,사직
20250415,7,103,61102,1,사직
20250415,8,103,69517,1,사직
20250415,9,103,77564,1,사직
20250415,10,103,68507,1,사직
20250415,1,105,1,64001,광주
20250415,2,105,67025,1,광주
20250415,3,105,79240,1,광주
20250415,4,105,64004,1,광주
20250415,5,105,68050,1,광주
20250415,6,105,78548,1,광주
20250415,7,105,76313,1,광주
20250415,8,105,64166,1,광주
20250415,9,105,64115,1,광주
20250415,10,105,79402,1,광주
20250415,1,105,1,54640,광주
20250415,2,105,64646,1,광주
20250415,3,105,69636,1,광주
20250415,4,105,62947,1,광주
20250415,5,105,72443,1,광주
20250415,6,105,55645,1,광주
20250415,7,105,69727,1,광주
20250415,8,105,66606,1,광주
20250415,9,105,78122,1,광주
20250415,10,105,66614,1,광주
20250416,1,106,1,65320,잠실
20250416,2,106,67449,1,잠실
20250416,3,106,52415,1,잠실
20250416,4,106,62404,1,잠실
20250416,5,106,74540,1,잠실
20250416,6,106,54400,1,잠실
20250416,7,106,61404,1,잠실
20250416,8,106,75125,1,잠실
20250416,9,106,66406,1,잠실
20250416,10,106,65586,1,잠실
20250416,1,106,1,61101,잠실
20250416,2,106,66108,1,잠실
20250416,3,106,76290,1,잠실
20250416,4,106,53123,1,잠실
20250416,5,106,69102,1,잠실
20250416,6,106,79109,1,잠실
20250416,7,106,68119,1,잠실
20250416,8,106,79365,1,잠실
20250416,9,106,62415,1,잠실
20250416,10,106,65207,1,잠실
20250416,1,107,1,54755,문학
20250416,2,107,54795,1,문학
20250416,3,107,55734,1,문학
20250416,4,107,53764,1,문학
20250416,5,107,69737,1,문학
20250416,6,107,66704,1,문학
20250416,7,107,79192,1,문학
20250416,8,107,66657,1,문학
20250416,9,107,76812,1,문학
20250416,10,107,65703,1,문학
20250416,1,107,1,77829,문학
20250416,2,107,50854,1,문학
20250416,3,107,54812,1,문학
20250416,4,107,67893,1,문학
20250416,5,107,62895,1,문학
20250416,6,107,79456,1,문학
20250416,7,107,60558,1,문학
20250416,8,107,51868,1,문학
20250416,9,107,50840,1,문학
20250416,10,107,66864,1,문학
20250416,1,108,1,64350,사직
20250416,2,108,65357,1,사직
20250416,3,108,50167,1,사직
20250416,4,108,76267,1,사직
20250416,5,108,54444,1,사직
20250416,6,108,50357,1,사직
20250416,7,108,52366,1,사직
20250416,8,108,55392,1,사직
20250416,9,108,53312,1,사직
20250416,10,108,78756,1,사직
20250416,1,108,1,52528,사직
20250416,2,108,50500,1,사직
20250416,3,108,68205,1,사직
20250416,4,108,51551,1,사직
20250416,5,108,54529,1,사직
20250416,6,108,78513,1,사직
20250416,7,108,69517,1,사직
20250416,8,108,61102,1,사직
20250416,9,108,77564,1,사직
20250416,10,108,68507,1,사직
20250416,1,110,1,50859,광주
20250416,2,110,67025,1,광주
20250416,3,110,79240,1,광주
20250416,4,110,64004,1,광주
20250416,5,110,68050,1,광주
20250416,6,110,78548,1,광주
20250416,7,110,76313,1,광주
20250416,8,110,64115,1,광주
20250416,9,110,64166,1,광주
20250416,10,110,79402,1,광주
20250416,1,110,1,69745,광주
20250416,2,110,64646,1,광주
20250416,3,110,69636,1,광주
20250416,4,110,62947,1,광주
20250416,5,110,72443,1,광주
20250416,6,110,55645,1,광주
20250416,7,110,69727,1,광주
20250416,8,110,66606,1,광주
20250416,9,110,78122,1,광주
20250416,10,110,66614,1,광주
20250417,1,111,1,69446,잠실
20250417,2,111,52415,1,잠실
20250417,3,111,61404,1,잠실
20250417,4,111,62404,1,잠실
20250417,5,111,74540,1,잠실
20250417,6,111,54400,1,잠실
20250417,7,111,51407,1,잠실
20250417,8,111,52430,1,잠실
20250417,9,111,55438,1,잠실
20250417,10,111,67449,1,잠실
20250417,1,111,1,51111,잠실
20250417,2,111,66108,1,잠실
20250417,3,111,76290,1,잠실
20250417,4,111,79109,1,잠실
20250417,5,111,69102,1,잠실
20250417,6,111,79365,1,잠실
20250417,7,111,68110,1,잠실
20250417,8,111,52154,1,잠실
20250417,9,111,62415,1,잠실
20250417,10,111,65207,1,잠실
20250417,1,112,1,76715,문학
20250417,2,112,50707,1,문학
20250417,3,112,55734,1,문학
20250417,4,112,53764,1,문학
20250417,5,112,69737,1,문학
20250417,6,112,79192,1,문학
20250417,7,112,66657,1,문학
20250417,8,112,54795,1,문학
20250417,9,112,78288,1,문학
20250417,10,112,64006,1,문학
20250417,1,112,1,55855,문학
20250417,2,112,50854,1,문학
20250417,3,112,67893,1,문학
20250417,4,112,79456,1,문학
20250417,5,112,62895,1,문학
20250417,6,112,51868,1,문학
20250417,7,112,60558,1,문학
20250417,8,112,76802,1,문학
20250417,9,112,50840,1,문학
20250417,10,112,54805,1,문학
20250417,1,113,1,54319,사직
20250417,2,113,65357,1,사직
20250417,3,113,50167,1,사직
20250417,4,113,54444,1,사직
20250417,5,113,76267,1,사직
20250417,6,113,53312,1,사직
20250417,7,113,55397,1,사직
20250417,8,113,52366,1,사직
20250417,9,113,64984,1,사직
20250417,10,113,55392,1,사직
20250417,1,113,1,64021,사직
20250417,2,113,50500,1,사직
20250417,3,113,69517,1,사직
20250417,4,113,78513,1,사직
20250417,5,113,54529,1,사직
20250417,6,113,51551,1,사직
20250417,7,113,61102,1,사직
20250417,8,113,77564,1,사직
20250417,9,113,68205,1,사직
20250417,10,113,68507,1,사직
20250417,1,115,1,69032,광주
20250417,2,115,67025,1,광주
20250417,3,115,79240,1,광주
20250417,4,115,64004,1,광주
20250417,5,115,68050,1,광주
20250417,6,115,78548,1,광주
20250417,7,115,76313,1,광주
20250417,8,115,64115,1,광주
20250417,9,115,64166,1,광주
20250417,10,115,79402,1,광주
20250417,1,115,1,77637,광주
20250417,2,115,64646,1,광주
20250417,3,115,50600,1,광주
20250417,4,115,62947,1,광주
20250417,5,115,72443,1,광주
20250417,6,115,55645,1,광주
20250417,7,115,69636,1,광주
20250417,8,115,69727,1,광주
20250417,9,115,63722,1,광주
20250417,10,115,66606,1,광주
20250418,1,116,1,53613,잠실
20250418,2,116,64646,1,잠실
20250418,3,116,78603,1,잠실
20250418,4,116,62947,1,잠실
20250418,5,116,55645,1,잠실
20250418,6,116,72443,1,잠실
20250418,7,116,63260,1,잠실
20250418,8,116,69727,1,잠실
20250418,9,116,78122,1,잠실
20250418,10,116,66606,1,잠실
20250418,1,116,1,55257,잠실
20250418,2,116,79231,1,잠실
20250418,3,116,64468,1,잠실
20250418,4,116,55208,1,잠실
20250418,5,116,76232,1,잠실
20250418,6,116,64153,1,잠실
20250418,7,116,63123,1,잠실
20250418,8,116,66112,1,잠실
20250418,9,116,66928,1,잠실
20250418,10,116,66209,1,잠실
20250418,1,117,1,55146,문학
20250418,2,117,66108,1,문학
20250418,3,117,65207,1,문학
20250418,4,117,68119,1,문학
20250418,5,117,69102,1,문학
20250418,6,117,79109,1,문학
20250418,7,117,79365,1,문학
20250418,8,117,68110,1,문학
20250418,9,117,69100,1,문학
20250418,10,117,62415,1,문학
20250418,1,117,1,60841,문학
20250418,2,117,67893,1,문학
20250418,3,117,54812,1,문학
20250418,4,117,50854,1,문학
20250418,5,117,62895,1,문학
20250418,6,117,51868,1,문학
20250418,7,117,79456,1,문학
20250418,8,117,68868,1,문학
20250418,9,117,50840,1,문학
20250418,10,117,54805,1,문학
20250418,1,118,1,55536,대구
20250418,2,118,50500,1,대구
20250418,3,118,69517,1,대구
20250418,4,118,78513,1,대구
20250418,5,118,54529,1,대구
20250418,6,118,60523,1,대구
20250418,7,118,51551,1,대구
20250418,8,118,77564,1,대구
20250418,9,118,68205,1,대구
20250418,10,118,68518,1,대구
20250418,1,118,1,51454,대구
20250418,2,118,52415,1,대구
20250418,3,118,61404,1,대구
20250418,4,118,62404,1,대구
20250418,5,118,74540,1,대구
20250418,6,118,54400,1,대구
20250418,7,118,75125,1,대구
20250418,8,118,62234,1,대구
20250418,9,118,55438,1,대구
20250418,10,118,67449,1,대구
20250418,1,119,1,54354,고척
20250418,2,119,67025,1,고척
20250418,3,119,64004,1,고척
20250418,4,119,68050,1,고척
20250418,5,119,78548,1,고척
20250418,6,119,76313,1,고척
20250418,7,119,64007,1,고척
20250418,8,119,51003,1,고척
20250418,9,119,51007,1,고척
20250418,10,119,79402,1,고척
20250418,1,119,1,54362,고척
20250418,2,119,52366,1,고척
20250418,3,119,54444,1,고척
20250418,4,119,65357,1,고척
20250418,5,119,53344,1,고척
20250418,6,119,64340,1,고척
20250418,7,119,51359,1,고척
20250418,8,119,53312,1,고척
20250418,9,119,78756,1,고척
20250418,10,119,55392,1,고척
20250418,1,120,1,55912,대전
20250418,2,120,62907,1,대전
20250418,3,120,51907,1,대전
20250418,4,120,77532,1,대전
20250418,5,120,68904,1,대전
20250418,6,120,63963,1,대전
20250418,7,120,51344,1,대전
20250418,8,120,69995,1,대전
20250418,9,120,68912,1,대전
20250418,10,120,67905,1,대전
20250418,1,120,1,65056,대전
20250418,2,120,50707,1,대전
20250418,3,120,55734,1,대전
20250418,4,120,53764,1,대전
20250418,5,120,69737,1,대전
20250418,6,120,79192,1,대전
20250418,7,120,66704,1,대전
20250418,8,120,65703,1,대전
20250418,9,120,78288,1,대전
20250418,10,120,62700,1,대전
20250419,1,121,1,55633,잠실
20250419,2,121,64646,1,잠실
20250419,3,121,50600,1,잠실
20250419,4,121,62947,1,잠실
20250419,5,121,72443,1,잠실
20250419,6,121,55645,1,잠실
20250419,7,121,63260,1,잠실
20250419,8,121,69727,1,잠실
20250419,9,121,78122,1,잠실
20250419,10,121,66606,1,잠실
20250419,1,121,1,67263,잠실
20250419,2,121,79231,1,잠실
20250419,3,121,64468,1,잠실
20250419,4,121,55208,1,잠실
20250419,5,121,76232,1,잠실
20250419,6,121,64153,1,잠실
20250419,7,121,63123,1,잠실
20250419,8,121,66112,1,잠실
20250419,9,121,66928,1,잠실
20250419,10,121,66209,1,잠실
20250419,1,122,1,67143,문학
20250419,2,122,66108,1,문학
20250419,3,122,68119,1,문학
20250419,4,122,53123,1,문학
20250419,5,122,69102,1,문학
20250419,6,122,79109,1,문학
20250419,7,122,76290,1,문학
20250419,8,122,79365,1,문학
20250419,9,122,62415,1,문학
20250419,10,122,69100,1,문학
20250419,1,122,1,53898,문학
20250419,2,122,67893,1,문학
20250419,3,122,76802,1,문학
20250419,4,122,50854,1,문학
20250419,5,122,62895,1,문학
20250419,6,122,51868,1,문학
20250419,7,122,79456,1,문학
20250419,8,122,60558,1,문학
20250419,9,122,50840,1,문학
20250419,10,122,54805,1,문학
20250419,1,123,1,51516,대구
20250419,2,123,50500,1,대구
20250419,3,123,69517,1,대구
20250419,4,123,78513,1,대구
20250419,5,123,54529,1,대구
20250419,6,123,51551,1,대구
20250419,7,123,60523,1,대구
20250419,8,123,68205,1,대구
20250419,9,123,77564,1,대구
20250419,10,123,68518,1,대구
20250419,1,123,1,54401,대구
20250419,2,123,52415,1,대구
20250419,3,123,67449,1,대구
20250419,4,123,62404,1,대구
20250419,5,123,75125,1,대구
20250419,6,123,51407,1,대구
20250419,7,123,61404,1,대구
20250419,8,123,52430,1,대구
20250419,9,123,69428,1,대구
20250419,10,123,55438,1,대구
20250419,1,124,1,50030,고척
20250419,2,124,67025,1,고척
20250419,3,124,64004,1,고척
20250419,4,124,79240,1,고척
20250419,5,124,78548,1,고척
20250419,6,124,64007,1,고척
20250419,7,124,51013,1,고척
20250419,8,124,76313,1,고척
20250419,9,124,64115,1,고척
20250419,10,124,64504,1,고척
20250419,1,124,1,66018,고척
20250419,2,124,65357,1,고척
20250419,3,124,50167,1,고척
20250419,4,124,76267,1,고척
20250419,5,124,52366,1,고척
20250419,6,124,64340,1,고척
20250419,7,124,50357,1,고척
20250419,8,124,53344,1,고척
20250419,9,124,64984,1,고척
20250419,10,124,55392,1,고척
20250419,1,125,1,55903,대전
20250419,2,125,63963,1,대전
20250419,3,125,51907,1,대전
20250419,4,125,62907,1,대전
20250419,5,125,77532,1,대전
20250419,6,125,68904,1,대전
20250419,7,125,51344,1,대전
20250419,8,125,68912,1,대전
20250419,9,125,67905,1,대전
20250419,10,125,50996,1,대전
20250419,1,125,1,52701,대전
20250419,2,125,66704,1,대전
20250419,3,125,55734,1,대전
20250419,4,125,53764,1,대전
20250419,5,125,69737,1,대전
20250419,6,125,79192,1,대전
20250419,7,125,66657,1,대전
20250419,8,125,65703,1,대전
20250419,9,125,78288,1,대전
20250419,10,125,62700,1,대전
20250420,1,126,1,54640,잠실
20250420,2,126,64646,1,잠실
20250420,3,126,78603,1,잠실
20250420,4,126,62947,1,잠실
20250420,5,126,55645,1,잠실
20250420,6,126,72443,1,잠실
20250420,7,126,63260,1,잠실
20250420,8,126,69727,1,잠실
20250420,9,126,78122,1,잠실
20250420,10,126,66606,1,잠실
20250420,1,126,1,55239,잠실
20250420,2,126,79231,1,잠실
20250420,3,126,55208,1,잠실
20250420,4,126,76232,1,잠실
20250420,5,126,64153,1,잠실
20250420,6,126,63257,1,잠실
20250420,7,126,63123,1,잠실
20250420,8,126,66928,1,잠실
20250420,9,126,55252,1,잠실
20250420,10,126,66209,1,잠실
20250420,1,127,1,65411,문학
20250420,2,127,66108,1,문학
20250420,3,127,68119,1,문학
20250420,4,127,76290,1,문학
20250420,5,127,53123,1,문학
20250420,6,127,79109,1,문학
20250420,7,127,69100,1,문학
20250420,8,127,52154,1,문학
20250420,9,127,62415,1,문학
20250420,10,127,65207,1,문학
20250420,1,127,1,54833,문학
20250420,2,127,50854,1,문학
20250420,3,127,54812,1,문학
20250420,4,127,60558,1,문학
20250420,5,127,62895,1,문학
20250420,6,127,67893,1,문학
20250420,7,127,51868,1,문학
20250420,8,127,79456,1,문학
20250420,9,127,68868,1,문학
20250420,10,127,52804,1,문학
20250420,1,128,1,67539,대구
20250420,2,128,50500,1,대구
20250420,3,128,69517,1,대구
20250420,4,128,78513,1,대구
20250420,5,128,54529,1,대구
20250420,6,128,51551,1,대구
20250420,7,128,50150,1,대구
20250420,8,128,52591,1,대구
20250420,9,128,61102,1,대구
20250420,10,128,68205,1,대구
20250420,1,128,1,53375,대구
20250420,2,128,50458,1,대구
20250420,3,128,52415,1,대구
20250420,4,128,62404,1,대구
20250420,5,128,74540,1,대구
20250420,6,128,54400,1,대구
20250420,7,128,75125,1,대구
20250420,8,128,61404,1,대구
20250420,9,128,52430,1,대구
20250420,10,128,62234,1,대구
20250420,1,129,1,64001,고척
20250420,2,129,67025,1,고척
20250420,3,129,64004,1,고척
20250420,4,129,79240,1,고척
20250420,5,129,78548,1,고척
20250420,6,129,64007,1,고척
20250420,7,129,76313,1,고척
20250420,8,129,64115,1,고척
20250420,9,129,64166,1,고척
20250420,10,129,64504,1,고척
20250420,1,129,1,55322,고척
20250420,2,129,65357,1,고척
20250420,3,129,54444,1,고척
20250420,4,129,76267,1,고척
20250420,5,129,52366,1,고척
20250420,6,129,50167,1,고척
20250420,7,129,68305,1,고척
20250420,8,129,64984,1,고척
20250420,9,129,62332,1,고척
20250420,10,129,55392,1,고척
20250420,1,130,1,77211,대전
20250420,2,130,62907,1,대전
20250420,3,130,51907,1,대전
20250420,4,130,77532,1,대전
20250420,5,130,68912,1,대전
20250420,6,130,68904,1,대전
20250420,7,130,53992,1,대전
20250420,8,130,50903,1,대전
20250420,9,130,51344,1,대전
20250420,10,130,50996,1,대전
20250420,1,130,1,55730,대전
20250420,2,130,66704,1,대전
20250420,3,130,55734,1,대전
20250420,4,130,53764,1,대전
20250420,5,130,69737,1,대전
20250420,6,130,79192,1,대전
20250420,7,130,66657,1,대전
20250420,8,130,65703,1,대전
20250420,9,130,78288,1,대전
20250420,10,130,62700,1,대전
20250422,1,131,1,68902,잠실
20250422,2,131,62907,1,잠실
20250422,3,131,51907,1,잠실
20250422,4,131,77532,1,잠실
20250422,5,131,68904,1,잠실
20250422,6,131,63963,1,잠실
20250422,7,131,51344,1,잠실
20250422,8,131,69995,1,잠실
20250422,9,131,68912,1,잠실
20250422,10,131,67905,1,잠실
20250422,1,131,1,61101,잠실
20250422,2,131,66108,1,잠실
20250422,3,131,68119,1,잠실
20250422,4,131,53123,1,잠실
20250422,5,131,69102,1,잠실
20250422,6,131,76290,1,잠실
20250422,7,131,79365,1,잠실
20250422,8,131,69100,1,잠실
20250422,9,131,62415,1,잠실
20250422,10,131,65207,1,잠실
20250422,1,134,1,77829,수원
20250422,2,134,50854,1,수원
20250422,3,134,76802,1,수원
20250422,4,134,60558,1,수원
20250422,5,134,62895,1,수원
20250422,6,134,67893,1,수원
20250422,7,134,51868,1,수원
20250422,8,134,68868,1,수원
20250422,9,134,52804,1,수원
20250422,10,134,51865,1,수원
20250422,1,134,1,50859,수원
20250422,2,134,67025,1,수원
20250422,3,134,64004,1,수원
20250422,4,134,79240,1,수원
20250422,5,134,78548,1,수원
20250422,6,134,64007,1,수원
20250422,7,134,76313,1,수원
20250422,8,134,64115,1,수원
20250422,9,134,64166,1,수원
20250422,10,134,64504,1,수원
20250422,1,135,1,51264,고척
20250422,2,135,79231,1,고척
20250422,3,135,55208,1,고척
20250422,4,135,76232,1,고척
20250422,5,135,64153,1,고척
20250422,6,135,78224,1,고척
20250422,7,135,53554,1,고척
20250422,8,135,66928,1,고척
20250422,9,135,55252,1,고척
20250422,10,135,64468,1,고척
20250422,1,135,1,64350,고척
20250422,2,135,65357,1,고척
20250422,3,135,50167,1,고척
20250422,4,135,54444,1,고척
20250422,5,135,76267,1,고척
20250422,6,135,52366,1,고척
20250422,7,135,64340,1,고척
20250422,8,135,62332,1,고척
20250422,9,135,78756,1,고척
20250422,10,135,55392,1,고척
20250423,1,136,1,55912,잠실
20250423,2,136,62907,1,잠실
20250423,3,136,51907,1,잠실
20250423,4,136,77532,1,잠실
20250423,5,136,53992,1,잠실
20250423,6,136,63963,1,잠실
20250423,7,136,51344,1,잠실
20250423,8,136,69995,1,잠실
20250423,9,136,68912,1,잠실
20250423,10,136,67905,1,잠실
20250423,1,136,1,51111,잠실
20250423,2,136,68110,1,잠실
20250423,3,136,68119,1,잠실
20250423,4,136,53123,1,잠실
20250423,5,136,69102,1,잠실
20250423,6,136,79365,1,잠실
20250423,7,136,69100,1,잠실
20250423,8,136,52154,1,잠실
20250423,9,136,62415,1,잠실
20250423,10,136,65207,1,잠실
20250423,1,137,1,54755,사직
20250423,2,137,54795,1,사직
20250423,3,137,55734,1,사직
20250423,4,137,53764,1,사직
20250423,5,137,69737,1,사직
20250423,6,137,79192,1,사직
20250423,7,137,66657,1,사직
20250423,8,137,50704,1,사직
20250423,9,137,76812,1,사직
20250423,10,137,64006,1,사직
20250423,1,137,1,52528,사직
20250423,2,137,50500,1,사직
20250423,3,137,69517,1,사직
20250423,4,137,78513,1,사직
20250423,5,137,54529,1,사직
20250423,6,137,51551,1,사직
20250423,7,137,52591,1,사직
20250423,8,137,50150,1,사직
20250423,9,137,61102,1,사직
20250423,10,137,68205,1,사직
20250423,1,138,1,69745,대구
20250423,2,138,64646,1,대구
20250423,3,138,78603,1,대구
20250423,4,138,62947,1,대구
20250423,5,138,72443,1,대구
20250423,6,138,55645,1,대구
20250423,7,138,63260,1,대구
20250423,8,138,69636,1,대구
20250423,9,138,69727,1,대구
20250423,10,138,63722,1,대구
20250423,1,138,1,65320,대구
20250423,2,138,50458,1,대구
20250423,3,138,67449,1,대구
20250423,4,138,62404,1,대구
20250423,5,138,54400,1,대구
20250423,6,138,74540,1,대구
20250423,7,138,75125,1,대구
20250423,8,138,52430,1,대구
20250423,9,138,52415,1,대구
20250423,10,138,55438,1,대구
20250423,1,139,1,55855,수원
20250423,2,139,50854,1,수원
20250423,3,139,54812,1,수원
20250423,4,139,60558,1,수원
20250423,5,139,51868,1,수원
20250423,6,139,67893,1,수원
20250423,7,139,62895,1,수원
20250423,8,139,76802,1,수원
20250423,9,139,68868,1,수원
20250423,10,139,51865,1,수원
20250423,1,139,1,69032,수원
20250423,2,139,67025,1,수원
20250423,3,139,64004,1,수원
20250423,4,139,64007,1,수원
20250423,5,139,78548,1,수원
20250423,6,139,76313,1,수원
20250423,7,139,51013,1,수원
20250423,8,139,64115,1,수원
20250423,9,139,64166,1,수원
20250423,10,139,51003,1,수원
20250423,1,140,1,53262,고척
20250423,2,140,79231,1,고척
20250423,3,140,55208,1,고척
20250423,4,140,76232,1,고척
20250423,5,140,64153,1,고척
20250423,6,140,78224,1,고척
20250423,7,140,53554,1,고척
20250423,8,140,63123,1,고척
20250423,9,140,66928,1,고척
20250423,10,140,50208,1,고척
20250423,1,140,1,54319,고척
20250423,2,140,65357,1,고척
20250423,3,140,50167,1,고척
20250423,4,140,54444,1,고척
20250423,5,140,76267,1,고척
20250423,6,140,52366,1,고척
20250423,7,140,64340,1,고척
20250423,8,140,62332,1,고척
20250423,9,140,78756,1,고척
20250423,10,140,55392,1,고척
20250424,1,141,1,55903,잠실
20250424,2,141,50996,1,잠실
20250424,3,141,51907,1,잠실
20250424,4,141,62907,1,잠실
20250424,5,141,77532,1,잠실
20250424,6,141,63963,1,잠실
20250424,7,141,69995,1,잠실
20250424,8,141,51344,1,잠실
20250424,9,141,68912,1,잠실
20250424,10,141,64101,1,잠실
20250424,1,141,1,55146,잠실
20250424,2,141,62415,1,잠실
20250424,3,141,66108,1,잠실
20250424,4,141,53123,1,잠실
20250424,5,141,69102,1,잠실
20250424,6,141,76290,1,잠실
20250424,7,141,79365,1,잠실
20250424,8,141,68119,1,잠실
20250424,9,141,69100,1,잠실
20250424,10,141,65207,1,잠실
20250424,1,142,1,76715,사직
20250424,2,142,79608,1,사직
20250424,3,142,55734,1,사직
20250424,4,142,53764,1,사직
20250424,5,142,69737,1,사직
20250424,6,142,79192,1,사직
20250424,7,142,66657,1,사직
20250424,8,142,50704,1,사직
20250424,9,142,78288,1,사직
20250424,10,142,64006,1,사직
20250424,1,142,1,64021,사직
20250424,2,142,50500,1,사직
20250424,3,142,52591,1,사직
20250424,4,142,69517,1,사직
20250424,5,142,54529,1,사직
20250424,6,142,51551,1,사직
20250424,7,142,78513,1,사직
20250424,8,142,61102,1,사직
20250424,9,142,50150,1,사직
20250424,10,142,68205,1,사직
20250424,1,143,1,52641,대구
20250424,2,143,64646,1,대구
20250424,3,143,78603,1,대구
20250424,4,143,55645,1,대구
20250424,5,143,72443,1,대구
20250424,6,143,63260,1,대구
20250424,7,143,69636,1,대구
20250424,8,143,69727,1,대구
20250424,9,143,78122,1,대구
20250424,10,143,66606,1,대구
20250424,1,143,1,69446,대구
20250424,2,143,50458,1,대구
20250424,3,143,67449,1,대구
20250424,4,143,62404,1,대구
20250424,5,143,54400,1,대구
20250424,6,143,52430,1,대구
20250424,7,143,75125,1,대구
20250424,8,143,74540,1,대구
20250424,9,143,62234,1,대구
20250424,10,143,52415,1,대구
20250424,1,144,1,62869,수원
20250424,2,144,50854,1,수원
20250424,3,144,68868,1,수원
20250424,4,144,60558,1,수원
20250424,5,144,51868,1,수원
20250424,6,144,67893,1,수원
20250424,7,144,62895,1,수원
20250424,8,144,76802,1,수원
20250424,9,144,51865,1,수원
20250424,10,144,54812,1,수원
20250424,1,144,1,53006,수원
20250424,2,144,67025,1,수원
20250424,3,144,64004,1,수원
20250424,4,144,79240,1,수원
20250424,5,144,78548,1,수원
20250424,6,144,64007,1,수원
20250424,7,144,76313,1,수원
20250424,8,144,64504,1,수원
20250424,9,144,64166,1,수원
20250424,10,144,51003,1,수원
20250424,1,145,1,55257,고척
20250424,2,145,79231,1,고척
20250424,3,145,55208,1,고척
20250424,4,145,76232,1,고척
20250424,5,145,64153,1,고척
20250424,6,145,78224,1,고척
20250424,7,145,53554,1,고척
20250424,8,145,63123,1,고척
20250424,9,145,66928,1,고척
20250424,10,145,50208,1,고척
20250424,1,145,1,54368,고척
20250424,2,145,55397,1,고척
20250424,3,145,76267,1,고척
20250424,4,145,54444,1,고척
20250424,5,145,50357,1,고척
20250424,6,145,64340,1,고척
20250424,7,145,64984,1,고척
20250424,8,145,78756,1,고척
20250424,9,145,53312,1,고척
20250424,10,145,55392,1,고척
20250425,1,146,1,55536,잠실
20250425,2,146,50500,1,잠실
20250425,3,146,69517,1,잠실
20250425,4,146,54529,1,잠실
20250425,5,146,51551,1,잠실
20250425,6,146,60523,1,잠실
20250425,7,146,52591,1,잠실
20250425,8,146,77564,1,잠실
20250425,9,146,68205,1,잠실
20250425,10,146,68518,1,잠실
20250425,1,146,1,67263,잠실
20250425,2,146,79231,1,잠실
20250425,3,146,55208,1,잠실
20250425,4,146,76232,1,잠실
20250425,5,146,64153,1,잠실
20250425,6,146,78224,1,잠실
20250425,7,146,63123,1,잠실
20250425,8,146,50208,1,잠실
20250425,9,146,50204,1,잠실
20250425,10,146,66209,1,잠실
20250425,1,147,1,66018,문학
20250425,2,147,55397,1,문학
20250425,3,147,65357,1,문학
20250425,4,147,76267,1,문학
20250425,5,147,54444,1,문학
20250425,6,147,50167,1,문학
20250425,7,147,64340,1,문학
20250425,8,147,64984,1,문학
20250425,9,147,62332,1,문학
20250425,10,147,55392,1,문학
20250425,1,147,1,60841,문학
20250425,2,147,50854,1,문학
20250425,3,147,68868,1,문학
20250425,4,147,55844,1,문학
20250425,5,147,51868,1,문학
20250425,6,147,67893,1,문학
20250425,7,147,62895,1,문학
20250425,8,147,51865,1,문학
20250425,9,147,52804,1,문학
20250425,10,147,54812,1,문학
20250425,1,148,1,53973,대구
20250425,2,148,50996,1,대구
20250425,3,148,51907,1,대구
20250425,4,148,62907,1,대구
20250425,5,148,77532,1,대구
20250425,6,148,69995,1,대구
20250425,7,148,51344,1,대구
20250425,8,148,64101,1,대구
20250425,9,148,68912,1,대구
20250425,10,148,50903,1,대구
20250425,1,148,1,54401,대구
20250425,2,148,50458,1,대구
20250425,3,148,67449,1,대구
20250425,4,148,62404,1,대구
20250425,5,148,54400,1,대구
20250425,6,148,52430,1,대구
20250425,7,148,75125,1,대구
20250425,8,148,52415,1,대구
20250425,9,148,62234,1,대구
20250425,10,148,69428,1,대구
20250425,1,149,1,67143,광주
20250425,2,149,62415,1,광주
20250425,3,149,76290,1,광주
20250425,4,149,53123,1,광주
20250425,5,149,69102,1,광주
20250425,6,149,79365,1,광주
20250425,7,149,66108,1,광주
20250425,8,149,68110,1,광주
20250425,9,149,69100,1,광주
20250425,10,149,65207,1,광주
20250425,1,149,1,77637,광주
20250425,2,149,64646,1,광주
20250425,3,149,78603,1,광주
20250425,4,149,55645,1,광주
20250425,5,149,72443,1,광주
20250425,6,149,62947,1,광주
20250425,7,149,63260,1,광주
20250425,8,149,68646,1,광주
20250425,9,149,69727,1,광주
20250425,10,149,66606,1,광주
20250425,1,150,1,50030,대전
20250425,2,150,67025,1,대전
20250425,3,150,64004,1,대전
20250425,4,150,79240,1,대전
20250425,5,150,78548,1,대전
20250425,6,150,76313,1,대전
20250425,7,150,64504,1,대전
20250425,8,150,51007,1,대전
20250425,9,150,64166,1,대전
20250425,10,150,51003,1,대전
20250425,1,150,1,65056,대전
20250425,2,150,66704,1,대전
20250425,3,150,55734,1,대전
20250425,4,150,53764,1,대전
20250425,5,150,69737,1,대전
20250425,6,150,79192,1,대전
20250425,7,150,66657,1,대전
20250425,8,150,65703,1,대전
20250425,9,150,76812,1,대전
20250425,10,150,64006,1,대전
20250426,1,151,1,67539,잠실
20250426,2,151,50500,1,잠실
20250426,3,151,52591,1,잠실
20250426,4,151,54529,1,잠실
20250426,5,151,51551,1,잠실
20250426,6,151,78513,1,잠실
20250426,7,151,61102,1,잠실
20250426,8,151,69517,1,잠실
20250426,9,151,50150,1,잠실
20250426,10,151,68205,1,잠실
20250426,1,151,1,55239,잠실
20250426,2,151,79231,1,잠실
20250426,3,151,55208,1,잠실
20250426,4,151,64153,1,잠실
20250426,5,151,78224,1,잠실
20250426,6,151,63123,1,잠실
20250426,7,151,50208,1,잠실
20250426,8,151,53554,1,잠실
20250426,9,151,66112,1,잠실
20250426,10,151,66928,1,잠실
20250426,1,152,1,69108,광주
20250426,2,152,62415,1,광주
20250426,3,152,76290,1,광주
20250426,4,152,53123,1,광주
20250426,5,152,69102,1,광주
20250426,6,152,79365,1,광주
20250426,7,152,66108,1,광주
20250426,8,152,68119,1,광주
20250426,9,152,69100,1,광주
20250426,10,152,65207,1,광주
20250426,1,152,1,55633,광주
20250426,2,152,64646,1,광주
20250426,3,152,78603,1,광주
20250426,4,152,52605,1,광주
20250426,5,152,72443,1,광주
20250426,6,152,62947,1,광주
20250426,7,152,68646,1,광주
20250426,8,152,69636,1,광주
20250426,9,152,69727,1,광주
20250426,10,152,66606,1,광주
20250426,1,153,1,55322,문학
20250426,2,153,55397,1,문학
20250426,3,153,65357,1,문학
20250426,4,153,76267,1,문학
20250426,5,153,54444,1,문학
20250426,6,153,50167,1,문학
20250426,7,153,64340,1,문학
20250426,8,153,64984,1,문학
20250426,9,153,53312,1,문학
20250426,10,153,55392,1,문학
20250426,1,153,1,54833,문학
20250426,2,153,54812,1,문학
20250426,3,153,76802,1,문학
20250426,4,153,55844,1,문학
20250426,5,153,51868,1,문학
20250426,6,153,62895,1,문학
20250426,7,153,51865,1,문학
20250426,8,153,68868,1,문학
20250426,9,153,60558,1,문학
20250426,10,153,66864,1,문학
20250426,1,154,1,77211,대구
20250426,2,154,64101,1,대구
20250426,3,154,51907,1,대구
20250426,4,154,62907,1,대구
20250426,5,154,63963,1,대구
20250426,6,154,77532,1,대구
20250426,7,154,69995,1,대구
20250426,8,154,66965,1,대구
20250426,9,154,51344,1,대구
20250426,10,154,62244,1,대구
20250426,1,154,1,53375,대구
20250426,2,154,50458,1,대구
20250426,3,154,67449,1,대구
20250426,4,154,62404,1,대구
20250426,5,154,54400,1,대구
20250426,6,154,52430,1,대구
20250426,7,154,52415,1,대구
20250426,8,154,74540,1,대구
20250426,9,154,62234,1,대구
20250426,10,154,55438,1,대구
20250426,1,155,1,64001,대전
20250426,2,155,67025,1,대전
20250426,3,155,64004,1,대전
20250426,4,155,79240,1,대전
20250426,5,155,78548,1,대전
20250426,6,155,64007,1,대전
20250426,7,155,64504,1,대전
20250426,8,155,51013,1,대전
20250426,9,155,64166,1,대전
20250426,10,155,51003,1,대전
20250426,1,155,1,52701,대전
20250426,2,155,79608,1,대전
20250426,3,155,55734,1,대전
20250426,4,155,53764,1,대전
20250426,5,155,69737,1,대전
20250426,6,155,79192,1,대전
20250426,7,155,66704,1,대전
20250426,8,155,65703,1,대전
20250426,9,155,78288,1,대전
20250426,10,155,64006,1,대전
20250427,1,156,1,69594,잠실
20250427,2,156,50500,1,잠실
20250427,3,156,52591,1,잠실
20250427,4,156,54529,1,잠실
20250427,5,156,51551,1,잠실
20250427,6,156,61102,1,잠실
20250427,7,156,50150,1,잠실
20250427,8,156,78513,1,잠실
20250427,9,156,69517,1,잠실
20250427,10,156,68205,1,잠실
20250427,1,156,1,51264,잠실
20250427,2,156,79231,1,잠실
20250427,3,156,63257,1,잠실
20250427,4,156,55208,1,잠실
20250427,5,156,64153,1,잠실
20250427,6,156,78224,1,잠실
20250427,7,156,50208,1,잠실
20250427,8,156,63123,1,잠실
20250427,9,156,66112,1,잠실
20250427,10,156,66928,1,잠실
20250427,1,157,1,64350,문학
20250427,2,157,55397,1,문학
20250427,3,157,76267,1,문학
20250427,4,157,54444,1,문학
20250427,5,157,65357,1,문학
20250427,6,157,64340,1,문학
20250427,7,157,78756,1,문학
20250427,8,157,64984,1,문학
20250427,9,157,62332,1,문학
20250427,10,157,52305,1,문학
20250427,1,157,1,77829,문학
20250427,2,157,50854,1,문학
20250427,3,157,68868,1,문학
20250427,4,157,55844,1,문학
20250427,5,157,51868,1,문학
20250427,6,157,67893,1,문학
20250427,7,157,62895,1,문학
20250427,8,157,76802,1,문학
20250427,9,157,51865,1,문학
20250427,10,157,54812,1,문학
20250427,1,158,1,68902,대구
20250427,2,158,62907,1,대구
20250427,3,158,64101,1,대구
20250427,4,158,77532,1,대구
20250427,5,158,63963,1,대구
20250427,6,158,69995,1,대구
20250427,7,158,51344,1,대구
20250427,8,158,50996,1,대구
20250427,9,158,68912,1,대구
20250427,10,158,51907,1,대구
20250427,1,158,1,54443,대구
20250427,2,158,67449,1,대구
20250427,3,158,62234,1,대구
20250427,4,158,62404,1,대구
20250427,5,158,54400,1,대구
20250427,6,158,52415,1,대구
20250427,7,158,61404,1,대구
20250427,8,158,52430,1,대구
20250427,9,158,69428,1,대구
20250427,10,158,54408,1,대구
20250427,1,159,1,61101,광주
20250427,2,159,66108,1,광주
20250427,3,159,76290,1,광주
20250427,4,159,53123,1,광주
20250427,5,159,69102,1,광주
20250427,6,159,79109,1,광주
20250427,7,159,79365,1,광주
20250427,8,159,68119,1,광주
20250427,9,159,62415,1,광주
20250427,10,159,65207,1,광주
20250427,1,159,1,54640,광주
20250427,2,159,64646,1,광주
20250427,3,159,78603,1,광주
20250427,4,159,52605,1,광주
20250427,5,159,72443,1,광주
20250427,6,159,69636,1,광주
20250427,7,159,69727,1,광주
20250427,8,159,66606,1,광주
20250427,9,159,78122,1,광주
20250427,10,159,65653,1,광주
20250427,1,160,1,50859,대전
20250427,2,160,51003,1,대전
20250427,3,160,51013,1,대전
20250427,4,160,79240,1,대전
20250427,5,160,67025,1,대전
20250427,6,160,78548,1,대전
20250427,7,160,76313,1,대전
20250427,8,160,64007,1,대전
20250427,9,160,64166,1,대전
20250427,10,160,64504,1,대전
20250427,1,160,1,55730,대전
20250427,2,160,79608,1,대전
20250427,3,160,55734,1,대전
20250427,4,160,53764,1,대전
20250427,5,160,69737,1,대전
20250427,6,160,79192,1,대전
20250427,7,160,66657,1,대전
20250427,8,160,65703,1,대전
20250427,9,160,78288,1,대전
20250427,10,160,64006,1,대전
20250429,1,161,1,69032,잠실
20250429,2,161,64004,1,잠실
20250429,3,161,51003,1,잠실
20250429,4,161,68050,1,잠실
20250429,5,161,67025,1,잠실
20250429,6,161,76313,1,잠실
20250429,7,161,50054,1,잠실
20250429,8,161,64007,1,잠실
20250429,9,161,64166,1,잠실
20250429,10,161,50066,1,잠실
20250429,1,161,1,53259,잠실
20250429,2,161,79231,1,잠실
20250429,3,161,55208,1,잠실
20250429,4,161,76232,1,잠실
20250429,5,161,78224,1,잠실
20250429,6,161,63257,1,잠실
20250429,7,161,64153,1,잠실
20250429,8,161,50208,1,잠실
20250429,9,161,66928,1,잠실
20250429,10,161,63123,1,잠실
20250429,1,162,1,65320,문학
20250429,2,162,50458,1,문학
20250429,3,162,67449,1,문학
20250429,4,162,62404,1,문학
20250429,5,162,54400,1,문학
20250429,6,162,52430,1,문학
20250429,7,162,52415,1,문학
20250429,8,162,74540,1,문학
20250429,9,162,62234,1,문학
20250429,10,162,54408,1,문학
20250429,1,162,1,55855,문학
20250429,2,162,50854,1,문학
20250429,3,162,68868,1,문학
20250429,4,162,55844,1,문학
20250429,5,162,62895,1,문학
20250429,6,162,67893,1,문학
20250429,7,162,60558,1,문학
20250429,8,162,51865,1,문학
20250429,9,162,54812,1,문학
20250429,10,162,66864,1,문학
20250429,1,163,1,55912,광주
20250429,2,163,62907,1,광주
20250429,3,163,51907,1,광주
20250429,4,163,77532,1,광주
20250429,5,163,54944,1,광주
20250429,6,163,63963,1,광주
20250429,7,163,69995,1,광주
20250429,8,163,64101,1,광주
20250429,9,163,68912,1,광주
20250429,10,163,51344,1,광주
20250429,1,163,1,69745,광주
20250429,2,163,64646,1,광주
20250429,3,163,78603,1,광주
20250429,4,163,52605,1,광주
20250429,5,163,55645,1,광주
20250429,6,163,63260,1,광주
20250429,7,163,69727,1,광주
20250429,8,163,66606,1,광주
20250429,9,163,78122,1,광주
20250429,10,163,65653,1,광주
20250429,1,164,1,52528,고척
20250429,2,164,50500,1,고척
20250429,3,164,69517,1,고척
20250429,4,164,54529,1,고척
20250429,5,164,51551,1,고척
20250429,6,164,52591,1,고척
20250429,7,164,78513,1,고척
20250429,8,164,50150,1,고척
20250429,9,164,61102,1,고척
20250429,10,164,68205,1,고척
20250429,1,164,1,54319,고척
20250429,2,164,64340,1,고척
20250429,3,164,76267,1,고척
20250429,4,164,54444,1,고척
20250429,5,164,65357,1,고척
20250429,6,164,78756,1,고척
20250429,7,164,54307,1,고척
20250429,8,164,52305,1,고척
20250429,9,164,62332,1,고척
20250429,10,164,54344,1,고척
20250429,1,165,1,51111,대전
20250429,2,165,66108,1,대전
20250429,3,165,76290,1,대전
20250429,4,165,53123,1,대전
20250429,5,165,69102,1,대전
20250429,6,165,79109,1,대전
20250429,7,165,68119,1,대전
20250429,8,165,62415,1,대전
20250429,9,165,65207,1,대전
20250429,10,165,52154,1,대전
20250429,1,165,1,54755,대전
20250429,2,165,79608,1,대전
20250429,3,165,55734,1,대전
20250429,4,165,53764,1,대전
20250429,5,165,69737,1,대전
20250429,6,165,79192,1,대전
20250429,7,165,66657,1,대전
20250429,8,165,65703,1,대전
20250429,9,165,76812,1,대전
20250429,10,165,64006,1,대전
20250430,1,166,1,54354,잠실
20250430,2,166,64004,1,잠실
20250430,3,166,76313,1,잠실
20250430,4,166,52001,1,잠실
20250430,5,166,67025,1,잠실
20250430,6,166,78548,1,잠실
20250430,7,166,64007,1,잠실
20250430,8,166,51003,1,잠실
20250430,9,166,64166,1,잠실
20250430,10,166,64115,1,잠실
20250430,1,166,1,55257,잠실
20250430,2,166,79231,1,잠실
20250430,3,166,55208,1,잠실
20250430,4,166,76232,1,잠실
20250430,5,166,78224,1,잠실
20250430,6,166,66112,1,잠실
20250430,7,166,64153,1,잠실
20250430,8,166,66928,1,잠실
20250430,9,166,50208,1,잠실
20250430,10,166,63123,1,잠실
20250430,1,167,1,69446,문학
20250430,2,167,52415,1,문학
20250430,3,167,67449,1,문학
20250430,4,167,62404,1,문학
20250430,5,167,54400,1,문학
20250430,6,167,74540,1,문학
20250430,7,167,62234,1,문학
20250430,8,167,75125,1,문학
20250430,9,167,68463,1,문학
20250430,10,167,54408,1,문학
20250430,1,167,1,62869,문학
20250430,2,167,50854,1,문학
20250430,3,167,68868,1,문학
20250430,4,167,55844,1,문학
20250430,5,167,62895,1,문학
20250430,6,167,51868,1,문학
20250430,7,167,67893,1,문학
20250430,8,167,76802,1,문학
20250430,9,167,54812,1,문학
20250430,10,167,51865,1,문학
20250430,1,168,1,55903,광주
20250430,2,168,63963,1,광주
20250430,3,168,51907,1,광주
20250430,4,168,62907,1,광주
20250430,5,168,54944,1,광주
20250430,6,168,77532,1,광주
20250430,7,168,69995,1,광주
20250430,8,168,68912,1,광주
20250430,9,168,51344,1,광주
20250430,10,168,64101,1,광주
20250430,1,168,1,52641,광주
20250430,2,168,64646,1,광주
20250430,3,168,78603,1,광주
20250430,4,168,52605,1,광주
20250430,5,168,72443,1,광주
20250430,6,168,55645,1,광주
20250430,7,168,69636,1,광주
20250430,8,168,63260,1,광주
20250430,9,168,68646,1,광주
20250430,10,168,66606,1,광주
20250430,1,169,1,64021,고척
20250430,2,169,50500,1,고척
20250430,3,169,69517,1,고척
20250430,4,169,54529,1,고척
20250430,5,169,51551,1,고척
20250430,6,169,52591,1,고척
20250430,7,169,78513,1,고척
20250430,8,169,50150,1,고척
20250430,9,169,61102,1,고척
20250430,10,169,54598,1,고척
20250430,1,169,1,66018,고척
20250430,2,169,74163,1,고척
20250430,3,169,76267,1,고척
20250430,4,169,54444,1,고척
20250430,5,169,65357,1,고척
20250430,6,169,78756,1,고척
20250430,7,169,68305,1,고척
20250430,8,169,64984,1,고척
20250430,9,169,50357,1,고척
20250430,10,169,62332,1,고척
20250430,1,170,1,55146,대전
20250430,2,170,66108,1,대전
20250430,3,170,68110,1,대전
20250430,4,170,53123,1,대전
20250430,5,170,69102,1,대전
20250430,6,170,76290,1,대전
20250430,7,170,79109,1,대전
20250430,8,170,79365,1,대전
20250430,9,170,62415,1,대전
20250430,10,170,69100,1,대전
20250430,1,170,1,76715,대전
20250430,2,170,66704,1,대전
20250430,3,170,55734,1,대전
20250430,4,170,53764,1,대전
20250430,5,170,69737,1,대전
20250430,6,170,79192,1,대전
20250430,7,170,66657,1,대전
20250430,8,170,65703,1,대전
20250430,9,170,78288,1,대전
20250430,10,170,64006,1,대전
20250501,1,171,1,50030,잠실
20250501,2,171,51003,1,잠실
20250501,3,171,76313,1,잠실
20250501,4,171,68050,1,잠실
20250501,5,171,67025,1,잠실
20250501,6,171,50054,1,잠실
20250501,7,171,52001,1,잠실
20250501,8,171,78548,1,잠실
20250501,9,171,64166,1,잠실
20250501,10,171,64115,1,잠실
20250501,1,171,1,67263,잠실
20250501,2,171,79231,1,잠실
20250501,3,171,63257,1,잠실
20250501,4,171,55208,1,잠실
20250501,5,171,76232,1,잠실
20250501,6,171,78224,1,잠실
20250501,7,171,50208,1,잠실
20250501,8,171,64153,1,잠실
20250501,9,171,66928,1,잠실
20250501,10,171,63123,1,잠실
20250501,1,172,1,51454,문학
20250501,2,172,67449,1,문학
20250501,3,172,61404,1,문학
20250501,4,172,54400,1,문학
20250501,5,172,75125,1,문학
20250501,6,172,62234,1,문학
20250501,7,172,52415,1,문학
20250501,8,172,68463,1,문학
20250501,9,172,55438,1,문학
20250501,10,172,69428,1,문학
20250501,1,172,1,53898,문학
20250501,2,172,50854,1,문학
20250501,3,172,76802,1,문학
20250501,4,172,55844,1,문학
20250501,5,172,51868,1,문학
20250501,6,172,68868,1,문학
20250501,7,172,67893,1,문학
20250501,8,172,60558,1,문학
20250501,9,172,51865,1,문학
20250501,10,172,67900,1,문학
20250501,1,174,1,55536,고척
20250501,2,174,50500,1,고척
20250501,3,174,69517,1,고척
20250501,4,174,54529,1,고척
20250501,5,174,51551,1,고척
20250501,6,174,52591,1,고척
20250501,7,174,50150,1,고척
20250501,8,174,78513,1,고척
20250501,9,174,54598,1,고척
20250501,10,174,68518,1,고척
20250501,1,174,1,69360,고척
20250501,2,174,74163,1,고척
20250501,3,174,65357,1,고척
20250501,4,174,54444,1,고척
20250501,5,174,76267,1,고척
20250501,6,174,78756,1,고척
20250501,7,174,54307,1,고척
20250501,8,174,53344,1,고척
20250501,9,174,54394,1,고척
20250501,10,174,78135,1,고척
20250502,1,176,1,54833,잠실
20250502,2,176,50854,1,잠실
20250502,3,176,76802,1,잠실
20250502,4,176,75847,1,잠실
20250502,5,176,51868,1,잠실
20250502,6,176,55844,1,잠실
20250502,7,176,67893,1,잠실
20250502,8,176,60558,1,잠실
20250502,9,176,51865,1,잠실
20250502,10,176,67900,1,잠실
20250502,1,176,1,67143,잠실
20250502,2,176,66108,1,잠실
20250502,3,176,68119,1,잠실
20250502,4,176,53123,1,잠실
20250502,5,176,69102,1,잠실
20250502,6,176,76290,1,잠실
20250502,7,176,79109,1,잠실
20250502,8,176,79365,1,잠실
20250502,9,176,62415,1,잠실
20250502,10,176,65207,1,잠실
20250502,1,177,1,66920,사직
20250502,2,177,63963,1,사직
20250502,3,177,51907,1,사직
20250502,4,177,62907,1,사직
20250502,5,177,54944,1,사직
20250502,6,177,77532,1,사직
20250502,7,177,69995,1,사직
20250502,8,177,68912,1,사직
20250502,9,177,51344,1,사직
20250502,10,177,64101,1,사직
20250502,1,177,1,67539,사직
20250502,2,177,50500,1,사직
20250502,3,177,69517,1,사직
20250502,4,177,54529,1,사직
20250502,5,177,51551,1,사직
20250502,6,177,52591,1,사직
20250502,7,177,78513,1,사직
20250502,8,177,50150,1,사직
20250502,9,177,61102,1,사직
20250502,10,177,54598,1,사직
20250502,1,178,1,55239,대구
20250502,2,178,79231,1,대구
20250502,3,178,63257,1,대구
20250502,4,178,55208,1,대구
20250502,5,178,76232,1,대구
20250502,6,178,78224,1,대구
20250502,7,178,64153,1,대구
20250502,8,178,63123,1,대구
20250502,9,178,66928,1,대구
20250502,10,178,54236,1,대구
20250502,1,178,1,53375,대구
20250502,2,178,52415,1,대구
20250502,3,178,67449,1,대구
20250502,4,178,62404,1,대구
20250502,5,178,54400,1,대구
20250502,6,178,74540,1,대구
20250502,7,178,75125,1,대구
20250502,8,178,62234,1,대구
20250502,9,178,61404,1,대구
20250502,10,178,54408,1,대구
20250502,1,179,1,55322,수원
20250502,2,179,74163,1,수원
20250502,3,179,65357,1,수원
20250502,4,179,76267,1,수원
20250502,5,179,54444,1,수원
20250502,6,179,54307,1,수원
20250502,7,179,68305,1,수원
20250502,8,179,64984,1,수원
20250502,9,179,62332,1,수원
20250502,10,179,55392,1,수원
20250502,1,179,1,64001,수원
20250502,2,179,64004,1,수원
20250502,3,179,76313,1,수원
20250502,4,179,68050,1,수원
20250502,5,179,67025,1,수원
20250502,6,179,52001,1,수원
20250502,7,179,51003,1,수원
20250502,8,179,78548,1,수원
20250502,9,179,69064,1,수원
20250502,10,179,50092,1,수원
20250502,1,180,1,65056,광주
20250502,2,180,54795,1,광주
20250502,3,180,55734,1,광주
20250502,4,180,53764,1,광주
20250502,5,180,69737,1,광주
20250502,6,180,79192,1,광주
20250502,7,180,66657,1,광주
20250502,8,180,68700,1,광주
20250502,9,180,76812,1,광주
20250502,10,180,64006,1,광주
20250502,1,180,1,55633,광주
20250502,2,180,64646,1,광주
20250502,3,180,78603,1,광주
20250502,4,180,52605,1,광주
20250502,5,180,72443,1,광주
20250502,6,180,55645,1,광주
20250502,7,180,63260,1,광주
20250502,8,180,69636,1,광주
20250502,9,180,68646,1,광주
20250502,10,180,66606,1,광주
20250503,1,182,1,77829,잠실
20250503,2,182,50854,1,잠실
20250503,3,182,68868,1,잠실
20250503,4,182,75847,1,잠실
20250503,5,182,62895,1,잠실
20250503,6,182,51868,1,잠실
20250503,7,182,67893,1,잠실
20250503,8,182,76802,1,잠실
20250503,9,182,66662,1,잠실
20250503,10,182,67900,1,잠실
20250503,1,182,1,61101,잠실
20250503,2,182,66108,1,잠실
20250503,3,182,76290,1,잠실
20250503,4,182,53123,1,잠실
20250503,5,182,69102,1,잠실
20250503,6,182,79365,1,잠실
20250503,7,182,79109,1,잠실
20250503,8,182,68110,1,잠실
20250503,9,182,54156,1,잠실
20250503,10,182,69100,1,잠실
20250503,1,183,1,68902,사직
20250503,2,183,63963,1,사직
20250503,3,183,51907,1,사직
20250503,4,183,62907,1,사직
20250503,5,183,54944,1,사직
20250503,6,183,77532,1,사직
20250503,7,183,69995,1,사직
20250503,8,183,68912,1,사직
20250503,9,183,51344,1,사직
20250503,10,183,64101,1,사직
20250503,1,183,1,69594,사직
20250503,2,183,50500,1,사직
20250503,3,183,69517,1,사직
20250503,4,183,54529,1,사직
20250503,5,183,51551,1,사직
20250503,6,183,52591,1,사직
20250503,7,183,78513,1,사직
20250503,8,183,50150,1,사직
20250503,9,183,61102,1,사직
20250503,10,183,54598,1,사직
20250503,1,184,1,51264,대구
20250503,2,184,55208,1,대구
20250503,3,184,63257,1,대구
20250503,4,184,76232,1,대구
20250503,5,184,78224,1,대구
20250503,6,184,64153,1,대구
20250503,7,184,63123,1,대구
20250503,8,184,66928,1,대구
20250503,9,184,54236,1,대구
20250503,10,184,79231,1,대구
20250503,1,184,1,54443,대구
20250503,2,184,52415,1,대구
20250503,3,184,67449,1,대구
20250503,4,184,62404,1,대구
20250503,5,184,54400,1,대구
20250503,6,184,74540,1,대구
20250503,7,184,75125,1,대구
20250503,8,184,62234,1,대구
20250503,9,184,65586,1,대구
20250503,10,184,69207,1,대구
20250503,1,185,1,64350,수원
20250503,2,185,74163,1,수원
20250503,3,185,65357,1,수원
20250503,4,185,54444,1,수원
20250503,5,185,76267,1,수원
20250503,6,185,53344,1,수원
20250503,7,185,78756,1,수원
20250503,8,185,54394,1,수원
20250503,9,185,62332,1,수원
20250503,10,185,78135,1,수원
20250503,1,185,1,50859,수원
20250503,2,185,64004,1,수원
20250503,3,185,76313,1,수원
20250503,4,185,67025,1,수원
20250503,5,185,52001,1,수원
20250503,6,185,68050,1,수원
20250503,7,185,78548,1,수원
20250503,8,185,51003,1,수원
20250503,9,185,64007,1,수원
20250503,10,185,50054,1,수원
20250504,1,186,1,60841,잠실
20250504,2,186,50854,1,잠실
20250504,3,186,54812,1,잠실
20250504,4,186,75847,1,잠실
20250504,5,186,62895,1,잠실
20250504,6,186,55844,1,잠실
20250504,7,186,51868,1,잠실
20250504,8,186,67893,1,잠실
20250504,9,186,51865,1,잠실
20250504,10,186,67900,1,잠실
20250504,1,186,1,55138,잠실
20250504,2,186,66108,1,잠실
20250504,3,186,68119,1,잠실
20250504,4,186,76290,1,잠실
20250504,5,186,69102,1,잠실
20250504,6,186,79365,1,잠실
20250504,7,186,79109,1,잠실
20250504,8,186,54156,1,잠실
20250504,9,186,62415,1,잠실
20250504,10,186,69100,1,잠실
20250504,1,187,1,52995,사직
20250504,2,187,63963,1,사직
20250504,3,187,51907,1,사직
20250504,4,187,77532,1,사직
20250504,5,187,54944,1,사직
20250504,6,187,68912,1,사직
20250504,7,187,51344,1,사직
20250504,8,187,67905,1,사직
20250504,9,187,50996,1,사직
20250504,10,187,50902,1,사직
20250504,1,187,1,52528,사직
20250504,2,187,50500,1,사직
20250504,3,187,69517,1,사직
20250504,4,187,54529,1,사직
20250504,5,187,51551,1,사직
20250504,6,187,52591,1,사직
20250504,7,187,78513,1,사직
20250504,8,187,61102,1,사직
20250504,9,187,50150,1,사직
20250504,10,187,54598,1,사직
20250504,1,188,1,53259,대구
20250504,2,188,79231,1,대구
20250504,3,188,55208,1,대구
20250504,4,188,76232,1,대구
20250504,5,188,78224,1,대구
20250504,6,188,64153,1,대구
20250504,7,188,63123,1,대구
20250504,8,188,50208,1,대구
20250504,9,188,66112,1,대구
20250504,10,188,66928,1,대구
20250504,1,188,1,54467,대구
20250504,2,188,67449,1,대구
20250504,3,188,68463,1,대구
20250504,4,188,62404,1,대구
20250504,5,188,54400,1,대구
20250504,6,188,75125,1,대구
20250504,7,188,66406,1,대구
20250504,8,188,65586,1,대구
20250504,9,188,54408,1,대구
20250504,10,188,69428,1,대구
20250504,1,189,1,66018,수원
20250504,2,189,74163,1,수원
20250504,3,189,65357,1,수원
20250504,4,189,54444,1,수원
20250504,5,189,76267,1,수원
20250504,6,189,52366,1,수원
20250504,7,189,54307,1,수원
20250504,8,189,64984,1,수원
20250504,9,189,62332,1,수원
20250504,10,189,55392,1,수원
20250504,1,189,1,69032,수원
20250504,2,189,64004,1,수원
20250504,3,189,76313,1,수원
20250504,4,189,67025,1,수원
20250504,5,189,52001,1,수원
20250504,6,189,68050,1,수원
20250504,7,189,51003,1,수원
20250504,8,189,50054,1,수원
20250504,9,189,64007,1,수원
20250504,10,189,50066,1,수원
20250504,1,190,1,55730,광주
20250504,2,190,79608,1,광주
20250504,3,190,66704,1,광주
20250504,4,190,53764,1,광주
20250504,5,190,69737,1,광주
20250504,6,190,79192,1,광주
20250504,7,190,66657,1,광주
20250504,8,190,65703,1,광주
20250504,9,190,78288,1,광주
20250504,10,190,54795,1,광주
20250504,1,190,1,54640,광주
20250504,2,190,64646,1,광주
20250504,3,190,55645,1,광주
20250504,4,190,52605,1,광주
20250504,5,190,72443,1,광주
20250504,6,190,78603,1,광주
20250504,7,190,63260,1,광주
20250504,8,190,69636,1,광주
20250504,9,190,78122,1,광주
20250504,10,190,66606,1,광주
20250505,1,191,1,51111,잠실
20250505,2,191,66108,1,잠실
20250505,3,191,68110,1,잠실
20250505,4,191,53123,1,잠실
20250505,5,191,69102,1,잠실
20250505,6,191,79109,1,잠실
20250505,7,191,52121,1,잠실
20250505,8,191,69100,1,잠실
20250505,9,191,62415,1,잠실
20250505,10,191,52154,1,잠실
20250505,1,191,1,55257,잠실
20250505,2,191,79231,1,잠실
20250505,3,191,55208,1,잠실
20250505,4,191,76232,1,잠실
20250505,5,191,78224,1,잠실
20250505,6,191,64153,1,잠실
20250505,7,191,63123,1,잠실
20250505,8,191,63257,1,잠실
20250505,9,191,50208,1,잠실
20250505,10,191,66928,1,잠실
20250505,1,192,1,55855,사직
20250505,2,192,50854,1,사직
20250505,3,192,54812,1,사직
20250505,4,192,75847,1,사직
20250505,5,192,62895,1,사직
20250505,6,192,55844,1,사직
20250505,7,192,51868,1,사직
20250505,8,192,76802,1,사직
20250505,9,192,51865,1,사직
20250505,10,192,66917,1,사직
20250505,1,192,1,52530,사직
20250505,2,192,50500,1,사직
20250505,3,192,69517,1,사직
20250505,4,192,54529,1,사직
20250505,5,192,51551,1,사직
20250505,6,192,52591,1,사직
20250505,7,192,78513,1,사직
20250505,8,192,50150,1,사직
20250505,9,192,61102,1,사직
20250505,10,192,54598,1,사직
20250505,1,193,1,55912,수원
20250505,2,193,63963,1,수원
20250505,3,193,51907,1,수원
20250505,4,193,62907,1,수원
20250505,5,193,54944,1,수원
20250505,6,193,77532,1,수원
20250505,7,193,68912,1,수원
20250505,8,193,51344,1,수원
20250505,9,193,67905,1,수원
20250505,10,193,64101,1,수원
20250505,1,193,1,64768,수원
20250505,2,193,76313,1,수원
20250505,3,193,64004,1,수원
20250505,4,193,67025,1,수원
20250505,5,193,52001,1,수원
20250505,6,193,78548,1,수원
20250505,7,193,51003,1,수원
20250505,8,193,64166,1,수원
20250505,9,193,64007,1,수원
20250505,10,193,69064,1,수원
20250505,1,194,1,77637,고척
20250505,2,194,64646,1,고척
20250505,3,194,55645,1,고척
20250505,4,194,52605,1,고척
20250505,5,194,72443,1,고척
20250505,6,194,78603,1,고척
20250505,7,194,69636,1,고척
20250505,8,194,68646,1,고척
20250505,9,194,53659,1,고척
20250505,10,194,67609,1,고척
20250505,1,194,1,54319,고척
20250505,2,194,74163,1,고척
20250505,3,194,54444,1,고척
20250505,4,194,76267,1,고척
20250505,5,194,52366,1,고척
20250505,6,194,65357,1,고척
20250505,7,194,78756,1,고척
20250505,8,194,54394,1,고척
20250505,9,194,62332,1,고척
20250505,10,194,55392,1,고척
20250505,1,195,1,65320,대전
20250505,2,195,52415,1,대전
20250505,3,195,67449,1,대전
20250505,4,195,62404,1,대전
20250505,5,195,54400,1,대전
20250505,6,195,74540,1,대전
20250505,7,195,75125,1,대전
20250505,8,195,62234,1,대전
20250505,9,195,65586,1,대전
20250505,10,195,66409,1,대전
20250505,1,195,1,54755,대전
20250505,2,195,50707,1,대전
20250505,3,195,55734,1,대전
20250505,4,195,53764,1,대전
20250505,5,195,69737,1,대전
20250505,6,195,79192,1,대전
20250505,7,195,66657,1,대전
20250505,8,195,54795,1,대전
20250505,9,195,76812,1,대전
20250505,10,195,64006,1,대전
20250506,1,196,1,55146,잠실
20250506,2,196,66108,1,잠실
20250506,3,196,62415,1,잠실
20250506,4,196,53123,1,잠실
20250506,5,196,69102,1,잠실
20250506,6,196,79365,1,잠실
20250506,7,196,76290,1,잠실
20250506,8,196,79109,1,잠실
20250506,9,196,68119,1,잠실
20250506,10,196,65207,1,잠실
20250506,1,196,1,67263,잠실
20250506,2,196,79231,1,잠실
20250506,3,196,63257,1,잠실
20250506,4,196,76232,1,잠실
20250506,5,196,78224,1,잠실
20250506,6,196,64153,1,잠실
20250506,7,196,50208,1,잠실
20250506,8,196,63123,1,잠실
20250506,9,196,66928,1,잠실
20250506,10,196,66209,1,잠실
20250506,1,197,1,62869,사직
20250506,2,197,50854,1,사직
20250506,3,197,54812,1,사직
20250506,4,197,75847,1,사직
20250506,5,197,62895,1,사직
20250506,6,197,55844,1,사직
20250506,7,197,67893,1,사직
20250506,8,197,51868,1,사직
20250506,9,197,76802,1,사직
20250506,10,197,51865,1,사직
20250506,1,197,1,64021,사직
20250506,2,197,52591,1,사직
20250506,3,197,69517,1,사직
20250506,4,197,54529,1,사직
20250506,5,197,51551,1,사직
20250506,6,197,78513,1,사직
20250506,7,197,50150,1,사직
20250506,8,197,60523,1,사직
20250506,9,197,61102,1,사직
20250506,10,197,54598,1,사직
20250506,1,198,1,55903,수원
20250506,2,198,63963,1,수원
20250506,3,198,51907,1,수원
20250506,4,198,62907,1,수원
20250506,5,198,54944,1,수원
20250506,6,198,68912,1,수원
20250506,7,198,51344,1,수원
20250506,8,198,67905,1,수원
20250506,9,198,50902,1,수원
20250506,10,198,64101,1,수원
20250506,1,198,1,54354,수원
20250506,2,198,64004,1,수원
20250506,3,198,76313,1,수원
20250506,4,198,67025,1,수원
20250506,5,198,52001,1,수원
20250506,6,198,68050,1,수원
20250506,7,198,51003,1,수원
20250506,8,198,50054,1,수원
20250506,9,198,64007,1,수원
20250506,10,198,50066,1,수원
20250506,1,199,1,69745,고척
20250506,2,199,64646,1,고척
20250506,3,199,55645,1,고척
20250506,4,199,52605,1,고척
20250506,5,199,72443,1,고척
20250506,6,199,78603,1,고척
20250506,7,199,69636,1,고척
20250506,8,199,68646,1,고척
20250506,9,199,53659,1,고척
20250506,10,199,67609,1,고척
20250506,1,199,1,69360,고척
20250506,2,199,65357,1,고척
20250506,3,199,76267,1,고척
20250506,4,199,54444,1,고척
20250506,5,199,52366,1,고척
20250506,6,199,64984,1,고척
20250506,7,199,55392,1,고척
20250506,8,199,78135,1,고척
20250506,9,199,53344,1,고척
20250506,10,199,74163,1,고척
20250506,1,200,1,69446,대전
20250506,2,200,52415,1,대전
20250506,3,200,67449,1,대전
20250506,4,200,62404,1,대전
20250506,5,200,74540,1,대전
20250506,6,200,54400,1,대전
20250506,7,200,62234,1,대전
20250506,8,200,75125,1,대전
20250506,9,200,66409,1,대전
20250506,10,200,66406,1,대전
20250506,1,200,1,76715,대전
20250506,2,200,50707,1,대전
20250506,3,200,55734,1,대전
20250506,4,200,53764,1,대전
20250506,5,200,69737,1,대전
20250506,6,200,79192,1,대전
20250506,7,200,66657,1,대전
20250506,8,200,54795,1,대전
20250506,9,200,78288,1,대전
20250506,10,200,64006,1,대전
20250507,1,201,1,68419,잠실
20250507,2,201,66108,1,잠실
20250507,3,201,62415,1,잠실
20250507,4,201,79365,1,잠실
20250507,5,201,69102,1,잠실
20250507,6,201,76290,1,잠실
20250507,7,201,68110,1,잠실
20250507,8,201,68119,1,잠실
20250507,9,201,69100,1,잠실
20250507,10,201,65207,1,잠실
20250507,1,201,1,55239,잠실
20250507,2,201,79231,1,잠실
20250507,3,201,55208,1,잠실
20250507,4,201,76232,1,잠실
20250507,5,201,78224,1,잠실
20250507,6,201,64153,1,잠실
20250507,7,201,50208,1,잠실
20250507,8,201,63123,1,잠실
20250507,9,201,66112,1,잠실
20250507,10,201,66928,1,잠실
20250507,1,202,1,53898,사직
20250507,2,202,60558,1,사직
20250507,3,202,76802,1,사직
20250507,4,202,75847,1,사직
20250507,5,202,55844,1,사직
20250507,6,202,62895,1,사직
20250507,7,202,51868,1,사직
20250507,8,202,67893,1,사직
20250507,9,202,51865,1,사직
20250507,10,202,66917,1,사직
20250507,1,202,1,55536,사직
20250507,2,202,52591,1,사직
20250507,3,202,69517,1,사직
20250507,4,202,54529,1,사직
20250507,5,202,51551,1,사직
20250507,6,202,78513,1,사직
20250507,7,202,50150,1,사직
20250507,8,202,60523,1,사직
20250507,9,202,54598,1,사직
20250507,10,202,68518,1,사직
20250507,1,203,1,53973,수원
20250507,2,203,50996,1,수원
20250507,3,203,51907,1,수원
20250507,4,203,62907,1,수원
20250507,5,203,54944,1,수원
20250507,6,203,77532,1,수원
20250507,7,203,64101,1,수원
20250507,8,203,67905,1,수원
20250507,9,203,62244,1,수원
20250507,10,203,66965,1,수원
20250507,1,203,1,50030,수원
20250507,2,203,64004,1,수원
20250507,3,203,76313,1,수원
20250507,4,203,67025,1,수원
20250507,5,203,52001,1,수원
20250507,6,203,68050,1,수원
20250507,7,203,51003,1,수원
20250507,8,203,50054,1,수원
20250507,9,203,64007,1,수원
20250507,10,203,68089,1,수원
20250507,1,204,1,52641,고척
20250507,2,204,64646,1,고척
20250507,3,204,78603,1,고척
20250507,4,204,52605,1,고척
20250507,5,204,55645,1,고척
20250507,6,204,63260,1,고척
20250507,7,204,69727,1,고척
20250507,8,204,53659,1,고척
20250507,9,204,63722,1,고척
20250507,10,204,67609,1,고척
20250507,1,204,1,55322,고척
20250507,2,204,65357,1,고척
20250507,3,204,76267,1,고척
20250507,4,204,52366,1,고척
20250507,5,204,54444,1,고척
20250507,6,204,65898,1,고척
20250507,7,204,64984,1,고척
20250507,8,204,62332,1,고척
20250507,9,204,55392,1,고척
20250507,10,204,74163,1,고척
20250507,1,205,1,51454,대전
20250507,2,205,67449,1,대전
20250507,3,205,54408,1,대전
20250507,4,205,66409,1,대전
20250507,5,205,54400,1,대전
20250507,6,205,62234,1,대전
20250507,7,205,65132,1,대전
20250507,8,205,52415,1,대전
20250507,9,205,66406,1,대전
20250507,10,205,69207,1,대전
20250507,1,205,1,52701,대전
20250507,2,205,50707,1,대전
20250507,3,205,55734,1,대전
20250507,4,205,53764,1,대전
20250507,5,205,69737,1,대전
20250507,6,205,79192,1,대전
20250507,7,205,66657,1,대전
20250507,8,205,54795,1,대전
20250507,9,205,78288,1,대전
20250507,10,205,64006,1,대전
20250509,1,210,1,65056,고척
20250509,2,210,54795,1,고척
20250509,3,210,55734,1,고척
20250509,4,210,53764,1,고척
20250509,5,210,69737,1,고척
20250509,6,210,79192,1,고척
20250509,7,210,66657,1,고척
20250509,8,210,50707,1,고척
20250509,9,210,76812,1,고척
20250509,10,210,64006,1,고척
20250509,1,210,1,64350,고척
20250509,2,210,65357,1,고척
20250509,3,210,76267,1,고척
20250509,4,210,50167,1,고척
20250509,5,210,54444,1,고척
20250509,6,210,64346,1,고척
20250509,7,210,64984,1,고척
20250509,8,210,52366,1,고척
20250509,9,210,62332,1,고척
20250509,10,210,55392,1,고척
20250510,1,211,1,55730,고척
20250510,2,211,54795,1,고척
20250510,3,211,55734,1,고척
20250510,4,211,53764,1,고척
20250510,5,211,69737,1,고척
20250510,6,211,79192,1,고척
20250510,7,211,66657,1,고척
20250510,8,211,66704,1,고척
20250510,9,211,78288,1,고척
20250510,10,211,64006,1,고척
20250510,1,211,1,66018,고척
20250510,2,211,65357,1,고척
20250510,3,211,52366,1,고척
20250510,4,211,50167,1,고척
20250510,5,211,76267,1,고척
20250510,6,211,54444,1,고척
20250510,7,211,64984,1,고척
20250510,8,211,64346,1,고척
20250510,9,211,62332,1,고척
20250510,10,211,53309,1,고척
20250510,1,216,1,63963,잠실
20250510,2,216,51907,1,잠실
20250510,3,216,62907,1,잠실
20250510,4,216,54944,1,잠실
20250510,5,216,77532,1,잠실
20250510,6,216,79215,1,잠실
20250510,7,216,68912,1,잠실
20250510,8,216,51344,1,잠실
20250510,9,216,67905,1,잠실
20250510,1,216,1,79231,잠실
20250510,2,216,55208,1,잠실
20250510,3,216,76232,1,잠실
20250510,4,216,78224,1,잠실
20250510,5,216,64153,1,잠실
20250510,6,216,50208,1,잠실
20250510,7,216,63123,1,잠실
20250510,8,216,63257,1,잠실
20250510,9,216,66928,1,잠실
20250510,1,217,1,64646,문학
20250510,2,217,55645,1,문학
20250510,3,217,52605,1,문학
20250510,4,217,72443,1,문학
20250510,5,217,78603,1,문학
20250510,6,217,63260,1,문학
20250510,7,217,69636,1,문학
20250510,8,217,68646,1,문학
20250510,9,217,67609,1,문학
20250510,1,217,1,50854,문학
20250510,2,217,67893,1,문학
20250510,3,217,75847,1,문학
20250510,4,217,62895,1,문학
20250510,5,217,55844,1,문학
20250510,6,217,51868,1,문학
20250510,7,217,51865,1,문학
20250510,8,217,54812,1,문학
20250510,9,217,66917,1,문학
20250510,1,214,1,67143,대구
20250510,2,214,66108,1,대구
20250510,3,214,62415,1,대구
20250510,4,214,79365,1,대구
20250510,5,214,69102,1,대구
20250510,6,214,76290,1,대구
20250510,7,214,79109,1,대구
20250510,8,214,68119,1,대구
20250510,9,214,67504,1,대구
20250510,10,214,69100,1,대구
20250510,1,214,1,53375,대구
20250510,2,214,52415,1,대구
20250510,3,214,67449,1,대구
20250510,4,214,62404,1,대구
20250510,5,214,74540,1,대구
20250510,6,214,54400,1,대구
20250510,7,214,66409,1,대구
20250510,8,214,75125,1,대구
20250510,9,214,62234,1,대구
20250510,10,214,65586,1,대구
20250510,1,219,1,61101,대구
20250510,2,219,66108,1,대구
20250510,3,219,62415,1,대구
20250510,4,219,68119,1,대구
20250510,5,219,69102,1,대구
20250510,6,219,76290,1,대구
20250510,7,219,79109,1,대구
20250510,8,219,79365,1,대구
20250510,9,219,67504,1,대구
20250510,10,219,65207,1,대구
20250510,1,219,1,54443,대구
20250510,2,219,67449,1,대구
20250510,3,219,68463,1,대구
20250510,4,219,62404,1,대구
20250510,5,219,54400,1,대구
20250510,6,219,52415,1,대구
20250510,7,219,66409,1,대구
20250510,8,219,65132,1,대구
20250510,9,219,65586,1,대구
20250510,10,219,54408,1,대구
20250510,1,218,1,52591,수원
20250510,2,218,69517,1,수원
20250510,3,218,54529,1,수원
20250510,4,218,51551,1,수원
20250510,5,218,78513,1,수원
20250510,6,218,50150,1,수원
20250510,7,218,61102,1,수원
20250510,8,218,68507,1,수원
20250510,9,218,54598,1,수원
20250510,1,218,1,64004,수원
20250510,2,218,76313,1,수원
20250510,3,218,67025,1,수원
20250510,4,218,52001,1,수원
20250510,5,218,68050,1,수원
20250510,6,218,78548,1,수원
20250510,7,218,51003,1,수원
20250510,8,218,64007,1,수원
20250510,9,218,50054,1,수원
20250511,1,220,1,55138,대구
20250511,2,220,66108,1,대구
20250511,3,220,62415,1,대구
20250511,4,220,68119,1,대구
20250511,5,220,69102,1,대구
20250511,6,220,79365,1,대구
20250511,7,220,76290,1,대구
20250511,8,220,79109,1,대구
20250511,9,220,68110,1,대구
20250511,10,220,69100,1,대구
20250511,1,220,1,65320,대구
20250511,2,220,67449,1,대구
20250511,3,220,62404,1,대구
20250511,4,220,52430,1,대구
20250511,5,220,54400,1,대구
20250511,6,220,74540,1,대구
20250511,7,220,62234,1,대구
20250511,8,220,75125,1,대구
20250511,9,220,65040,1,대구
20250511,10,220,52415,1,대구
20250511,1,221,1,54755,고척
20250511,2,221,54795,1,고척
20250511,3,221,55734,1,고척
20250511,4,221,53764,1,고척
20250511,5,221,69737,1,고척
20250511,6,221,79192,1,고척
20250511,7,221,66657,1,고척
20250511,8,221,66704,1,고척
20250511,9,221,76812,1,고척
20250511,10,221,65703,1,고척
20250511,1,221,1,54319,고척
20250511,2,221,65357,1,고척
20250511,3,221,76267,1,고척
20250511,4,221,50167,1,고척
20250511,5,221,52366,1,고척
20250511,6,221,54444,1,고척
20250511,7,221,64984,1,고척
20250511,8,221,50357,1,고척
20250511,9,221,62332,1,고척
20250511,10,221,55397,1,고척
20250511,1,222,1,55912,잠실
20250511,2,222,64101,1,잠실
20250511,3,222,51907,1,잠실
20250511,4,222,63963,1,잠실
20250511,5,222,54944,1,잠실
20250511,6,222,79215,1,잠실
20250511,7,222,69995,1,잠실
20250511,8,222,67905,1,잠실
20250511,9,222,51344,1,잠실
20250511,10,222,62244,1,잠실
20250511,1,222,1,55257,잠실
20250511,2,222,79231,1,잠실
20250511,3,222,55208,1,잠실
20250511,4,222,76232,1,잠실
20250511,5,222,78224,1,잠실
20250511,6,222,64153,1,잠실
20250511,7,222,50208,1,잠실
20250511,8,222,63123,1,잠실
20250511,9,222,63257,1,잠실
20250511,10,222,66928,1,잠실
20250511,1,225,1,66920,잠실
20250511,2,225,64101,1,잠실
20250511,3,225,51907,1,잠실
20250511,4,225,77532,1,잠실
20250511,5,225,63963,1,잠실
20250511,6,225,67905,1,잠실
20250511,7,225,69995,1,잠실
20250511,8,225,51344,1,잠실
20250511,9,225,62244,1,잠실
20250511,10,225,69992,1,잠실
20250511,1,225,1,53259,잠실
20250511,2,225,79231,1,잠실
20250511,3,225,55208,1,잠실
20250511,4,225,76232,1,잠실
20250511,5,225,78224,1,잠실
20250511,6,225,64153,1,잠실
20250511,7,225,63123,1,잠실
20250511,8,225,50208,1,잠실
20250511,9,225,66112,1,잠실
20250511,10,225,66928,1,잠실
20250511,1,223,1,54640,문학
20250511,2,223,64646,1,문학
20250511,3,223,55645,1,문학
20250511,4,223,52605,1,문학
20250511,5,223,72443,1,문학
20250511,6,223,78603,1,문학
20250511,7,223,69636,1,문학
20250511,8,223,50600,1,문학
20250511,9,223,68646,1,문학
20250511,10,223,67609,1,문학
20250511,1,223,1,55855,문학
20250511,2,223,50854,1,문학
20250511,3,223,67893,1,문학
20250511,4,223,75847,1,문학
20250511,5,223,62895,1,문학
20250511,6,223,55844,1,문학
20250511,7,223,68868,1,문학
20250511,8,223,76802,1,문학
20250511,9,223,54812,1,문학
20250511,10,223,51865,1,문학
20250511,1,226,1,77637,문학
20250511,2,226,64646,1,문학
20250511,3,226,78603,1,문학
20250511,4,226,52605,1,문학
20250511,5,226,72443,1,문학
20250511,6,226,69727,1,문학
20250511,7,226,63260,1,문학
20250511,8,226,53659,1,문학
20250511,9,226,63722,1,문학
20250511,10,226,67609,1,문학
20250511,1,226,1,77829,문학
20250511,2,226,50854,1,문학
20250511,3,226,67893,1,문학
20250511,4,226,75847,1,문학
20250511,5,226,55844,1,문학
20250511,6,226,51868,1,문학
20250511,7,226,66917,1,문학
20250511,8,226,67900,1,문학
20250511,9,226,66662,1,문학
20250511,10,226,69804,1,문학
20250511,1,224,1,64021,수원
20250511,2,224,52591,1,수원
20250511,3,224,69517,1,수원
20250511,4,224,54529,1,수원
20250511,5,224,51551,1,수원
20250511,6,224,78513,1,수원
20250511,7,224,50150,1,수원
20250511,8,224,61102,1,수원
20250511,9,224,68507,1,수원
20250511,10,224,54598,1,수원
20250511,1,224,1,69032,수원
20250511,2,224,76313,1,수원
20250511,3,224,64004,1,수원
20250511,4,224,67025,1,수원
20250511,5,224,52001,1,수원
20250511,6,224,68050,1,수원
20250511,7,224,78548,1,수원
20250511,8,224,51003,1,수원
20250511,9,224,64007,1,수원
20250511,10,224,69064,1,수원
20250511,1,227,1,52530,수원
20250511,2,227,52591,1,수원
20250511,3,227,60523,1,수원
20250511,4,227,54529,1,수원
20250511,5,227,78513,1,수원
20250511,6,227,61102,1,수원
20250511,7,227,50150,1,수원
20250511,8,227,77564,1,수원
20250511,9,227,54598,1,수원
20250511,10,227,68518,1,수원
20250511,1,227,1,50859,수원
20250511,2,227,76313,1,수원
20250511,3,227,64004,1,수원
20250511,4,227,67025,1,수원
20250511,5,227,52001,1,수원
20250511,6,227,68050,1,수원
20250511,7,227,78548,1,수원
20250511,8,227,51003,1,수원
20250511,9,227,50054,1,수원
20250511,10,227,64007,1,수원
20250513,1,228,1,69360,잠실
20250513,2,228,65357,1,잠실
20250513,3,228,76267,1,잠실
20250513,4,228,50167,1,잠실
20250513,5,228,52366,1,잠실
20250513,6,228,54444,1,잠실
20250513,7,228,64984,1,잠실
20250513,8,228,78135,1,잠실
20250513,9,228,62332,1,잠실
20250513,10,228,55392,1,잠실
20250513,1,228,1,55146,잠실
20250513,2,228,66108,1,잠실
20250513,3,228,68119,1,잠실
20250513,4,228,53123,1,잠실
20250513,5,228,69102,1,잠실
20250513,6,228,79365,1,잠실
20250513,7,228,76290,1,잠실
20250513,8,228,79109,1,잠실
20250513,9,228,62415,1,잠실
20250513,10,228,69100,1,잠실
20250513,1,229,1,55903,문학
20250513,2,229,63963,1,문학
20250513,3,229,51907,1,문학
20250513,4,229,62907,1,문학
20250513,5,229,77532,1,문학
20250513,6,229,79215,1,문학
20250513,7,229,67905,1,문학
20250513,8,229,68912,1,문학
20250513,9,229,69995,1,문학
20250513,10,229,51344,1,문학
20250513,1,229,1,62869,문학
20250513,2,229,50854,1,문학
20250513,3,229,67893,1,문학
20250513,4,229,75847,1,문학
20250513,5,229,62895,1,문학
20250513,6,229,55844,1,문학
20250513,7,229,68868,1,문학
20250513,8,229,51865,1,문학
20250513,9,229,54812,1,문학
20250513,10,229,66864,1,문학
20250513,1,230,1,55536,광주
20250513,2,230,52591,1,광주
20250513,3,230,69517,1,광주
20250513,4,230,54529,1,광주
20250513,5,230,51551,1,광주
20250513,6,230,78513,1,광주
20250513,7,230,50150,1,광주
20250513,8,230,60523,1,광주
20250513,9,230,62802,1,광주
20250513,10,230,68518,1,광주
20250513,1,230,1,69745,광주
20250513,2,230,64646,1,광주
20250513,3,230,78603,1,광주
20250513,4,230,52605,1,광주
20250513,5,230,72443,1,광주
20250513,6,230,63260,1,광주
20250513,7,230,69727,1,광주
20250513,8,230,53659,1,광주
20250513,9,230,63722,1,광주
20250513,10,230,55636,1,광주
20250513,1,231,1,67263,대전
20250513,2,231,79231,1,대전
20250513,3,231,55208,1,대전
20250513,4,231,76232,1,대전
20250513,5,231,78224,1,대전
20250513,6,231,64153,1,대전
20250513,7,231,50208,1,대전
20250513,8,231,63123,1,대전
20250513,9,231,63257,1,대전
20250513,10,231,54236,1,대전
20250513,1,231,1,76715,대전
20250513,2,231,54795,1,대전
20250513,3,231,55734,1,대전
20250513,4,231,53764,1,대전
20250513,5,231,69737,1,대전
20250513,6,231,79192,1,대전
20250513,7,231,66657,1,대전
20250513,8,231,50707,1,대전
20250513,9,231,78288,1,대전
20250513,10,231,65703,1,대전
20250513,1,232,1,54354,포항
20250513,2,232,67025,1,포항
20250513,3,232,76313,1,포항
20250513,4,232,64004,1,포항
20250513,5,232,52001,1,포항
20250513,6,232,78548,1,포항
20250513,7,232,64166,1,포항
20250513,8,232,64007,1,포항
20250513,9,232,69064,1,포항
20250513,10,232,51003,1,포항
20250513,1,232,1,51454,포항
20250513,2,232,62404,1,포항
20250513,3,232,67449,1,포항
20250513,4,232,52430,1,포항
20250513,5,232,74540,1,포항
20250513,6,232,54400,1,포항
20250513,7,232,75125,1,포항
20250513,8,232,62234,1,포항
20250513,9,232,66409,1,포항
20250513,10,232,52415,1,포항
20250514,1,233,1,55322,잠실
20250514,2,233,65357,1,잠실
20250514,3,233,52366,1,잠실
20250514,4,233,54444,1,잠실
20250514,5,233,76267,1,잠실
20250514,6,233,78135,1,잠실
20250514,7,233,64984,1,잠실
20250514,8,233,64346,1,잠실
20250514,9,233,62332,1,잠실
20250514,10,233,55392,1,잠실
20250514,1,233,1,51111,잠실
20250514,2,233,62415,1,잠실
20250514,3,233,68119,1,잠실
20250514,4,233,53123,1,잠실
20250514,5,233,69102,1,잠실
20250514,6,233,76290,1,잠실
20250514,7,233,79109,1,잠실
20250514,8,233,68110,1,잠실
20250514,9,233,69100,1,잠실
20250514,10,233,52154,1,잠실
20250514,1,234,1,53973,문학
20250514,2,234,64101,1,문학
20250514,3,234,51907,1,문학
20250514,4,234,62907,1,문학
20250514,5,234,79215,1,문학
20250514,6,234,77532,1,문학
20250514,7,234,63963,1,문학
20250514,8,234,69995,1,문학
20250514,9,234,62244,1,문학
20250514,10,234,51344,1,문학
20250514,1,234,1,53898,문학
20250514,2,234,50854,1,문학
20250514,3,234,67893,1,문학
20250514,4,234,75847,1,문학
20250514,5,234,62895,1,문학
20250514,6,234,55844,1,문학
20250514,7,234,68868,1,문학
20250514,8,234,66864,1,문학
20250514,9,234,54812,1,문학
20250514,10,234,51865,1,문학
20250514,1,235,1,62363,광주
20250514,2,235,52591,1,광주
20250514,3,235,69517,1,광주
20250514,4,235,54529,1,광주
20250514,5,235,78513,1,광주
20250514,6,235,51551,1,광주
20250514,7,235,61102,1,광주
20250514,8,235,50150,1,광주
20250514,9,235,62802,1,광주
20250514,10,235,68507,1,광주
20250514,1,235,1,53613,광주
20250514,2,235,64646,1,광주
20250514,3,235,69636,1,광주
20250514,4,235,52605,1,광주
20250514,5,235,72443,1,광주
20250514,6,235,68646,1,광주
20250514,7,235,63260,1,광주
20250514,8,235,50600,1,광주
20250514,9,235,55636,1,광주
20250514,10,235,67609,1,광주
20250514,1,236,1,55239,대전
20250514,2,236,79231,1,대전
20250514,3,236,55208,1,대전
20250514,4,236,76232,1,대전
20250514,5,236,78224,1,대전
20250514,6,236,64153,1,대전
20250514,7,236,50208,1,대전
20250514,8,236,63123,1,대전
20250514,9,236,63257,1,대전
20250514,10,236,54236,1,대전
20250514,1,236,1,52701,대전
20250514,2,236,50707,1,대전
20250514,3,236,55734,1,대전
20250514,4,236,53764,1,대전
20250514,5,236,69737,1,대전
20250514,6,236,79192,1,대전
20250514,7,236,66657,1,대전
20250514,8,236,54795,1,대전
20250514,9,236,78288,1,대전
20250514,10,236,62700,1,대전
20250514,1,237,1,50030,포항
20250514,2,237,64004,1,포항
20250514,3,237,67025,1,포항
20250514,4,237,52001,1,포항
20250514,5,237,78548,1,포항
20250514,6,237,76313,1,포항
20250514,7,237,64166,1,포항
20250514,8,237,64007,1,포항
20250514,9,237,69064,1,포항
20250514,10,237,51003,1,포항
20250514,1,237,1,69446,포항
20250514,2,237,62404,1,포항
20250514,3,237,67449,1,포항
20250514,4,237,52430,1,포항
20250514,5,237,54400,1,포항
20250514,6,237,74540,1,포항
20250514,7,237,62234,1,포항
20250514,8,237,75125,1,포항
20250514,9,237,66409,1,포항
20250514,10,237,52415,1,포항
20250515,1,238,1,64350,잠실
20250515,2,238,65357,1,잠실
20250515,3,238,76267,1,잠실
20250515,4,238,50167,1,잠실
20250515,5,238,52366,1,잠실
20250515,6,238,54444,1,잠실
20250515,7,238,64984,1,잠실
20250515,8,238,50357,1,잠실
20250515,9,238,62332,1,잠실
20250515,10,238,55397,1,잠실
20250515,1,238,1,61101,잠실
20250515,2,238,62415,1,잠실
20250515,3,238,76290,1,잠실
20250515,4,238,53123,1,잠실
20250515,5,238,69102,1,잠실
20250515,6,238,79365,1,잠실
20250515,7,238,79109,1,잠실
20250515,8,238,68110,1,잠실
20250515,9,238,50108,1,잠실
20250515,10,238,69100,1,잠실
20250515,1,239,1,68902,문학
20250515,2,239,64101,1,문학
20250515,3,239,51907,1,문학
20250515,4,239,62907,1,문학
20250515,5,239,79215,1,문학
20250515,6,239,77532,1,문학
20250515,7,239,69995,1,문학
20250515,8,239,68912,1,문학
20250515,9,239,51344,1,문학
20250515,10,239,69992,1,문학
20250515,1,239,1,54833,문학
20250515,2,239,50854,1,문학
20250515,3,239,67893,1,문학
20250515,4,239,75847,1,문학
20250515,5,239,62895,1,문학
20250515,6,239,55844,1,문학
20250515,7,239,68868,1,문학
20250515,8,239,66864,1,문학
20250515,9,239,66917,1,문학
20250515,10,239,51865,1,문학
20250515,1,240,1,67539,광주
20250515,2,240,52591,1,광주
20250515,3,240,69517,1,광주
20250515,4,240,54529,1,광주
20250515,5,240,78513,1,광주
20250515,6,240,51551,1,광주
20250515,7,240,50150,1,광주
20250515,8,240,62802,1,광주
20250515,9,240,68507,1,광주
20250515,10,240,68518,1,광주
20250515,1,240,1,55633,광주
20250515,2,240,64646,1,광주
20250515,3,240,69636,1,광주
20250515,4,240,52605,1,광주
20250515,5,240,72443,1,광주
20250515,6,240,78603,1,광주
20250515,7,240,63260,1,광주
20250515,8,240,68646,1,광주
20250515,9,240,65653,1,광주
20250515,10,240,66606,1,광주
20250515,1,241,1,51264,대전
20250515,2,241,55208,1,대전
20250515,3,241,68362,1,대전
20250515,4,241,76232,1,대전
20250515,5,241,78224,1,대전
20250515,6,241,64153,1,대전
20250515,7,241,50208,1,대전
20250515,8,241,63123,1,대전
20250515,9,241,54236,1,대전
20250515,10,241,66209,1,대전
20250515,1,241,1,65056,대전
20250515,2,241,68700,1,대전
20250515,3,241,55734,1,대전
20250515,4,241,53764,1,대전
20250515,5,241,69737,1,대전
20250515,6,241,79192,1,대전
20250515,7,241,66657,1,대전
20250515,8,241,54795,1,대전
20250515,9,241,76812,1,대전
20250515,10,241,65703,1,대전
20250515,1,242,1,64001,포항
20250515,2,242,64004,1,포항
20250515,3,242,67025,1,포항
20250515,4,242,52001,1,포항
20250515,5,242,78548,1,포항
20250515,6,242,76313,1,포항
20250515,7,242,66706,1,포항
20250515,8,242,79402,1,포항
20250515,9,242,51003,1,포항
20250515,10,242,64007,1,포항
20250515,1,242,1,53375,포항
20250515,2,242,62404,1,포항
20250515,3,242,67449,1,포항
20250515,4,242,62234,1,포항
20250515,5,242,54400,1,포항
20250515,6,242,74540,1,포항
20250515,7,242,65586,1,포항
20250515,8,242,52430,1,포항
20250515,9,242,66409,1,포항
20250515,10,242,52415,1,포항
20250517,1,248,1,50859,잠실
20250517,2,248,76313,1,잠실
20250517,3,248,64004,1,잠실
20250517,4,248,52001,1,잠실
20250517,5,248,78548,1,잠실
20250517,6,248,67025,1,잠실
20250517,7,248,79402,1,잠실
20250517,8,248,64007,1,잠실
20250517,9,248,64166,1,잠실
20250517,10,248,69056,1,잠실
20250517,1,248,1,67143,잠실
20250517,2,248,62415,1,잠실
20250517,3,248,68110,1,잠실
20250517,4,248,53123,1,잠실
20250517,5,248,69102,1,잠실
20250517,6,248,79365,1,잠실
20250517,7,248,76290,1,잠실
20250517,8,248,79109,1,잠실
20250517,9,248,69100,1,잠실
20250517,10,248,52103,1,잠실
20250517,1,253,1,69032,잠실
20250517,2,253,76313,1,잠실
20250517,3,253,68050,1,잠실
20250517,4,253,52001,1,잠실
20250517,5,253,78548,1,잠실
20250517,6,253,67025,1,잠실
20250517,7,253,66706,1,잠실
20250517,8,253,64007,1,잠실
20250517,9,253,51003,1,잠실
20250517,10,253,69056,1,잠실
20250517,1,253,1,55138,잠실
20250517,2,253,62415,1,잠실
20250517,3,253,50108,1,잠실
20250517,4,253,53123,1,잠실
20250517,5,253,69102,1,잠실
20250517,6,253,79365,1,잠실
20250517,7,253,76290,1,잠실
20250517,8,253,79109,1,잠실
20250517,9,253,68110,1,잠실
20250517,10,253,69100,1,잠실
20250517,1,249,1,54443,사직
20250517,2,249,62404,1,사직
20250517,3,249,67449,1,사직
20250517,4,249,74540,1,사직
20250517,5,249,54400,1,사직
20250517,6,249,52430,1,사직
20250517,7,249,62234,1,사직
20250517,8,249,61404,1,사직
20250517,9,249,66409,1,사직
20250517,10,249,52415,1,사직
20250517,1,249,1,64021,사직
20250517,2,249,68507,1,사직
20250517,3,249,69517,1,사직
20250517,4,249,54529,1,사직
20250517,5,249,78513,1,사직
20250517,6,249,51551,1,사직
20250517,7,249,52591,1,사직
20250517,8,249,61102,1,사직
20250517,9,249,50150,1,사직
20250517,10,249,54598,1,사직
20250517,1,254,1,65320,사직
20250517,2,254,62404,1,사직
20250517,3,254,67449,1,사직
20250517,4,254,62234,1,사직
20250517,5,254,54400,1,사직
20250517,6,254,66409,1,사직
20250517,7,254,61404,1,사직
20250517,8,254,52430,1,사직
20250517,9,254,65132,1,사직
20250517,10,254,52415,1,사직
20250517,1,254,1,52530,사직
20250517,2,254,68507,1,사직
20250517,3,254,69517,1,사직
20250517,4,254,54529,1,사직
20250517,5,254,78513,1,사직
20250517,6,254,52591,1,사직
20250517,7,254,68205,1,사직
20250517,8,254,61102,1,사직
20250517,9,254,60523,1,사직
20250517,10,254,77564,1,사직
20250517,1,250,1,55257,광주
20250517,2,250,79231,1,광주
20250517,3,250,55208,1,광주
20250517,4,250,76232,1,광주
20250517,5,250,78224,1,광주
20250517,6,250,64153,1,광주
20250517,7,250,50208,1,광주
20250517,8,250,63123,1,광주
20250517,9,250,54236,1,광주
20250517,10,250,66209,1,광주
20250517,1,250,1,54640,광주
20250517,2,250,64646,1,광주
20250517,3,250,78603,1,광주
20250517,4,250,52605,1,광주
20250517,5,250,72443,1,광주
20250517,6,250,63260,1,광주
20250517,7,250,69727,1,광주
20250517,8,250,66606,1,광주
20250517,9,250,78122,1,광주
20250517,10,250,65653,1,광주
20250517,1,255,1,55267,광주
20250517,2,255,55208,1,광주
20250517,3,255,50208,1,광주
20250517,4,255,76232,1,광주
20250517,5,255,64153,1,광주
20250517,6,255,78224,1,광주
20250517,7,255,66112,1,광주
20250517,8,255,63123,1,광주
20250517,9,255,54236,1,광주
20250517,10,255,66209,1,광주
20250517,1,255,1,77637,광주
20250517,2,255,69636,1,광주
20250517,3,255,66606,1,광주
20250517,4,255,52605,1,광주
20250517,5,255,72443,1,광주
20250517,6,255,78603,1,광주
20250517,7,255,68646,1,광주
20250517,8,255,66614,1,광주
20250517,9,255,65653,1,광주
20250517,10,255,67609,1,광주
20250517,1,251,1,77829,대전
20250517,2,251,50854,1,대전
20250517,3,251,67893,1,대전
20250517,4,251,75847,1,대전
20250517,5,251,62895,1,대전
20250517,6,251,55844,1,대전
20250517,7,251,68868,1,대전
20250517,8,251,66864,1,대전
20250517,9,251,54812,1,대전
20250517,10,251,66662,1,대전
20250517,1,251,1,55730,대전
20250517,2,251,66704,1,대전
20250517,3,251,55734,1,대전
20250517,4,251,53764,1,대전
20250517,5,251,69737,1,대전
20250517,6,251,79192,1,대전
20250517,7,251,66657,1,대전
20250517,8,251,65703,1,대전
20250517,9,251,78288,1,대전
20250517,10,251,54795,1,대전
20250517,1,256,1,55855,대전
20250517,2,256,50854,1,대전
20250517,3,256,67893,1,대전
20250517,4,256,75847,1,대전
20250517,5,256,55844,1,대전
20250517,6,256,51868,1,대전
20250517,7,256,68868,1,대전
20250517,8,256,66864,1,대전
20250517,9,256,54812,1,대전
20250517,10,256,51865,1,대전
20250517,1,256,1,54755,대전
20250517,2,256,66704,1,대전
20250517,3,256,55734,1,대전
20250517,4,256,53764,1,대전
20250517,5,256,69737,1,대전
20250517,6,256,79192,1,대전
20250517,7,256,66657,1,대전
20250517,8,256,65703,1,대전
20250517,9,256,76812,1,대전
20250517,10,256,62700,1,대전
20250517,1,252,1,66018,울산
20250517,2,252,52366,1,울산
20250517,3,252,65357,1,울산
20250517,4,252,54444,1,울산
20250517,5,252,78135,1,울산
20250517,6,252,76267,1,울산
20250517,7,252,78756,1,울산
20250517,8,252,64346,1,울산
20250517,9,252,62332,1,울산
20250517,10,252,54394,1,울산
20250517,1,252,1,55912,울산
20250517,2,252,64101,1,울산
20250517,3,252,51907,1,울산
20250517,4,252,62907,1,울산
20250517,5,252,79215,1,울산
20250517,6,252,63963,1,울산
20250517,7,252,69995,1,울산
20250517,8,252,67905,1,울산
20250517,9,252,68912,1,울산
20250517,10,252,50903,1,울산
20250517,1,257,1,54368,울산
20250517,2,257,52366,1,울산
20250517,3,257,65357,1,울산
20250517,4,257,54444,1,울산
20250517,5,257,78135,1,울산
20250517,6,257,76267,1,울산
20250517,7,257,53344,1,울산
20250517,8,257,50167,1,울산
20250517,9,257,54394,1,울산
20250517,10,257,64984,1,울산
20250517,1,257,1,66920,울산
20250517,2,257,69992,1,울산
20250517,3,257,77532,1,울산
20250517,4,257,62907,1,울산
20250517,5,257,79215,1,울산
20250517,6,257,69995,1,울산
20250517,7,257,67905,1,울산
20250517,8,257,62244,1,울산
20250517,9,257,51344,1,울산
20250517,10,257,50902,1,울산
20250518,1,258,1,54354,잠실
20250518,2,258,76313,1,잠실
20250518,3,258,64004,1,잠실
20250518,4,258,52001,1,잠실
20250518,5,258,78548,1,잠실
20250518,6,258,67025,1,잠실
20250518,7,258,68050,1,잠실
20250518,8,258,79402,1,잠실
20250518,9,258,64007,1,잠실
20250518,10,258,69056,1,잠실
20250518,1,258,1,55146,잠실
20250518,2,258,62415,1,잠실
20250518,3,258,76290,1,잠실
20250518,4,258,53123,1,잠실
20250518,5,258,69102,1,잠실
20250518,6,258,79365,1,잠실
20250518,7,258,79109,1,잠실
20250518,8,258,68110,1,잠실
20250518,9,258,69100,1,잠실
20250518,10,258,50108,1,잠실
20250518,1,259,1,51454,사직
20250518,2,259,67449,1,사직
20250518,3,259,61404,1,사직
20250518,4,259,62404,1,사직
20250518,5,259,54400,1,사직
20250518,6,259,66409,1,사직
20250518,7,259,52415,1,사직
20250518,8,259,52430,1,사직
20250518,9,259,65586,1,사직
20250518,10,259,69428,1,사직
20250518,1,259,1,55536,사직
20250518,2,259,68507,1,사직
20250518,3,259,69517,1,사직
20250518,4,259,54529,1,사직
20250518,5,259,78513,1,사직
20250518,6,259,68205,1,사직
20250518,7,259,52591,1,사직
20250518,8,259,60523,1,사직
20250518,9,259,77564,1,사직
20250518,10,259,68518,1,사직
20250518,1,260,1,67263,광주
20250518,2,260,79231,1,광주
20250518,3,260,55208,1,광주
20250518,4,260,76232,1,광주
20250518,5,260,78224,1,광주
20250518,6,260,64153,1,광주
20250518,7,260,50208,1,광주
20250518,8,260,63123,1,광주
20250518,9,260,54236,1,광주
20250518,10,260,66209,1,광주
20250518,1,260,1,69745,광주
20250518,2,260,66606,1,광주
20250518,3,260,64646,1,광주
20250518,4,260,52605,1,광주
20250518,5,260,72443,1,광주
20250518,6,260,69636,1,광주
20250518,7,260,50600,1,광주
20250518,8,260,66614,1,광주
20250518,9,260,78122,1,광주
20250518,10,260,67609,1,광주
20250518,1,261,1,62869,대전
20250518,2,261,54812,1,대전
20250518,3,261,67893,1,대전
20250518,4,261,75847,1,대전
20250518,5,261,62895,1,대전
20250518,6,261,51868,1,대전
20250518,7,261,55844,1,대전
20250518,8,261,66864,1,대전
20250518,9,261,51865,1,대전
20250518,10,261,69804,1,대전
20250518,1,261,1,76715,대전
20250518,2,261,66704,1,대전
20250518,3,261,55734,1,대전
20250518,4,261,53764,1,대전
20250518,5,261,69737,1,대전
20250518,6,261,66657,1,대전
20250518,7,261,52769,1,대전
20250518,8,261,62700,1,대전
20250518,9,261,78288,1,대전
20250518,10,261,54795,1,대전
20250518,1,262,1,69360,울산
20250518,2,262,65357,1,울산
20250518,3,262,52366,1,울산
20250518,4,262,76267,1,울산
20250518,5,262,54444,1,울산
20250518,6,262,78135,1,울산
20250518,7,262,50167,1,울산
20250518,8,262,64984,1,울산
20250518,9,262,62332,1,울산
20250518,10,262,55397,1,울산
20250518,1,262,1,55903,울산
20250518,2,262,63963,1,울산
20250518,3,262,51907,1,울산
20250518,4,262,62907,1,울산
20250518,5,262,79215,1,울산
20250518,6,262,77532,1,울산
20250518,7,262,68912,1,울산
20250518,8,262,69995,1,울산
20250518,9,262,51344,1,울산
20250518,10,262,69992,1,울산
20250520,1,263,1,52809,잠실
20250520,2,263,50854,1,잠실
20250520,3,263,54812,1,잠실
20250520,4,263,75847,1,잠실
20250520,5,263,51868,1,잠실
20250520,6,263,55844,1,잠실
20250520,7,263,66864,1,잠실
20250520,8,263,51865,1,잠실
20250520,9,263,68868,1,잠실
20250520,10,263,69804,1,잠실
20250520,1,263,1,55239,잠실
20250520,2,263,79231,1,잠실
20250520,3,263,55208,1,잠실
20250520,4,263,76232,1,잠실
20250520,5,263,78224,1,잠실
20250520,6,263,64153,1,잠실
20250520,7,263,50208,1,잠실
20250520,8,263,63123,1,잠실
20250520,9,263,68362,1,잠실
20250520,10,263,54236,1,잠실
20250520,1,264,1,51111,사직
20250520,2,264,62415,1,사직
20250520,3,264,68119,1,사직
20250520,4,264,76290,1,사직
20250520,5,264,69102,1,사직
20250520,6,264,79109,1,사직
20250520,7,264,68110,1,사직
20250520,8,264,69100,1,사직
20250520,9,264,50108,1,사직
20250520,10,264,52154,1,사직
20250520,1,264,1,67588,사직
20250520,2,264,68507,1,사직
20250520,3,264,69517,1,사직
20250520,4,264,54529,1,사직
20250520,5,264,78513,1,사직
20250520,6,264,68205,1,사직
20250520,7,264,51551,1,사직
20250520,8,264,52591,1,사직
20250520,9,264,61102,1,사직
20250520,10,264,50150,1,사직
20250520,1,265,1,53613,수원
20250520,2,265,64646,1,수원
20250520,3,265,69636,1,수원
20250520,4,265,52605,1,수원
20250520,5,265,72443,1,수원
20250520,6,265,78603,1,수원
20250520,7,265,63260,1,수원
20250520,8,265,66606,1,수원
20250520,9,265,68646,1,수원
20250520,10,265,65653,1,수원
20250520,1,265,1,64768,수원
20250520,2,265,76313,1,수원
20250520,3,265,64004,1,수원
20250520,4,265,52001,1,수원
20250520,5,265,78548,1,수원
20250520,6,265,67025,1,수원
20250520,7,265,68050,1,수원
20250520,8,265,79402,1,수원
20250520,9,265,64007,1,수원
20250520,10,265,69056,1,수원
20250520,1,266,1,69446,고척
20250520,2,266,50458,1,고척
20250520,3,266,67449,1,고척
20250520,4,266,62404,1,고척
20250520,5,266,54400,1,고척
20250520,6,266,74540,1,고척
20250520,7,266,61404,1,고척
20250520,8,266,52415,1,고척
20250520,9,266,52430,1,고척
20250520,10,266,62234,1,고척
20250520,1,266,1,55322,고척
20250520,2,266,65357,1,고척
20250520,3,266,50167,1,고척
20250520,4,266,54444,1,고척
20250520,5,266,78135,1,고척
20250520,6,266,64346,1,고척
20250520,7,266,64984,1,고척
20250520,8,266,65898,1,고척
20250520,9,266,62332,1,고척
20250520,10,266,78756,1,고척
20250520,1,267,1,52701,울산
20250520,2,267,66704,1,울산
20250520,3,267,55734,1,울산
20250520,4,267,53764,1,울산
20250520,5,267,69737,1,울산
20250520,6,267,79192,1,울산
20250520,7,267,66657,1,울산
20250520,8,267,62700,1,울산
20250520,9,267,78288,1,울산
20250520,10,267,54795,1,울산
20250520,1,267,1,53973,울산
20250520,2,267,63963,1,울산
20250520,3,267,51907,1,울산
20250520,4,267,62907,1,울산
20250520,5,267,79215,1,울산
20250520,6,267,77532,1,울산
20250520,7,267,68912,1,울산
20250520,8,267,69995,1,울산
20250520,9,267,51344,1,울산
20250520,10,267,67905,1,울산
20250521,1,268,1,54833,잠실
20250521,2,268,50854,1,잠실
20250521,3,268,67893,1,잠실
20250521,4,268,75847,1,잠실
20250521,5,268,62895,1,잠실
20250521,6,268,51868,1,잠실
20250521,7,268,68868,1,잠실
20250521,8,268,66864,1,잠실
20250521,9,268,54812,1,잠실
20250521,10,268,51865,1,잠실
20250521,1,268,1,55268,잠실
20250521,2,268,79231,1,잠실
20250521,3,268,55208,1,잠실
20250521,4,268,50208,1,잠실
20250521,5,268,76232,1,잠실
20250521,6,268,78224,1,잠실
20250521,7,268,64153,1,잠실
20250521,8,268,63123,1,잠실
20250521,9,268,64468,1,잠실
20250521,10,268,66209,1,잠실
20250521,1,269,1,61101,사직
20250521,2,269,68119,1,사직
20250521,3,269,76290,1,사직
20250521,4,269,53123,1,사직
20250521,5,269,69102,1,사직
20250521,6,269,79365,1,사직
20250521,7,269,68110,1,사직
20250521,8,269,69100,1,사직
20250521,9,269,62415,1,사직
20250521,10,269,51100,1,사직
20250521,1,269,1,67539,사직
20250521,2,269,68507,1,사직
20250521,3,269,69517,1,사직
20250521,4,269,54529,1,사직
20250521,5,269,78513,1,사직
20250521,6,269,68205,1,사직
20250521,7,269,51551,1,사직
20250521,8,269,52591,1,사직
20250521,9,269,50150,1,사직
20250521,10,269,68518,1,사직
20250521,1,270,1,55633,수원
20250521,2,270,64646,1,수원
20250521,3,270,78603,1,수원
20250521,4,270,52605,1,수원
20250521,5,270,72443,1,수원
20250521,6,270,69636,1,수원
20250521,7,270,68646,1,수원
20250521,8,270,66606,1,수원
20250521,9,270,67609,1,수원
20250521,10,270,66614,1,수원
20250521,1,270,1,64001,수원
20250521,2,270,76313,1,수원
20250521,3,270,64004,1,수원
20250521,4,270,52001,1,수원
20250521,5,270,78548,1,수원
20250521,6,270,67025,1,수원
20250521,7,270,68050,1,수원
20250521,8,270,79402,1,수원
20250521,9,270,64007,1,수원
20250521,10,270,51003,1,수원
20250521,1,271,1,53375,고척
20250521,2,271,50458,1,고척
20250521,3,271,67449,1,고척
20250521,4,271,62404,1,고척
20250521,5,271,54400,1,고척
20250521,6,271,62234,1,고척
20250521,7,271,74540,1,고척
20250521,8,271,75125,1,고척
20250521,9,271,52430,1,고척
20250521,10,271,52415,1,고척
20250521,1,271,1,64350,고척
20250521,2,271,65357,1,고척
20250521,3,271,50167,1,고척
20250521,4,271,64346,1,고척
20250521,5,271,54444,1,고척
20250521,6,271,78135,1,고척
20250521,7,271,64984,1,고척
20250521,8,271,53312,1,고척
20250521,9,271,55397,1,고척
20250521,10,271,78756,1,고척
20250521,1,272,1,54729,울산
20250521,2,272,55734,1,울산
20250521,3,272,62700,1,울산
20250521,4,272,53764,1,울산
20250521,5,272,69737,1,울산
20250521,6,272,79192,1,울산
20250521,7,272,66657,1,울산
20250521,8,272,65703,1,울산
20250521,9,272,78288,1,울산
20250521,10,272,54795,1,울산
20250521,1,272,1,68902,울산
20250521,2,272,67905,1,울산
20250521,3,272,51907,1,울산
20250521,4,272,62907,1,울산
20250521,5,272,79215,1,울산
20250521,6,272,77532,1,울산
20250521,7,272,63963,1,울산
20250521,8,272,68912,1,울산
20250521,9,272,69995,1,울산
20250521,10,272,51344,1,울산
20250522,1,273,1,77829,잠실
20250522,2,273,54812,1,잠실
20250522,3,273,67893,1,잠실
20250522,4,273,75847,1,잠실
20250522,5,273,62895,1,잠실
20250522,6,273,51868,1,잠실
20250522,7,273,68868,1,잠실
20250522,8,273,66864,1,잠실
20250522,9,273,66662,1,잠실
20250522,10,273,69804,1,잠실
20250522,1,273,1,55267,잠실
20250522,2,273,79231,1,잠실
20250522,3,273,55208,1,잠실
20250522,4,273,76232,1,잠실
20250522,5,273,64153,1,잠실
20250522,6,273,78224,1,잠실
20250522,7,273,66112,1,잠실
20250522,8,273,50208,1,잠실
20250522,9,273,63123,1,잠실
20250522,10,273,54236,1,잠실
20250522,1,274,1,55138,사직
20250522,2,274,68119,1,사직
20250522,3,274,76290,1,사직
20250522,4,274,53123,1,사직
20250522,5,274,79365,1,사직
20250522,6,274,79109,1,사직
20250522,7,274,69100,1,사직
20250522,8,274,68110,1,사직
20250522,9,274,62415,1,사직
20250522,10,274,51100,1,사직
20250522,1,274,1,52530,사직
20250522,2,274,68507,1,사직
20250522,3,274,69517,1,사직
20250522,4,274,54529,1,사직
20250522,5,274,78513,1,사직
20250522,6,274,51551,1,사직
20250522,7,274,52591,1,사직
20250522,8,274,68205,1,사직
20250522,9,274,61102,1,사직
20250522,10,274,50150,1,사직
20250522,1,275,1,77637,수원
20250522,2,275,64646,1,수원
20250522,3,275,52667,1,수원
20250522,4,275,52605,1,수원
20250522,5,275,72443,1,수원
20250522,6,275,69636,1,수원
20250522,7,275,67610,1,수원
20250522,8,275,63260,1,수원
20250522,9,275,78122,1,수원
20250522,10,275,67609,1,수원
20250522,1,275,1,69032,수원
20250522,2,275,76313,1,수원
20250522,3,275,64004,1,수원
20250522,4,275,52001,1,수원
20250522,5,275,78548,1,수원
20250522,6,275,67025,1,수원
20250522,7,275,79402,1,수원
20250522,8,275,64166,1,수원
20250522,9,275,64007,1,수원
20250522,10,275,51003,1,수원
20250522,1,276,1,54443,고척
20250522,2,276,50458,1,고척
20250522,3,276,67449,1,고척
20250522,4,276,62404,1,고척
20250522,5,276,54400,1,고척
20250522,6,276,62234,1,고척
20250522,7,276,52430,1,고척
20250522,8,276,66409,1,고척
20250522,9,276,74540,1,고척
20250522,10,276,52415,1,고척
20250522,1,276,1,54368,고척
20250522,2,276,65357,1,고척
20250522,3,276,76267,1,고척
20250522,4,276,54444,1,고척
20250522,5,276,64346,1,고척
20250522,6,276,64984,1,고척
20250522,7,276,53312,1,고척
20250522,8,276,50167,1,고척
20250522,9,276,50357,1,고척
20250522,10,276,55392,1,고척
20250522,1,277,1,55730,울산
20250522,2,277,55734,1,울산
20250522,3,277,50707,1,울산
20250522,4,277,53764,1,울산
20250522,5,277,69737,1,울산
20250522,6,277,79192,1,울산
20250522,7,277,66657,1,울산
20250522,8,277,62700,1,울산
20250522,9,277,78288,1,울산
20250522,10,277,54795,1,울산
20250522,1,277,1,52995,울산
20250522,2,277,62907,1,울산
20250522,3,277,51907,1,울산
20250522,4,277,77532,1,울산
20250522,5,277,79215,1,울산
20250522,6,277,63963,1,울산
20250522,7,277,69995,1,울산
20250522,8,277,67905,1,울산
20250522,9,277,62244,1,울산
20250522,10,277,51344,1,울산
20250523,1,278,1,55912,잠실
20250523,2,278,64101,1,잠실
20250523,3,278,51907,1,잠실
20250523,4,278,63963,1,잠실
20250523,5,278,79215,1,잠실
20250523,6,278,68912,1,잠실
20250523,7,278,67905,1,잠실
20250523,8,278,51344,1,잠실
20250523,9,278,66965,1,잠실
20250523,10,278,50902,1,잠실
20250523,1,278,1,55257,잠실
20250523,2,278,79231,1,잠실
20250523,3,278,55208,1,잠실
20250523,4,278,76232,1,잠실
20250523,5,278,64153,1,잠실
20250523,6,278,78224,1,잠실
20250523,7,278,66112,1,잠실
20250523,8,278,50208,1,잠실
20250523,9,278,63123,1,잠실
20250523,10,278,54236,1,잠실
20250523,1,279,1,67143,문학
20250523,2,279,68119,1,문학
20250523,3,279,76290,1,문학
20250523,4,279,53123,1,문학
20250523,5,279,79365,1,문학
20250523,6,279,79109,1,문학
20250523,7,279,69100,1,문학
20250523,8,279,68110,1,문학
20250523,9,279,62415,1,문학
20250523,10,279,51100,1,문학
20250523,1,279,1,55855,문학
20250523,2,279,50854,1,문학
20250523,3,279,67893,1,문학
20250523,4,279,75847,1,문학
20250523,5,279,51868,1,문학
20250523,6,279,62895,1,문학
20250523,7,279,66864,1,문학
20250523,8,279,51865,1,문학
20250523,9,279,60558,1,문학
20250523,10,279,69804,1,문학
20250523,1,280,1,54640,대구
20250523,2,280,64646,1,대구
20250523,3,280,52667,1,대구
20250523,4,280,52605,1,대구
20250523,5,280,72443,1,대구
20250523,6,280,69636,1,대구
20250523,7,280,67610,1,대구
20250523,8,280,63260,1,대구
20250523,9,280,78122,1,대구
20250523,10,280,67609,1,대구
20250523,1,280,1,50441,대구
20250523,2,280,50458,1,대구
20250523,3,280,67449,1,대구
20250523,4,280,62404,1,대구
20250523,5,280,54400,1,대구
20250523,6,280,52430,1,대구
20250523,7,280,61404,1,대구
20250523,8,280,62234,1,대구
20250523,9,280,65132,1,대구
20250523,10,280,52415,1,대구
20250523,1,281,1,50859,고척
20250523,2,281,76313,1,고척
20250523,3,281,64004,1,고척
20250523,4,281,52001,1,고척
20250523,5,281,78548,1,고척
20250523,6,281,67025,1,고척
20250523,7,281,68050,1,고척
20250523,8,281,79402,1,고척
20250523,9,281,64007,1,고척
20250523,10,281,51003,1,고척
20250523,1,281,1,54319,고척
20250523,2,281,65357,1,고척
20250523,3,281,78135,1,고척
20250523,4,281,76267,1,고척
20250523,5,281,54444,1,고척
20250523,6,281,64346,1,고척
20250523,7,281,66838,1,고척
20250523,8,281,53312,1,고척
20250523,9,281,55397,1,고척
20250523,10,281,78756,1,고척
20250523,1,282,1,64021,대전
20250523,2,282,68507,1,대전
20250523,3,282,52591,1,대전
20250523,4,282,54529,1,대전
20250523,5,282,78513,1,대전
20250523,6,282,51551,1,대전
20250523,7,282,68205,1,대전
20250523,8,282,50150,1,대전
20250523,9,282,61102,1,대전
20250523,10,282,54598,1,대전
20250523,1,282,1,54755,대전
20250523,2,282,55734,1,대전
20250523,3,282,50707,1,대전
20250523,4,282,53764,1,대전
20250523,5,282,69737,1,대전
20250523,6,282,79192,1,대전
20250523,7,282,66657,1,대전
20250523,8,282,54795,1,대전
20250523,9,282,76812,1,대전
20250523,10,282,62700,1,대전
20250524,1,283,1,54354,고척
20250524,2,283,76313,1,고척
20250524,3,283,64004,1,고척
20250524,4,283,52001,1,고척
20250524,5,283,67025,1,고척
20250524,6,283,68050,1,고척
20250524,7,283,79240,1,고척
20250524,8,283,79402,1,고척
20250524,9,283,51003,1,고척
20250524,10,283,68089,1,고척
20250524,1,283,1,69360,고척
20250524,2,283,65357,1,고척
20250524,3,283,76267,1,고척
20250524,4,283,54444,1,고척
20250524,5,283,64346,1,고척
20250524,6,283,66838,1,고척
20250524,7,283,78756,1,고척
20250524,8,283,78135,1,고척
20250524,9,283,62332,1,고척
20250524,10,283,55392,1,고척
20250524,1,284,1,55536,대전
20250524,2,284,68507,1,대전
20250524,3,284,69517,1,대전
20250524,4,284,54529,1,대전
20250524,5,284,78513,1,대전
20250524,6,284,52591,1,대전
20250524,7,284,51551,1,대전
20250524,8,284,68205,1,대전
20250524,9,284,61102,1,대전
20250524,10,284,50150,1,대전
20250524,1,284,1,76715,대전
20250524,2,284,55734,1,대전
20250524,3,284,62700,1,대전
20250524,4,284,53764,1,대전
20250524,5,284,69737,1,대전
20250524,6,284,79192,1,대전
20250524,7,284,66704,1,대전
20250524,8,284,50707,1,대전
20250524,9,284,78288,1,대전
20250524,10,284,65703,1,대전
20250524,1,285,1,55903,잠실
20250524,2,285,62907,1,잠실
20250524,3,285,51907,1,잠실
20250524,4,285,77532,1,잠실
20250524,5,285,79215,1,잠실
20250524,6,285,63963,1,잠실
20250524,7,285,64101,1,잠실
20250524,8,285,66965,1,잠실
20250524,9,285,62244,1,잠실
20250524,10,285,55926,1,잠실
20250524,1,285,1,67263,잠실
20250524,2,285,79231,1,잠실
20250524,3,285,50208,1,잠실
20250524,4,285,76232,1,잠실
20250524,5,285,78224,1,잠실
20250524,6,285,55208,1,잠실
20250524,7,285,64153,1,잠실
20250524,8,285,66112,1,잠실
20250524,9,285,63123,1,잠실
20250524,10,285,54236,1,잠실
20250524,1,286,1,55146,문학
20250524,2,286,68119,1,문학
20250524,3,286,76290,1,문학
20250524,4,286,53123,1,문학
20250524,5,286,69102,1,문학
20250524,6,286,79365,1,문학
20250524,7,286,79109,1,문학
20250524,8,286,69100,1,문학
20250524,9,286,62415,1,문학
20250524,10,286,51100,1,문학
20250524,1,286,1,51867,문학
20250524,2,286,50854,1,문학
20250524,3,286,67893,1,문학
20250524,4,286,75847,1,문학
20250524,5,286,62895,1,문학
20250524,6,286,51868,1,문학
20250524,7,286,68868,1,문학
20250524,8,286,66864,1,문학
20250524,9,286,54812,1,문학
20250524,10,286,51865,1,문학
20250524,1,287,1,69745,대구
20250524,2,287,64646,1,대구
20250524,3,287,52667,1,대구
20250524,4,287,52605,1,대구
20250524,5,287,72443,1,대구
20250524,6,287,63260,1,대구
20250524,7,287,69727,1,대구
20250524,8,287,69636,1,대구
20250524,9,287,68646,1,대구
20250524,10,287,65653,1,대구
20250524,1,287,1,51454,대구
20250524,2,287,50458,1,대구
20250524,3,287,67449,1,대구
20250524,4,287,62404,1,대구
20250524,5,287,54400,1,대구
20250524,6,287,52430,1,대구
20250524,7,287,74540,1,대구
20250524,8,287,62234,1,대구
20250524,9,287,69418,1,대구
20250524,10,287,54408,1,대구
20250525,1,288,1,66920,잠실
20250525,2,288,69992,1,잠실
20250525,3,288,51907,1,잠실
20250525,4,288,62907,1,잠실
20250525,5,288,79215,1,잠실
20250525,6,288,63963,1,잠실
20250525,7,288,67905,1,잠실
20250525,8,288,64022,1,잠실
20250525,9,288,51344,1,잠실
20250525,10,288,50902,1,잠실
20250525,1,288,1,55239,잠실
20250525,2,288,50208,1,잠실
20250525,3,288,55208,1,잠실
20250525,4,288,76232,1,잠실
20250525,5,288,64153,1,잠실
20250525,6,288,78224,1,잠실
20250525,7,288,66112,1,잠실
20250525,8,288,54236,1,잠실
20250525,9,288,64468,1,잠실
20250525,10,288,79231,1,잠실
20250525,1,289,1,51111,문학
20250525,2,289,68119,1,문학
20250525,3,289,65207,1,문학
20250525,4,289,53123,1,문학
20250525,5,289,69102,1,문학
20250525,6,289,76290,1,문학
20250525,7,289,79109,1,문학
20250525,8,289,69100,1,문학
20250525,9,289,51100,1,문학
20250525,10,289,52154,1,문학
20250525,1,289,1,52809,문학
20250525,2,289,50854,1,문학
20250525,3,289,54812,1,문학
20250525,4,289,67893,1,문학
20250525,5,289,51868,1,문학
20250525,6,289,62895,1,문학
20250525,7,289,79456,1,문학
20250525,8,289,66864,1,문학
20250525,9,289,69804,1,문학
20250525,10,289,60558,1,문학
20250525,1,290,1,53613,대구
20250525,2,290,64646,1,대구
20250525,3,290,69636,1,대구
20250525,4,290,52605,1,대구
20250525,5,290,72443,1,대구
20250525,6,290,65610,1,대구
20250525,7,290,67610,1,대구
20250525,8,290,66614,1,대구
20250525,9,290,78122,1,대구
20250525,10,290,67609,1,대구
20250525,1,290,1,69446,대구
20250525,2,290,50458,1,대구
20250525,3,290,67449,1,대구
20250525,4,290,62404,1,대구
20250525,5,290,54400,1,대구
20250525,6,290,52430,1,대구
20250525,7,290,62234,1,대구
20250525,8,290,74540,1,대구
20250525,9,290,69418,1,대구
20250525,10,290,54408,1,대구
20250525,1,291,1,50030,고척
20250525,2,291,76313,1,고척
20250525,3,291,64004,1,고척
20250525,4,291,52001,1,고척
20250525,5,291,67025,1,고척
20250525,6,291,68050,1,고척
20250525,7,291,79240,1,고척
20250525,8,291,78548,1,고척
20250525,9,291,79402,1,고척
20250525,10,291,51003,1,고척
20250525,1,291,1,66018,고척
20250525,2,291,65357,1,고척
20250525,3,291,76267,1,고척
20250525,4,291,54444,1,고척
20250525,5,291,64346,1,고척
20250525,6,291,64984,1,고척
20250525,7,291,50167,1,고척
20250525,8,291,50357,1,고척
20250525,9,291,53312,1,고척
20250525,10,291,55392,1,고척
20250525,1,292,1,62363,대전
20250525,2,292,68507,1,대전
20250525,3,292,69517,1,대전
20250525,4,292,54529,1,대전
20250525,5,292,78513,1,대전
20250525,6,292,52591,1,대전
20250525,7,292,51551,1,대전
20250525,8,292,50150,1,대전
20250525,9,292,61102,1,대전
20250525,10,292,68205,1,대전
20250525,1,292,1,52701,대전
20250525,2,292,55734,1,대전
20250525,3,292,62700,1,대전
20250525,4,292,53764,1,대전
20250525,5,292,69737,1,대전
20250525,6,292,50707,1,대전
20250525,7,292,66715,1,대전
20250525,8,292,55710,1,대전
20250525,9,292,78288,1,대전
20250525,10,292,65703,1,대전
20250527,1,293,1,54729,잠실
20250527,2,293,55734,1,잠실
20250527,3,293,62700,1,잠실
20250527,4,293,53764,1,잠실
20250527,5,293,69737,1,잠실
20250527,6,293,79192,1,잠실
20250527,7,293,66657,1,잠실
20250527,8,293,66715,1,잠실
20250527,9,293,78288,1,잠실
20250527,10,293,54795,1,잠실
20250527,1,293,1,61101,잠실
20250527,2,293,68119,1,잠실
20250527,3,293,76290,1,잠실
20250527,4,293,53123,1,잠실
20250527,5,293,69102,1,잠실
20250527,6,293,79365,1,잠실
20250527,7,293,69100,1,잠실
20250527,8,293,65207,1,잠실
20250527,9,293,62415,1,잠실
20250527,10,293,51100,1,잠실
20250527,1,294,1,68902,문학
20250527,2,294,62907,1,문학
20250527,3,294,51907,1,문학
20250527,4,294,77532,1,문학
20250527,5,294,79215,1,문학
20250527,6,294,63963,1,문학
20250527,7,294,67905,1,문학
20250527,8,294,62244,1,문학
20250527,9,294,51344,1,문학
20250527,10,294,66965,1,문학
20250527,1,294,1,54833,문학
20250527,2,294,50854,1,문학
20250527,3,294,67893,1,문학
20250527,4,294,75847,1,문학
20250527,5,294,62895,1,문학
20250527,6,294,51868,1,문학
20250527,7,294,68868,1,문학
20250527,8,294,66864,1,문학
20250527,9,294,54812,1,문학
20250527,10,294,51865,1,문학
20250527,1,295,1,55532,대구
20250527,2,295,68507,1,대구
20250527,3,295,69517,1,대구
20250527,4,295,54529,1,대구
20250527,5,295,78513,1,대구
20250527,6,295,52591,1,대구
20250527,7,295,61102,1,대구
20250527,8,295,68205,1,대구
20250527,9,295,51551,1,대구
20250527,10,295,50150,1,대구
20250527,1,295,1,53375,대구
20250527,2,295,50458,1,대구
20250527,3,295,52415,1,대구
20250527,4,295,67449,1,대구
20250527,5,295,54400,1,대구
20250527,6,295,52430,1,대구
20250527,7,295,74540,1,대구
20250527,8,295,62234,1,대구
20250527,9,295,69418,1,대구
20250527,10,295,66409,1,대구
20250527,1,296,1,51264,수원
20250527,2,296,79231,1,수원
20250527,3,296,55208,1,수원
20250527,4,296,76232,1,수원
20250527,5,296,78224,1,수원
20250527,6,296,64153,1,수원
20250527,7,296,50208,1,수원
20250527,8,296,68362,1,수원
20250527,9,296,63123,1,수원
20250527,10,296,54236,1,수원
20250527,1,296,1,64001,수원
20250527,2,296,76313,1,수원
20250527,3,296,64004,1,수원
20250527,4,296,52001,1,수원
20250527,5,296,67025,1,수원
20250527,6,296,68050,1,수원
20250527,7,296,78548,1,수원
20250527,8,296,79240,1,수원
20250527,9,296,79402,1,수원
20250527,10,296,51003,1,수원
20250527,1,297,1,64350,광주
20250527,2,297,65357,1,광주
20250527,3,297,76267,1,광주
20250527,4,297,50167,1,광주
20250527,5,297,54444,1,광주
20250527,6,297,64346,1,광주
20250527,7,297,75566,1,광주
20250527,8,297,64984,1,광주
20250527,9,297,53312,1,광주
20250527,10,297,55392,1,광주
20250527,1,297,1,55633,광주
20250527,2,297,64646,1,광주
20250527,3,297,69636,1,광주
20250527,4,297,52605,1,광주
20250527,5,297,72443,1,광주
20250527,6,297,68646,1,광주
20250527,7,297,67610,1,광주
20250527,8,297,65610,1,광주
20250527,9,297,65653,1,광주
20250527,10,297,50600,1,광주
20250528,1,298,1,55730,잠실
20250528,2,298,55734,1,잠실
20250528,3,298,62700,1,잠실
20250528,4,298,53764,1,잠실
20250528,5,298,69737,1,잠실
20250528,6,298,79192,1,잠실
20250528,7,298,66657,1,잠실
20250528,8,298,79608,1,잠실
20250528,9,298,78288,1,잠실
20250528,10,298,54795,1,잠실
20250528,1,298,1,55138,잠실
20250528,2,298,68119,1,잠실
20250528,3,298,76290,1,잠실
20250528,4,298,53123,1,잠실
20250528,5,298,69102,1,잠실
20250528,6,298,79365,1,잠실
20250528,7,298,69100,1,잠실
20250528,8,298,65207,1,잠실
20250528,9,298,62415,1,잠실
20250528,10,298,51100,1,잠실
20250528,1,299,1,53973,문학
20250528,2,299,63963,1,문학
20250528,3,299,51907,1,문학
20250528,4,299,62907,1,문학
20250528,5,299,54944,1,문학
20250528,6,299,79215,1,문학
20250528,7,299,67905,1,문학
20250528,8,299,51344,1,문학
20250528,9,299,62244,1,문학
20250528,10,299,50902,1,문학
20250528,1,299,1,77829,문학
20250528,2,299,50854,1,문학
20250528,3,299,68868,1,문학
20250528,4,299,75847,1,문학
20250528,5,299,62895,1,문학
20250528,6,299,51868,1,문학
20250528,7,299,67893,1,문학
20250528,8,299,66662,1,문학
20250528,9,299,54812,1,문학
20250528,10,299,66864,1,문학
20250528,1,300,1,67539,대구
20250528,2,300,68507,1,대구
20250528,3,300,69517,1,대구
20250528,4,300,54529,1,대구
20250528,5,300,78513,1,대구
20250528,6,300,52591,1,대구
20250528,7,300,68205,1,대구
20250528,8,300,51551,1,대구
20250528,9,300,50150,1,대구
20250528,10,300,51528,1,대구
20250528,1,300,1,54443,대구
20250528,2,300,50458,1,대구
20250528,3,300,67449,1,대구
20250528,4,300,62404,1,대구
20250528,5,300,54400,1,대구
20250528,6,300,52430,1,대구
20250528,7,300,62234,1,대구
20250528,8,300,52415,1,대구
20250528,9,300,74540,1,대구
20250528,10,300,69418,1,대구
20250528,1,301,1,55268,수원
20250528,2,301,79231,1,수원
20250528,3,301,55208,1,수원
20250528,4,301,76232,1,수원
20250528,5,301,78224,1,수원
20250528,6,301,63257,1,수원
20250528,7,301,50208,1,수원
20250528,8,301,68362,1,수원
20250528,9,301,54236,1,수원
20250528,10,301,55226,1,수원
20250528,1,301,1,69032,수원
20250528,2,301,76313,1,수원
20250528,3,301,64004,1,수원
20250528,4,301,52001,1,수원
20250528,5,301,67025,1,수원
20250528,6,301,78548,1,수원
20250528,7,301,79240,1,수원
20250528,8,301,66706,1,수원
20250528,9,301,79402,1,수원
20250528,10,301,51003,1,수원
20250528,1,302,1,54368,광주
20250528,2,302,65357,1,광주
20250528,3,302,76267,1,광주
20250528,4,302,54444,1,광주
20250528,5,302,50167,1,광주
20250528,6,302,75566,1,광주
20250528,7,302,53312,1,광주
20250528,8,302,78135,1,광주
20250528,9,302,78756,1,광주
20250528,10,302,55392,1,광주
20250528,1,302,1,77637,광주
20250528,2,302,64646,1,광주
20250528,3,302,52667,1,광주
20250528,4,302,69636,1,광주
20250528,5,302,72443,1,광주
20250528,6,302,68646,1,광주
20250528,7,302,67610,1,광주
20250528,8,302,65610,1,광주
20250528,9,302,65653,1,광주
20250528,10,302,66614,1,광주
20250529,1,303,1,54755,잠실
20250529,2,303,55734,1,잠실
20250529,3,303,62700,1,잠실
20250529,4,303,53764,1,잠실
20250529,5,303,69737,1,잠실
20250529,6,303,79192,1,잠실
20250529,7,303,66657,1,잠실
20250529,8,303,79608,1,잠실
20250529,9,303,76812,1,잠실
20250529,10,303,65703,1,잠실
20250529,1,303,1,67143,잠실
20250529,2,303,68119,1,잠실
20250529,3,303,76290,1,잠실
20250529,4,303,53123,1,잠실
20250529,5,303,69102,1,잠실
20250529,6,303,79109,1,잠실
20250529,7,303,69100,1,잠실
20250529,8,303,62415,1,잠실
20250529,9,303,65207,1,잠실
20250529,10,303,52154,1,잠실
20250529,1,304,1,55912,문학
20250529,2,304,69992,1,문학
20250529,3,304,51907,1,문학
20250529,4,304,63963,1,문학
20250529,5,304,54944,1,문학
20250529,6,304,79215,1,문학
20250529,7,304,67905,1,문학
20250529,8,304,69203,1,문학
20250529,9,304,64022,1,문학
20250529,10,304,51344,1,문학
20250529,1,304,1,51867,문학
20250529,2,304,50854,1,문학
20250529,3,304,66864,1,문학
20250529,4,304,75847,1,문학
20250529,5,304,51868,1,문학
20250529,6,304,62895,1,문학
20250529,7,304,79456,1,문학
20250529,8,304,67893,1,문학
20250529,9,304,69804,1,문학
20250529,10,304,66917,1,문학
20250529,1,305,1,64021,대구
20250529,2,305,68507,1,대구
20250529,3,305,69517,1,대구
20250529,4,305,54529,1,대구
20250529,5,305,78513,1,대구
20250529,6,305,52591,1,대구
20250529,7,305,68205,1,대구
20250529,8,305,51551,1,대구
20250529,9,305,50150,1,대구
20250529,10,305,51528,1,대구
20250529,1,305,1,65320,대구
20250529,2,305,50458,1,대구
20250529,3,305,67449,1,대구
20250529,4,305,62404,1,대구
20250529,5,305,54400,1,대구
20250529,6,305,74540,1,대구
20250529,7,305,62234,1,대구
20250529,8,305,52415,1,대구
20250529,9,305,52430,1,대구
20250529,10,305,69418,1,대구
20250529,1,306,1,55257,수원
20250529,2,306,55208,1,수원
20250529,3,306,64468,1,수원
20250529,4,306,76232,1,수원
20250529,5,306,78224,1,수원
20250529,6,306,66112,1,수원
20250529,7,306,50208,1,수원
20250529,8,306,63123,1,수원
20250529,9,306,54236,1,수원
20250529,10,306,79231,1,수원
20250529,1,306,1,50859,수원
20250529,2,306,76313,1,수원
20250529,3,306,64004,1,수원
20250529,4,306,52001,1,수원
20250529,5,306,67025,1,수원
20250529,6,306,78548,1,수원
20250529,7,306,64007,1,수원
20250529,8,306,79240,1,수원
20250529,9,306,79402,1,수원
20250529,10,306,51003,1,수원
20250529,1,307,1,54319,광주
20250529,2,307,65357,1,광주
20250529,3,307,76267,1,광주
20250529,4,307,54444,1,광주
20250529,5,307,50167,1,광주
20250529,6,307,53312,1,광주
20250529,7,307,64346,1,광주
20250529,8,307,55392,1,광주
20250529,9,307,50357,1,광주
20250529,10,307,54394,1,광주
20250529,1,307,1,54640,광주
20250529,2,307,64646,1,광주
20250529,3,307,66614,1,광주
20250529,4,307,69636,1,광주
20250529,5,307,72443,1,광주
20250529,6,307,67610,1,광주
20250529,7,307,65610,1,광주
20250529,8,307,50600,1,광주
20250529,9,307,78122,1,광주
20250529,10,307,65653,1,광주
20250530,1,308,1,51454,잠실
20250530,2,308,50458,1,잠실
20250530,3,308,67449,1,잠실
20250530,4,308,62404,1,잠실
20250530,5,308,54400,1,잠실
20250530,6,308,65132,1,잠실
20250530,7,308,62234,1,잠실
20250530,8,308,52415,1,잠실
20250530,9,308,52430,1,잠실
20250530,10,308,65040,1,잠실
20250530,1,308,1,54119,잠실
20250530,2,308,62415,1,잠실
20250530,3,308,76290,1,잠실
20250530,4,308,53123,1,잠실
20250530,5,308,69102,1,잠실
20250530,6,308,79365,1,잠실
20250530,7,308,79109,1,잠실
20250530,8,308,69100,1,잠실
20250530,9,308,68110,1,잠실
20250530,10,308,65207,1,잠실
20250530,1,309,1,55855,사직
20250530,2,309,50854,1,사직
20250530,3,309,66864,1,사직
20250530,4,309,79456,1,사직
20250530,5,309,51868,1,사직
20250530,6,309,67893,1,사직
20250530,7,309,51865,1,사직
20250530,8,309,60558,1,사직
20250530,9,309,69804,1,사직
20250530,10,309,52804,1,사직
20250530,1,309,1,55536,사직
20250530,2,309,68507,1,사직
20250530,3,309,68205,1,사직
20250530,4,309,69517,1,사직
20250530,5,309,54529,1,사직
20250530,6,309,52591,1,사직
20250530,7,309,78513,1,사직
20250530,8,309,77564,1,사직
20250530,9,309,50150,1,사직
20250530,10,309,61102,1,사직
20250530,1,310,1,76715,창원
20250530,2,310,55734,1,창원
20250530,3,310,62700,1,창원
20250530,4,310,53764,1,창원
20250530,5,310,69737,1,창원
20250530,6,310,79192,1,창원
20250530,7,310,66657,1,창원
20250530,8,310,79608,1,창원
20250530,9,310,78288,1,창원
20250530,10,310,54795,1,창원
20250530,1,310,1,55903,창원
20250530,2,310,63963,1,창원
20250530,3,310,51907,1,창원
20250530,4,310,62907,1,창원
20250530,5,310,54944,1,창원
20250530,6,310,79215,1,창원
20250530,7,310,51344,1,창원
20250530,8,310,62934,1,창원
20250530,9,310,64022,1,창원
20250530,10,310,69992,1,창원
20250530,1,311,1,69745,수원
20250530,2,311,64646,1,수원
20250530,3,311,52667,1,수원
20250530,4,311,65610,1,수원
20250530,5,311,72443,1,수원
20250530,6,311,63260,1,수원
20250530,7,311,53659,1,수원
20250530,8,311,50657,1,수원
20250530,9,311,78122,1,수원
20250530,10,311,65653,1,수원
20250530,1,311,1,54354,수원
20250530,2,311,64004,1,수원
20250530,3,311,79240,1,수원
20250530,4,311,52001,1,수원
20250530,5,311,67025,1,수원
20250530,6,311,64007,1,수원
20250530,7,311,79402,1,수원
20250530,8,311,64166,1,수원
20250530,9,311,51003,1,수원
20250530,10,311,68089,1,수원
20250530,1,312,1,67263,고척
20250530,2,312,79231,1,고척
20250530,3,312,55208,1,고척
20250530,4,312,76232,1,고척
20250530,5,312,78224,1,고척
20250530,6,312,64153,1,고척
20250530,7,312,53554,1,고척
20250530,8,312,63123,1,고척
20250530,9,312,54236,1,고척
20250530,10,312,64468,1,고척
20250530,1,312,1,66018,고척
20250530,2,312,65357,1,고척
20250530,3,312,76267,1,고척
20250530,4,312,50167,1,고척
20250530,5,312,53312,1,고척
20250530,6,312,64984,1,고척
20250530,7,312,64346,1,고척
20250530,8,312,64340,1,고척
20250530,9,312,50357,1,고척
20250530,10,312,55392,1,고척
20250531,1,313,1,65056,창원
20250531,2,313,55734,1,창원
20250531,3,313,62700,1,창원
20250531,4,313,53764,1,창원
20250531,5,313,69737,1,창원
20250531,6,313,79192,1,창원
20250531,7,313,66657,1,창원
20250531,8,313,79608,1,창원
20250531,9,313,78288,1,창원
20250531,10,313,54795,1,창원
20250531,1,313,1,52995,창원
20250531,2,313,64101,1,창원
20250531,3,313,51907,1,창원
20250531,4,313,62907,1,창원
20250531,5,313,54944,1,창원
20250531,6,313,79215,1,창원
20250531,7,313,68904,1,창원
20250531,8,313,51344,1,창원
20250531,9,313,67905,1,창원
20250531,10,313,64022,1,창원
20250531,1,314,1,53613,수원
20250531,2,314,52667,1,수원
20250531,3,314,50600,1,수원
20250531,4,314,69636,1,수원
20250531,5,314,72443,1,수원
20250531,6,314,67610,1,수원
20250531,7,314,68646,1,수원
20250531,8,314,65610,1,수원
20250531,9,314,66614,1,수원
20250531,10,314,65653,1,수원
20250531,1,314,1,50030,수원
20250531,2,314,64004,1,수원
20250531,3,314,79402,1,수원
20250531,4,314,52001,1,수원
20250531,5,314,67025,1,수원
20250531,6,314,78548,1,수원
20250531,7,314,64007,1,수원
20250531,8,314,79240,1,수원
20250531,9,314,64166,1,수원
20250531,10,314,64504,1,수원
20250531,1,315,1,69446,잠실
20250531,2,315,50458,1,잠실
20250531,3,315,52415,1,잠실
20250531,4,315,62404,1,잠실
20250531,5,315,54400,1,잠실
20250531,6,315,74540,1,잠실
20250531,7,315,62234,1,잠실
20250531,8,315,69418,1,잠실
20250531,9,315,52430,1,잠실
20250531,10,315,54408,1,잠실
20250531,1,315,1,55146,잠실
20250531,2,315,62415,1,잠실
20250531,3,315,76290,1,잠실
20250531,4,315,53123,1,잠실
20250531,5,315,79365,1,잠실
20250531,6,315,79109,1,잠실
20250531,7,315,68119,1,잠실
20250531,8,315,69100,1,잠실
20250531,9,315,51100,1,잠실
20250531,10,315,65207,1,잠실
20250531,1,316,1,52809,사직
20250531,2,316,50854,1,사직
20250531,3,316,68868,1,사직
20250531,4,316,75847,1,사직
20250531,5,316,62895,1,사직
20250531,6,316,51868,1,사직
20250531,7,316,67893,1,사직
20250531,8,316,51865,1,사직
20250531,9,316,54812,1,사직
20250531,10,316,66917,1,사직
20250531,1,316,1,67539,사직
20250531,2,316,68205,1,사직
20250531,3,316,52591,1,사직
20250531,4,316,69517,1,사직
20250531,5,316,54529,1,사직
20250531,6,316,78513,1,사직
20250531,7,316,51551,1,사직
20250531,8,316,50150,1,사직
20250531,9,316,61102,1,사직
20250531,10,316,52504,1,사직
20250531,1,317,1,55239,고척
20250531,2,317,79231,1,고척
20250531,3,317,55208,1,고척
20250531,4,317,76232,1,고척
20250531,5,317,78224,1,고척
20250531,6,317,64153,1,고척
20250531,7,317,53554,1,고척
20250531,8,317,63123,1,고척
20250531,9,317,54236,1,고척
20250531,10,317,64468,1,고척
20250531,1,317,1,55322,고척
20250531,2,317,65357,1,고척
20250531,3,317,76267,1,고척
20250531,4,317,54444,1,고척
20250531,5,317,50167,1,고척
20250531,6,317,53312,1,고척
20250531,7,317,78135,1,고척
20250531,8,317,64340,1,고척
20250531,9,317,54394,1,고척
20250531,10,317,78756,1,고척
20250601,1,318,1,51264,고척
20250601,2,318,53554,1,고척
20250601,3,318,55226,1,고척
20250601,4,318,76232,1,고척
20250601,5,318,78224,1,고척
20250601,6,318,55208,1,고척
20250601,7,318,64153,1,고척
20250601,8,318,54236,1,고척
20250601,9,318,64468,1,고척
20250601,10,318,69238,1,고척
20250601,1,318,1,69045,고척
20250601,2,318,65357,1,고척
20250601,3,318,76267,1,고척
20250601,4,318,50167,1,고척
20250601,5,318,78135,1,고척
20250601,6,318,64340,1,고척
20250601,7,318,64346,1,고척
20250601,8,318,54394,1,고척
20250601,9,318,62332,1,고척
20250601,10,318,78756,1,고척
20250601,1,319,1,54443,잠실
20250601,2,319,50458,1,잠실
20250601,3,319,52430,1,잠실
20250601,4,319,69418,1,잠실
20250601,5,319,54400,1,잠실
20250601,6,319,74540,1,잠실
20250601,7,319,62404,1,잠실
20250601,8,319,62234,1,잠실
20250601,9,319,54408,1,잠실
20250601,10,319,52415,1,잠실
20250601,1,319,1,61101,잠실
20250601,2,319,62415,1,잠실
20250601,3,319,76290,1,잠실
20250601,4,319,53123,1,잠실
20250601,5,319,69102,1,잠실
20250601,6,319,79365,1,잠실
20250601,7,319,79109,1,잠실
20250601,8,319,68119,1,잠실
20250601,9,319,69100,1,잠실
20250601,10,319,65207,1,잠실
20250601,1,320,1,54833,사직
20250601,2,320,50854,1,사직
20250601,3,320,68868,1,사직
20250601,4,320,75847,1,사직
20250601,5,320,62895,1,사직
20250601,6,320,51868,1,사직
20250601,7,320,67893,1,사직
20250601,8,320,79456,1,사직
20250601,9,320,54812,1,사직
20250601,10,320,66917,1,사직
20250601,1,320,1,52530,사직
20250601,2,320,68205,1,사직
20250601,3,320,69517,1,사직
20250601,4,320,54529,1,사직
20250601,5,320,78513,1,사직
20250601,6,320,52591,1,사직
20250601,7,320,51551,1,사직
20250601,8,320,50150,1,사직
20250601,9,320,61102,1,사직
20250601,10,320,68507,1,사직
20250601,1,321,1,54729,창원
20250601,2,321,55734,1,창원
20250601,3,321,62700,1,창원
20250601,4,321,53764,1,창원
20250601,5,321,69737,1,창원
20250601,6,321,79192,1,창원
20250601,7,321,66657,1,창원
20250601,8,321,79608,1,창원
20250601,9,321,76812,1,창원
20250601,10,321,54795,1,창원
20250601,1,321,1,52992,창원
20250601,2,321,62907,1,창원
20250601,3,321,51907,1,창원
20250601,4,321,79215,1,창원
20250601,5,321,54944,1,창원
20250601,6,321,63963,1,창원
20250601,7,321,51344,1,창원
20250601,8,321,67905,1,창원
20250601,9,321,51903,1,창원
20250601,10,321,64101,1,창원
20250601,1,322,1,55633,수원
20250601,2,322,52667,1,수원
20250601,3,322,64646,1,수원
20250601,4,322,69636,1,수원
20250601,5,322,72443,1,수원
20250601,6,322,55645,1,수원
20250601,7,322,67610,1,수원
20250601,8,322,66606,1,수원
20250601,9,322,68646,1,수원
20250601,10,322,65653,1,수원
20250601,1,322,1,64768,수원
20250601,2,322,66706,1,수원
20250601,3,322,79402,1,수원
20250601,4,322,52001,1,수원
20250601,5,322,67025,1,수원
20250601,6,322,78548,1,수원
20250601,7,322,79240,1,수원
20250601,8,322,51003,1,수원
20250601,9,322,64504,1,수원
20250601,10,322,67006,1,수원
20250603,1,323,1,51111,창원
20250603,2,323,62415,1,창원
20250603,3,323,76290,1,창원
20250603,4,323,53123,1,창원
20250603,5,323,69102,1,창원
20250603,6,323,68119,1,창원
20250603,7,323,79109,1,창원
20250603,8,323,69100,1,창원
20250603,9,323,52154,1,창원
20250603,10,323,65207,1,창원
20250603,1,323,1,53973,창원
20250603,2,323,64101,1,창원
20250603,3,323,51907,1,창원
20250603,4,323,79215,1,창원
20250603,5,323,54944,1,창원
20250603,6,323,63963,1,창원
20250603,7,323,51344,1,창원
20250603,8,323,67905,1,창원
20250603,9,323,68912,1,창원
20250603,10,323,50902,1,창원
20250603,1,324,1,69032,대전
20250603,2,324,64004,1,대전
20250603,3,324,67644,1,대전
20250603,4,324,52001,1,대전
20250603,5,324,67025,1,대전
20250603,6,324,79240,1,대전
20250603,7,324,78548,1,대전
20250603,8,324,66706,1,대전
20250603,9,324,69056,1,대전
20250603,10,324,51003,1,대전
20250603,1,324,1,55730,대전
20250603,2,324,55734,1,대전
20250603,3,324,62700,1,대전
20250603,4,324,53764,1,대전
20250603,5,324,69737,1,대전
20250603,6,324,79192,1,대전
20250603,7,324,66657,1,대전
20250603,8,324,50707,1,대전
20250603,9,324,78288,1,대전
20250603,10,324,65703,1,대전
20250603,1,325,1,77637,잠실
20250603,2,325,64646,1,잠실
20250603,3,325,66606,1,잠실
20250603,4,325,52667,1,잠실
20250603,5,325,55645,1,잠실
20250603,6,325,69636,1,잠실
20250603,7,325,67610,1,잠실
20250603,8,325,65610,1,잠실
20250603,9,325,78122,1,잠실
20250603,10,325,65653,1,잠실
20250603,1,325,1,68220,잠실
20250603,2,325,79231,1,잠실
20250603,3,325,69238,1,잠실
20250603,4,325,55208,1,잠실
20250603,5,325,78224,1,잠실
20250603,6,325,66112,1,잠실
20250603,7,325,54236,1,잠실
20250603,8,325,65269,1,잠실
20250603,9,325,55226,1,잠실
20250603,10,325,55252,1,잠실
20250603,1,326,1,53375,문학
20250603,2,326,50458,1,문학
20250603,3,326,62234,1,문학
20250603,4,326,69418,1,문학
20250603,5,326,54400,1,문학
20250603,6,326,74540,1,문학
20250603,7,326,62404,1,문학
20250603,8,326,52430,1,문학
20250603,9,326,52415,1,문학
20250603,10,326,54408,1,문학
20250603,1,326,1,77829,문학
20250603,2,326,50854,1,문학
20250603,3,326,53827,1,문학
20250603,4,326,75847,1,문학
20250603,5,326,62895,1,문학
20250603,6,326,51868,1,문학
20250603,7,326,67893,1,문학
20250603,8,326,79456,1,문학
20250603,9,326,54812,1,문학
20250603,10,326,66917,1,문학
20250603,1,327,1,54368,사직
20250603,2,327,65357,1,사직
20250603,3,327,76267,1,사직
20250603,4,327,64340,1,사직
20250603,5,327,53312,1,사직
20250603,6,327,78135,1,사직
20250603,7,327,78756,1,사직
20250603,8,327,54394,1,사직
20250603,9,327,55392,1,사직
20250603,10,327,52305,1,사직
20250603,1,327,1,55532,사직
20250603,2,327,68507,1,사직
20250603,3,327,69517,1,사직
20250603,4,327,54529,1,사직
20250603,5,327,78513,1,사직
20250603,6,327,52591,1,사직
20250603,7,327,68205,1,사직
20250603,8,327,50150,1,사직
20250603,9,327,61102,1,사직
20250603,10,327,60523,1,사직
20250604,1,328,1,54640,잠실
20250604,2,328,64646,1,잠실
20250604,3,328,66606,1,잠실
20250604,4,328,52667,1,잠실
20250604,5,328,72443,1,잠실
20250604,6,328,69636,1,잠실
20250604,7,328,55645,1,잠실
20250604,8,328,67610,1,잠실
20250604,9,328,78122,1,잠실
20250604,10,328,65653,1,잠실
20250604,1,328,1,55268,잠실
20250604,2,328,79231,1,잠실
20250604,3,328,55208,1,잠실
20250604,4,328,76232,1,잠실
20250604,5,328,78224,1,잠실
20250604,6,328,53554,1,잠실
20250604,7,328,65269,1,잠실
20250604,8,328,55224,1,잠실
20250604,9,328,55252,1,잠실
20250604,10,328,55226,1,잠실
20250604,1,329,1,65320,문학
20250604,2,329,69418,1,문학
20250604,3,329,50458,1,문학
20250604,4,329,52415,1,문학
20250604,5,329,54400,1,문학
20250604,6,329,74540,1,문학
20250604,7,329,52430,1,문학
20250604,8,329,62234,1,문학
20250604,9,329,66409,1,문학
20250604,10,329,54408,1,문학
20250604,1,329,1,51867,문학
20250604,2,329,50854,1,문학
20250604,3,329,53827,1,문학
20250604,4,329,75847,1,문학
20250604,5,329,62895,1,문학
20250604,6,329,51868,1,문학
20250604,7,329,67893,1,문학
20250604,8,329,54812,1,문학
20250604,9,329,51865,1,문학
20250604,10,329,66917,1,문학
20250604,1,330,1,54319,사직
20250604,2,330,65357,1,사직
20250604,3,330,76267,1,사직
20250604,4,330,50167,1,사직
20250604,5,330,66838,1,사직
20250604,6,330,64984,1,사직
20250604,7,330,54307,1,사직
20250604,8,330,62332,1,사직
20250604,9,330,55392,1,사직
20250604,10,330,50357,1,사직
20250604,1,330,1,64021,사직
20250604,2,330,68507,1,사직
20250604,3,330,69517,1,사직
20250604,4,330,54529,1,사직
20250604,5,330,78513,1,사직
20250604,6,330,52591,1,사직
20250604,7,330,68205,1,사직
20250604,8,330,50150,1,사직
20250604,9,330,61102,1,사직
20250604,10,330,60523,1,사직
20250604,1,331,1,67143,창원
20250604,2,331,62415,1,창원
20250604,3,331,76290,1,창원
20250604,4,331,53123,1,창원
20250604,5,331,69102,1,창원
20250604,6,331,79365,1,창원
20250604,7,331,68119,1,창원
20250604,8,331,79109,1,창원
20250604,9,331,69100,1,창원
20250604,10,331,65207,1,창원
20250604,1,331,1,55912,창원
20250604,2,331,62907,1,창원
20250604,3,331,51907,1,창원
20250604,4,331,79215,1,창원
20250604,5,331,54944,1,창원
20250604,6,331,63963,1,창원
20250604,7,331,51344,1,창원
20250604,8,331,68904,1,창원
20250604,9,331,68912,1,창원
20250604,10,331,67905,1,창원
20250604,1,332,1,50859,대전
20250604,2,332,64004,1,대전
20250604,3,332,67644,1,대전
20250604,4,332,52001,1,대전
20250604,5,332,67025,1,대전
20250604,6,332,79240,1,대전
20250604,7,332,78548,1,대전
20250604,8,332,50054,1,대전
20250604,9,332,64504,1,대전
20250604,10,332,51003,1,대전
20250604,1,332,1,54755,대전
20250604,2,332,55734,1,대전
20250604,3,332,62700,1,대전
20250604,4,332,53764,1,대전
20250604,5,332,69737,1,대전
20250604,6,332,79192,1,대전
20250604,7,332,66657,1,대전
20250604,8,332,66704,1,대전
20250604,9,332,76812,1,대전
20250604,10,332,65703,1,대전
20250605,1,333,1,69745,잠실
20250605,2,333,64646,1,잠실
20250605,3,333,66606,1,잠실
20250605,4,333,52667,1,잠실
20250605,5,333,72443,1,잠실
20250605,6,333,69636,1,잠실
20250605,7,333,55645,1,잠실
20250605,8,333,67610,1,잠실
20250605,9,333,68646,1,잠실
20250605,10,333,65653,1,잠실
20250605,1,333,1,67263,잠실
20250605,2,333,79231,1,잠실
20250605,3,333,55208,1,잠실
20250605,4,333,76232,1,잠실
20250605,5,333,78224,1,잠실
20250605,6,333,53554,1,잠실
20250605,7,333,65269,1,잠실
20250605,8,333,55252,1,잠실
20250605,9,333,55224,1,잠실
20250605,10,333,54205,1,잠실
20250605,1,334,1,51454,문학
20250605,2,334,50458,1,문학
20250605,3,334,65040,1,문학
20250605,4,334,62404,1,문학
20250605,5,334,54400,1,문학
20250605,6,334,52430,1,문학
20250605,7,334,65132,1,문학
20250605,8,334,52415,1,문학
20250605,9,334,69418,1,문학
20250605,10,334,54408,1,문학
20250605,1,334,1,55855,문학
20250605,2,334,60558,1,문학
20250605,3,334,53827,1,문학
20250605,4,334,75847,1,문학
20250605,5,334,51868,1,문학
20250605,6,334,62895,1,문학
20250605,7,334,79456,1,문학
20250605,8,334,67893,1,문학
20250605,9,334,66917,1,문학
20250605,10,334,54812,1,문학
20250605,1,335,1,64350,사직
20250605,2,335,65357,1,사직
20250605,3,335,76267,1,사직
20250605,4,335,50167,1,사직
20250605,5,335,66838,1,사직
20250605,6,335,64340,1,사직
20250605,7,335,54394,1,사직
20250605,8,335,53312,1,사직
20250605,9,335,55392,1,사직
20250605,10,335,52305,1,사직
20250605,1,335,1,55536,사직
20250605,2,335,68507,1,사직
20250605,3,335,69517,1,사직
20250605,4,335,54529,1,사직
20250605,5,335,78513,1,사직
20250605,6,335,52591,1,사직
20250605,7,335,68205,1,사직
20250605,8,335,50150,1,사직
20250605,9,335,60523,1,사직
20250605,10,335,51528,1,사직
20250605,1,336,1,54119,창원
20250605,2,336,65207,1,창원
20250605,3,336,62415,1,창원
20250605,4,336,53123,1,창원
20250605,5,336,69102,1,창원
20250605,6,336,68119,1,창원
20250605,7,336,52121,1,창원
20250605,8,336,68110,1,창원
20250605,9,336,52154,1,창원
20250605,10,336,51100,1,창원
20250605,1,336,1,55903,창원
20250605,2,336,62907,1,창원
20250605,3,336,51907,1,창원
20250605,4,336,79215,1,창원
20250605,5,336,54944,1,창원
20250605,6,336,63963,1,창원
20250605,7,336,51344,1,창원
20250605,8,336,68904,1,창원
20250605,9,336,68912,1,창원
20250605,10,336,67905,1,창원
20250605,1,337,1,54354,대전
20250605,2,337,64166,1,대전
20250605,3,337,50054,1,대전
20250605,4,337,52001,1,대전
20250605,5,337,67025,1,대전
20250605,6,337,78548,1,대전
20250605,7,337,64504,1,대전
20250605,8,337,68504,1,대전
20250605,9,337,51003,1,대전
20250605,10,337,68089,1,대전
20250605,1,337,1,76715,대전
20250605,2,337,55734,1,대전
20250605,3,337,79608,1,대전
20250605,4,337,53764,1,대전
20250605,5,337,69737,1,대전
20250605,6,337,79192,1,대전
20250605,7,337,66657,1,대전
20250605,8,337,65703,1,대전
20250605,9,337,78288,1,대전
20250605,10,337,62700,1,대전
20250606,1,338,1,67539,잠실
20250606,2,338,52504,1,잠실
20250606,3,338,69517,1,잠실
20250606,4,338,54529,1,잠실
20250606,5,338,78513,1,잠실
20250606,6,338,68205,1,잠실
20250606,7,338,50150,1,잠실
20250606,8,338,61102,1,잠실
20250606,9,338,52568,1,잠실
20250606,10,338,55506,1,잠실
20250606,1,338,1,55239,잠실
20250606,2,338,55208,1,잠실
20250606,3,338,52267,1,잠실
20250606,4,338,76232,1,잠실
20250606,5,338,78224,1,잠실
20250606,6,338,53554,1,잠실
20250606,7,338,55252,1,잠실
20250606,8,338,69238,1,잠실
20250606,9,338,64468,1,잠실
20250606,10,338,54205,1,잠실
20250606,1,339,1,52995,대구
20250606,2,339,63963,1,대구
20250606,3,339,51907,1,대구
20250606,4,339,62907,1,대구
20250606,5,339,54944,1,대구
20250606,6,339,79215,1,대구
20250606,7,339,68904,1,대구
20250606,8,339,67905,1,대구
20250606,9,339,68912,1,대구
20250606,10,339,51344,1,대구
20250606,1,339,1,69446,대구
20250606,2,339,50458,1,대구
20250606,3,339,65040,1,대구
20250606,4,339,62404,1,대구
20250606,5,339,54400,1,대구
20250606,6,339,74540,1,대구
20250606,7,339,52430,1,대구
20250606,8,339,52415,1,대구
20250606,9,339,62234,1,대구
20250606,10,339,54408,1,대구
20250606,1,340,1,52809,수원
20250606,2,340,50854,1,수원
20250606,3,340,53827,1,수원
20250606,4,340,75847,1,수원
20250606,5,340,62895,1,수원
20250606,6,340,51868,1,수원
20250606,7,340,67893,1,수원
20250606,8,340,51865,1,수원
20250606,9,340,54812,1,수원
20250606,10,340,66917,1,수원
20250606,1,340,1,50030,수원
20250606,2,340,64166,1,수원
20250606,3,340,50054,1,수원
20250606,4,340,52001,1,수원
20250606,5,340,67025,1,수원
20250606,6,340,78548,1,수원
20250606,7,340,67644,1,수원
20250606,8,340,79240,1,수원
20250606,9,340,64504,1,수원
20250606,10,340,51003,1,수원
20250606,1,341,1,65056,광주
20250606,2,341,55734,1,광주
20250606,3,341,50707,1,광주
20250606,4,341,53764,1,광주
20250606,5,341,69737,1,광주
20250606,6,341,79192,1,광주
20250606,7,341,66657,1,광주
20250606,8,341,62700,1,광주
20250606,9,341,78288,1,광주
20250606,10,341,65703,1,광주
20250606,1,341,1,53613,광주
20250606,2,341,64646,1,광주
20250606,3,341,66606,1,광주
20250606,4,341,69636,1,광주
20250606,5,341,72443,1,광주
20250606,6,341,55645,1,광주
20250606,7,341,61353,1,광주
20250606,8,341,67610,1,광주
20250606,9,341,78122,1,광주
20250606,10,341,52667,1,광주
20250606,1,342,1,55146,고척
20250606,2,342,65207,1,고척
20250606,3,342,68110,1,고척
20250606,4,342,53123,1,고척
20250606,5,342,69102,1,고척
20250606,6,342,79365,1,고척
20250606,7,342,68119,1,고척
20250606,8,342,52121,1,고척
20250606,9,342,69100,1,고척
20250606,10,342,62415,1,고척
20250606,1,342,1,55322,고척
20250606,2,342,65357,1,고척
20250606,3,342,76267,1,고척
20250606,4,342,50167,1,고척
20250606,5,342,66838,1,고척
20250606,6,342,64340,1,고척
20250606,7,342,54307,1,고척
20250606,8,342,54394,1,고척
20250606,9,342,53312,1,고척
20250606,10,342,55392,1,고척
20250607,1,343,1,52530,잠실
20250607,2,343,68507,1,잠실
20250607,3,343,69517,1,잠실
20250607,4,343,54529,1,잠실
20250607,5,343,78513,1,잠실
20250607,6,343,68205,1,잠실
20250607,7,343,50150,1,잠실
20250607,8,343,61102,1,잠실
20250607,9,343,52504,1,잠실
20250607,10,343,52568,1,잠실
20250607,1,343,1,51264,잠실
20250607,2,343,79231,1,잠실
20250607,3,343,52267,1,잠실
20250607,4,343,76232,1,잠실
20250607,5,343,55208,1,잠실
20250607,6,343,78224,1,잠실
20250607,7,343,53554,1,잠실
20250607,8,343,55252,1,잠실
20250607,9,343,64468,1,잠실
20250607,10,343,54205,1,잠실
20250607,1,344,1,68902,대구
20250607,2,344,69992,1,대구
20250607,3,344,51907,1,대구
20250607,4,344,62907,1,대구
20250607,5,344,54944,1,대구
20250607,6,344,79215,1,대구
20250607,7,344,77532,1,대구
20250607,8,344,68904,1,대구
20250607,9,344,68912,1,대구
20250607,10,344,67905,1,대구
20250607,1,344,1,54443,대구
20250607,2,344,50458,1,대구
20250607,3,344,52415,1,대구
20250607,4,344,62404,1,대구
20250607,5,344,54400,1,대구
20250607,6,344,74540,1,대구
20250607,7,344,62234,1,대구
20250607,8,344,66409,1,대구
20250607,9,344,52430,1,대구
20250607,10,344,69418,1,대구
20250607,1,345,1,54833,수원
20250607,2,345,50854,1,수원
20250607,3,345,53827,1,수원
20250607,4,345,75847,1,수원
20250607,5,345,62895,1,수원
20250607,6,345,67893,1,수원
20250607,7,345,51868,1,수원
20250607,8,345,79456,1,수원
20250607,9,345,54812,1,수원
20250607,10,345,66917,1,수원
20250607,1,345,1,64001,수원
20250607,2,345,64166,1,수원
20250607,3,345,50054,1,수원
20250607,4,345,52001,1,수원
20250607,5,345,67025,1,수원
20250607,6,345,78548,1,수원
20250607,7,345,67644,1,수원
20250607,8,345,79240,1,수원
20250607,9,345,64504,1,수원
20250607,10,345,51003,1,수원
20250607,1,346,1,54729,광주
20250607,2,346,55734,1,광주
20250607,3,346,62700,1,광주
20250607,4,346,53764,1,광주
20250607,5,346,79192,1,광주
20250607,6,346,66657,1,광주
20250607,7,346,69737,1,광주
20250607,8,346,50707,1,광주
20250607,9,346,78288,1,광주
20250607,10,346,54795,1,광주
20250607,1,346,1,55633,광주
20250607,2,346,64646,1,광주
20250607,3,346,52667,1,광주
20250607,4,346,55645,1,광주
20250607,5,346,72443,1,광주
20250607,6,346,69636,1,광주
20250607,7,346,65610,1,광주
20250607,8,346,65653,1,광주
20250607,9,346,78122,1,광주
20250607,10,346,66606,1,광주
20250607,1,347,1,61101,고척
20250607,2,347,65207,1,고척
20250607,3,347,76290,1,고척
20250607,4,347,53123,1,고척
20250607,5,347,69102,1,고척
20250607,6,347,79365,1,고척
20250607,7,347,68119,1,고척
20250607,8,347,69100,1,고척
20250607,9,347,54156,1,고척
20250607,10,347,62415,1,고척
20250607,1,347,1,69045,고척
20250607,2,347,65357,1,고척
20250607,3,347,76267,1,고척
20250607,4,347,50167,1,고척
20250607,5,347,64340,1,고척
20250607,6,347,54307,1,고척
20250607,7,347,66838,1,고척
20250607,8,347,62332,1,고척
20250607,9,347,55392,1,고척
20250607,10,347,54394,1,고척
20250608,1,348,1,51111,고척
20250608,2,348,65207,1,고척
20250608,3,348,76290,1,고척
20250608,4,348,53123,1,고척
20250608,5,348,69102,1,고척
20250608,6,348,68119,1,고척
20250608,7,348,69100,1,고척
20250608,8,348,52154,1,고척
20250608,9,348,54156,1,고척
20250608,10,348,62415,1,고척
20250608,1,348,1,55313,고척
20250608,2,348,65357,1,고척
20250608,3,348,76267,1,고척
20250608,4,348,50167,1,고척
20250608,5,348,64340,1,고척
20250608,6,348,53312,1,고척
20250608,7,348,52305,1,고척
20250608,8,348,55392,1,고척
20250608,9,348,55370,1,고척
20250608,10,348,54394,1,고척
20250608,1,349,1,55532,잠실
20250608,2,349,68507,1,잠실
20250608,3,349,52568,1,잠실
20250608,4,349,54529,1,잠실
20250608,5,349,78513,1,잠실
20250608,6,349,50150,1,잠실
20250608,7,349,68205,1,잠실
20250608,8,349,60523,1,잠실
20250608,9,349,52504,1,잠실
20250608,10,349,68518,1,잠실
20250608,1,349,1,68220,잠실
20250608,2,349,67207,1,잠실
20250608,3,349,69238,1,잠실
20250608,4,349,76232,1,잠실
20250608,5,349,78224,1,잠실
20250608,6,349,66112,1,잠실
20250608,7,349,55252,1,잠실
20250608,8,349,79231,1,잠실
20250608,9,349,64468,1,잠실
20250608,10,349,54205,1,잠실
20250608,1,350,1,53919,대구
20250608,2,350,69992,1,대구
20250608,3,350,51907,1,대구
20250608,4,350,62907,1,대구
20250608,5,350,54944,1,대구
20250608,6,350,77532,1,대구
20250608,7,350,63963,1,대구
20250608,8,350,64101,1,대구
20250608,9,350,51344,1,대구
20250608,10,350,51903,1,대구
20250608,1,350,1,53375,대구
20250608,2,350,50458,1,대구
20250608,3,350,62234,1,대구
20250608,4,350,62404,1,대구
20250608,5,350,54400,1,대구
20250608,6,350,52430,1,대구
20250608,7,350,52415,1,대구
20250608,8,350,75125,1,대구
20250608,9,350,65132,1,대구
20250608,10,350,66409,1,대구
20250608,1,351,1,54802,수원
20250608,2,351,50854,1,수원
20250608,3,351,53827,1,수원
20250608,4,351,75847,1,수원
20250608,5,351,62895,1,수원
20250608,6,351,51868,1,수원
20250608,7,351,67893,1,수원
20250608,8,351,51865,1,수원
20250608,9,351,66917,1,수원
20250608,10,351,52804,1,수원
20250608,1,351,1,69032,수원
20250608,2,351,64166,1,수원
20250608,3,351,68504,1,수원
20250608,4,351,79240,1,수원
20250608,5,351,67025,1,수원
20250608,6,351,67644,1,수원
20250608,7,351,79402,1,수원
20250608,8,351,66706,1,수원
20250608,9,351,51003,1,수원
20250608,10,351,68089,1,수원
20250608,1,352,1,55730,광주
20250608,2,352,55734,1,광주
20250608,3,352,62700,1,광주
20250608,4,352,53764,1,광주
20250608,5,352,69737,1,광주
20250608,6,352,79192,1,광주
20250608,7,352,66657,1,광주
20250608,8,352,79608,1,광주
20250608,9,352,78288,1,광주
20250608,10,352,54795,1,광주
20250608,1,352,1,77637,광주
20250608,2,352,52667,1,광주
20250608,3,352,64646,1,광주
20250608,4,352,69636,1,광주
20250608,5,352,72443,1,광주
20250608,6,352,55645,1,광주
20250608,7,352,66606,1,광주
20250608,8,352,67610,1,광주
20250608,9,352,78122,1,광주
20250608,10,352,65653,1,광주
20250610,1,353,1,51867,잠실
20250610,2,353,50854,1,잠실
20250610,3,353,62934,1,잠실
20250610,4,353,75847,1,잠실
20250610,5,353,51868,1,잠실
20250610,6,353,53827,1,잠실
20250610,7,353,67893,1,잠실
20250610,8,353,51865,1,잠실
20250610,9,353,52804,1,잠실
20250610,10,353,66917,1,잠실
20250610,1,353,1,67143,잠실
20250610,2,353,65207,1,잠실
20250610,3,353,76290,1,잠실
20250610,4,353,53123,1,잠실
20250610,5,353,69102,1,잠실
20250610,6,353,79365,1,잠실
20250610,7,353,68119,1,잠실
20250610,8,353,69100,1,잠실
20250610,9,353,66162,1,잠실
20250610,10,353,62415,1,잠실
20250610,1,354,1,64021,수원
20250610,2,354,68507,1,수원
20250610,3,354,69517,1,수원
20250610,4,354,54529,1,수원
20250610,5,354,78513,1,수원
20250610,6,354,60523,1,수원
20250610,7,354,50150,1,수원
20250610,8,354,77564,1,수원
20250610,9,354,68205,1,수원
20250610,10,354,68518,1,수원
20250610,1,354,1,50859,수원
20250610,2,354,64166,1,수원
20250610,3,354,79402,1,수원
20250610,4,354,52001,1,수원
20250610,5,354,67025,1,수원
20250610,6,354,78548,1,수원
20250610,7,354,67644,1,수원
20250610,8,354,79240,1,수원
20250610,9,354,68504,1,수원
20250610,10,354,64504,1,수원
20250610,1,355,1,65320,광주
20250610,2,355,50458,1,광주
20250610,3,355,62404,1,광주
20250610,4,355,54400,1,광주
20250610,5,355,52430,1,광주
20250610,6,355,65132,1,광주
20250610,7,355,65040,1,광주
20250610,8,355,75125,1,광주
20250610,9,355,62234,1,광주
20250610,10,355,52415,1,광주
20250610,1,355,1,54640,광주
20250610,2,355,52667,1,광주
20250610,3,355,64646,1,광주
20250610,4,355,69636,1,광주
20250610,5,355,72443,1,광주
20250610,6,355,55645,1,광주
20250610,7,355,65610,1,광주
20250610,8,355,66606,1,광주
20250610,9,355,78122,1,광주
20250610,10,355,64560,1,광주
20250610,1,356,1,55912,고척
20250610,2,356,63963,1,고척
20250610,3,356,51907,1,고척
20250610,4,356,62907,1,고척
20250610,5,356,54944,1,고척
20250610,6,356,79215,1,고척
20250610,7,356,77532,1,고척
20250610,8,356,67905,1,고척
20250610,9,356,68912,1,고척
20250610,10,356,51344,1,고척
20250610,1,356,1,54319,고척
20250610,2,356,65357,1,고척
20250610,3,356,64340,1,고척
20250610,4,356,50167,1,고척
20250610,5,356,66838,1,고척
20250610,6,356,53312,1,고척
20250610,7,356,52305,1,고척
20250610,8,356,54394,1,고척
20250610,9,356,55370,1,고척
20250610,10,356,78756,1,고척
20250610,1,357,1,55257,대전
20250610,2,357,79231,1,대전
20250610,3,357,55208,1,대전
20250610,4,357,76232,1,대전
20250610,5,357,78224,1,대전
20250610,6,357,63257,1,대전
20250610,7,357,67207,1,대전
20250610,8,357,53554,1,대전
20250610,9,357,55252,1,대전
20250610,10,357,55224,1,대전
20250610,1,357,1,54755,대전
20250610,2,357,79608,1,대전
20250610,3,357,62700,1,대전
20250610,4,357,53764,1,대전
20250610,5,357,69737,1,대전
20250610,6,357,79192,1,대전
20250610,7,357,66657,1,대전
20250610,8,357,68700,1,대전
20250610,9,357,76812,1,대전
20250610,10,357,54795,1,대전
20250611,1,358,1,55855,잠실
20250611,2,358,50854,1,잠실
20250611,3,358,53827,1,잠실
20250611,4,358,75847,1,잠실
20250611,5,358,62895,1,잠실
20250611,6,358,51868,1,잠실
20250611,7,358,67893,1,잠실
20250611,8,358,79456,1,잠실
20250611,9,358,54812,1,잠실
20250611,10,358,66917,1,잠실
20250611,1,358,1,54119,잠실
20250611,2,358,65207,1,잠실
20250611,3,358,76290,1,잠실
20250611,4,358,53123,1,잠실
20250611,5,358,69102,1,잠실
20250611,6,358,68119,1,잠실
20250611,7,358,52154,1,잠실
20250611,8,358,69100,1,잠실
20250611,9,358,51100,1,잠실
20250611,10,358,62415,1,잠실
20250611,1,359,1,55536,수원
20250611,2,359,68507,1,수원
20250611,3,359,69517,1,수원
20250611,4,359,54529,1,수원
20250611,5,359,78513,1,수원
20250611,6,359,77564,1,수원
20250611,7,359,68205,1,수원
20250611,8,359,60523,1,수원
20250611,9,359,52568,1,수원
20250611,10,359,68518,1,수원
20250611,1,359,1,54354,수원
20250611,2,359,64166,1,수원
20250611,3,359,79402,1,수원
20250611,4,359,52001,1,수원
20250611,5,359,78548,1,수원
20250611,6,359,67025,1,수원
20250611,7,359,79240,1,수원
20250611,8,359,68504,1,수원
20250611,9,359,64504,1,수원
20250611,10,359,68089,1,수원
20250611,1,360,1,68415,광주
20250611,2,360,50458,1,광주
20250611,3,360,62404,1,광주
20250611,4,360,54400,1,광주
20250611,5,360,52430,1,광주
20250611,6,360,75125,1,광주
20250611,7,360,65040,1,광주
20250611,8,360,52415,1,광주
20250611,9,360,65132,1,광주
20250611,10,360,54408,1,광주
20250611,1,360,1,69745,광주
20250611,2,360,52667,1,광주
20250611,3,360,64560,1,광주
20250611,4,360,69636,1,광주
20250611,5,360,72443,1,광주
20250611,6,360,55645,1,광주
20250611,7,360,64646,1,광주
20250611,8,360,66606,1,광주
20250611,9,360,78122,1,광주
20250611,10,360,65653,1,광주
20250611,1,361,1,55903,고척
20250611,2,361,63963,1,고척
20250611,3,361,51907,1,고척
20250611,4,361,62907,1,고척
20250611,5,361,54944,1,고척
20250611,6,361,77532,1,고척
20250611,7,361,68904,1,고척
20250611,8,361,51344,1,고척
20250611,9,361,68912,1,고척
20250611,10,361,69992,1,고척
20250611,1,361,1,64350,고척
20250611,2,361,65357,1,고척
20250611,3,361,64340,1,고척
20250611,4,361,50167,1,고척
20250611,5,361,76267,1,고척
20250611,6,361,54307,1,고척
20250611,7,361,54394,1,고척
20250611,8,361,50357,1,고척
20250611,9,361,53312,1,고척
20250611,10,361,55392,1,고척
20250611,1,362,1,67263,대전
20250611,2,362,67207,1,대전
20250611,3,362,55208,1,대전
20250611,4,362,76232,1,대전
20250611,5,362,78224,1,대전
20250611,6,362,52267,1,대전
20250611,7,362,69238,1,대전
20250611,8,362,50208,1,대전
20250611,9,362,55252,1,대전
20250611,10,362,53554,1,대전
20250611,1,362,1,54768,대전
20250611,2,362,68700,1,대전
20250611,3,362,50707,1,대전
20250611,4,362,53764,1,대전
20250611,5,362,69737,1,대전
20250611,6,362,79192,1,대전
20250611,7,362,66704,1,대전
20250611,8,362,65703,1,대전
20250611,9,362,78288,1,대전
20250611,10,362,54795,1,대전
20250612,1,363,1,52809,잠실
20250612,2,363,50854,1,잠실
20250612,3,363,53827,1,잠실
20250612,4,363,75847,1,잠실
20250612,5,363,62895,1,잠실
20250612,6,363,51868,1,잠실
20250612,7,363,67893,1,잠실
20250612,8,363,54812,1,잠실
20250612,9,363,51865,1,잠실
20250612,10,363,66917,1,잠실
20250612,1,363,1,55146,잠실
20250612,2,363,65207,1,잠실
20250612,3,363,76290,1,잠실
20250612,4,363,53123,1,잠실
20250612,5,363,69102,1,잠실
20250612,6,363,68119,1,잠실
20250612,7,363,69100,1,잠실
20250612,8,363,52154,1,잠실
20250612,9,363,51100,1,잠실
20250612,10,363,62415,1,잠실
20250612,1,364,1,51516,수원
20250612,2,364,68507,1,수원
20250612,3,364,69517,1,수원
20250612,4,364,54529,1,수원
20250612,5,364,78513,1,수원
20250612,6,364,77564,1,수원
20250612,7,364,68205,1,수원
20250612,8,364,50150,1,수원
20250612,9,364,52504,1,수원
20250612,10,364,68518,1,수원
20250612,1,364,1,50030,수원
20250612,2,364,64166,1,수원
20250612,3,364,79402,1,수원
20250612,4,364,52001,1,수원
20250612,5,364,78548,1,수원
20250612,6,364,79240,1,수원
20250612,7,364,67025,1,수원
20250612,8,364,64504,1,수원
20250612,9,364,66706,1,수원
20250612,10,364,51003,1,수원
20250612,1,365,1,51454,광주
20250612,2,365,50458,1,광주
20250612,3,365,54408,1,광주
20250612,4,365,62404,1,광주
20250612,5,365,54400,1,광주
20250612,6,365,52430,1,광주
20250612,7,365,69418,1,광주
20250612,8,365,75125,1,광주
20250612,9,365,65132,1,광주
20250612,10,365,55438,1,광주
20250612,1,365,1,53613,광주
20250612,2,365,64560,1,광주
20250612,3,365,64646,1,광주
20250612,4,365,55645,1,광주
20250612,5,365,72443,1,광주
20250612,6,365,69636,1,광주
20250612,7,365,65610,1,광주
20250612,8,365,68646,1,광주
20250612,9,365,66614,1,광주
20250612,10,365,65653,1,광주
20250612,1,366,1,52995,고척
20250612,2,366,63963,1,고척
20250612,3,366,51907,1,고척
20250612,4,366,62907,1,고척
20250612,5,366,54944,1,고척
20250612,6,366,79215,1,고척
20250612,7,366,77532,1,고척
20250612,8,366,68904,1,고척
20250612,9,366,68912,1,고척
20250612,10,366,51344,1,고척
20250612,1,366,1,54368,고척
20250612,2,366,50167,1,고척
20250612,3,366,76267,1,고척
20250612,4,366,65357,1,고척
20250612,5,366,55326,1,고척
20250612,6,366,64340,1,고척
20250612,7,366,69332,1,고척
20250612,8,366,54394,1,고척
20250612,9,366,62332,1,고척
20250612,10,366,55397,1,고척
20250612,1,367,1,55239,대전
20250612,2,367,79231,1,대전
20250612,3,367,50208,1,대전
20250612,4,367,76232,1,대전
20250612,5,367,78224,1,대전
20250612,6,367,52267,1,대전
20250612,7,367,55208,1,대전
20250612,8,367,67207,1,대전
20250612,9,367,55252,1,대전
20250612,10,367,53554,1,대전
20250612,1,367,1,65056,대전
20250612,2,367,68700,1,대전
20250612,3,367,62700,1,대전
20250612,4,367,53764,1,대전
20250612,5,367,69737,1,대전
20250612,6,367,79192,1,대전
20250612,7,367,66657,1,대전
20250612,8,367,66704,1,대전
20250612,9,367,78288,1,대전
20250612,10,367,65703,1,대전
20250613,1,368,1,69045,잠실
20250613,2,368,50167,1,잠실
20250613,3,368,55326,1,잠실
20250613,4,368,76267,1,잠실
20250613,5,368,64340,1,잠실
20250613,6,368,69332,1,잠실
20250613,7,368,78756,1,잠실
20250613,8,368,53312,1,잠실
20250613,9,368,55397,1,잠실
20250613,10,368,54394,1,잠실
20250613,1,368,1,51264,잠실
20250613,2,368,79231,1,잠실
20250613,3,368,50208,1,잠실
20250613,4,368,76232,1,잠실
20250613,5,368,78224,1,잠실
20250613,6,368,52267,1,잠실
20250613,7,368,55208,1,잠실
20250613,8,368,67207,1,잠실
20250613,9,368,53554,1,잠실
20250613,10,368,63123,1,잠실
20250613,1,369,1,52530,문학
20250613,2,369,52504,1,문학
20250613,3,369,69517,1,문학
20250613,4,369,54529,1,문학
20250613,5,369,78513,1,문학
20250613,6,369,50150,1,문학
20250613,7,369,68205,1,문학
20250613,8,369,77564,1,문학
20250613,9,369,52568,1,문학
20250613,10,369,51528,1,문학
20250613,1,369,1,54833,문학
20250613,2,369,50854,1,문학
20250613,3,369,54812,1,문학
20250613,4,369,53827,1,문학
20250613,5,369,62895,1,문학
20250613,6,369,51868,1,문학
20250613,7,369,67893,1,문학
20250613,8,369,62934,1,문학
20250613,9,369,51865,1,문학
20250613,10,369,66917,1,문학
20250613,1,370,1,64001,대구
20250613,2,370,64166,1,대구
20250613,3,370,79402,1,대구
20250613,4,370,52001,1,대구
20250613,5,370,78548,1,대구
20250613,6,370,79240,1,대구
20250613,7,370,67025,1,대구
20250613,8,370,68504,1,대구
20250613,9,370,68089,1,대구
20250613,10,370,51003,1,대구
20250613,1,370,1,50441,대구
20250613,2,370,50458,1,대구
20250613,3,370,52415,1,대구
20250613,4,370,62404,1,대구
20250613,5,370,54400,1,대구
20250613,6,370,74540,1,대구
20250613,7,370,65586,1,대구
20250613,8,370,75125,1,대구
20250613,9,370,65040,1,대구
20250613,10,370,54408,1,대구
20250613,1,371,1,55633,창원
20250613,2,371,64560,1,창원
20250613,3,371,66606,1,창원
20250613,4,371,72443,1,창원
20250613,5,371,55645,1,창원
20250613,6,371,69636,1,창원
20250613,7,371,64646,1,창원
20250613,8,371,65653,1,창원
20250613,9,371,78122,1,창원
20250613,10,371,66614,1,창원
20250613,1,371,1,68902,창원
20250613,2,371,51907,1,창원
20250613,3,371,63963,1,창원
20250613,4,371,62907,1,창원
20250613,5,371,54944,1,창원
20250613,6,371,79215,1,창원
20250613,7,371,77532,1,창원
20250613,8,371,67905,1,창원
20250613,9,371,68912,1,창원
20250613,10,371,51344,1,창원
20250614,1,373,1,69045,잠실
20250614,2,373,50167,1,잠실
20250614,3,373,55326,1,잠실
20250614,4,373,76267,1,잠실
20250614,5,373,64340,1,잠실
20250614,6,373,69332,1,잠실
20250614,7,373,78756,1,잠실
20250614,8,373,53312,1,잠실
20250614,9,373,55397,1,잠실
20250614,10,373,54394,1,잠실
20250614,1,373,1,51264,잠실
20250614,2,373,79231,1,잠실
20250614,3,373,50208,1,잠실
20250614,4,373,76232,1,잠실
20250614,5,373,78224,1,잠실
20250614,6,373,55208,1,잠실
20250614,7,373,52267,1,잠실
20250614,8,373,54236,1,잠실
20250614,9,373,53554,1,잠실
20250614,10,373,67207,1,잠실
20250614,1,374,1,55532,문학
20250614,2,374,50150,1,문학
20250614,3,374,69517,1,문학
20250614,4,374,54529,1,문학
20250614,5,374,78513,1,문학
20250614,6,374,77564,1,문학
20250614,7,374,68205,1,문학
20250614,8,374,60523,1,문학
20250614,9,374,68518,1,문학
20250614,10,374,52504,1,문학
20250614,1,374,1,77829,문학
20250614,2,374,50854,1,문학
20250614,3,374,62934,1,문학
20250614,4,374,53827,1,문학
20250614,5,374,51868,1,문학
20250614,6,374,67893,1,문학
20250614,7,374,60558,1,문학
20250614,8,374,51865,1,문학
20250614,9,374,66917,1,문학
20250614,10,374,52804,1,문학
20250614,1,375,1,69032,대구
20250614,2,375,64166,1,대구
20250614,3,375,79402,1,대구
20250614,4,375,52001,1,대구
20250614,5,375,67644,1,대구
20250614,6,375,79240,1,대구
20250614,7,375,67025,1,대구
20250614,8,375,68504,1,대구
20250614,9,375,68089,1,대구
20250614,10,375,51003,1,대구
20250614,1,375,1,53375,대구
20250614,2,375,50458,1,대구
20250614,3,375,54408,1,대구
20250614,4,375,62404,1,대구
20250614,5,375,54400,1,대구
20250614,6,375,74540,1,대구
20250614,7,375,65040,1,대구
20250614,8,375,69418,1,대구
20250614,9,375,52430,1,대구
20250614,10,375,52415,1,대구
20250614,1,376,1,77637,창원
20250614,2,376,64560,1,창원
20250614,3,376,64646,1,창원
20250614,4,376,72443,1,창원
20250614,5,376,55645,1,창원
20250614,6,376,69636,1,창원
20250614,7,376,66606,1,창원
20250614,8,376,65653,1,창원
20250614,9,376,78122,1,창원
20250614,10,376,66614,1,창원
20250614,1,376,1,53919,창원
20250614,2,376,51907,1,창원
20250614,3,376,63963,1,창원
20250614,4,376,62907,1,창원
20250614,5,376,54944,1,창원
20250614,6,376,79215,1,창원
20250614,7,376,77532,1,창원
20250614,8,376,67905,1,창원
20250614,9,376,51344,1,창원
20250614,10,376,51903,1,창원
20250614,1,377,1,61101,대전
20250614,2,377,65207,1,대전
20250614,3,377,76290,1,대전
20250614,4,377,53123,1,대전
20250614,5,377,69102,1,대전
20250614,6,377,79365,1,대전
20250614,7,377,68119,1,대전
20250614,8,377,69100,1,대전
20250614,9,377,52103,1,대전
20250614,10,377,62415,1,대전
20250614,1,377,1,55730,대전
20250614,2,377,68700,1,대전
20250614,3,377,62700,1,대전
20250614,4,377,53764,1,대전
20250614,5,377,69737,1,대전
20250614,6,377,79192,1,대전
20250614,7,377,66657,1,대전
20250614,8,377,79608,1,대전
20250614,9,377,78288,1,대전
20250614,10,377,54795,1,대전
20250615,1,378,1,55313,잠실
20250615,2,378,65357,1,잠실
20250615,3,378,76267,1,잠실
20250615,4,378,50167,1,잠실
20250615,5,378,55326,1,잠실
20250615,6,378,54307,1,잠실
20250615,7,378,64346,1,잠실
20250615,8,378,55397,1,잠실
20250615,9,378,53312,1,잠실
20250615,10,378,55392,1,잠실
20250615,1,378,1,68220,잠실
20250615,2,378,67207,1,잠실
20250615,3,378,50208,1,잠실
20250615,4,378,76232,1,잠실
20250615,5,378,78224,1,잠실
20250615,6,378,55208,1,잠실
20250615,7,378,66112,1,잠실
20250615,8,378,63123,1,잠실
20250615,9,378,54236,1,잠실
20250615,10,378,79231,1,잠실
20250615,1,379,1,52530,문학
20250615,2,379,52504,1,문학
20250615,3,379,69517,1,문학
20250615,4,379,54529,1,문학
20250615,5,379,78513,1,문학
20250615,6,379,77564,1,문학
20250615,7,379,68205,1,문학
20250615,8,379,50150,1,문학
20250615,9,379,60523,1,문학
20250615,10,379,68518,1,문학
20250615,1,379,1,54833,문학
20250615,2,379,50854,1,문학
20250615,3,379,54812,1,문학
20250615,4,379,53827,1,문학
20250615,5,379,62895,1,문학
20250615,6,379,51868,1,문학
20250615,7,379,67893,1,문학
20250615,8,379,51865,1,문학
20250615,9,379,62934,1,문학
20250615,10,379,52804,1,문학
20250615,1,380,1,64001,대구
20250615,2,380,64166,1,대구
20250615,3,380,79402,1,대구
20250615,4,380,52001,1,대구
20250615,5,380,67644,1,대구
20250615,6,380,78548,1,대구
20250615,7,380,67025,1,대구
20250615,8,380,68504,1,대구
20250615,9,380,64504,1,대구
20250615,10,380,51003,1,대구
20250615,1,380,1,65320,대구
20250615,2,380,50458,1,대구
20250615,3,380,52415,1,대구
20250615,4,380,62404,1,대구
20250615,5,380,54400,1,대구
20250615,6,380,65586,1,대구
20250615,7,380,62234,1,대구
20250615,8,380,75125,1,대구
20250615,9,380,66409,1,대구
20250615,10,380,65132,1,대구
20250615,1,381,1,54640,창원
20250615,2,381,64560,1,창원
20250615,3,381,64646,1,창원
20250615,4,381,55645,1,창원
20250615,5,381,72443,1,창원
20250615,6,381,65610,1,창원
20250615,7,381,69636,1,창원
20250615,8,381,65653,1,창원
20250615,9,381,78122,1,창원
20250615,10,381,50657,1,창원
20250615,1,381,1,55912,창원
20250615,2,381,51907,1,창원
20250615,3,381,63963,1,창원
20250615,4,381,62907,1,창원
20250615,5,381,54944,1,창원
20250615,6,381,79215,1,창원
20250615,7,381,77532,1,창원
20250615,8,381,64101,1,창원
20250615,9,381,64022,1,창원
20250615,10,381,50902,1,창원
20250615,1,382,1,51111,대전
20250615,2,382,65207,1,대전
20250615,3,382,76290,1,대전
20250615,4,382,53123,1,대전
20250615,5,382,69102,1,대전
20250615,6,382,68119,1,대전
20250615,7,382,69100,1,대전
20250615,8,382,52154,1,대전
20250615,9,382,51100,1,대전
20250615,10,382,62415,1,대전
20250615,1,382,1,52701,대전
20250615,2,382,68700,1,대전
20250615,3,382,79608,1,대전
20250615,4,382,53764,1,대전
20250615,5,382,69737,1,대전
20250615,6,382,79192,1,대전
20250615,7,382,66657,1,대전
20250615,8,382,65703,1,대전
20250615,9,382,78288,1,대전
20250615,10,382,54795,1,대전
20250617,1,383,1,55903,잠실
20250617,2,383,51907,1,잠실
20250617,3,383,63963,1,잠실
20250617,4,383,62907,1,잠실
20250617,5,383,54944,1,잠실
20250617,6,383,79215,1,잠실
20250617,7,383,77532,1,잠실
20250617,8,383,68912,1,잠실
20250617,9,383,67905,1,잠실
20250617,10,383,51344,1,잠실
20250617,1,383,1,54119,잠실
20250617,2,383,65207,1,잠실
20250617,3,383,76290,1,잠실
20250617,4,383,53123,1,잠실
20250617,5,383,69102,1,잠실
20250617,6,383,79365,1,잠실
20250617,7,383,68119,1,잠실
20250617,8,383,69100,1,잠실
20250617,9,383,52103,1,잠실
20250617,10,383,62415,1,잠실
20250617,1,384,1,54755,사직
20250617,2,384,68700,1,사직
20250617,3,384,79608,1,사직
20250617,4,384,53764,1,사직
20250617,5,384,69737,1,사직
20250617,6,384,79192,1,사직
20250617,7,384,66657,1,사직
20250617,8,384,65703,1,사직
20250617,9,384,76812,1,사직
20250617,10,384,62700,1,사직
20250617,1,384,1,55536,사직
20250617,2,384,68205,1,사직
20250617,3,384,69517,1,사직
20250617,4,384,54529,1,사직
20250617,5,384,78513,1,사직
20250617,6,384,77564,1,사직
20250617,7,384,50150,1,사직
20250617,8,384,60523,1,사직
20250617,9,384,68518,1,사직
20250617,10,384,52504,1,사직
20250617,1,385,1,55257,대구
20250617,2,385,79231,1,대구
20250617,3,385,50208,1,대구
20250617,4,385,76232,1,대구
20250617,5,385,78224,1,대구
20250617,6,385,63257,1,대구
20250617,7,385,55208,1,대구
20250617,8,385,67207,1,대구
20250617,9,385,63123,1,대구
20250617,10,385,55252,1,대구
20250617,1,385,1,69446,대구
20250617,2,385,50458,1,대구
20250617,3,385,67449,1,대구
20250617,4,385,62404,1,대구
20250617,5,385,54400,1,대구
20250617,6,385,74540,1,대구
20250617,7,385,52415,1,대구
20250617,8,385,62234,1,대구
20250617,9,385,52430,1,대구
20250617,10,385,69418,1,대구
20250617,1,386,1,54354,광주
20250617,2,386,64166,1,광주
20250617,3,386,79402,1,광주
20250617,4,386,52001,1,광주
20250617,5,386,67644,1,광주
20250617,6,386,67025,1,광주
20250617,7,386,79240,1,광주
20250617,8,386,68504,1,광주
20250617,9,386,68089,1,광주
20250617,10,386,51003,1,광주
20250617,1,386,1,69745,광주
20250617,2,386,64560,1,광주
20250617,3,386,64646,1,광주
20250617,4,386,55645,1,광주
20250617,5,386,72443,1,광주
20250617,6,386,69636,1,광주
20250617,7,386,65610,1,광주
20250617,8,386,65653,1,광주
20250617,9,386,78122,1,광주
20250617,10,386,66614,1,광주
20250617,1,387,1,55855,고척
20250617,2,387,50854,1,고척
20250617,3,387,54812,1,고척
20250617,4,387,53827,1,고척
20250617,5,387,62895,1,고척
20250617,6,387,51868,1,고척
20250617,7,387,67893,1,고척
20250617,8,387,79456,1,고척
20250617,9,387,62934,1,고척
20250617,10,387,52804,1,고척
20250617,1,387,1,54319,고척
20250617,2,387,65357,1,고척
20250617,3,387,64340,1,고척
20250617,4,387,50167,1,고척
20250617,5,387,76267,1,고척
20250617,6,387,55326,1,고척
20250617,7,387,69332,1,고척
20250617,8,387,53344,1,고척
20250617,9,387,54394,1,고척
20250617,10,387,55392,1,고척
20250618,1,388,1,52995,잠실
20250618,2,388,51907,1,잠실
20250618,3,388,63963,1,잠실
20250618,4,388,62907,1,잠실
20250618,5,388,54944,1,잠실
20250618,6,388,77532,1,잠실
20250618,7,388,69995,1,잠실
20250618,8,388,51344,1,잠실
20250618,9,388,68912,1,잠실
20250618,10,388,54908,1,잠실
20250618,1,388,1,55146,잠실
20250618,2,388,65207,1,잠실
20250618,3,388,76290,1,잠실
20250618,4,388,53123,1,잠실
20250618,5,388,69102,1,잠실
20250618,6,388,79365,1,잠실
20250618,7,388,68119,1,잠실
20250618,8,388,69100,1,잠실
20250618,9,388,52103,1,잠실
20250618,10,388,62415,1,잠실
20250618,1,389,1,65056,사직
20250618,2,389,68700,1,사직
20250618,3,389,79608,1,사직
20250618,4,389,53764,1,사직
20250618,5,389,69737,1,사직
20250618,6,389,79192,1,사직
20250618,7,389,66704,1,사직
20250618,8,389,65703,1,사직
20250618,9,389,78288,1,사직
20250618,10,389,62700,1,사직
20250618,1,389,1,50596,사직
20250618,2,389,52504,1,사직
20250618,3,389,69517,1,사직
20250618,4,389,54529,1,사직
20250618,5,389,78513,1,사직
20250618,6,389,60523,1,사직
20250618,7,389,77564,1,사직
20250618,8,389,68205,1,사직
20250618,9,389,55563,1,사직
20250618,10,389,52568,1,사직
20250618,1,390,1,55268,대구
20250618,2,390,67207,1,대구
20250618,3,390,52267,1,대구
20250618,4,390,76232,1,대구
20250618,5,390,78224,1,대구
20250618,6,390,50208,1,대구
20250618,7,390,65269,1,대구
20250618,8,390,55208,1,대구
20250618,9,390,54236,1,대구
20250618,10,390,79231,1,대구
20250618,1,390,1,51454,대구
20250618,2,390,50458,1,대구
20250618,3,390,67449,1,대구
20250618,4,390,62404,1,대구
20250618,5,390,54400,1,대구
20250618,6,390,74540,1,대구
20250618,7,390,62234,1,대구
20250618,8,390,69418,1,대구
20250618,9,390,52430,1,대구
20250618,10,390,52415,1,대구
20250618,1,391,1,50030,광주
20250618,2,391,64166,1,광주
20250618,3,391,64004,1,광주
20250618,4,391,52001,1,광주
20250618,5,391,67025,1,광주
20250618,6,391,78548,1,광주
20250618,7,391,64007,1,광주
20250618,8,391,79240,1,광주
20250618,9,391,79402,1,광주
20250618,10,391,51003,1,광주
20250618,1,391,1,53613,광주
20250618,2,391,61353,1,광주
20250618,3,391,64646,1,광주
20250618,4,391,69636,1,광주
20250618,5,391,72443,1,광주
20250618,6,391,55645,1,광주
20250618,7,391,68646,1,광주
20250618,8,391,65610,1,광주
20250618,9,391,66614,1,광주
20250618,10,391,66606,1,광주
20250618,1,392,1,51867,고척
20250618,2,392,50854,1,고척
20250618,3,392,54812,1,고척
20250618,4,392,53827,1,고척
20250618,5,392,51868,1,고척
20250618,6,392,62895,1,고척
20250618,7,392,67893,1,고척
20250618,8,392,68868,1,고척
20250618,9,392,66917,1,고척
20250618,10,392,51865,1,고척
20250618,1,392,1,64350,고척
20250618,2,392,65357,1,고척
20250618,3,392,64340,1,고척
20250618,4,392,50167,1,고척
20250618,5,392,76267,1,고척
20250618,6,392,55326,1,고척
20250618,7,392,69332,1,고척
20250618,8,392,53312,1,고척
20250618,9,392,54394,1,고척
20250618,10,392,78756,1,고척
20250619,1,393,1,68902,잠실
20250619,2,393,51907,1,잠실
20250619,3,393,77532,1,잠실
20250619,4,393,62907,1,잠실
20250619,5,393,54944,1,잠실
20250619,6,393,79215,1,잠실
20250619,7,393,69995,1,잠실
20250619,8,393,68912,1,잠실
20250619,9,393,51344,1,잠실
20250619,10,393,67905,1,잠실
20250619,1,393,1,68419,잠실
20250619,2,393,65207,1,잠실
20250619,3,393,76290,1,잠실
20250619,4,393,53123,1,잠실
20250619,5,393,69102,1,잠실
20250619,6,393,68119,1,잠실
20250619,7,393,69100,1,잠실
20250619,8,393,52154,1,잠실
20250619,9,393,51100,1,잠실
20250619,10,393,62415,1,잠실
20250619,1,394,1,54729,사직
20250619,2,394,66657,1,사직
20250619,3,394,79608,1,사직
20250619,4,394,53764,1,사직
20250619,5,394,69737,1,사직
20250619,6,394,79192,1,사직
20250619,7,394,65703,1,사직
20250619,8,394,54795,1,사직
20250619,9,394,78288,1,사직
20250619,10,394,68700,1,사직
20250619,1,394,1,67539,사직
20250619,2,394,52504,1,사직
20250619,3,394,69517,1,사직
20250619,4,394,54529,1,사직
20250619,5,394,78513,1,사직
20250619,6,394,60523,1,사직
20250619,7,394,77564,1,사직
20250619,8,394,52568,1,사직
20250619,9,394,55563,1,사직
20250619,10,394,68205,1,사직
20250619,1,395,1,55239,대구
20250619,2,395,79231,1,대구
20250619,3,395,52267,1,대구
20250619,4,395,76232,1,대구
20250619,5,395,78224,1,대구
20250619,6,395,55208,1,대구
20250619,7,395,67207,1,대구
20250619,8,395,50208,1,대구
20250619,9,395,54236,1,대구
20250619,10,395,53554,1,대구
20250619,1,395,1,68415,대구
20250619,2,395,69418,1,대구
20250619,3,395,67449,1,대구
20250619,4,395,62404,1,대구
20250619,5,395,54400,1,대구
20250619,6,395,52415,1,대구
20250619,7,395,65586,1,대구
20250619,8,395,75125,1,대구
20250619,9,395,62234,1,대구
20250619,10,395,69442,1,대구
20250619,1,396,1,65516,광주
20250619,2,396,64004,1,광주
20250619,3,396,68504,1,광주
20250619,4,396,52001,1,광주
20250619,5,396,67644,1,광주
20250619,6,396,67025,1,광주
20250619,7,396,78548,1,광주
20250619,8,396,79240,1,광주
20250619,9,396,51003,1,광주
20250619,10,396,79402,1,광주
20250619,1,396,1,55633,광주
20250619,2,396,64560,1,광주
20250619,3,396,64646,1,광주
20250619,4,396,55645,1,광주
20250619,5,396,72443,1,광주
20250619,6,396,69636,1,광주
20250619,7,396,66606,1,광주
20250619,8,396,65653,1,광주
20250619,9,396,78122,1,광주
20250619,10,396,66614,1,광주
20250619,1,397,1,50812,고척
20250619,2,397,50854,1,고척
20250619,3,397,68868,1,고척
20250619,4,397,53827,1,고척
20250619,5,397,51868,1,고척
20250619,6,397,62895,1,고척
20250619,7,397,67893,1,고척
20250619,8,397,51865,1,고척
20250619,9,397,54812,1,고척
20250619,10,397,66917,1,고척
20250619,1,397,1,69328,고척
20250619,2,397,65357,1,고척
20250619,3,397,64340,1,고척
20250619,4,397,76267,1,고척
20250619,5,397,55326,1,고척
20250619,6,397,69332,1,고척
20250619,7,397,53312,1,고척
20250619,8,397,52305,1,고척
20250619,9,397,54394,1,고척
20250619,10,397,55392,1,고척
20250620,1,400,1,54401,사직
20250620,2,400,69418,1,사직
20250620,3,400,67449,1,사직
20250620,4,400,62404,1,사직
20250620,5,400,54400,1,사직
20250620,6,400,74540,1,사직
20250620,7,400,65586,1,사직
20250620,8,400,75125,1,사직
20250620,9,400,62234,1,사직
20250620,10,400,69403,1,사직
20250620,1,400,1,55532,사직
20250620,2,400,52504,1,사직
20250620,3,400,69517,1,사직
20250620,4,400,54529,1,사직
20250620,5,400,78513,1,사직
20250620,6,400,60523,1,사직
20250620,7,400,77564,1,사직
20250620,8,400,52568,1,사직
20250620,9,400,68518,1,사직
20250620,10,400,68205,1,사직
20250621,1,403,1,68220,잠실
20250621,2,403,79231,1,잠실
20250621,3,403,52267,1,잠실
20250621,4,403,76232,1,잠실
20250621,5,403,78224,1,잠실
20250621,6,403,55208,1,잠실
20250621,7,403,67207,1,잠실
20250621,8,403,50208,1,잠실
20250621,9,403,55252,1,잠실
20250621,10,403,53554,1,잠실
20250621,1,403,1,54119,잠실
20250621,2,403,65207,1,잠실
20250621,3,403,76290,1,잠실
20250621,4,403,53123,1,잠실
20250621,5,403,69102,1,잠실
20250621,6,403,68119,1,잠실
20250621,7,403,79365,1,잠실
20250621,8,403,69100,1,잠실
20250621,9,403,52154,1,잠실
20250621,10,403,62415,1,잠실
20250621,1,404,1,77637,문학
20250621,2,404,64560,1,문학
20250621,3,404,64646,1,문학
20250621,4,404,55645,1,문학
20250621,5,404,72443,1,문학
20250621,6,404,65610,1,문학
20250621,7,404,66606,1,문학
20250621,8,404,65653,1,문학
20250621,9,404,78122,1,문학
20250621,10,404,50657,1,문학
20250621,1,404,1,77829,문학
20250621,2,404,50854,1,문학
20250621,3,404,62934,1,문학
20250621,4,404,53827,1,문학
20250621,5,404,62895,1,문학
20250621,6,404,51868,1,문학
20250621,7,404,67893,1,문학
20250621,8,404,79456,1,문학
20250621,9,404,66917,1,문학
20250621,10,404,52804,1,문학
20250621,1,405,1,65320,사직
20250621,2,405,50458,1,사직
20250621,3,405,67449,1,사직
20250621,4,405,62404,1,사직
20250621,5,405,54400,1,사직
20250621,6,405,74540,1,사직
20250621,7,405,62234,1,사직
20250621,8,405,75125,1,사직
20250621,9,405,65586,1,사직
20250621,10,405,54408,1,사직
20250621,1,405,1,64021,사직
20250621,2,405,52504,1,사직
20250621,3,405,69517,1,사직
20250621,4,405,54529,1,사직
20250621,5,405,78513,1,사직
20250621,6,405,60523,1,사직
20250621,7,405,77564,1,사직
20250621,8,405,52568,1,사직
20250621,9,405,68518,1,사직
20250621,10,405,68205,1,사직
20250621,1,406,1,53973,수원
20250621,2,406,51907,1,수원
20250621,3,406,63963,1,수원
20250621,4,406,62907,1,수원
20250621,5,406,54944,1,수원
20250621,6,406,79215,1,수원
20250621,7,406,69995,1,수원
20250621,8,406,68912,1,수원
20250621,9,406,51344,1,수원
20250621,10,406,67905,1,수원
20250621,1,406,1,50859,수원
20250621,2,406,64004,1,수원
20250621,3,406,79402,1,수원
20250621,4,406,52001,1,수원
20250621,5,406,67644,1,수원
20250621,6,406,78548,1,수원
20250621,7,406,68504,1,수원
20250621,8,406,79240,1,수원
20250621,9,406,64166,1,수원
20250621,10,406,51003,1,수원
20250622,1,408,1,51264,잠실
20250622,2,408,67207,1,잠실
20250622,3,408,79231,1,잠실
20250622,4,408,76232,1,잠실
20250622,5,408,78224,1,잠실
20250622,6,408,55208,1,잠실
20250622,7,408,66112,1,잠실
20250622,8,408,54236,1,잠실
20250622,9,408,65269,1,잠실
20250622,10,408,63123,1,잠실
20250622,1,408,1,51111,잠실
20250622,2,408,65207,1,잠실
20250622,3,408,76290,1,잠실
20250622,4,408,53123,1,잠실
20250622,5,408,69102,1,잠실
20250622,6,408,68119,1,잠실
20250622,7,408,79365,1,잠실
20250622,8,408,69100,1,잠실
20250622,9,408,52154,1,잠실
20250622,10,408,62415,1,잠실
20250622,1,409,1,54640,문학
20250622,2,409,64560,1,문학
20250622,3,409,64646,1,문학
20250622,4,409,69636,1,문학
20250622,5,409,55645,1,문학
20250622,6,409,61353,1,문학
20250622,7,409,66606,1,문학
20250622,8,409,65653,1,문학
20250622,9,409,78122,1,문학
20250622,10,409,50657,1,문학
20250622,1,409,1,54833,문학
20250622,2,409,50854,1,문학
20250622,3,409,54812,1,문학
20250622,4,409,53827,1,문학
20250622,5,409,62895,1,문학
20250622,6,409,51868,1,문학
20250622,7,409,67893,1,문학
20250622,8,409,51865,1,문학
20250622,9,409,68868,1,문학
20250622,10,409,52804,1,문학
20250622,1,410,1,69446,사직
20250622,2,410,50458,1,사직
20250622,3,410,67449,1,사직
20250622,4,410,62404,1,사직
20250622,5,410,54400,1,사직
20250622,6,410,75125,1,사직
20250622,7,410,62234,1,사직
20250622,8,410,65132,1,사직
20250622,9,410,65586,1,사직
20250622,10,410,54408,1,사직
20250622,1,410,1,64021,사직
20250622,2,410,52504,1,사직
20250622,3,410,69517,1,사직
20250622,4,410,54529,1,사직
20250622,5,410,78513,1,사직
20250622,6,410,60523,1,사직
20250622,7,410,77564,1,사직
20250622,8,410,52568,1,사직
20250622,9,410,68518,1,사직
20250622,10,410,68205,1,사직
20250622,1,411,1,55912,수원
20250622,2,411,51907,1,수원
20250622,3,411,63963,1,수원
20250622,4,411,62907,1,수원
20250622,5,411,54944,1,수원
20250622,6,411,79215,1,수원
20250622,7,411,77532,1,수원
20250622,8,411,69995,1,수원
20250622,9,411,68912,1,수원
20250622,10,411,51344,1,수원
20250622,1,411,1,69032,수원
20250622,2,411,64004,1,수원
20250622,3,411,79402,1,수원
20250622,4,411,52001,1,수원
20250622,5,411,78548,1,수원
20250622,6,411,79240,1,수원
20250622,7,411,64166,1,수원
20250622,8,411,64504,1,수원
20250622,9,411,68089,1,수원
20250622,10,411,51003,1,수원
20250622,1,412,1,69045,대전
20250622,2,412,65357,1,대전
20250622,3,412,64340,1,대전
20250622,4,412,76267,1,대전
20250622,5,412,50167,1,대전
20250622,6,412,55326,1,대전
20250622,7,412,53312,1,대전
20250622,8,412,55392,1,대전
20250622,9,412,55397,1,대전
20250622,10,412,74163,1,대전
20250622,1,412,1,55730,대전
20250622,2,412,66657,1,대전
20250622,3,412,55703,1,대전
20250622,4,412,53764,1,대전
20250622,5,412,69737,1,대전
20250622,6,412,79192,1,대전
20250622,7,412,79608,1,대전
20250622,8,412,65703,1,대전
20250622,9,412,78288,1,대전
20250622,10,412,64006,1,대전
20250624,1,413,1,55855,잠실
20250624,2,413,50854,1,잠실
20250624,3,413,53827,1,잠실
20250624,4,413,75847,1,잠실
20250624,5,413,62895,1,잠실
20250624,6,413,51868,1,잠실
20250624,7,413,68868,1,잠실
20250624,8,413,67893,1,잠실
20250624,9,413,54812,1,잠실
20250624,10,413,51865,1,잠실
20250624,1,413,1,67263,잠실
20250624,2,413,79231,1,잠실
20250624,3,413,50208,1,잠실
20250624,4,413,55208,1,잠실
20250624,5,413,76232,1,잠실
20250624,6,413,78224,1,잠실
20250624,7,413,67207,1,잠실
20250624,8,413,52267,1,잠실
20250624,9,413,54236,1,잠실
20250624,10,413,53554,1,잠실
20250624,1,414,1,54755,대구
20250624,2,414,66657,1,대구
20250624,3,414,55703,1,대구
20250624,4,414,53764,1,대구
20250624,5,414,69737,1,대구
20250624,6,414,79192,1,대구
20250624,7,414,79608,1,대구
20250624,8,414,54795,1,대구
20250624,9,414,76812,1,대구
20250624,10,414,64006,1,대구
20250624,1,414,1,65320,대구
20250624,2,414,50458,1,대구
20250624,3,414,67449,1,대구
20250624,4,414,62404,1,대구
20250624,5,414,54400,1,대구
20250624,6,414,75125,1,대구
20250624,7,414,62234,1,대구
20250624,8,414,54408,1,대구
20250624,9,414,65132,1,대구
20250624,10,414,52415,1,대구
20250624,1,416,1,55146,수원
20250624,2,416,65207,1,수원
20250624,3,416,76290,1,수원
20250624,4,416,53123,1,수원
20250624,5,416,69102,1,수원
20250624,6,416,68119,1,수원
20250624,7,416,79365,1,수원
20250624,8,416,69100,1,수원
20250624,9,416,52103,1,수원
20250624,10,416,62415,1,수원
20250624,1,416,1,54354,수원
20250624,2,416,64166,1,수원
20250624,3,416,66706,1,수원
20250624,4,416,52001,1,수원
20250624,5,416,78548,1,수원
20250624,6,416,67644,1,수원
20250624,7,416,64007,1,수원
20250624,8,416,79240,1,수원
20250624,9,416,79402,1,수원
20250624,10,416,51003,1,수원
20250624,1,417,1,53613,고척
20250624,2,417,64560,1,고척
20250624,3,417,64646,1,고척
20250624,4,417,55645,1,고척
20250624,5,417,72443,1,고척
20250624,6,417,69636,1,고척
20250624,7,417,67610,1,고척
20250624,8,417,68646,1,고척
20250624,9,417,50657,1,고척
20250624,10,417,66606,1,고척
20250624,1,417,1,54319,고척
20250624,2,417,65357,1,고척
20250624,3,417,64340,1,고척
20250624,4,417,76267,1,고척
20250624,5,417,50167,1,고척
20250624,6,417,55326,1,고척
20250624,7,417,69332,1,고척
20250624,8,417,55392,1,고척
20250624,9,417,53344,1,고척
20250624,10,417,55397,1,고척
20250625,1,419,1,54755,대구
20250625,2,419,66657,1,대구
20250625,3,419,55703,1,대구
20250625,4,419,53764,1,대구
20250625,5,419,69737,1,대구
20250625,6,419,79192,1,대구
20250625,7,419,79608,1,대구
20250625,8,419,65703,1,대구
20250625,9,419,76812,1,대구
20250625,10,419,64006,1,대구
20250625,1,419,1,53375,대구
20250625,2,419,50458,1,대구
20250625,3,419,67449,1,대구
20250625,4,419,62404,1,대구
20250625,5,419,54400,1,대구
20250625,6,419,75125,1,대구
20250625,7,419,74540,1,대구
20250625,8,419,62234,1,대구
20250625,9,419,54408,1,대구
20250625,10,419,52415,1,대구
20250625,1,420,1,55536,창원
20250625,2,420,52504,1,창원
20250625,3,420,69517,1,창원
20250625,4,420,54529,1,창원
20250625,5,420,78513,1,창원
20250625,6,420,77564,1,창원
20250625,7,420,51551,1,창원
20250625,8,420,52568,1,창원
20250625,9,420,68518,1,창원
20250625,10,420,68205,1,창원
20250625,1,420,1,55903,창원
20250625,2,420,51907,1,창원
20250625,3,420,63963,1,창원
20250625,4,420,62907,1,창원
20250625,5,420,54944,1,창원
20250625,6,420,79215,1,창원
20250625,7,420,69995,1,창원
20250625,8,420,51344,1,창원
20250625,9,420,68912,1,창원
20250625,10,420,67905,1,창원
20250625,1,422,1,55633,고척
20250625,2,422,64560,1,고척
20250625,3,422,64646,1,고척
20250625,4,422,55645,1,고척
20250625,5,422,72443,1,고척
20250625,6,422,69636,1,고척
20250625,7,422,65610,1,고척
20250625,8,422,65653,1,고척
20250625,9,422,78122,1,고척
20250625,10,422,50657,1,고척
20250625,1,422,1,55348,고척
20250625,2,422,65357,1,고척
20250625,3,422,64340,1,고척
20250625,4,422,76267,1,고척
20250625,5,422,50167,1,고척
20250625,6,422,55326,1,고척
20250625,7,422,69332,1,고척
20250625,8,422,55392,1,고척
20250625,9,422,53344,1,고척
20250625,10,422,55397,1,고척
20250626,1,423,1,51867,잠실
20250626,2,423,50854,1,잠실
20250626,3,423,53827,1,잠실
20250626,4,423,75847,1,잠실
20250626,5,423,51868,1,잠실
20250626,6,423,62895,1,잠실
20250626,7,423,67893,1,잠실
20250626,8,423,66864,1,잠실
20250626,9,423,51865,1,잠실
20250626,10,423,69804,1,잠실
20250626,1,423,1,55257,잠실
20250626,2,423,79231,1,잠실
20250626,3,423,50208,1,잠실
20250626,4,423,55208,1,잠실
20250626,5,423,76232,1,잠실
20250626,6,423,78224,1,잠실
20250626,7,423,67207,1,잠실
20250626,8,423,53554,1,잠실
20250626,9,423,55252,1,잠실
20250626,10,423,63123,1,잠실
20250626,1,424,1,52701,대구
20250626,2,424,66657,1,대구
20250626,3,424,55703,1,대구
20250626,4,424,53764,1,대구
20250626,5,424,69737,1,대구
20250626,6,424,79192,1,대구
20250626,7,424,79608,1,대구
20250626,8,424,62700,1,대구
20250626,9,424,78288,1,대구
20250626,10,424,65703,1,대구
20250626,1,424,1,55460,대구
20250626,2,424,50458,1,대구
20250626,3,424,54408,1,대구
20250626,4,424,62404,1,대구
20250626,5,424,54400,1,대구
20250626,6,424,75125,1,대구
20250626,7,424,74540,1,대구
20250626,8,424,65040,1,대구
20250626,9,424,62234,1,대구
20250626,10,424,52415,1,대구
20250626,1,425,1,55532,창원
20250626,2,425,78513,1,창원
20250626,3,425,60523,1,창원
20250626,4,425,69517,1,창원
20250626,5,425,54529,1,창원
20250626,6,425,77564,1,창원
20250626,7,425,61102,1,창원
20250626,8,425,68205,1,창원
20250626,9,425,55506,1,창원
20250626,10,425,52568,1,창원
20250626,1,425,1,66920,창원
20250626,2,425,51907,1,창원
20250626,3,425,63963,1,창원
20250626,4,425,79215,1,창원
20250626,5,425,54944,1,창원
20250626,6,425,69995,1,창원
20250626,7,425,51344,1,창원
20250626,8,425,68912,1,창원
20250626,9,425,69203,1,창원
20250626,10,425,67905,1,창원
20250626,1,426,1,61101,수원
20250626,2,426,65207,1,수원
20250626,3,426,76290,1,수원
20250626,4,426,68119,1,수원
20250626,5,426,69102,1,수원
20250626,6,426,53123,1,수원
20250626,7,426,79365,1,수원
20250626,8,426,50054,1,수원
20250626,9,426,69100,1,수원
20250626,10,426,62415,1,수원
20250626,1,426,1,50030,수원
20250626,2,426,64004,1,수원
20250626,3,426,79402,1,수원
20250626,4,426,52001,1,수원
20250626,5,426,78548,1,수원
20250626,6,426,67644,1,수원
20250626,7,426,79240,1,수원
20250626,8,426,64007,1,수원
20250626,9,426,64166,1,수원
20250626,10,426,51003,1,수원
20250626,1,427,1,76225,고척
20250626,2,427,64560,1,고척
20250626,3,427,64646,1,고척
20250626,4,427,69636,1,고척
20250626,5,427,72443,1,고척
20250626,6,427,55645,1,고척
20250626,7,427,67610,1,고척
20250626,8,427,65653,1,고척
20250626,9,427,78122,1,고척
20250626,10,427,50657,1,고척
20250626,1,427,1,64350,고척
20250626,2,427,65357,1,고척
20250626,3,427,64340,1,고척
20250626,4,427,50167,1,고척
20250626,5,427,76267,1,고척
20250626,6,427,69332,1,고척
20250626,7,427,55392,1,고척
20250626,8,427,53312,1,고척
20250626,9,427,55397,1,고척
20250626,10,427,74163,1,고척
20250627,1,428,1,77637,잠실
20250627,2,428,64560,1,잠실
20250627,3,428,64646,1,잠실
20250627,4,428,55645,1,잠실
20250627,5,428,72443,1,잠실
20250627,6,428,69636,1,잠실
20250627,7,428,68646,1,잠실
20250627,8,428,65653,1,잠실
20250627,9,428,50657,1,잠실
20250627,10,428,66606,1,잠실
20250627,1,428,1,67143,잠실
20250627,2,428,65207,1,잠실
20250627,3,428,76290,1,잠실
20250627,4,428,53123,1,잠실
20250627,5,428,69102,1,잠실
20250627,6,428,68119,1,잠실
20250627,7,428,79365,1,잠실
20250627,8,428,69100,1,잠실
20250627,9,428,52154,1,잠실
20250627,10,428,62415,1,잠실
20250627,1,429,1,65056,문학
20250627,2,429,66657,1,문학
20250627,3,429,55703,1,문학
20250627,4,429,53764,1,문학
20250627,5,429,69737,1,문학
20250627,6,429,50707,1,문학
20250627,7,429,66704,1,문학
20250627,8,429,65703,1,문학
20250627,9,429,78288,1,문학
20250627,10,429,64006,1,문학
20250627,1,429,1,62869,문학
20250627,2,429,50854,1,문학
20250627,3,429,53827,1,문학
20250627,4,429,75847,1,문학
20250627,5,429,62895,1,문학
20250627,6,429,51868,1,문학
20250627,7,429,67893,1,문학
20250627,8,429,79456,1,문학
20250627,9,429,54812,1,문학
20250627,10,429,66864,1,문학
20250627,1,430,1,64001,사직
20250627,2,430,79402,1,사직
20250627,3,430,64004,1,사직
20250627,4,430,52001,1,사직
20250627,5,430,78548,1,사직
20250627,6,430,67644,1,사직
20250627,7,430,79240,1,사직
20250627,8,430,64007,1,사직
20250627,9,430,64166,1,사직
20250627,10,430,51003,1,사직
20250627,1,430,1,52530,사직
20250627,2,430,52504,1,사직
20250627,3,430,69517,1,사직
20250627,4,430,54529,1,사직
20250627,5,430,78513,1,사직
20250627,6,430,51551,1,사직
20250627,7,430,77564,1,사직
20250627,8,430,61102,1,사직
20250627,9,430,68205,1,사직
20250627,10,430,55506,1,사직
20250627,1,431,1,68220,창원
20250627,2,431,79231,1,창원
20250627,3,431,50208,1,창원
20250627,4,431,55208,1,창원
20250627,5,431,76232,1,창원
20250627,6,431,63257,1,창원
20250627,7,431,67207,1,창원
20250627,8,431,52267,1,창원
20250627,9,431,55252,1,창원
20250627,10,431,53554,1,창원
20250627,1,431,1,68902,창원
20250627,2,431,51907,1,창원
20250627,3,431,63963,1,창원
20250627,4,431,62907,1,창원
20250627,5,431,54944,1,창원
20250627,6,431,79215,1,창원
20250627,7,431,77532,1,창원
20250627,8,431,51344,1,창원
20250627,9,431,68912,1,창원
20250627,10,431,69992,1,창원
20250627,1,432,1,65320,고척
20250627,2,432,50458,1,고척
20250627,3,432,52415,1,고척
20250627,4,432,62404,1,고척
20250627,5,432,54400,1,고척
20250627,6,432,75125,1,고척
20250627,7,432,74540,1,고척
20250627,8,432,69418,1,고척
20250627,9,432,62234,1,고척
20250627,10,432,54408,1,고척
20250627,1,432,1,55313,고척
20250627,2,432,65357,1,고척
20250627,3,432,64340,1,고척
20250627,4,432,50167,1,고척
20250627,5,432,76267,1,고척
20250627,6,432,55326,1,고척
20250627,7,432,69332,1,고척
20250627,8,432,55392,1,고척
20250627,9,432,53312,1,고척
20250627,10,432,55397,1,고척
20250628,1,433,1,69745,잠실
20250628,2,433,64560,1,잠실
20250628,3,433,64646,1,잠실
20250628,4,433,55645,1,잠실
20250628,5,433,72443,1,잠실
20250628,6,433,69636,1,잠실
20250628,7,433,67610,1,잠실
20250628,8,433,65653,1,잠실
20250628,9,433,78122,1,잠실
20250628,10,433,50657,1,잠실
20250628,1,433,1,51111,잠실
20250628,2,433,65207,1,잠실
20250628,3,433,76290,1,잠실
20250628,4,433,53123,1,잠실
20250628,5,433,79365,1,잠실
20250628,6,433,68119,1,잠실
20250628,7,433,50054,1,잠실
20250628,8,433,69100,1,잠실
20250628,9,433,52154,1,잠실
20250628,10,433,62415,1,잠실
20250628,1,434,1,55730,문학
20250628,2,434,66657,1,문학
20250628,3,434,55703,1,문학
20250628,4,434,53764,1,문학
20250628,5,434,69737,1,문학
20250628,6,434,50707,1,문학
20250628,7,434,66704,1,문학
20250628,8,434,65703,1,문학
20250628,9,434,78288,1,문학
20250628,10,434,64006,1,문학
20250628,1,434,1,54833,문학
20250628,2,434,71837,1,문학
20250628,3,434,53827,1,문학
20250628,4,434,75847,1,문학
20250628,5,434,62895,1,문학
20250628,6,434,51868,1,문학
20250628,7,434,67893,1,문학
20250628,8,434,66864,1,문학
20250628,9,434,54812,1,문학
20250628,10,434,51865,1,문학
20250628,1,435,1,50859,사직
20250628,2,435,79402,1,사직
20250628,3,435,64004,1,사직
20250628,4,435,52001,1,사직
20250628,5,435,78548,1,사직
20250628,6,435,79240,1,사직
20250628,7,435,64166,1,사직
20250628,8,435,66706,1,사직
20250628,9,435,64504,1,사직
20250628,10,435,51003,1,사직
20250628,1,435,1,67539,사직
20250628,2,435,78513,1,사직
20250628,3,435,77564,1,사직
20250628,4,435,69517,1,사직
20250628,5,435,54529,1,사직
20250628,6,435,60523,1,사직
20250628,7,435,51551,1,사직
20250628,8,435,68205,1,사직
20250628,9,435,52504,1,사직
20250628,10,435,68518,1,사직
20250628,1,436,1,55239,창원
20250628,2,436,79231,1,창원
20250628,3,436,67207,1,창원
20250628,4,436,55208,1,창원
20250628,5,436,76232,1,창원
20250628,6,436,55252,1,창원
20250628,7,436,50208,1,창원
20250628,8,436,54219,1,창원
20250628,9,436,63123,1,창원
20250628,10,436,53554,1,창원
20250628,1,436,1,55912,창원
20250628,2,436,51907,1,창원
20250628,3,436,63963,1,창원
20250628,4,436,62907,1,창원
20250628,5,436,54944,1,창원
20250628,6,436,79215,1,창원
20250628,7,436,51344,1,창원
20250628,8,436,69203,1,창원
20250628,9,436,68912,1,창원
20250628,10,436,51996,1,창원
20250628,1,437,1,69446,고척
20250628,2,437,50458,1,고척
20250628,3,437,54408,1,고척
20250628,4,437,62404,1,고척
20250628,5,437,54400,1,고척
20250628,6,437,74540,1,고척
20250628,7,437,65040,1,고척
20250628,8,437,62234,1,고척
20250628,9,437,66409,1,고척
20250628,10,437,52415,1,고척
20250628,1,437,1,69045,고척
20250628,2,437,65357,1,고척
20250628,3,437,64340,1,고척
20250628,4,437,76267,1,고척
20250628,5,437,50167,1,고척
20250628,6,437,69332,1,고척
20250628,7,437,55326,1,고척
20250628,8,437,55392,1,고척
20250628,9,437,53312,1,고척
20250628,10,437,53309,1,고척
20250629,1,438,1,51454,고척
20250629,2,438,50458,1,고척
20250629,3,438,67449,1,고척
20250629,4,438,62404,1,고척
20250629,5,438,54400,1,고척
20250629,6,438,65586,1,고척
20250629,7,438,66409,1,고척
20250629,8,438,52415,1,고척
20250629,9,438,65132,1,고척
20250629,10,438,54408,1,고척
20250629,1,438,1,55348,고척
20250629,2,438,65357,1,고척
20250629,3,438,64340,1,고척
20250629,4,438,50167,1,고척
20250629,5,438,69332,1,고척
20250629,6,438,55326,1,고척
20250629,7,438,51302,1,고척
20250629,8,438,55392,1,고척
20250629,9,438,53312,1,고척
20250629,10,438,55397,1,고척
20250629,1,439,1,53613,잠실
20250629,2,439,61353,1,잠실
20250629,3,439,65653,1,잠실
20250629,4,439,55645,1,잠실
20250629,5,439,72443,1,잠실
20250629,6,439,69636,1,잠실
20250629,7,439,67610,1,잠실
20250629,8,439,66614,1,잠실
20250629,9,439,78122,1,잠실
20250629,10,439,50657,1,잠실
20250629,1,439,1,55146,잠실
20250629,2,439,65207,1,잠실
20250629,3,439,76290,1,잠실
20250629,4,439,53123,1,잠실
20250629,5,439,69102,1,잠실
20250629,6,439,68119,1,잠실
20250629,7,439,79365,1,잠실
20250629,8,439,79109,1,잠실
20250629,9,439,52103,1,잠실
20250629,10,439,62415,1,잠실
20250629,1,440,1,76715,문학
20250629,2,440,66657,1,문학
20250629,3,440,55703,1,문학
20250629,4,440,53764,1,문학
20250629,5,440,69737,1,문학
20250629,6,440,50707,1,문학
20250629,7,440,66704,1,문학
20250629,8,440,65703,1,문학
20250629,9,440,78288,1,문학
20250629,10,440,64006,1,문학
20250629,1,440,1,55855,문학
20250629,2,440,50854,1,문학
20250629,3,440,66864,1,문학
20250629,4,440,75847,1,문학
20250629,5,440,53827,1,문학
20250629,6,440,62895,1,문학
20250629,7,440,60558,1,문학
20250629,8,440,51865,1,문학
20250629,9,440,54812,1,문학
20250629,10,440,54805,1,문학
20250629,1,441,1,69032,사직
20250629,2,441,79402,1,사직
20250629,3,441,64004,1,사직
20250629,4,441,52001,1,사직
20250629,5,441,67644,1,사직
20250629,6,441,68504,1,사직
20250629,7,441,64504,1,사직
20250629,8,441,64166,1,사직
20250629,9,441,50066,1,사직
20250629,10,441,51003,1,사직
20250629,1,441,1,64021,사직
20250629,2,441,52504,1,사직
20250629,3,441,69517,1,사직
20250629,4,441,54529,1,사직
20250629,5,441,78513,1,사직
20250629,6,441,61102,1,사직
20250629,7,441,55530,1,사직
20250629,8,441,51551,1,사직
20250629,9,441,68205,1,사직
20250629,10,441,62802,1,사직
20250629,1,442,1,51264,창원
20250629,2,442,79231,1,창원
20250629,3,442,67207,1,창원
20250629,4,442,55208,1,창원
20250629,5,442,78224,1,창원
20250629,6,442,50208,1,창원
20250629,7,442,55252,1,창원
20250629,8,442,52267,1,창원
20250629,9,442,54219,1,창원
20250629,10,442,53554,1,창원
20250629,1,442,1,52995,창원
20250629,2,442,51907,1,창원
20250629,3,442,63963,1,창원
20250629,4,442,62907,1,창원
20250629,5,442,54944,1,창원
20250629,6,442,79215,1,창원
20250629,7,442,51344,1,창원
20250629,8,442,77532,1,창원
20250629,9,442,68912,1,창원
20250629,10,442,51996,1,창원
20250701,1,443,1,53375,잠실
20250701,2,443,50458,1,잠실
20250701,3,443,65040,1,잠실
20250701,4,443,67449,1,잠실
20250701,5,443,54400,1,잠실
20250701,6,443,62404,1,잠실
20250701,7,443,52430,1,잠실
20250701,8,443,74540,1,잠실
20250701,9,443,62234,1,잠실
20250701,10,443,52415,1,잠실
20250701,1,443,1,55268,잠실
20250701,2,443,79231,1,잠실
20250701,3,443,50208,1,잠실
20250701,4,443,55208,1,잠실
20250701,5,443,78224,1,잠실
20250701,6,443,53554,1,잠실
20250701,7,443,55252,1,잠실
20250701,8,443,52267,1,잠실
20250701,9,443,54219,1,잠실
20250701,10,443,67207,1,잠실
20250701,1,444,1,54119,사직
20250701,2,444,65207,1,사직
20250701,3,444,76290,1,사직
20250701,4,444,53123,1,사직
20250701,5,444,69102,1,사직
20250701,6,444,79365,1,사직
20250701,7,444,68119,1,사직
20250701,8,444,79109,1,사직
20250701,9,444,69100,1,사직
20250701,10,444,62415,1,사직
20250701,1,444,1,55536,사직
20250701,2,444,52504,1,사직
20250701,3,444,68507,1,사직
20250701,4,444,69517,1,사직
20250701,5,444,54529,1,사직
20250701,6,444,78513,1,사직
20250701,7,444,55530,1,사직
20250701,8,444,51551,1,사직
20250701,9,444,68205,1,사직
20250701,10,444,68518,1,사직
20250701,1,445,1,69328,수원
20250701,2,445,65357,1,수원
20250701,3,445,64340,1,수원
20250701,4,445,50167,1,수원
20250701,5,445,55326,1,수원
20250701,6,445,69332,1,수원
20250701,7,445,51302,1,수원
20250701,8,445,55392,1,수원
20250701,9,445,53344,1,수원
20250701,10,445,55397,1,수원
20250701,1,445,1,54354,수원
20250701,2,445,79402,1,수원
20250701,3,445,64004,1,수원
20250701,4,445,52001,1,수원
20250701,5,445,78548,1,수원
20250701,6,445,67025,1,수원
20250701,7,445,68504,1,수원
20250701,8,445,79240,1,수원
20250701,9,445,64166,1,수원
20250701,10,445,51003,1,수원
20250701,1,446,1,51867,광주
20250701,2,446,50854,1,광주
20250701,3,446,53827,1,광주
20250701,4,446,75847,1,광주
20250701,5,446,62895,1,광주
20250701,6,446,51868,1,광주
20250701,7,446,67893,1,광주
20250701,8,446,66864,1,광주
20250701,9,446,51865,1,광주
20250701,10,446,54805,1,광주
20250701,1,446,1,76225,광주
20250701,2,446,64560,1,광주
20250701,3,446,64646,1,광주
20250701,4,446,55645,1,광주
20250701,5,446,72443,1,광주
20250701,6,446,61353,1,광주
20250701,7,446,69636,1,광주
20250701,8,446,65653,1,광주
20250701,9,446,78122,1,광주
20250701,10,446,50657,1,광주
20250701,1,447,1,55903,대전
20250701,2,447,51907,1,대전
20250701,3,447,69992,1,대전
20250701,4,447,62907,1,대전
20250701,5,447,54944,1,대전
20250701,6,447,79215,1,대전
20250701,7,447,63963,1,대전
20250701,8,447,51344,1,대전
20250701,9,447,68912,1,대전
20250701,10,447,77532,1,대전
20250701,1,447,1,54755,대전
20250701,2,447,66657,1,대전
20250701,3,447,55703,1,대전
20250701,4,447,53764,1,대전
20250701,5,447,69737,1,대전
20250701,6,447,79192,1,대전
20250701,7,447,50707,1,대전
20250701,8,447,65703,1,대전
20250701,9,447,76812,1,대전
20250701,10,447,64006,1,대전
20250702,1,448,1,55460,잠실
20250702,2,448,50458,1,잠실
20250702,3,448,67449,1,잠실
20250702,4,448,62404,1,잠실
20250702,5,448,54400,1,잠실
20250702,6,448,74540,1,잠실
20250702,7,448,52430,1,잠실
20250702,8,448,52415,1,잠실
20250702,9,448,62234,1,잠실
20250702,10,448,69418,1,잠실
20250702,1,448,1,55257,잠실
20250702,2,448,79231,1,잠실
20250702,3,448,50208,1,잠실
20250702,4,448,55208,1,잠실
20250702,5,448,76232,1,잠실
20250702,6,448,78224,1,잠실
20250702,7,448,52267,1,잠실
20250702,8,448,55252,1,잠실
20250702,9,448,53554,1,잠실
20250702,10,448,67207,1,잠실
20250702,1,449,1,61101,사직
20250702,2,449,65207,1,사직
20250702,3,449,76290,1,사직
20250702,4,449,68119,1,사직
20250702,5,449,69102,1,사직
20250702,6,449,79365,1,사직
20250702,7,449,79109,1,사직
20250702,8,449,66162,1,사직
20250702,9,449,68110,1,사직
20250702,10,449,52103,1,사직
20250702,1,449,1,55532,사직
20250702,2,449,68507,1,사직
20250702,3,449,55530,1,사직
20250702,4,449,54529,1,사직
20250702,5,449,78513,1,사직
20250702,6,449,51551,1,사직
20250702,7,449,68205,1,사직
20250702,8,449,62802,1,사직
20250702,9,449,68518,1,사직
20250702,10,449,52504,1,사직
20250702,1,450,1,64350,수원
20250702,2,450,65357,1,수원
20250702,3,450,64340,1,수원
20250702,4,450,50167,1,수원
20250702,5,450,76267,1,수원
20250702,6,450,69332,1,수원
20250702,7,450,55326,1,수원
20250702,8,450,55392,1,수원
20250702,9,450,53344,1,수원
20250702,10,450,55397,1,수원
20250702,1,450,1,50030,수원
20250702,2,450,79402,1,수원
20250702,3,450,64004,1,수원
20250702,4,450,52001,1,수원
20250702,5,450,78548,1,수원
20250702,6,450,67025,1,수원
20250702,7,450,64007,1,수원
20250702,8,450,79240,1,수원
20250702,9,450,66706,1,수원
20250702,10,450,51003,1,수원
20250702,1,451,1,77829,광주
20250702,2,451,50854,1,광주
20250702,3,451,53827,1,광주
20250702,4,451,75847,1,광주
20250702,5,451,62895,1,광주
20250702,6,451,51868,1,광주
20250702,7,451,67893,1,광주
20250702,8,451,66864,1,광주
20250702,9,451,51865,1,광주
20250702,10,451,54812,1,광주
20250702,1,451,1,53615,광주
20250702,2,451,64560,1,광주
20250702,3,451,64646,1,광주
20250702,4,451,55645,1,광주
20250702,5,451,72443,1,광주
20250702,6,451,61353,1,광주
20250702,7,451,69636,1,광주
20250702,8,451,65653,1,광주
20250702,9,451,68646,1,광주
20250702,10,451,50657,1,광주
20250702,1,452,1,53973,대전
20250702,2,452,51907,1,대전
20250702,3,452,77532,1,대전
20250702,4,452,62907,1,대전
20250702,5,452,54944,1,대전
20250702,6,452,79215,1,대전
20250702,7,452,68904,1,대전
20250702,8,452,51344,1,대전
20250702,9,452,64101,1,대전
20250702,10,452,64022,1,대전
20250702,1,452,1,52701,대전
20250702,2,452,66657,1,대전
20250702,3,452,55703,1,대전
20250702,4,452,53764,1,대전
20250702,5,452,69737,1,대전
20250702,6,452,79192,1,대전
20250702,7,452,50707,1,대전
20250702,8,452,62700,1,대전
20250702,9,452,78288,1,대전
20250702,10,452,64006,1,대전
20250703,1,453,1,65320,잠실
20250703,2,453,50458,1,잠실
20250703,3,453,62234,1,잠실
20250703,4,453,67449,1,잠실
20250703,5,453,54400,1,잠실
20250703,6,453,62404,1,잠실
20250703,7,453,52430,1,잠실
20250703,8,453,65040,1,잠실
20250703,9,453,65132,1,잠실
20250703,10,453,54408,1,잠실
20250703,1,453,1,68220,잠실
20250703,2,453,79231,1,잠실
20250703,3,453,50208,1,잠실
20250703,4,453,55208,1,잠실
20250703,5,453,76232,1,잠실
20250703,6,453,78224,1,잠실
20250703,7,453,55252,1,잠실
20250703,8,453,53554,1,잠실
20250703,9,453,68362,1,잠실
20250703,10,453,67207,1,잠실
20250703,1,454,1,67143,사직
20250703,2,454,65207,1,사직
20250703,3,454,76290,1,사직
20250703,4,454,68119,1,사직
20250703,5,454,69102,1,사직
20250703,6,454,79365,1,사직
20250703,7,454,79109,1,사직
20250703,8,454,50054,1,사직
20250703,9,454,52154,1,사직
20250703,10,454,62415,1,사직
20250703,1,454,1,52530,사직
20250703,2,454,52568,1,사직
20250703,3,454,77564,1,사직
20250703,4,454,54529,1,사직
20250703,5,454,78513,1,사직
20250703,6,454,61102,1,사직
20250703,7,454,68205,1,사직
20250703,8,454,60523,1,사직
20250703,9,454,55506,1,사직
20250703,10,454,68507,1,사직
20250703,1,455,1,55313,수원
20250703,2,455,65357,1,수원
20250703,3,455,64340,1,수원
20250703,4,455,50167,1,수원
20250703,5,455,55326,1,수원
20250703,6,455,76267,1,수원
20250703,7,455,53344,1,수원
20250703,8,455,55392,1,수원
20250703,9,455,78756,1,수원
20250703,10,455,55397,1,수원
20250703,1,455,1,64001,수원
20250703,2,455,79402,1,수원
20250703,3,455,64004,1,수원
20250703,4,455,52001,1,수원
20250703,5,455,67025,1,수원
20250703,6,455,64007,1,수원
20250703,7,455,79240,1,수원
20250703,8,455,64166,1,수원
20250703,9,455,50066,1,수원
20250703,10,455,51003,1,수원
20250703,1,456,1,62869,광주
20250703,2,456,60558,1,광주
20250703,3,456,53827,1,광주
20250703,4,456,75847,1,광주
20250703,5,456,62895,1,광주
20250703,6,456,51868,1,광주
20250703,7,456,67893,1,광주
20250703,8,456,66864,1,광주
20250703,9,456,79456,1,광주
20250703,10,456,54805,1,광주
20250703,1,456,1,77637,광주
20250703,2,456,61353,1,광주
20250703,3,456,64646,1,광주
20250703,4,456,55645,1,광주
20250703,5,456,72443,1,광주
20250703,6,456,69636,1,광주
20250703,7,456,67610,1,광주
20250703,8,456,65653,1,광주
20250703,9,456,78122,1,광주
20250703,10,456,66614,1,광주
20250703,1,457,1,68902,대전
20250703,2,457,51907,1,대전
20250703,3,457,77532,1,대전
20250703,4,457,62907,1,대전
20250703,5,457,68904,1,대전
20250703,6,457,79215,1,대전
20250703,7,457,51344,1,대전
20250703,8,457,69995,1,대전
20250703,9,457,68912,1,대전
20250703,10,457,64101,1,대전
20250703,1,457,1,65056,대전
20250703,2,457,68700,1,대전
20250703,3,457,55703,1,대전
20250703,4,457,53764,1,대전
20250703,5,457,69737,1,대전
20250703,6,457,79192,1,대전
20250703,7,457,69766,1,대전
20250703,8,457,62700,1,대전
20250703,9,457,78288,1,대전
20250703,10,457,65703,1,대전
20250704,1,458,1,50859,잠실
20250704,2,458,64166,1,잠실
20250704,3,458,66706,1,잠실
20250704,4,458,52001,1,잠실
20250704,5,458,67025,1,잠실
20250704,6,458,64007,1,잠실
20250704,7,458,79240,1,잠실
20250704,8,458,64504,1,잠실
20250704,9,458,50066,1,잠실
20250704,10,458,51003,1,잠실
20250704,1,458,1,55239,잠실
20250704,2,458,79231,1,잠실
20250704,3,458,67207,1,잠실
20250704,4,458,55208,1,잠실
20250704,5,458,76232,1,잠실
20250704,6,458,78224,1,잠실
20250704,7,458,66112,1,잠실
20250704,8,458,50208,1,잠실
20250704,9,458,63123,1,잠실
20250704,10,458,55252,1,잠실
20250704,1,459,1,51111,대구
20250704,2,459,65207,1,대구
20250704,3,459,50054,1,대구
20250704,4,459,76290,1,대구
20250704,5,459,69102,1,대구
20250704,6,459,79365,1,대구
20250704,7,459,68119,1,대구
20250704,8,459,79109,1,대구
20250704,9,459,52154,1,대구
20250704,10,459,62415,1,대구
20250704,1,459,1,51454,대구
20250704,2,459,50458,1,대구
20250704,3,459,67449,1,대구
20250704,4,459,54400,1,대구
20250704,5,459,62404,1,대구
20250704,6,459,52430,1,대구
20250704,7,459,69418,1,대구
20250704,8,459,52415,1,대구
20250704,9,459,65132,1,대구
20250704,10,459,62234,1,대구
20250704,1,460,1,54833,창원
20250704,2,460,60558,1,창원
20250704,3,460,50854,1,창원
20250704,4,460,75847,1,창원
20250704,5,460,53827,1,창원
20250704,6,460,51868,1,창원
20250704,7,460,66864,1,창원
20250704,8,460,67893,1,창원
20250704,9,460,79456,1,창원
20250704,10,460,66917,1,창원
20250704,1,460,1,55912,창원
20250704,2,460,51907,1,창원
20250704,3,460,69992,1,창원
20250704,4,460,62907,1,창원
20250704,5,460,54944,1,창원
20250704,6,460,51344,1,창원
20250704,7,460,77532,1,창원
20250704,8,460,63963,1,창원
20250704,9,460,64022,1,창원
20250704,10,460,51996,1,창원
20250704,1,461,1,67539,광주
20250704,2,461,68507,1,광주
20250704,3,461,55530,1,광주
20250704,4,461,54529,1,광주
20250704,5,461,78513,1,광주
20250704,6,461,77564,1,광주
20250704,7,461,60523,1,광주
20250704,8,461,68205,1,광주
20250704,9,461,61102,1,광주
20250704,10,461,52504,1,광주
20250704,1,461,1,54640,광주
20250704,2,461,61353,1,광주
20250704,3,461,64646,1,광주
20250704,4,461,55645,1,광주
20250704,5,461,72443,1,광주
20250704,6,461,69636,1,광주
20250704,7,461,66606,1,광주
20250704,8,461,65653,1,광주
20250704,9,461,78122,1,광주
20250704,10,461,66614,1,광주
20250704,1,462,1,55730,고척
20250704,2,462,68700,1,고척
20250704,3,462,62700,1,고척
20250704,4,462,55703,1,고척
20250704,5,462,53764,1,고척
20250704,6,462,79192,1,고척
20250704,7,462,69737,1,고척
20250704,8,462,66657,1,고척
20250704,9,462,78288,1,고척
20250704,10,462,64006,1,고척
20250704,1,462,1,69045,고척
20250704,2,462,65357,1,고척
20250704,3,462,64340,1,고척
20250704,4,462,50167,1,고척
20250704,5,462,76267,1,고척
20250704,6,462,69332,1,고척
20250704,7,462,55326,1,고척
20250704,8,462,55392,1,고척
20250704,9,462,53312,1,고척
20250704,10,462,55397,1,고척
20250705,1,463,1,69032,잠실
20250705,2,463,64004,1,잠실
20250705,3,463,66706,1,잠실
20250705,4,463,52001,1,잠실
20250705,5,463,67025,1,잠실
20250705,6,463,79240,1,잠실
20250705,7,463,64007,1,잠실
20250705,8,463,79402,1,잠실
20250705,9,463,50066,1,잠실
20250705,10,463,51003,1,잠실
20250705,1,463,1,67263,잠실
20250705,2,463,79231,1,잠실
20250705,3,463,50208,1,잠실
20250705,4,463,55208,1,잠실
20250705,5,463,76232,1,잠실
20250705,6,463,78224,1,잠실
20250705,7,463,55252,1,잠실
20250705,8,463,53554,1,잠실
20250705,9,463,68362,1,잠실
20250705,10,463,67207,1,잠실
20250705,1,464,1,55146,대구
20250705,2,464,65207,1,대구
20250705,3,464,50054,1,대구
20250705,4,464,76290,1,대구
20250705,5,464,69102,1,대구
20250705,6,464,79365,1,대구
20250705,7,464,79109,1,대구
20250705,8,464,50108,1,대구
20250705,9,464,52103,1,대구
20250705,10,464,62415,1,대구
20250705,1,464,1,68415,대구
20250705,2,464,50458,1,대구
20250705,3,464,67449,1,대구
20250705,4,464,54400,1,대구
20250705,5,464,62404,1,대구
20250705,6,464,52430,1,대구
20250705,7,464,52415,1,대구
20250705,8,464,62234,1,대구
20250705,9,464,65132,1,대구
20250705,10,464,66409,1,대구
20250705,1,465,1,55855,창원
20250705,2,465,50854,1,창원
20250705,3,465,53827,1,창원
20250705,4,465,75847,1,창원
20250705,5,465,62895,1,창원
20250705,6,465,51868,1,창원
20250705,7,465,67893,1,창원
20250705,8,465,60558,1,창원
20250705,9,465,54812,1,창원
20250705,10,465,51865,1,창원
20250705,1,465,1,52903,창원
20250705,2,465,51907,1,창원
20250705,3,465,69992,1,창원
20250705,4,465,62907,1,창원
20250705,5,465,54944,1,창원
20250705,6,465,79215,1,창원
20250705,7,465,77532,1,창원
20250705,8,465,68904,1,창원
20250705,9,465,51344,1,창원
20250705,10,465,64022,1,창원
20250705,1,466,1,64021,광주
20250705,2,466,55530,1,광주
20250705,3,466,51551,1,광주
20250705,4,466,54529,1,광주
20250705,5,466,78513,1,광주
20250705,6,466,60523,1,광주
20250705,7,466,77564,1,광주
20250705,8,466,61102,1,광주
20250705,9,466,52504,1,광주
20250705,10,466,52568,1,광주
20250705,1,466,1,69745,광주
20250705,2,466,61353,1,광주
20250705,3,466,64646,1,광주
20250705,4,466,55645,1,광주
20250705,5,466,72443,1,광주
20250705,6,466,69636,1,광주
20250705,7,466,66606,1,광주
20250705,8,466,65653,1,광주
20250705,9,466,68646,1,광주
20250705,10,466,66614,1,광주
20250705,1,467,1,76715,고척
20250705,2,467,68700,1,고척
20250705,3,467,55703,1,고척
20250705,4,467,53764,1,고척
20250705,5,467,69737,1,고척
20250705,6,467,79192,1,고척
20250705,7,467,66657,1,고척
20250705,8,467,62700,1,고척
20250705,9,467,78288,1,고척
20250705,10,467,64006,1,고척
20250705,1,467,1,55348,고척
20250705,2,467,65357,1,고척
20250705,3,467,64340,1,고척
20250705,4,467,50167,1,고척
20250705,5,467,76267,1,고척
20250705,6,467,55326,1,고척
20250705,7,467,52305,1,고척
20250705,8,467,55392,1,고척
20250705,9,467,53312,1,고척
20250705,10,467,55397,1,고척
20250706,1,468,1,54755,고척
20250706,2,468,68700,1,고척
20250706,3,468,55703,1,고척
20250706,4,468,53764,1,고척
20250706,5,468,69737,1,고척
20250706,6,468,79192,1,고척
20250706,7,468,66704,1,고척
20250706,8,468,65703,1,고척
20250706,9,468,76812,1,고척
20250706,10,468,64006,1,고척
20250706,1,468,1,69328,고척
20250706,2,468,65357,1,고척
20250706,3,468,64340,1,고척
20250706,4,468,50167,1,고척
20250706,5,468,76267,1,고척
20250706,6,468,69332,1,고척
20250706,7,468,54307,1,고척
20250706,8,468,55392,1,고척
20250706,9,468,53312,1,고척
20250706,10,468,55397,1,고척
20250706,1,469,1,54354,잠실
20250706,2,469,79402,1,잠실
20250706,3,469,64004,1,잠실
20250706,4,469,52001,1,잠실
20250706,5,469,78548,1,잠실
20250706,6,469,67025,1,잠실
20250706,7,469,64007,1,잠실
20250706,8,469,76313,1,잠실
20250706,9,469,64166,1,잠실
20250706,10,469,64115,1,잠실
20250706,1,469,1,51264,잠실
20250706,2,469,67207,1,잠실
20250706,3,469,79231,1,잠실
20250706,4,469,55208,1,잠실
20250706,5,469,76232,1,잠실
20250706,6,469,78224,1,잠실
20250706,7,469,74206,1,잠실
20250706,8,469,50208,1,잠실
20250706,9,469,63123,1,잠실
20250706,10,469,68362,1,잠실
20250706,1,470,1,54119,대구
20250706,2,470,65207,1,대구
20250706,3,470,50054,1,대구
20250706,4,470,76290,1,대구
20250706,5,470,69102,1,대구
20250706,6,470,79365,1,대구
20250706,7,470,68119,1,대구
20250706,8,470,79109,1,대구
20250706,9,470,52121,1,대구
20250706,10,470,62415,1,대구
20250706,1,470,1,53375,대구
20250706,2,470,50458,1,대구
20250706,3,470,62234,1,대구
20250706,4,470,54400,1,대구
20250706,5,470,62404,1,대구
20250706,6,470,52430,1,대구
20250706,7,470,65040,1,대구
20250706,8,470,52415,1,대구
20250706,9,470,74540,1,대구
20250706,10,470,67449,1,대구
20250706,1,471,1,51867,창원
20250706,2,471,50854,1,창원
20250706,3,471,53827,1,창원
20250706,4,471,75847,1,창원
20250706,5,471,62895,1,창원
20250706,6,471,51868,1,창원
20250706,7,471,66864,1,창원
20250706,8,471,51865,1,창원
20250706,9,471,54812,1,창원
20250706,10,471,66917,1,창원
20250706,1,471,1,55903,창원
20250706,2,471,51907,1,창원
20250706,3,471,63963,1,창원
20250706,4,471,62907,1,창원
20250706,5,471,54944,1,창원
20250706,6,471,79215,1,창원
20250706,7,471,77532,1,창원
20250706,8,471,51344,1,창원
20250706,9,471,68912,1,창원
20250706,10,471,69992,1,창원
20250706,1,472,1,55536,광주
20250706,2,472,68507,1,광주
20250706,3,472,55530,1,광주
20250706,4,472,54529,1,광주
20250706,5,472,78513,1,광주
20250706,6,472,51551,1,광주
20250706,7,472,68205,1,광주
20250706,8,472,61102,1,광주
20250706,9,472,52504,1,광주
20250706,10,472,52568,1,광주
20250706,1,472,1,76225,광주
20250706,2,472,64560,1,광주
20250706,3,472,64646,1,광주
20250706,4,472,55645,1,광주
20250706,5,472,72443,1,광주
20250706,6,472,61353,1,광주
20250706,7,472,69636,1,광주
20250706,8,472,65653,1,광주
20250706,9,472,78122,1,광주
20250706,10,472,50657,1,광주
20250708,1,473,1,64350,잠실
20250708,2,473,65357,1,잠실
20250708,3,473,64340,1,잠실
20250708,4,473,50167,1,잠실
20250708,5,473,76267,1,잠실
20250708,6,473,55326,1,잠실
20250708,7,473,69332,1,잠실
20250708,8,473,55392,1,잠실
20250708,9,473,53312,1,잠실
20250708,10,473,55397,1,잠실
20250708,1,473,1,61101,잠실
20250708,2,473,65207,1,잠실
20250708,3,473,50054,1,잠실
20250708,4,473,76290,1,잠실
20250708,5,473,69102,1,잠실
20250708,6,473,68119,1,잠실
20250708,7,473,79365,1,잠실
20250708,8,473,79109,1,잠실
20250708,9,473,50108,1,잠실
20250708,10,473,62415,1,잠실
20250708,1,474,1,65516,문학
20250708,2,474,76313,1,문학
20250708,3,474,64004,1,문학
20250708,4,474,52001,1,문학
20250708,5,474,78548,1,문학
20250708,6,474,64007,1,문학
20250708,7,474,67025,1,문학
20250708,8,474,79402,1,문학
20250708,9,474,64166,1,문학
20250708,10,474,64115,1,문학
20250708,1,474,1,77829,문학
20250708,2,474,50854,1,문학
20250708,3,474,53827,1,문학
20250708,4,474,75847,1,문학
20250708,5,474,62895,1,문학
20250708,6,474,51868,1,문학
20250708,7,474,67893,1,문학
20250708,8,474,68868,1,문학
20250708,9,474,54812,1,문학
20250708,10,474,51865,1,문학
20250708,1,475,1,55268,사직
20250708,2,475,67207,1,사직
20250708,3,475,79231,1,사직
20250708,4,475,55208,1,사직
20250708,5,475,76232,1,사직
20250708,6,475,78224,1,사직
20250708,7,475,55252,1,사직
20250708,8,475,50208,1,사직
20250708,9,475,63123,1,사직
20250708,10,475,68362,1,사직
20250708,1,475,1,50596,사직
20250708,2,475,50500,1,사직
20250708,3,475,55530,1,사직
20250708,4,475,54529,1,사직
20250708,5,475,78513,1,사직
20250708,6,475,51551,1,사직
20250708,7,475,61102,1,사직
20250708,8,475,68205,1,사직
20250708,9,475,68507,1,사직
20250708,10,475,52568,1,사직
20250708,1,476,1,55460,창원
20250708,2,476,50458,1,창원
20250708,3,476,62234,1,창원
20250708,4,476,62404,1,창원
20250708,5,476,54400,1,창원
20250708,6,476,52430,1,창원
20250708,7,476,52415,1,창원
20250708,8,476,67449,1,창원
20250708,9,476,65040,1,창원
20250708,10,476,65132,1,창원
20250708,1,476,1,53973,창원
20250708,2,476,51907,1,창원
20250708,3,476,63963,1,창원
20250708,4,476,62907,1,창원
20250708,5,476,54944,1,창원
20250708,6,476,77532,1,창원
20250708,7,476,79215,1,창원
20250708,8,476,51344,1,창원
20250708,9,476,64022,1,창원
20250708,10,476,69992,1,창원
20250708,1,477,1,53613,대전
20250708,2,477,61353,1,대전
20250708,3,477,64646,1,대전
20250708,4,477,55645,1,대전
20250708,5,477,72443,1,대전
20250708,6,477,69636,1,대전
20250708,7,477,66606,1,대전
20250708,8,477,65653,1,대전
20250708,9,477,78122,1,대전
20250708,10,477,66614,1,대전
20250708,1,477,1,52701,대전
20250708,2,477,68700,1,대전
20250708,3,477,55703,1,대전
20250708,4,477,53764,1,대전
20250708,5,477,69737,1,대전
20250708,6,477,79192,1,대전
20250708,7,477,66704,1,대전
20250708,8,477,62700,1,대전
20250708,9,477,78288,1,대전
20250708,10,477,64006,1,대전
20250709,1,478,1,55313,잠실
20250709,2,478,65357,1,잠실
20250709,3,478,64340,1,잠실
20250709,4,478,50167,1,잠실
20250709,5,478,76267,1,잠실
20250709,6,478,55326,1,잠실
20250709,7,478,69332,1,잠실
20250709,8,478,55392,1,잠실
20250709,9,478,53312,1,잠실
20250709,10,478,55371,1,잠실
20250709,1,478,1,67143,잠실
20250709,2,478,65207,1,잠실
20250709,3,478,50054,1,잠실
20250709,4,478,76290,1,잠실
20250709,5,478,69102,1,잠실
20250709,6,478,68119,1,잠실
20250709,7,478,79365,1,잠실
20250709,8,478,79109,1,잠실
20250709,9,478,52154,1,잠실
20250709,10,478,62415,1,잠실
20250709,1,479,1,50030,문학
20250709,2,479,76313,1,문학
20250709,3,479,64004,1,문학
20250709,4,479,52001,1,문학
20250709,5,479,78548,1,문학
20250709,6,479,67025,1,문학
20250709,7,479,79240,1,문학
20250709,8,479,79402,1,문학
20250709,9,479,64166,1,문학
20250709,10,479,51003,1,문학
20250709,1,479,1,62869,문학
20250709,2,479,50854,1,문학
20250709,3,479,53827,1,문학
20250709,4,479,75847,1,문학
20250709,5,479,62895,1,문학
20250709,6,479,51868,1,문학
20250709,7,479,67893,1,문학
20250709,8,479,66864,1,문학
20250709,9,479,54812,1,문학
20250709,10,479,51865,1,문학
20250709,1,480,1,68220,사직
20250709,2,480,79231,1,사직
20250709,3,480,50208,1,사직
20250709,4,480,55208,1,사직
20250709,5,480,76232,1,사직
20250709,6,480,78224,1,사직
20250709,7,480,55252,1,사직
20250709,8,480,66112,1,사직
20250709,9,480,53554,1,사직
20250709,10,480,67207,1,사직
20250709,1,480,1,52530,사직
20250709,2,480,50500,1,사직
20250709,3,480,55530,1,사직
20250709,4,480,54529,1,사직
20250709,5,480,78513,1,사직
20250709,6,480,61102,1,사직
20250709,7,480,51551,1,사직
20250709,8,480,52568,1,사직
20250709,9,480,68507,1,사직
20250709,10,480,68205,1,사직
20250709,1,481,1,65320,창원
20250709,2,481,50458,1,창원
20250709,3,481,67449,1,창원
20250709,4,481,62404,1,창원
20250709,5,481,54400,1,창원
20250709,6,481,62234,1,창원
20250709,7,481,52415,1,창원
20250709,8,481,52430,1,창원
20250709,9,481,74540,1,창원
20250709,10,481,65132,1,창원
20250709,1,481,1,68902,창원
20250709,2,481,51907,1,창원
20250709,3,481,63963,1,창원
20250709,4,481,62907,1,창원
20250709,5,481,68904,1,창원
20250709,6,481,77532,1,창원
20250709,7,481,79215,1,창원
20250709,8,481,51344,1,창원
20250709,9,481,64022,1,창원
20250709,10,481,69992,1,창원
20250709,1,482,1,77637,대전
20250709,2,482,61353,1,대전
20250709,3,482,64646,1,대전
20250709,4,482,69636,1,대전
20250709,5,482,55645,1,대전
20250709,6,482,67610,1,대전
20250709,7,482,68646,1,대전
20250709,8,482,65653,1,대전
20250709,9,482,66614,1,대전
20250709,10,482,66606,1,대전
20250709,1,482,1,65056,대전
20250709,2,482,68700,1,대전
20250709,3,482,55703,1,대전
20250709,4,482,53764,1,대전
20250709,5,482,69737,1,대전
20250709,6,482,79192,1,대전
20250709,7,482,66657,1,대전
20250709,8,482,62700,1,대전
20250709,9,482,78288,1,대전
20250709,10,482,64006,1,대전
20250710,1,483,1,69045,잠실
20250710,2,483,65357,1,잠실
20250710,3,483,64340,1,잠실
20250710,4,483,50167,1,잠실
20250710,5,483,76267,1,잠실
20250710,6,483,55326,1,잠실
20250710,7,483,69332,1,잠실
20250710,8,483,55392,1,잠실
20250710,9,483,53312,1,잠실
20250710,10,483,55397,1,잠실
20250710,1,483,1,51111,잠실
20250710,2,483,65207,1,잠실
20250710,3,483,50054,1,잠실
20250710,4,483,76290,1,잠실
20250710,5,483,79365,1,잠실
20250710,6,483,68119,1,잠실
20250710,7,483,79109,1,잠실
20250710,8,483,69100,1,잠실
20250710,9,483,52154,1,잠실
20250710,10,483,62415,1,잠실
20250710,1,484,1,64001,문학
20250710,2,484,76313,1,문학
20250710,3,484,79240,1,문학
20250710,4,484,52001,1,문학
20250710,5,484,67025,1,문학
20250710,6,484,78548,1,문학
20250710,7,484,67644,1,문학
20250710,8,484,79402,1,문학
20250710,9,484,66706,1,문학
20250710,10,484,51003,1,문학
20250710,1,484,1,54833,문학
20250710,2,484,67893,1,문학
20250710,3,484,53827,1,문학
20250710,4,484,75847,1,문학
20250710,5,484,62895,1,문학
20250710,6,484,51868,1,문학
20250710,7,484,50854,1,문학
20250710,8,484,68868,1,문학
20250710,9,484,54812,1,문학
20250710,10,484,51865,1,문학
20250710,1,485,1,55239,사직
20250710,2,485,79231,1,사직
20250710,3,485,67207,1,사직
20250710,4,485,55208,1,사직
20250710,5,485,76232,1,사직
20250710,6,485,78224,1,사직
20250710,7,485,55252,1,사직
20250710,8,485,50208,1,사직
20250710,9,485,64153,1,사직
20250710,10,485,66112,1,사직
20250710,1,485,1,67539,사직
20250710,2,485,52568,1,사직
20250710,3,485,60523,1,사직
20250710,4,485,54529,1,사직
20250710,5,485,78513,1,사직
20250710,6,485,61102,1,사직
20250710,7,485,68205,1,사직
20250710,8,485,55563,1,사직
20250710,9,485,52516,1,사직
20250710,10,485,55530,1,사직
20250710,1,486,1,51454,창원
20250710,2,486,69418,1,창원
20250710,3,486,52415,1,창원
20250710,4,486,62404,1,창원
20250710,5,486,54400,1,창원
20250710,6,486,74540,1,창원
20250710,7,486,62234,1,창원
20250710,8,486,52430,1,창원
20250710,9,486,66409,1,창원
20250710,10,486,65132,1,창원
20250710,1,486,1,55912,창원
20250710,2,486,51907,1,창원
20250710,3,486,63963,1,창원
20250710,4,486,62907,1,창원
20250710,5,486,51344,1,창원
20250710,6,486,77532,1,창원
20250710,7,486,79215,1,창원
20250710,8,486,69995,1,창원
20250710,9,486,68912,1,창원
20250710,10,486,69992,1,창원
20250710,1,487,1,54640,대전
20250710,2,487,61353,1,대전
20250710,3,487,64646,1,대전
20250710,4,487,69636,1,대전
20250710,5,487,55645,1,대전
20250710,6,487,63260,1,대전
20250710,7,487,65653,1,대전
20250710,8,487,64560,1,대전
20250710,9,487,78122,1,대전
20250710,10,487,50657,1,대전
20250710,1,487,1,54729,대전
20250710,2,487,68700,1,대전
20250710,3,487,55703,1,대전
20250710,4,487,53764,1,대전
20250710,5,487,69737,1,대전
20250710,6,487,79192,1,대전
20250710,7,487,66657,1,대전
20250710,8,487,65703,1,대전
20250710,9,487,78288,1,대전
20250710,10,487,64006,1,대전
20250718,1,493,1,55532,잠실
20250718,2,493,50500,1,잠실
20250718,3,493,52568,1,잠실
20250718,4,493,54529,1,잠실
20250718,5,493,78513,1,잠실
20250718,6,493,52591,1,잠실
20250718,7,493,61102,1,잠실
20250718,8,493,51551,1,잠실
20250718,9,493,68205,1,잠실
20250718,10,493,55530,1,잠실
20250718,1,493,1,67143,잠실
20250718,2,493,65207,1,잠실
20250718,3,493,50054,1,잠실
20250718,4,493,76290,1,잠실
20250718,5,493,69102,1,잠실
20250718,6,493,79365,1,잠실
20250718,7,493,68119,1,잠실
20250718,8,493,79109,1,잠실
20250718,9,493,52154,1,잠실
20250718,10,493,62415,1,잠실
20250718,1,495,1,55348,대구
20250718,2,495,65357,1,대구
20250718,3,495,64340,1,대구
20250718,4,495,50167,1,대구
20250718,5,495,76267,1,대구
20250718,6,495,55326,1,대구
20250718,7,495,69332,1,대구
20250718,8,495,55392,1,대구
20250718,9,495,53312,1,대구
20250718,10,495,55397,1,대구
20250718,1,495,1,53375,대구
20250718,2,495,62234,1,대구
20250718,3,495,69418,1,대구
20250718,4,495,62404,1,대구
20250718,5,495,54400,1,대구
20250718,6,495,52415,1,대구
20250718,7,495,52430,1,대구
20250718,8,495,74540,1,대구
20250718,9,495,67449,1,대구
20250718,10,495,66409,1,대구
20250718,1,496,1,55730,수원
20250718,2,496,68700,1,수원
20250718,3,496,55703,1,수원
20250718,4,496,53764,1,수원
20250718,5,496,69737,1,수원
20250718,6,496,79192,1,수원
20250718,7,496,66657,1,수원
20250718,8,496,62700,1,수원
20250718,9,496,78288,1,수원
20250718,10,496,64006,1,수원
20250718,1,496,1,50859,수원
20250718,2,496,76313,1,수원
20250718,3,496,64004,1,수원
20250718,4,496,52001,1,수원
20250718,5,496,67025,1,수원
20250718,6,496,79240,1,수원
20250718,7,496,79402,1,수원
20250718,8,496,50066,1,수원
20250718,9,496,66706,1,수원
20250718,10,496,51003,1,수원
20250719,1,498,1,55536,잠실
20250719,2,498,50500,1,잠실
20250719,3,498,55530,1,잠실
20250719,4,498,54529,1,잠실
20250719,5,498,78513,1,잠실
20250719,6,498,52591,1,잠실
20250719,7,498,61102,1,잠실
20250719,8,498,51551,1,잠실
20250719,9,498,52568,1,잠실
20250719,10,498,54598,1,잠실
20250719,1,498,1,54119,잠실
20250719,2,498,65207,1,잠실
20250719,3,498,68119,1,잠실
20250719,4,498,76290,1,잠실
20250719,5,498,69102,1,잠실
20250719,6,498,79365,1,잠실
20250719,7,498,52154,1,잠실
20250719,8,498,69100,1,잠실
20250719,9,498,66162,1,잠실
20250719,10,498,62415,1,잠실
20250719,1,499,1,55257,문학
20250719,2,499,79231,1,문학
20250719,3,499,50208,1,문학
20250719,4,499,55208,1,문학
20250719,5,499,76232,1,문학
20250719,6,499,78224,1,문학
20250719,7,499,55252,1,문학
20250719,8,499,64153,1,문학
20250719,9,499,52267,1,문학
20250719,10,499,67207,1,문학
20250719,1,499,1,54833,문학
20250719,2,499,60558,1,문학
20250719,3,499,53827,1,문학
20250719,4,499,75847,1,문학
20250719,5,499,62895,1,문학
20250719,6,499,51868,1,문학
20250719,7,499,66864,1,문학
20250719,8,499,50854,1,문학
20250719,9,499,51865,1,문학
20250719,10,499,52804,1,문학
20250719,1,501,1,54755,수원
20250719,2,501,68700,1,수원
20250719,3,501,55703,1,수원
20250719,4,501,53764,1,수원
20250719,5,501,69737,1,수원
20250719,6,501,79192,1,수원
20250719,7,501,66704,1,수원
20250719,8,501,62700,1,수원
20250719,9,501,76812,1,수원
20250719,10,501,64006,1,수원
20250719,1,501,1,54354,수원
20250719,2,501,76313,1,수원
20250719,3,501,64004,1,수원
20250719,4,501,52001,1,수원
20250719,5,501,67025,1,수원
20250719,6,501,67644,1,수원
20250719,7,501,79240,1,수원
20250719,8,501,79402,1,수원
20250719,9,501,68089,1,수원
20250719,10,501,64115,1,수원
20250720,1,503,1,52530,잠실
20250720,2,503,50500,1,잠실
20250720,3,503,52568,1,잠실
20250720,4,503,54529,1,잠실
20250720,5,503,78513,1,잠실
20250720,6,503,52591,1,잠실
20250720,7,503,61102,1,잠실
20250720,8,503,51551,1,잠실
20250720,9,503,77564,1,잠실
20250720,10,503,68205,1,잠실
20250720,1,503,1,61101,잠실
20250720,2,503,65207,1,잠실
20250720,3,503,68119,1,잠실
20250720,4,503,76290,1,잠실
20250720,5,503,69102,1,잠실
20250720,6,503,79365,1,잠실
20250720,7,503,79109,1,잠실
20250720,8,503,50054,1,잠실
20250720,9,503,55164,1,잠실
20250720,10,503,62415,1,잠실
20250720,1,504,1,68220,문학
20250720,2,504,67207,1,문학
20250720,3,504,50208,1,문학
20250720,4,504,55208,1,문학
20250720,5,504,76232,1,문학
20250720,6,504,78224,1,문학
20250720,7,504,55252,1,문학
20250720,8,504,64153,1,문학
20250720,9,504,52267,1,문학
20250720,10,504,79231,1,문학
20250720,1,504,1,77829,문학
20250720,2,504,50854,1,문학
20250720,3,504,53827,1,문학
20250720,4,504,75847,1,문학
20250720,5,504,62895,1,문학
20250720,6,504,51868,1,문학
20250720,7,504,66864,1,문학
20250720,8,504,54812,1,문학
20250720,9,504,79456,1,문학
20250720,10,504,54805,1,문학
20250720,1,505,1,69045,대구
20250720,2,505,65357,1,대구
20250720,3,505,64340,1,대구
20250720,4,505,50167,1,대구
20250720,5,505,76267,1,대구
20250720,6,505,55326,1,대구
20250720,7,505,69332,1,대구
20250720,8,505,55392,1,대구
20250720,9,505,53312,1,대구
20250720,10,505,55397,1,대구
20250720,1,505,1,53375,대구
20250720,2,505,62234,1,대구
20250720,3,505,67449,1,대구
20250720,4,505,62404,1,대구
20250720,5,505,54400,1,대구
20250720,6,505,52430,1,대구
20250720,7,505,65040,1,대구
20250720,8,505,74540,1,대구
20250720,9,505,66409,1,대구
20250720,10,505,52415,1,대구
20250720,1,506,1,76715,수원
20250720,2,506,66704,1,수원
20250720,3,506,55703,1,수원
20250720,4,506,53764,1,수원
20250720,5,506,69737,1,수원
20250720,6,506,79192,1,수원
20250720,7,506,66657,1,수원
20250720,8,506,62700,1,수원
20250720,9,506,78288,1,수원
20250720,10,506,64006,1,수원
20250720,1,506,1,50030,수원
20250720,2,506,76313,1,수원
20250720,3,506,64004,1,수원
20250720,4,506,52001,1,수원
20250720,5,506,67025,1,수원
20250720,6,506,79402,1,수원
20250720,7,506,79240,1,수원
20250720,8,506,64166,1,수원
20250720,9,506,68089,1,수원
20250720,10,506,64115,1,수원
20250720,1,507,1,68902,광주
20250720,2,507,51907,1,광주
20250720,3,507,63963,1,광주
20250720,4,507,62907,1,광주
20250720,5,507,51344,1,광주
20250720,6,507,77532,1,광주
20250720,7,507,79215,1,광주
20250720,8,507,69995,1,광주
20250720,9,507,68912,1,광주
20250720,10,507,69992,1,광주
20250720,1,507,1,51648,광주
20250720,2,507,61353,1,광주
20250720,3,507,64646,1,광주
20250720,4,507,55645,1,광주
20250720,5,507,72443,1,광주
20250720,6,507,62947,1,광주
20250720,7,507,78603,1,광주
20250720,8,507,69636,1,광주
20250720,9,507,78122,1,광주
20250720,10,507,65653,1,광주
20250722,1,508,1,52701,잠실
20250722,2,508,66704,1,잠실
20250722,3,508,55703,1,잠실
20250722,4,508,53764,1,잠실
20250722,5,508,69737,1,잠실
20250722,6,508,79192,1,잠실
20250722,7,508,66657,1,잠실
20250722,8,508,62700,1,잠실
20250722,9,508,78288,1,잠실
20250722,10,508,64006,1,잠실
20250722,1,508,1,55239,잠실
20250722,2,508,79231,1,잠실
20250722,3,508,50208,1,잠실
20250722,4,508,55208,1,잠실
20250722,5,508,76232,1,잠실
20250722,6,508,78224,1,잠실
20250722,7,508,55252,1,잠실
20250722,8,508,52267,1,잠실
20250722,9,508,53554,1,잠실
20250722,10,508,67207,1,잠실
20250722,1,509,1,55855,대구
20250722,2,509,50854,1,대구
20250722,3,509,53827,1,대구
20250722,4,509,75847,1,대구
20250722,5,509,62895,1,대구
20250722,6,509,51868,1,대구
20250722,7,509,79456,1,대구
20250722,8,509,66864,1,대구
20250722,9,509,50840,1,대구
20250722,10,509,52804,1,대구
20250722,1,509,1,69446,대구
20250722,2,509,62234,1,대구
20250722,3,509,67449,1,대구
20250722,4,509,62404,1,대구
20250722,5,509,54400,1,대구
20250722,6,509,74540,1,대구
20250722,7,509,65040,1,대구
20250722,8,509,52415,1,대구
20250722,9,509,66409,1,대구
20250722,10,509,54408,1,대구
20250722,1,510,1,64001,창원
20250722,2,510,76313,1,창원
20250722,3,510,64004,1,창원
20250722,4,510,52001,1,창원
20250722,5,510,67644,1,창원
20250722,6,510,68050,1,창원
20250722,7,510,64504,1,창원
20250722,8,510,79402,1,창원
20250722,9,510,68089,1,창원
20250722,10,510,64115,1,창원
20250722,1,510,1,55903,창원
20250722,2,510,51907,1,창원
20250722,3,510,63963,1,창원
20250722,4,510,62907,1,창원
20250722,5,510,68904,1,창원
20250722,6,510,79215,1,창원
20250722,7,510,77532,1,창원
20250722,8,510,68912,1,창원
20250722,9,510,51344,1,창원
20250722,10,510,50996,1,창원
20250722,1,511,1,51111,광주
20250722,2,511,65207,1,광주
20250722,3,511,68119,1,광주
20250722,4,511,76290,1,광주
20250722,5,511,69102,1,광주
20250722,6,511,79365,1,광주
20250722,7,511,50054,1,광주
20250722,8,511,79109,1,광주
20250722,9,511,52154,1,광주
20250722,10,511,62415,1,광주
20250722,1,511,1,54640,광주
20250722,2,511,64646,1,광주
20250722,3,511,78603,1,광주
20250722,4,511,55645,1,광주
20250722,5,511,72443,1,광주
20250722,6,511,62947,1,광주
20250722,7,511,63260,1,광주
20250722,8,511,69636,1,광주
20250722,9,511,78122,1,광주
20250722,10,511,65653,1,광주
20250722,1,512,1,67539,고척
20250722,2,512,50500,1,고척
20250722,3,512,52568,1,고척
20250722,4,512,54529,1,고척
20250722,5,512,78513,1,고척
20250722,6,512,52591,1,고척
20250722,7,512,61102,1,고척
20250722,8,512,77564,1,고척
20250722,9,512,60523,1,고척
20250722,10,512,68205,1,고척
20250722,1,512,1,55348,고척
20250722,2,512,65357,1,고척
20250722,3,512,64340,1,고척
20250722,4,512,50167,1,고척
20250722,5,512,54444,1,고척
20250722,6,512,76267,1,고척
20250722,7,512,69332,1,고척
20250722,8,512,53312,1,고척
20250722,9,512,55371,1,고척
20250722,10,512,55392,1,고척
20250723,1,513,1,54729,잠실
20250723,2,513,66704,1,잠실
20250723,3,513,55703,1,잠실
20250723,4,513,53764,1,잠실
20250723,5,513,69737,1,잠실
20250723,6,513,79192,1,잠실
20250723,7,513,50707,1,잠실
20250723,8,513,62700,1,잠실
20250723,9,513,52764,1,잠실
20250723,10,513,64006,1,잠실
20250723,1,513,1,55268,잠실
20250723,2,513,79231,1,잠실
20250723,3,513,67207,1,잠실
20250723,4,513,55208,1,잠실
20250723,5,513,76232,1,잠실
20250723,6,513,50208,1,잠실
20250723,7,513,55252,1,잠실
20250723,8,513,64153,1,잠실
20250723,9,513,66112,1,잠실
20250723,10,513,69238,1,잠실
20250723,1,514,1,51867,대구
20250723,2,514,68868,1,대구
20250723,3,514,53827,1,대구
20250723,4,514,75847,1,대구
20250723,5,514,62895,1,대구
20250723,6,514,51868,1,대구
20250723,7,514,50854,1,대구
20250723,8,514,66864,1,대구
20250723,9,514,54812,1,대구
20250723,10,514,66662,1,대구
20250723,1,514,1,55460,대구
20250723,2,514,69418,1,대구
20250723,3,514,67449,1,대구
20250723,4,514,62404,1,대구
20250723,5,514,54400,1,대구
20250723,6,514,74540,1,대구
20250723,7,514,52430,1,대구
20250723,8,514,52415,1,대구
20250723,9,514,65586,1,대구
20250723,10,514,54408,1,대구
20250723,1,515,1,55032,창원
20250723,2,515,64004,1,창원
20250723,3,515,79240,1,창원
20250723,4,515,52001,1,창원
20250723,5,515,67644,1,창원
20250723,6,515,68050,1,창원
20250723,7,515,64504,1,창원
20250723,8,515,79402,1,창원
20250723,9,515,68089,1,창원
20250723,10,515,64115,1,창원
20250723,1,515,1,55912,창원
20250723,2,515,51907,1,창원
20250723,3,515,63963,1,창원
20250723,4,515,62907,1,창원
20250723,5,515,68904,1,창원
20250723,6,515,79215,1,창원
20250723,7,515,69995,1,창원
20250723,8,515,51344,1,창원
20250723,9,515,68912,1,창원
20250723,10,515,69992,1,창원
20250723,1,516,1,55146,광주
20250723,2,516,62415,1,광주
20250723,3,516,68119,1,광주
20250723,4,516,76290,1,광주
20250723,5,516,69102,1,광주
20250723,6,516,79365,1,광주
20250723,7,516,50054,1,광주
20250723,8,516,79109,1,광주
20250723,9,516,55164,1,광주
20250723,10,516,69100,1,광주
20250723,1,516,1,69745,광주
20250723,2,516,64646,1,광주
20250723,3,516,78603,1,광주
20250723,4,516,61353,1,광주
20250723,5,516,72443,1,광주
20250723,6,516,55645,1,광주
20250723,7,516,62947,1,광주
20250723,8,516,69636,1,광주
20250723,9,516,78122,1,광주
20250723,10,516,65653,1,광주
20250723,1,517,1,64021,고척
20250723,2,517,50500,1,고척
20250723,3,517,69517,1,고척
20250723,4,517,52591,1,고척
20250723,5,517,54529,1,고척
20250723,6,517,78513,1,고척
20250723,7,517,51551,1,고척
20250723,8,517,61102,1,고척
20250723,9,517,62802,1,고척
20250723,10,517,52568,1,고척
20250723,1,517,1,64350,고척
20250723,2,517,65357,1,고척
20250723,3,517,64340,1,고척
20250723,4,517,50167,1,고척
20250723,5,517,76267,1,고척
20250723,6,517,54444,1,고척
20250723,7,517,54307,1,고척
20250723,8,517,53312,1,고척
20250723,9,517,55371,1,고척
20250723,10,517,55392,1,고척
20250724,1,518,1,55730,잠실
20250724,2,518,68700,1,잠실
20250724,3,518,55703,1,잠실
20250724,4,518,53764,1,잠실
20250724,5,518,69737,1,잠실
20250724,6,518,79192,1,잠실
20250724,7,518,66704,1,잠실
20250724,8,518,54795,1,잠실
20250724,9,518,78288,1,잠실
20250724,10,518,64006,1,잠실
20250724,1,518,1,51264,잠실
20250724,2,518,79231,1,잠실
20250724,3,518,67207,1,잠실
20250724,4,518,55208,1,잠실
20250724,5,518,76232,1,잠실
20250724,6,518,78224,1,잠실
20250724,7,518,55252,1,잠실
20250724,8,518,50208,1,잠실
20250724,9,518,64153,1,잠실
20250724,10,518,69238,1,잠실
20250724,1,519,1,62869,대구
20250724,2,519,50854,1,대구
20250724,3,519,53827,1,대구
20250724,4,519,75847,1,대구
20250724,5,519,62895,1,대구
20250724,6,519,51868,1,대구
20250724,7,519,66864,1,대구
20250724,8,519,79456,1,대구
20250724,9,519,54812,1,대구
20250724,10,519,52804,1,대구
20250724,1,519,1,65320,대구
20250724,2,519,62234,1,대구
20250724,3,519,67449,1,대구
20250724,4,519,62404,1,대구
20250724,5,519,54400,1,대구
20250724,6,519,74540,1,대구
20250724,7,519,52430,1,대구
20250724,8,519,52415,1,대구
20250724,9,519,65040,1,대구
20250724,10,519,65132,1,대구
20250724,1,520,1,65516,창원
20250724,2,520,64004,1,창원
20250724,3,520,68050,1,창원
20250724,4,520,52001,1,창원
20250724,5,520,67644,1,창원
20250724,6,520,78548,1,창원
20250724,7,520,79240,1,창원
20250724,8,520,79402,1,창원
20250724,9,520,64504,1,창원
20250724,10,520,51003,1,창원
20250724,1,520,1,53973,창원
20250724,2,520,51907,1,창원
20250724,3,520,63963,1,창원
20250724,4,520,62907,1,창원
20250724,5,520,68904,1,창원
20250724,6,520,79215,1,창원
20250724,7,520,69995,1,창원
20250724,8,520,51344,1,창원
20250724,9,520,64022,1,창원
20250724,10,520,67905,1,창원
20250724,1,521,1,67143,광주
20250724,2,521,65207,1,광주
20250724,3,521,68119,1,광주
20250724,4,521,76290,1,광주
20250724,5,521,69102,1,광주
20250724,6,521,79365,1,광주
20250724,7,521,69100,1,광주
20250724,8,521,52154,1,광주
20250724,9,521,66162,1,광주
20250724,10,521,62415,1,광주
20250724,1,521,1,77637,광주
20250724,2,521,64646,1,광주
20250724,3,521,55645,1,광주
20250724,4,521,62947,1,광주
20250724,5,521,72443,1,광주
20250724,6,521,78603,1,광주
20250724,7,521,69636,1,광주
20250724,8,521,68646,1,광주
20250724,9,521,64560,1,광주
20250724,10,521,65653,1,광주
20250724,1,522,1,55532,고척
20250724,2,522,50500,1,고척
20250724,3,522,69517,1,고척
20250724,4,522,52591,1,고척
20250724,5,522,54529,1,고척
20250724,6,522,78513,1,고척
20250724,7,522,61102,1,고척
20250724,8,522,50150,1,고척
20250724,9,522,52568,1,고척
20250724,10,522,62802,1,고척
20250724,1,522,1,55313,고척
20250724,2,522,65357,1,고척
20250724,3,522,64340,1,고척
20250724,4,522,50167,1,고척
20250724,5,522,54444,1,고척
20250724,6,522,76267,1,고척
20250724,7,522,69332,1,고척
20250724,8,522,62332,1,고척
20250724,9,522,50304,1,고척
20250724,10,522,55392,1,고척
20250725,1,523,1,54119,잠실
20250725,2,523,65207,1,잠실
20250725,3,523,68119,1,잠실
20250725,4,523,76290,1,잠실
20250725,5,523,69102,1,잠실
20250725,6,523,79365,1,잠실
20250725,7,523,79109,1,잠실
20250725,8,523,50054,1,잠실
20250725,9,523,52103,1,잠실
20250725,10,523,62415,1,잠실
20250725,1,523,1,55257,잠실
20250725,2,523,79231,1,잠실
20250725,3,523,50208,1,잠실
20250725,4,523,55208,1,잠실
20250725,5,523,76232,1,잠실
20250725,6,523,78224,1,잠실
20250725,7,523,55252,1,잠실
20250725,8,523,53554,1,잠실
20250725,9,523,64153,1,잠실
20250725,10,523,67207,1,잠실
20250725,1,524,1,76225,사직
20250725,2,524,64646,1,사직
20250725,3,524,69636,1,사직
20250725,4,524,55645,1,사직
20250725,5,524,72443,1,사직
20250725,6,524,62947,1,사직
20250725,7,524,69727,1,사직
20250725,8,524,65653,1,사직
20250725,9,524,78122,1,사직
20250725,10,524,50657,1,사직
20250725,1,524,1,55536,사직
20250725,2,524,50500,1,사직
20250725,3,524,69517,1,사직
20250725,4,524,54529,1,사직
20250725,5,524,78513,1,사직
20250725,6,524,52591,1,사직
20250725,7,524,50150,1,사직
20250725,8,524,52568,1,사직
20250725,9,524,62802,1,사직
20250725,10,524,68518,1,사직
20250725,1,525,1,69328,창원
20250725,2,525,65357,1,창원
20250725,3,525,50167,1,창원
20250725,4,525,64340,1,창원
20250725,5,525,76267,1,창원
20250725,6,525,54444,1,창원
20250725,7,525,64346,1,창원
20250725,8,525,53312,1,창원
20250725,9,525,55392,1,창원
20250725,10,525,50304,1,창원
20250725,1,525,1,52992,창원
20250725,2,525,51907,1,창원
20250725,3,525,69992,1,창원
20250725,4,525,62907,1,창원
20250725,5,525,68904,1,창원
20250725,6,525,79215,1,창원
20250725,7,525,63963,1,창원
20250725,8,525,51344,1,창원
20250725,9,525,68912,1,창원
20250725,10,525,69995,1,창원
20250725,1,526,1,68415,수원
20250725,2,526,62234,1,수원
20250725,3,526,67449,1,수원
20250725,4,526,62404,1,수원
20250725,5,526,54400,1,수원
20250725,6,526,74540,1,수원
20250725,7,526,52430,1,수원
20250725,8,526,52415,1,수원
20250725,9,526,66409,1,수원
20250725,10,526,65132,1,수원
20250725,1,526,1,54354,수원
20250725,2,526,64004,1,수원
20250725,3,526,68050,1,수원
20250725,4,526,52001,1,수원
20250725,5,526,78548,1,수원
20250725,6,526,67644,1,수원
20250725,7,526,79240,1,수원
20250725,8,526,79402,1,수원
20250725,9,526,51003,1,수원
20250725,10,526,76313,1,수원
20250725,1,527,1,54833,대전
20250725,2,527,50854,1,대전
20250725,3,527,68868,1,대전
20250725,4,527,75847,1,대전
20250725,5,527,53827,1,대전
20250725,6,527,51868,1,대전
20250725,7,527,66864,1,대전
20250725,8,527,79456,1,대전
20250725,9,527,54812,1,대전
20250725,10,527,52804,1,대전
20250725,1,527,1,54755,대전
20250725,2,527,54795,1,대전
20250725,3,527,55703,1,대전
20250725,4,527,53764,1,대전
20250725,5,527,69737,1,대전
20250725,6,527,79192,1,대전
20250725,7,527,50707,1,대전
20250725,8,527,65703,1,대전
20250725,9,527,78288,1,대전
20250725,10,527,68700,1,대전
20250726,1,528,1,61101,잠실
20250726,2,528,65207,1,잠실
20250726,3,528,68119,1,잠실
20250726,4,528,76290,1,잠실
20250726,5,528,69102,1,잠실
20250726,6,528,79365,1,잠실
20250726,7,528,79109,1,잠실
20250726,8,528,50054,1,잠실
20250726,9,528,69100,1,잠실
20250726,10,528,62415,1,잠실
20250726,1,528,1,68220,잠실
20250726,2,528,50208,1,잠실
20250726,3,528,55252,1,잠실
20250726,4,528,55208,1,잠실
20250726,5,528,76232,1,잠실
20250726,6,528,78224,1,잠실
20250726,7,528,63257,1,잠실
20250726,8,528,64153,1,잠실
20250726,9,528,67207,1,잠실
20250726,10,528,79231,1,잠실
20250726,1,529,1,51648,사직
20250726,2,529,61353,1,사직
20250726,3,529,64646,1,사직
20250726,4,529,55645,1,사직
20250726,5,529,72443,1,사직
20250726,6,529,69636,1,사직
20250726,7,529,69727,1,사직
20250726,8,529,65653,1,사직
20250726,9,529,68646,1,사직
20250726,10,529,66614,1,사직
20250726,1,529,1,52530,사직
20250726,2,529,50500,1,사직
20250726,3,529,69517,1,사직
20250726,4,529,50150,1,사직
20250726,5,529,54529,1,사직
20250726,6,529,52591,1,사직
20250726,7,529,78513,1,사직
20250726,8,529,52568,1,사직
20250726,9,529,61102,1,사직
20250726,10,529,62802,1,사직
20250726,1,530,1,69045,창원
20250726,2,530,65357,1,창원
20250726,3,530,50167,1,창원
20250726,4,530,54444,1,창원
20250726,5,530,76267,1,창원
20250726,6,530,64346,1,창원
20250726,7,530,69332,1,창원
20250726,8,530,64984,1,창원
20250726,9,530,55392,1,창원
20250726,10,530,62332,1,창원
20250726,1,530,1,68902,창원
20250726,2,530,51907,1,창원
20250726,3,530,69992,1,창원
20250726,4,530,62907,1,창원
20250726,5,530,68904,1,창원
20250726,6,530,79215,1,창원
20250726,7,530,63963,1,창원
20250726,8,530,51344,1,창원
20250726,9,530,64022,1,창원
20250726,10,530,69995,1,창원
20250726,1,531,1,53375,수원
20250726,2,531,62234,1,수원
20250726,3,531,67449,1,수원
20250726,4,531,62404,1,수원
20250726,5,531,54400,1,수원
20250726,6,531,74540,1,수원
20250726,7,531,52430,1,수원
20250726,8,531,67005,1,수원
20250726,9,531,52415,1,수원
20250726,10,531,54408,1,수원
20250726,1,531,1,50030,수원
20250726,2,531,64004,1,수원
20250726,3,531,67025,1,수원
20250726,4,531,52001,1,수원
20250726,5,531,78548,1,수원
20250726,6,531,67644,1,수원
20250726,7,531,79240,1,수원
20250726,8,531,79402,1,수원
20250726,9,531,76313,1,수원
20250726,10,531,64115,1,수원
20250726,1,532,1,77829,대전
20250726,2,532,50854,1,대전
20250726,3,532,66864,1,대전
20250726,4,532,75847,1,대전
20250726,5,532,53827,1,대전
20250726,6,532,51868,1,대전
20250726,7,532,62934,1,대전
20250726,8,532,79456,1,대전
20250726,9,532,54812,1,대전
20250726,10,532,76802,1,대전
20250726,1,532,1,76715,대전
20250726,2,532,66657,1,대전
20250726,3,532,55703,1,대전
20250726,4,532,53764,1,대전
20250726,5,532,69737,1,대전
20250726,6,532,79192,1,대전
20250726,7,532,66704,1,대전
20250726,8,532,54795,1,대전
20250726,9,532,78288,1,대전
20250726,10,532,64006,1,대전
20250727,1,533,1,68419,잠실
20250727,2,533,65207,1,잠실
20250727,3,533,68119,1,잠실
20250727,4,533,76290,1,잠실
20250727,5,533,69102,1,잠실
20250727,6,533,79365,1,잠실
20250727,7,533,79109,1,잠실
20250727,8,533,69100,1,잠실
20250727,9,533,52154,1,잠실
20250727,10,533,62415,1,잠실
20250727,1,533,1,55239,잠실
20250727,2,533,50208,1,잠실
20250727,3,533,67207,1,잠실
20250727,4,533,55208,1,잠실
20250727,5,533,76232,1,잠실
20250727,6,533,55252,1,잠실
20250727,7,533,66112,1,잠실
20250727,8,533,63257,1,잠실
20250727,9,533,64468,1,잠실
20250727,10,533,79231,1,잠실
20250727,1,534,1,54640,사직
20250727,2,534,61353,1,사직
20250727,3,534,64646,1,사직
20250727,4,534,69636,1,사직
20250727,5,534,72443,1,사직
20250727,6,534,78603,1,사직
20250727,7,534,62947,1,사직
20250727,8,534,55645,1,사직
20250727,9,534,78122,1,사직
20250727,10,534,65653,1,사직
20250727,1,534,1,67539,사직
20250727,2,534,50500,1,사직
20250727,3,534,69517,1,사직
20250727,4,534,50150,1,사직
20250727,5,534,54529,1,사직
20250727,6,534,52591,1,사직
20250727,7,534,78513,1,사직
20250727,8,534,52568,1,사직
20250727,9,534,61102,1,사직
20250727,10,534,62802,1,사직
20250727,1,535,1,54319,창원
20250727,2,535,65357,1,창원
20250727,3,535,64340,1,창원
20250727,4,535,50167,1,창원
20250727,5,535,54444,1,창원
20250727,6,535,76267,1,창원
20250727,7,535,64346,1,창원
20250727,8,535,53312,1,창원
20250727,9,535,55371,1,창원
20250727,10,535,55392,1,창원
20250727,1,535,1,55903,창원
20250727,2,535,51907,1,창원
20250727,3,535,69992,1,창원
20250727,4,535,62907,1,창원
20250727,5,535,68904,1,창원
20250727,6,535,63963,1,창원
20250727,7,535,51344,1,창원
20250727,8,535,69995,1,창원
20250727,9,535,68912,1,창원
20250727,10,535,67905,1,창원
20250727,1,536,1,69446,수원
20250727,2,536,62234,1,수원
20250727,3,536,67449,1,수원
20250727,4,536,62404,1,수원
20250727,5,536,54400,1,수원
20250727,6,536,65586,1,수원
20250727,7,536,74540,1,수원
20250727,8,536,52415,1,수원
20250727,9,536,67005,1,수원
20250727,10,536,54408,1,수원
20250727,1,536,1,64001,수원
20250727,2,536,64004,1,수원
20250727,3,536,68050,1,수원
20250727,4,536,52001,1,수원
20250727,5,536,78548,1,수원
20250727,6,536,79240,1,수원
20250727,7,536,76313,1,수원
20250727,8,536,64504,1,수원
20250727,9,536,64166,1,수원
20250727,10,536,64115,1,수원
20250727,1,537,1,55855,대전
20250727,2,537,50854,1,대전
20250727,3,537,54812,1,대전
20250727,4,537,75847,1,대전
20250727,5,537,53827,1,대전
20250727,6,537,51868,1,대전
20250727,7,537,62934,1,대전
20250727,8,537,66864,1,대전
20250727,9,537,66662,1,대전
20250727,10,537,76802,1,대전
20250727,1,537,1,52701,대전
20250727,2,537,54795,1,대전
20250727,3,537,55703,1,대전
20250727,4,537,53764,1,대전
20250727,5,537,69737,1,대전
20250727,6,537,79192,1,대전
20250727,7,537,66657,1,대전
20250727,8,537,66704,1,대전
20250727,9,537,78288,1,대전
20250727,10,537,64006,1,대전
20250729,1,538,1,50859,잠실
20250729,2,538,68050,1,잠실
20250729,3,538,67644,1,잠실
20250729,4,538,52001,1,잠실
20250729,5,538,78548,1,잠실
20250729,6,538,79240,1,잠실
20250729,7,538,76313,1,잠실
20250729,8,538,67006,1,잠실
20250729,9,538,64504,1,잠실
20250729,10,538,51003,1,잠실
20250729,1,538,1,55146,잠실
20250729,2,538,65207,1,잠실
20250729,3,538,68119,1,잠실
20250729,4,538,76290,1,잠실
20250729,5,538,69102,1,잠실
20250729,6,538,79365,1,잠실
20250729,7,538,79109,1,잠실
20250729,8,538,69100,1,잠실
20250729,9,538,54156,1,잠실
20250729,10,538,62415,1,잠실
20250729,1,539,1,64350,문학
20250729,2,539,50167,1,문학
20250729,3,539,64340,1,문학
20250729,4,539,65357,1,문학
20250729,5,539,54444,1,문학
20250729,6,539,76267,1,문학
20250729,7,539,64346,1,문학
20250729,8,539,64984,1,문학
20250729,9,539,55371,1,문학
20250729,10,539,53312,1,문학
20250729,1,539,1,68856,문학
20250729,2,539,50854,1,문학
20250729,3,539,54812,1,문학
20250729,4,539,75847,1,문학
20250729,5,539,53827,1,문학
20250729,6,539,51868,1,문학
20250729,7,539,62934,1,문학
20250729,8,539,66864,1,문학
20250729,9,539,79456,1,문학
20250729,10,539,76802,1,문학
20250729,1,540,1,55912,사직
20250729,2,540,51907,1,사직
20250729,3,540,66606,1,사직
20250729,4,540,62907,1,사직
20250729,5,540,68904,1,사직
20250729,6,540,79215,1,사직
20250729,7,540,63260,1,사직
20250729,8,540,51344,1,사직
20250729,9,540,68912,1,사직
20250729,10,540,63963,1,사직
20250729,1,540,1,64021,사직
20250729,2,540,50500,1,사직
20250729,3,540,69517,1,사직
20250729,4,540,50150,1,사직
20250729,5,540,54529,1,사직
20250729,6,540,52591,1,사직
20250729,7,540,78513,1,사직
20250729,8,540,52568,1,사직
20250729,9,540,61102,1,사직
20250729,10,540,62802,1,사직
20250729,1,541,1,55268,광주
20250729,2,541,79231,1,광주
20250729,3,541,67207,1,광주
20250729,4,541,55208,1,광주
20250729,5,541,76232,1,광주
20250729,6,541,63257,1,광주
20250729,7,541,55252,1,광주
20250729,8,541,78224,1,광주
20250729,9,541,64468,1,광주
20250729,10,541,53554,1,광주
20250729,1,541,1,69745,광주
20250729,2,541,61353,1,광주
20250729,3,541,64646,1,광주
20250729,4,541,69636,1,광주
20250729,5,541,72443,1,광주
20250729,6,541,62947,1,광주
20250729,7,541,78603,1,광주
20250729,8,541,55645,1,광주
20250729,9,541,68646,1,광주
20250729,10,541,65653,1,광주
20250729,1,542,1,55460,대전
20250729,2,542,52415,1,대전
20250729,3,542,67449,1,대전
20250729,4,542,62404,1,대전
20250729,5,542,54400,1,대전
20250729,6,542,74540,1,대전
20250729,7,542,52430,1,대전
20250729,8,542,75125,1,대전
20250729,9,542,69418,1,대전
20250729,10,542,62234,1,대전
20250729,1,542,1,54729,대전
20250729,2,542,66704,1,대전
20250729,3,542,55703,1,대전
20250729,4,542,53764,1,대전
20250729,5,542,69737,1,대전
20250729,6,542,79192,1,대전
20250729,7,542,79608,1,대전
20250729,8,542,62700,1,대전
20250729,9,542,78288,1,대전
20250729,10,542,65703,1,대전
20250730,1,543,1,55032,잠실
20250730,2,543,76313,1,잠실
20250730,3,543,64504,1,잠실
20250730,4,543,52001,1,잠실
20250730,5,543,78548,1,잠실
20250730,6,543,68050,1,잠실
20250730,7,543,67025,1,잠실
20250730,8,543,79240,1,잠실
20250730,9,543,64166,1,잠실
20250730,10,543,64115,1,잠실
20250730,1,543,1,67143,잠실
20250730,2,543,65207,1,잠실
20250730,3,543,68119,1,잠실
20250730,4,543,76290,1,잠실
20250730,5,543,69102,1,잠실
20250730,6,543,79109,1,잠실
20250730,7,543,55164,1,잠실
20250730,8,543,69100,1,잠실
20250730,9,543,52154,1,잠실
20250730,10,543,62415,1,잠실
20250730,1,544,1,55313,문학
20250730,2,544,50167,1,문학
20250730,3,544,64340,1,문학
20250730,4,544,65357,1,문학
20250730,5,544,54444,1,문학
20250730,6,544,76267,1,문학
20250730,7,544,50357,1,문학
20250730,8,544,64984,1,문학
20250730,9,544,53312,1,문학
20250730,10,544,55392,1,문학
20250730,1,544,1,62869,문학
20250730,2,544,50854,1,문학
20250730,3,544,54812,1,문학
20250730,4,544,75847,1,문학
20250730,5,544,53827,1,문학
20250730,6,544,51868,1,문학
20250730,7,544,62934,1,문학
20250730,8,544,79456,1,문학
20250730,9,544,69813,1,문학
20250730,10,544,66864,1,문학
20250730,1,545,1,53973,사직
20250730,2,545,51907,1,사직
20250730,3,545,63963,1,사직
20250730,4,545,79215,1,사직
20250730,5,545,63260,1,사직
20250730,6,545,51344,1,사직
20250730,7,545,69995,1,사직
20250730,8,545,67905,1,사직
20250730,9,545,68912,1,사직
20250730,10,545,66606,1,사직
20250730,1,545,1,55532,사직
20250730,2,545,69517,1,사직
20250730,3,545,50150,1,사직
20250730,4,545,54529,1,사직
20250730,5,545,78513,1,사직
20250730,6,545,52591,1,사직
20250730,7,545,61102,1,사직
20250730,8,545,52568,1,사직
20250730,9,545,51551,1,사직
20250730,10,545,62802,1,사직
20250730,1,546,1,51264,광주
20250730,2,546,67207,1,광주
20250730,3,546,66209,1,광주
20250730,4,546,55208,1,광주
20250730,5,546,76232,1,광주
20250730,6,546,55252,1,광주
20250730,7,546,78224,1,광주
20250730,8,546,66112,1,광주
20250730,9,546,51298,1,광주
20250730,10,546,64468,1,광주
20250730,1,546,1,77637,광주
20250730,2,546,55645,1,광주
20250730,3,546,64646,1,광주
20250730,4,546,78603,1,광주
20250730,5,546,72443,1,광주
20250730,6,546,61353,1,광주
20250730,7,546,62947,1,광주
20250730,8,546,69727,1,광주
20250730,9,546,78122,1,광주
20250730,10,546,65653,1,광주
20250730,1,547,1,65320,대전
20250730,2,547,52415,1,대전
20250730,3,547,67449,1,대전
20250730,4,547,62404,1,대전
20250730,5,547,54400,1,대전
20250730,6,547,52430,1,대전
20250730,7,547,69418,1,대전
20250730,8,547,65040,1,대전
20250730,9,547,69428,1,대전
20250730,10,547,54408,1,대전
20250730,1,547,1,55730,대전
20250730,2,547,66704,1,대전
20250730,3,547,55703,1,대전
20250730,4,547,53764,1,대전
20250730,5,547,69737,1,대전
20250730,6,547,79192,1,대전
20250730,7,547,79608,1,대전
20250730,8,547,62700,1,대전
20250730,9,547,78288,1,대전
20250730,10,547,54795,1,대전
20250731,1,548,1,54354,잠실
20250731,2,548,64004,1,잠실
20250731,3,548,76313,1,잠실
20250731,4,548,52001,1,잠실
20250731,5,548,67025,1,잠실
20250731,6,548,79240,1,잠실
20250731,7,548,79402,1,잠실
20250731,8,548,67006,1,잠실
20250731,9,548,68089,1,잠실
20250731,10,548,64115,1,잠실
20250731,1,548,1,51111,잠실
20250731,2,548,65207,1,잠실
20250731,3,548,68119,1,잠실
20250731,4,548,76290,1,잠실
20250731,5,548,69102,1,잠실
20250731,6,548,79365,1,잠실
20250731,7,548,79109,1,잠실
20250731,8,548,69100,1,잠실
20250731,9,548,52154,1,잠실
20250731,10,548,62415,1,잠실
20250731,1,549,1,54368,문학
20250731,2,549,65357,1,문학
20250731,3,549,64340,1,문학
20250731,4,549,54444,1,문학
20250731,5,549,50357,1,문학
20250731,6,549,69332,1,문학
20250731,7,549,64984,1,문학
20250731,8,549,54344,1,문학
20250731,9,549,55392,1,문학
20250731,10,549,53312,1,문학
20250731,1,549,1,54833,문학
20250731,2,549,50854,1,문학
20250731,3,549,54812,1,문학
20250731,4,549,75847,1,문학
20250731,5,549,51868,1,문학
20250731,6,549,62934,1,문학
20250731,7,549,69813,1,문학
20250731,8,549,66662,1,문학
20250731,9,549,76802,1,문학
20250731,10,549,66917,1,문학
20250731,1,550,1,52995,사직
20250731,2,550,51907,1,사직
20250731,3,550,63963,1,사직
20250731,4,550,79215,1,사직
20250731,5,550,63260,1,사직
20250731,6,550,51344,1,사직
20250731,7,550,69995,1,사직
20250731,8,550,67905,1,사직
20250731,9,550,64022,1,사직
20250731,10,550,66606,1,사직
20250731,1,550,1,55536,사직
20250731,2,550,68507,1,사직
20250731,3,550,69517,1,사직
20250731,4,550,50150,1,사직
20250731,5,550,54529,1,사직
20250731,6,550,78513,1,사직
20250731,7,550,61102,1,사직
20250731,8,550,52568,1,사직
20250731,9,550,51551,1,사직
20250731,10,550,62802,1,사직
20250731,1,551,1,55257,광주
20250731,2,551,79231,1,광주
20250731,3,551,67207,1,광주
20250731,4,551,55208,1,광주
20250731,5,551,76232,1,광주
20250731,6,551,78224,1,광주
20250731,7,551,55252,1,광주
20250731,8,551,53554,1,광주
20250731,9,551,64468,1,광주
20250731,10,551,66209,1,광주
20250731,1,551,1,76225,광주
20250731,2,551,64646,1,광주
20250731,3,551,55645,1,광주
20250731,4,551,78603,1,광주
20250731,5,551,72443,1,광주
20250731,6,551,62947,1,광주
20250731,7,551,69636,1,광주
20250731,8,551,69727,1,광주
20250731,9,551,78122,1,광주
20250731,10,551,65653,1,광주
20250731,1,552,1,50464,대전
20250731,2,552,52415,1,대전
20250731,3,552,67449,1,대전
20250731,4,552,62404,1,대전
20250731,5,552,54400,1,대전
20250731,6,552,74540,1,대전
20250731,7,552,52430,1,대전
20250731,8,552,75125,1,대전
20250731,9,552,69418,1,대전
20250731,10,552,62234,1,대전
20250731,1,552,1,54755,대전
20250731,2,552,66704,1,대전
20250731,3,552,55703,1,대전
20250731,4,552,53764,1,대전
20250731,5,552,69737,1,대전
20250731,6,552,79192,1,대전
20250731,7,552,79608,1,대전
20250731,8,552,62700,1,대전
20250731,9,552,78288,1,대전
20250731,10,552,64006,1,대전
20250801,1,553,1,77829,잠실
20250801,2,553,50854,1,잠실
20250801,3,553,54812,1,잠실
20250801,4,553,75847,1,잠실
20250801,5,553,51868,1,잠실
20250801,6,553,69813,1,잠실
20250801,7,553,62934,1,잠실
20250801,8,553,66864,1,잠실
20250801,9,553,79456,1,잠실
20250801,10,553,76802,1,잠실
20250801,1,553,1,68220,잠실
20250801,2,553,79231,1,잠실
20250801,3,553,67207,1,잠실
20250801,4,553,55208,1,잠실
20250801,5,553,76232,1,잠실
20250801,6,553,55252,1,잠실
20250801,7,553,66112,1,잠실
20250801,8,553,63257,1,잠실
20250801,9,553,51298,1,잠실
20250801,10,553,64468,1,잠실
20250801,1,554,1,61101,대구
20250801,2,554,65207,1,대구
20250801,3,554,68119,1,대구
20250801,4,554,76290,1,대구
20250801,5,554,69102,1,대구
20250801,6,554,79365,1,대구
20250801,7,554,79109,1,대구
20250801,8,554,69100,1,대구
20250801,9,554,50054,1,대구
20250801,10,554,62415,1,대구
20250801,1,554,1,53375,대구
20250801,2,554,52415,1,대구
20250801,3,554,67449,1,대구
20250801,4,554,62404,1,대구
20250801,5,554,54400,1,대구
20250801,6,554,74540,1,대구
20250801,7,554,69418,1,대구
20250801,8,554,75125,1,대구
20250801,9,554,52430,1,대구
20250801,10,554,62234,1,대구
20250801,1,555,1,50030,창원
20250801,2,555,67644,1,창원
20250801,3,555,68050,1,창원
20250801,4,555,52001,1,창원
20250801,5,555,78548,1,창원
20250801,6,555,79402,1,창원
20250801,7,555,79240,1,창원
20250801,8,555,64504,1,창원
20250801,9,555,66706,1,창원
20250801,10,555,64115,1,창원
20250801,1,555,1,68902,창원
20250801,2,555,51907,1,창원
20250801,3,555,66606,1,창원
20250801,4,555,62907,1,창원
20250801,5,555,54944,1,창원
20250801,6,555,79215,1,창원
20250801,7,555,63260,1,창원
20250801,8,555,69995,1,창원
20250801,9,555,68912,1,창원
20250801,10,555,63963,1,창원
20250801,1,556,1,76715,광주
20250801,2,556,66704,1,광주
20250801,3,556,55703,1,광주
20250801,4,556,53764,1,광주
20250801,5,556,69737,1,광주
20250801,6,556,79192,1,광주
20250801,7,556,79608,1,광주
20250801,8,556,62700,1,광주
20250801,9,556,78288,1,광주
20250801,10,556,64006,1,광주
20250801,1,556,1,51648,광주
20250801,2,556,64646,1,광주
20250801,3,556,55645,1,광주
20250801,4,556,78603,1,광주
20250801,5,556,72443,1,광주
20250801,6,556,62947,1,광주
20250801,7,556,68646,1,광주
20250801,8,556,69636,1,광주
20250801,9,556,69727,1,광주
20250801,10,556,65653,1,광주
20250801,1,557,1,52530,고척
20250801,2,557,68507,1,고척
20250801,3,557,69517,1,고척
20250801,4,557,50150,1,고척
20250801,5,557,54529,1,고척
20250801,6,557,52591,1,고척
20250801,7,557,61102,1,고척
20250801,8,557,52568,1,고척
20250801,9,557,62802,1,고척
20250801,10,557,52504,1,고척
20250801,1,557,1,69045,고척
20250801,2,557,50167,1,고척
20250801,3,557,64340,1,고척
20250801,4,557,65357,1,고척
20250801,5,557,76267,1,고척
20250801,6,557,54444,1,고척
20250801,7,557,54344,1,고척
20250801,8,557,62332,1,고척
20250801,9,557,55371,1,고척
20250801,10,557,55339,1,고척
20250802,1,558,1,55855,잠실
20250802,2,558,54812,1,잠실
20250802,3,558,66864,1,잠실
20250802,4,558,75847,1,잠실
20250802,5,558,53827,1,잠실
20250802,6,558,69813,1,잠실
20250802,7,558,51868,1,잠실
20250802,8,558,60558,1,잠실
20250802,9,558,79456,1,잠실
20250802,10,558,69804,1,잠실
20250802,1,558,1,55239,잠실
20250802,2,558,79231,1,잠실
20250802,3,558,67207,1,잠실
20250802,4,558,55208,1,잠실
20250802,5,558,76232,1,잠실
20250802,6,558,78224,1,잠실
20250802,7,558,55252,1,잠실
20250802,8,558,63257,1,잠실
20250802,9,558,64468,1,잠실
20250802,10,558,53554,1,잠실
20250802,1,559,1,54119,대구
20250802,2,559,65207,1,대구
20250802,3,559,68119,1,대구
20250802,4,559,76290,1,대구
20250802,5,559,69102,1,대구
20250802,6,559,79365,1,대구
20250802,7,559,79109,1,대구
20250802,8,559,69100,1,대구
20250802,9,559,50054,1,대구
20250802,10,559,62415,1,대구
20250802,1,559,1,69446,대구
20250802,2,559,67449,1,대구
20250802,3,559,69418,1,대구
20250802,4,559,62404,1,대구
20250802,5,559,54400,1,대구
20250802,6,559,52430,1,대구
20250802,7,559,65040,1,대구
20250802,8,559,52415,1,대구
20250802,9,559,69442,1,대구
20250802,10,559,54408,1,대구
20250802,1,560,1,68896,창원
20250802,2,560,67644,1,창원
20250802,3,560,68050,1,창원
20250802,4,560,52001,1,창원
20250802,5,560,78548,1,창원
20250802,6,560,79402,1,창원
20250802,7,560,79240,1,창원
20250802,8,560,64504,1,창원
20250802,9,560,66706,1,창원
20250802,10,560,51003,1,창원
20250802,1,560,1,55903,창원
20250802,2,560,51907,1,창원
20250802,3,560,66606,1,창원
20250802,4,560,62907,1,창원
20250802,5,560,54944,1,창원
20250802,6,560,79215,1,창원
20250802,7,560,63260,1,창원
20250802,8,560,69995,1,창원
20250802,9,560,68912,1,창원
20250802,10,560,63963,1,창원
20250802,1,561,1,52701,광주
20250802,2,561,66704,1,광주
20250802,3,561,55703,1,광주
20250802,4,561,53764,1,광주
20250802,5,561,69737,1,광주
20250802,6,561,79192,1,광주
20250802,7,561,79608,1,광주
20250802,8,561,62700,1,광주
20250802,9,561,78288,1,광주
20250802,10,561,65703,1,광주
20250802,1,561,1,54640,광주
20250802,2,561,61353,1,광주
20250802,3,561,55645,1,광주
20250802,4,561,69636,1,광주
20250802,5,561,72443,1,광주
20250802,6,561,62947,1,광주
20250802,7,561,64646,1,광주
20250802,8,561,66614,1,광주
20250802,9,561,78122,1,광주
20250802,10,561,65653,1,광주
20250802,1,562,1,67539,고척
20250802,2,562,68507,1,고척
20250802,3,562,69517,1,고척
20250802,4,562,50150,1,고척
20250802,5,562,54529,1,고척
20250802,6,562,52591,1,고척
20250802,7,562,61102,1,고척
20250802,8,562,51551,1,고척
20250802,9,562,52568,1,고척
20250802,10,562,62802,1,고척
20250802,1,562,1,54319,고척
20250802,2,562,65357,1,고척
20250802,3,562,64340,1,고척
20250802,4,562,76267,1,고척
20250802,5,562,54444,1,고척
20250802,6,562,50167,1,고척
20250802,7,562,53312,1,고척
20250802,8,562,64984,1,고척
20250802,9,562,55371,1,고척
20250802,10,562,55339,1,고척
20250803,1,563,1,64021,고척
20250803,2,563,68507,1,고척
20250803,3,563,69517,1,고척
20250803,4,563,50150,1,고척
20250803,5,563,54529,1,고척
20250803,6,563,52591,1,고척
20250803,7,563,78513,1,고척
20250803,8,563,61102,1,고척
20250803,9,563,52568,1,고척
20250803,10,563,62802,1,고척
20250803,1,563,1,55377,고척
20250803,2,563,65357,1,고척
20250803,3,563,64340,1,고척
20250803,4,563,50167,1,고척
20250803,5,563,54444,1,고척
20250803,6,563,64984,1,고척
20250803,7,563,53312,1,고척
20250803,8,563,69332,1,고척
20250803,9,563,55371,1,고척
20250803,10,563,78756,1,고척
20250803,1,564,1,68856,잠실
20250803,2,564,67893,1,잠실
20250803,3,564,54812,1,잠실
20250803,4,564,75847,1,잠실
20250803,5,564,53827,1,잠실
20250803,6,564,51868,1,잠실
20250803,7,564,50854,1,잠실
20250803,8,564,60558,1,잠실
20250803,9,564,69804,1,잠실
20250803,10,564,51865,1,잠실
20250803,1,564,1,55268,잠실
20250803,2,564,79231,1,잠실
20250803,3,564,67207,1,잠실
20250803,4,564,55208,1,잠실
20250803,5,564,76232,1,잠실
20250803,6,564,78224,1,잠실
20250803,7,564,55252,1,잠실
20250803,8,564,66112,1,잠실
20250803,9,564,53554,1,잠실
20250803,10,564,64468,1,잠실
20250803,1,565,1,55146,대구
20250803,2,565,65207,1,대구
20250803,3,565,68119,1,대구
20250803,4,565,76290,1,대구
20250803,5,565,69102,1,대구
20250803,6,565,79365,1,대구
20250803,7,565,79109,1,대구
20250803,8,565,69100,1,대구
20250803,9,565,55164,1,대구
20250803,10,565,62415,1,대구
20250803,1,565,1,55460,대구
20250803,2,565,69418,1,대구
20250803,3,565,67449,1,대구
20250803,4,565,62404,1,대구
20250803,5,565,54400,1,대구
20250803,6,565,52430,1,대구
20250803,7,565,75125,1,대구
20250803,8,565,62234,1,대구
20250803,9,565,69442,1,대구
20250803,10,565,52415,1,대구
20250803,1,566,1,54354,창원
20250803,2,566,79402,1,창원
20250803,3,566,64504,1,창원
20250803,4,566,52001,1,창원
20250803,5,566,78548,1,창원
20250803,6,566,68050,1,창원
20250803,7,566,79240,1,창원
20250803,8,566,67644,1,창원
20250803,9,566,64115,1,창원
20250803,10,566,66706,1,창원
20250803,1,566,1,55912,창원
20250803,2,566,51907,1,창원
20250803,3,566,63963,1,창원
20250803,4,566,79215,1,창원
20250803,5,566,54944,1,창원
20250803,6,566,63260,1,창원
20250803,7,566,51344,1,창원
20250803,8,566,69995,1,창원
20250803,9,566,68912,1,창원
20250803,10,566,67905,1,창원
20250805,1,568,1,51264,잠실
20250805,2,568,79231,1,잠실
20250805,3,568,67207,1,잠실
20250805,4,568,55208,1,잠실
20250805,5,568,76232,1,잠실
20250805,6,568,55252,1,잠실
20250805,7,568,78224,1,잠실
20250805,8,568,63123,1,잠실
20250805,9,568,64468,1,잠실
20250805,10,568,69238,1,잠실
20250805,1,568,1,67143,잠실
20250805,2,568,65207,1,잠실
20250805,3,568,68119,1,잠실
20250805,4,568,53123,1,잠실
20250805,5,568,69102,1,잠실
20250805,6,568,76290,1,잠실
20250805,7,568,79109,1,잠실
20250805,8,568,69100,1,잠실
20250805,9,568,52154,1,잠실
20250805,10,568,62415,1,잠실
20250805,1,569,1,65320,문학
20250805,2,569,69418,1,문학
20250805,3,569,67449,1,문학
20250805,4,569,62404,1,문학
20250805,5,569,54400,1,문학
20250805,6,569,74540,1,문학
20250805,7,569,52415,1,문학
20250805,8,569,52430,1,문학
20250805,9,569,69442,1,문학
20250805,10,569,54408,1,문학
20250805,1,569,1,62869,문학
20250805,2,569,67893,1,문학
20250805,3,569,54812,1,문학
20250805,4,569,75847,1,문학
20250805,5,569,53827,1,문학
20250805,6,569,62895,1,문학
20250805,7,569,51868,1,문학
20250805,8,569,50854,1,문학
20250805,9,569,66864,1,문학
20250805,10,569,79456,1,문학
20250805,1,570,1,54640,사직
20250805,2,570,64646,1,사직
20250805,3,570,78603,1,사직
20250805,4,570,52605,1,사직
20250805,5,570,72443,1,사직
20250805,6,570,62947,1,사직
20250805,7,570,55645,1,사직
20250805,8,570,69636,1,사직
20250805,9,570,78122,1,사직
20250805,10,570,65653,1,사직
20250805,1,570,1,55532,사직
20250805,2,570,68507,1,사직
20250805,3,570,69517,1,사직
20250805,4,570,50150,1,사직
20250805,5,570,54529,1,사직
20250805,6,570,52591,1,사직
20250805,7,570,78513,1,사직
20250805,8,570,61102,1,사직
20250805,9,570,62802,1,사직
20250805,10,570,52568,1,사직
20250805,1,571,1,55313,창원
20250805,2,571,65357,1,창원
20250805,3,571,64340,1,창원
20250805,4,571,76267,1,창원
20250805,5,571,50167,1,창원
20250805,6,571,54444,1,창원
20250805,7,571,64984,1,창원
20250805,8,571,55392,1,창원
20250805,9,571,62332,1,창원
20250805,10,571,50357,1,창원
20250805,1,571,1,53973,창원
20250805,2,571,51907,1,창원
20250805,3,571,66606,1,창원
20250805,4,571,62907,1,창원
20250805,5,571,54944,1,창원
20250805,6,571,79215,1,창원
20250805,7,571,63260,1,창원
20250805,8,571,51344,1,창원
20250805,9,571,68912,1,창원
20250805,10,571,50901,1,창원
20250805,1,572,1,55032,대전
20250805,2,572,67644,1,대전
20250805,3,572,79240,1,대전
20250805,4,572,52001,1,대전
20250805,5,572,68050,1,대전
20250805,6,572,78548,1,대전
20250805,7,572,64504,1,대전
20250805,8,572,76313,1,대전
20250805,9,572,66706,1,대전
20250805,10,572,51003,1,대전
20250805,1,572,1,52701,대전
20250805,2,572,66704,1,대전
20250805,3,572,55703,1,대전
20250805,4,572,53764,1,대전
20250805,5,572,69737,1,대전
20250805,6,572,79192,1,대전
20250805,7,572,79608,1,대전
20250805,8,572,62700,1,대전
20250805,9,572,78288,1,대전
20250805,10,572,65703,1,대전
20250806,1,573,1,55257,잠실
20250806,2,573,79231,1,잠실
20250806,3,573,67207,1,잠실
20250806,4,573,55208,1,잠실
20250806,5,573,76232,1,잠실
20250806,6,573,55252,1,잠실
20250806,7,573,63257,1,잠실
20250806,8,573,63123,1,잠실
20250806,9,573,66112,1,잠실
20250806,10,573,64468,1,잠실
20250806,1,573,1,68419,잠실
20250806,2,573,65207,1,잠실
20250806,3,573,68119,1,잠실
20250806,4,573,53123,1,잠실
20250806,5,573,69102,1,잠실
20250806,6,573,76290,1,잠실
20250806,7,573,69100,1,잠실
20250806,8,573,54156,1,잠실
20250806,9,573,52154,1,잠실
20250806,10,573,62415,1,잠실
20250806,1,574,1,51454,문학
20250806,2,574,67005,1,문학
20250806,3,574,67449,1,문학
20250806,4,574,62404,1,문학
20250806,5,574,54400,1,문학
20250806,6,574,74540,1,문학
20250806,7,574,52430,1,문학
20250806,8,574,52415,1,문학
20250806,9,574,55440,1,문학
20250806,10,574,55438,1,문학
20250806,1,574,1,54833,문학
20250806,2,574,67893,1,문학
20250806,3,574,66864,1,문학
20250806,4,574,75847,1,문학
20250806,5,574,53827,1,문학
20250806,6,574,62895,1,문학
20250806,7,574,50840,1,문학
20250806,8,574,50854,1,문학
20250806,9,574,69804,1,문학
20250806,10,574,51865,1,문학
20250806,1,575,1,55633,사직
20250806,2,575,64646,1,사직
20250806,3,575,78603,1,사직
20250806,4,575,52605,1,사직
20250806,5,575,72443,1,사직
20250806,6,575,62947,1,사직
20250806,7,575,55645,1,사직
20250806,8,575,69636,1,사직
20250806,9,575,78122,1,사직
20250806,10,575,65653,1,사직
20250806,1,575,1,55536,사직
20250806,2,575,68507,1,사직
20250806,3,575,69517,1,사직
20250806,4,575,50150,1,사직
20250806,5,575,54529,1,사직
20250806,6,575,52591,1,사직
20250806,7,575,62931,1,사직
20250806,8,575,61102,1,사직
20250806,9,575,62802,1,사직
20250806,10,575,52568,1,사직
20250806,1,576,1,69328,창원
20250806,2,576,65357,1,창원
20250806,3,576,64340,1,창원
20250806,4,576,76267,1,창원
20250806,5,576,54444,1,창원
20250806,6,576,64984,1,창원
20250806,7,576,53312,1,창원
20250806,8,576,50167,1,창원
20250806,9,576,55392,1,창원
20250806,10,576,50357,1,창원
20250806,1,576,1,52903,창원
20250806,2,576,51907,1,창원
20250806,3,576,66606,1,창원
20250806,4,576,62907,1,창원
20250806,5,576,54944,1,창원
20250806,6,576,79215,1,창원
20250806,7,576,63260,1,창원
20250806,8,576,51344,1,창원
20250806,9,576,68912,1,창원
20250806,10,576,69995,1,창원
20250806,1,577,1,65516,대전
20250806,2,577,55013,1,대전
20250806,3,577,79240,1,대전
20250806,4,577,52001,1,대전
20250806,5,577,68050,1,대전
20250806,6,577,78548,1,대전
20250806,7,577,67644,1,대전
20250806,8,577,76313,1,대전
20250806,9,577,64504,1,대전
20250806,10,577,51003,1,대전
20250806,1,577,1,55730,대전
20250806,2,577,66704,1,대전
20250806,3,577,55703,1,대전
20250806,4,577,53764,1,대전
20250806,5,577,69737,1,대전
20250806,6,577,79192,1,대전
20250806,7,577,62700,1,대전
20250806,8,577,68700,1,대전
20250806,9,577,78288,1,대전
20250806,10,577,65703,1,대전
20250807,1,578,1,68220,잠실
20250807,2,578,79231,1,잠실
20250807,3,578,67207,1,잠실
20250807,4,578,55208,1,잠실
20250807,5,578,76232,1,잠실
20250807,6,578,55252,1,잠실
20250807,7,578,63257,1,잠실
20250807,8,578,63123,1,잠실
20250807,9,578,51269,1,잠실
20250807,10,578,53554,1,잠실
20250807,1,578,1,51111,잠실
20250807,2,578,65207,1,잠실
20250807,3,578,68119,1,잠실
20250807,4,578,53123,1,잠실
20250807,5,578,69102,1,잠실
20250807,6,578,76290,1,잠실
20250807,7,578,79109,1,잠실
20250807,8,578,55164,1,잠실
20250807,9,578,52154,1,잠실
20250807,10,578,62415,1,잠실
20250807,1,579,1,53375,문학
20250807,2,579,69418,1,문학
20250807,3,579,67449,1,문학
20250807,4,579,62404,1,문학
20250807,5,579,54400,1,문학
20250807,6,579,74540,1,문학
20250807,7,579,52430,1,문학
20250807,8,579,61404,1,문학
20250807,9,579,52415,1,문학
20250807,10,579,54408,1,문학
20250807,1,579,1,77829,문학
20250807,2,579,67893,1,문학
20250807,3,579,54812,1,문학
20250807,4,579,75847,1,문학
20250807,5,579,53827,1,문학
20250807,6,579,62895,1,문학
20250807,7,579,51868,1,문학
20250807,8,579,50854,1,문학
20250807,9,579,50840,1,문학
20250807,10,579,79456,1,문학
20250807,1,580,1,77637,사직
20250807,2,580,61353,1,사직
20250807,3,580,64646,1,사직
20250807,4,580,52605,1,사직
20250807,5,580,72443,1,사직
20250807,6,580,62947,1,사직
20250807,7,580,78603,1,사직
20250807,8,580,55645,1,사직
20250807,9,580,68646,1,사직
20250807,10,580,65653,1,사직
20250807,1,580,1,52530,사직
20250807,2,580,50500,1,사직
20250807,3,580,69517,1,사직
20250807,4,580,50150,1,사직
20250807,5,580,54529,1,사직
20250807,6,580,52591,1,사직
20250807,7,580,61102,1,사직
20250807,8,580,52568,1,사직
20250807,9,580,77564,1,사직
20250807,10,580,68205,1,사직
20250807,1,581,1,69045,창원
20250807,2,581,65357,1,창원
20250807,3,581,64340,1,창원
20250807,4,581,76267,1,창원
20250807,5,581,54444,1,창원
20250807,6,581,64984,1,창원
20250807,7,581,50167,1,창원
20250807,8,581,55392,1,창원
20250807,9,581,62332,1,창원
20250807,10,581,50357,1,창원
20250807,1,581,1,68902,창원
20250807,2,581,51907,1,창원
20250807,3,581,66606,1,창원
20250807,4,581,62907,1,창원
20250807,5,581,54944,1,창원
20250807,6,581,79215,1,창원
20250807,7,581,51344,1,창원
20250807,8,581,68912,1,창원
20250807,9,581,50600,1,창원
20250807,10,581,69992,1,창원
20250807,1,582,1,64001,대전
20250807,2,582,55013,1,대전
20250807,3,582,79240,1,대전
20250807,4,582,52001,1,대전
20250807,5,582,68050,1,대전
20250807,6,582,67644,1,대전
20250807,7,582,76313,1,대전
20250807,8,582,64504,1,대전
20250807,9,582,68089,1,대전
20250807,10,582,51003,1,대전
20250807,1,582,1,54755,대전
20250807,2,582,66704,1,대전
20250807,3,582,55703,1,대전
20250807,4,582,53764,1,대전
20250807,5,582,69737,1,대전
20250807,6,582,79192,1,대전
20250807,7,582,62700,1,대전
20250807,8,582,79608,1,대전
20250807,9,582,78288,1,대전
20250807,10,582,54795,1,대전
20250808,1,583,1,76715,잠실
20250808,2,583,77532,1,잠실
20250808,3,583,55703,1,잠실
20250808,4,583,53764,1,잠실
20250808,5,583,69737,1,잠실
20250808,6,583,79192,1,잠실
20250808,7,583,62700,1,잠실
20250808,8,583,68700,1,잠실
20250808,9,583,76812,1,잠실
20250808,10,583,64006,1,잠실
20250808,1,583,1,61101,잠실
20250808,2,583,65207,1,잠실
20250808,3,583,68119,1,잠실
20250808,4,583,53123,1,잠실
20250808,5,583,69102,1,잠실
20250808,6,583,76290,1,잠실
20250808,7,583,79109,1,잠실
20250808,8,583,79365,1,잠실
20250808,9,583,69100,1,잠실
20250808,10,583,62415,1,잠실
20250808,1,584,1,68856,사직
20250808,2,584,67893,1,사직
20250808,3,584,53827,1,사직
20250808,4,584,75847,1,사직
20250808,5,584,62895,1,사직
20250808,6,584,50840,1,사직
20250808,7,584,66864,1,사직
20250808,8,584,50854,1,사직
20250808,9,584,79456,1,사직
20250808,10,584,54812,1,사직
20250808,1,584,1,67539,사직
20250808,2,584,50500,1,사직
20250808,3,584,69517,1,사직
20250808,4,584,50150,1,사직
20250808,5,584,54529,1,사직
20250808,6,584,61102,1,사직
20250808,7,584,62931,1,사직
20250808,8,584,52591,1,사직
20250808,9,584,52568,1,사직
20250808,10,584,62802,1,사직
20250808,1,585,1,69745,창원
20250808,2,585,61353,1,창원
20250808,3,585,64646,1,창원
20250808,4,585,78603,1,창원
20250808,5,585,72443,1,창원
20250808,6,585,62947,1,창원
20250808,7,585,55645,1,창원
20250808,8,585,65653,1,창원
20250808,9,585,78122,1,창원
20250808,10,585,50657,1,창원
20250808,1,585,1,55903,창원
20250808,2,585,51907,1,창원
20250808,3,585,66606,1,창원
20250808,4,585,62907,1,창원
20250808,5,585,54944,1,창원
20250808,6,585,79215,1,창원
20250808,7,585,63260,1,창원
20250808,8,585,68912,1,창원
20250808,9,585,69995,1,창원
20250808,10,585,63963,1,창원
20250808,1,586,1,69446,수원
20250808,2,586,67005,1,수원
20250808,3,586,67449,1,수원
20250808,4,586,62404,1,수원
20250808,5,586,54400,1,수원
20250808,6,586,74540,1,수원
20250808,7,586,52430,1,수원
20250808,8,586,55440,1,수원
20250808,9,586,52415,1,수원
20250808,10,586,54408,1,수원
20250808,1,586,1,50030,수원
20250808,2,586,55013,1,수원
20250808,3,586,79402,1,수원
20250808,4,586,52001,1,수원
20250808,5,586,68050,1,수원
20250808,6,586,78548,1,수원
20250808,7,586,67644,1,수원
20250808,8,586,76313,1,수원
20250808,9,586,64504,1,수원
20250808,10,586,51003,1,수원
20250808,1,587,1,55239,고척
20250808,2,587,79231,1,고척
20250808,3,587,67207,1,고척
20250808,4,587,55208,1,고척
20250808,5,587,76232,1,고척
20250808,6,587,55252,1,고척
20250808,7,587,50208,1,고척
20250808,8,587,63257,1,고척
20250808,9,587,63123,1,고척
20250808,10,587,53554,1,고척
20250808,1,587,1,54319,고척
20250808,2,587,65357,1,고척
20250808,3,587,64340,1,고척
20250808,4,587,54444,1,고척
20250808,5,587,50167,1,고척
20250808,6,587,53312,1,고척
20250808,7,587,69332,1,고척
20250808,8,587,55392,1,고척
20250808,9,587,54344,1,고척
20250808,10,587,50357,1,고척
20250809,1,588,1,65056,잠실
20250809,2,588,77532,1,잠실
20250809,3,588,55703,1,잠실
20250809,4,588,53764,1,잠실
20250809,5,588,69737,1,잠실
20250809,6,588,79192,1,잠실
20250809,7,588,66657,1,잠실
20250809,8,588,54795,1,잠실
20250809,9,588,76812,1,잠실
20250809,10,588,64006,1,잠실
20250809,1,588,1,55146,잠실
20250809,2,588,65207,1,잠실
20250809,3,588,68119,1,잠실
20250809,4,588,53123,1,잠실
20250809,5,588,69102,1,잠실
20250809,6,588,76290,1,잠실
20250809,7,588,79109,1,잠실
20250809,8,588,79365,1,잠실
20250809,9,588,69100,1,잠실
20250809,10,588,62415,1,잠실
20250809,1,591,1,55460,수원
20250809,2,591,69418,1,수원
20250809,3,591,67449,1,수원
20250809,4,591,62404,1,수원
20250809,5,591,54400,1,수원
20250809,6,591,74540,1,수원
20250809,7,591,52430,1,수원
20250809,8,591,61404,1,수원
20250809,9,591,52415,1,수원
20250809,10,591,54408,1,수원
20250809,1,591,1,54354,수원
20250809,2,591,55013,1,수원
20250809,3,591,79240,1,수원
20250809,4,591,52001,1,수원
20250809,5,591,68050,1,수원
20250809,6,591,78548,1,수원
20250809,7,591,79402,1,수원
20250809,8,591,76313,1,수원
20250809,9,591,66706,1,수원
20250809,10,591,51003,1,수원
20250809,1,592,1,55268,고척
20250809,2,592,79231,1,고척
20250809,3,592,67207,1,고척
20250809,4,592,55208,1,고척
20250809,5,592,76232,1,고척
20250809,6,592,55252,1,고척
20250809,7,592,50208,1,고척
20250809,8,592,64468,1,고척
20250809,9,592,63123,1,고척
20250809,10,592,53554,1,고척
20250809,1,592,1,55342,고척
20250809,2,592,65357,1,고척
20250809,3,592,64340,1,고척
20250809,4,592,76267,1,고척
20250809,5,592,54444,1,고척
20250809,6,592,64984,1,고척
20250809,7,592,50167,1,고척
20250809,8,592,55392,1,고척
20250809,9,592,62332,1,고척
20250809,10,592,50357,1,고척
20250810,1,593,1,51264,고척
20250810,2,593,79231,1,고척
20250810,3,593,67207,1,고척
20250810,4,593,50208,1,고척
20250810,5,593,55208,1,고척
20250810,6,593,55252,1,고척
20250810,7,593,63123,1,고척
20250810,8,593,53554,1,고척
20250810,9,593,66112,1,고척
20250810,10,593,64468,1,고척
20250810,1,593,1,64350,고척
20250810,2,593,65357,1,고척
20250810,3,593,64340,1,고척
20250810,4,593,54444,1,고척
20250810,5,593,76267,1,고척
20250810,6,593,50167,1,고척
20250810,7,593,53312,1,고척
20250810,8,593,78756,1,고척
20250810,9,593,55371,1,고척
20250810,10,593,50357,1,고척
20250810,1,594,1,52701,잠실
20250810,2,594,77532,1,잠실
20250810,3,594,55703,1,잠실
20250810,4,594,53764,1,잠실
20250810,5,594,69737,1,잠실
20250810,6,594,79192,1,잠실
20250810,7,594,66657,1,잠실
20250810,8,594,79608,1,잠실
20250810,9,594,78288,1,잠실
20250810,10,594,62700,1,잠실
20250810,1,594,1,67143,잠실
20250810,2,594,65207,1,잠실
20250810,3,594,68119,1,잠실
20250810,4,594,53123,1,잠실
20250810,5,594,69102,1,잠실
20250810,6,594,76290,1,잠실
20250810,7,594,79109,1,잠실
20250810,8,594,50054,1,잠실
20250810,9,594,52154,1,잠실
20250810,10,594,62415,1,잠실
20250810,1,595,1,51867,사직
20250810,2,595,67893,1,사직
20250810,3,595,53827,1,사직
20250810,4,595,75847,1,사직
20250810,5,595,62895,1,사직
20250810,6,595,50840,1,사직
20250810,7,595,50854,1,사직
20250810,8,595,69813,1,사직
20250810,9,595,76802,1,사직
20250810,10,595,51865,1,사직
20250810,1,595,1,64021,사직
20250810,2,595,50500,1,사직
20250810,3,595,52568,1,사직
20250810,4,595,69517,1,사직
20250810,5,595,54529,1,사직
20250810,6,595,61102,1,사직
20250810,7,595,52591,1,사직
20250810,8,595,50150,1,사직
20250810,9,595,77564,1,사직
20250810,10,595,68205,1,사직
20250810,1,596,1,51648,창원
20250810,2,596,64560,1,창원
20250810,3,596,64646,1,창원
20250810,4,596,78603,1,창원
20250810,5,596,72443,1,창원
20250810,6,596,62947,1,창원
20250810,7,596,55645,1,창원
20250810,8,596,69636,1,창원
20250810,9,596,78122,1,창원
20250810,10,596,65653,1,창원
20250810,1,596,1,55912,창원
20250810,2,596,51907,1,창원
20250810,3,596,66606,1,창원
20250810,4,596,62907,1,창원
20250810,5,596,54944,1,창원
20250810,6,596,79215,1,창원
20250810,7,596,63260,1,창원
20250810,8,596,68912,1,창원
20250810,9,596,69995,1,창원
20250810,10,596,63963,1,창원
20250810,1,597,1,65320,수원
20250810,2,597,67449,1,수원
20250810,3,597,55440,1,수원
20250810,4,597,62404,1,수원
20250810,5,597,54400,1,수원
20250810,6,597,52430,1,수원
20250810,7,597,74540,1,수원
20250810,8,597,52415,1,수원
20250810,9,597,65132,1,수원
20250810,10,597,54408,1,수원
20250810,1,597,1,55032,수원
20250810,2,597,55013,1,수원
20250810,3,597,79240,1,수원
20250810,4,597,52001,1,수원
20250810,5,597,68050,1,수원
20250810,6,597,78548,1,수원
20250810,7,597,79402,1,수원
20250810,8,597,76313,1,수원
20250810,9,597,66706,1,수원
20250810,10,597,51003,1,수원
20250812,1,598,1,52995,잠실
20250812,2,598,51907,1,잠실
20250812,3,598,66606,1,잠실
20250812,4,598,62907,1,잠실
20250812,5,598,54944,1,잠실
20250812,6,598,79215,1,잠실
20250812,7,598,63260,1,잠실
20250812,8,598,51344,1,잠실
20250812,9,598,68912,1,잠실
20250812,10,598,63963,1,잠실
20250812,1,598,1,55257,잠실
20250812,2,598,79231,1,잠실
20250812,3,598,50208,1,잠실
20250812,4,598,55208,1,잠실
20250812,5,598,76232,1,잠실
20250812,6,598,55252,1,잠실
20250812,7,598,63257,1,잠실
20250812,8,598,63123,1,잠실
20250812,9,598,53554,1,잠실
20250812,10,598,67207,1,잠실
20250812,1,599,1,55313,문학
20250812,2,599,65357,1,문학
20250812,3,599,64340,1,문학
20250812,4,599,76267,1,문학
20250812,5,599,54444,1,문학
20250812,6,599,64984,1,문학
20250812,7,599,55392,1,문학
20250812,8,599,55393,1,문학
20250812,9,599,62332,1,문학
20250812,10,599,50357,1,문학
20250812,1,599,1,54833,문학
20250812,2,599,67893,1,문학
20250812,3,599,66864,1,문학
20250812,4,599,75847,1,문학
20250812,5,599,53827,1,문학
20250812,6,599,62895,1,문학
20250812,7,599,50840,1,문학
20250812,8,599,50854,1,문학
20250812,9,599,69813,1,문학
20250812,10,599,51865,1,문학
20250812,1,600,1,54640,대구
20250812,2,600,64560,1,대구
20250812,3,600,64646,1,대구
20250812,4,600,78603,1,대구
20250812,5,600,72443,1,대구
20250812,6,600,55645,1,대구
20250812,7,600,62947,1,대구
20250812,8,600,69636,1,대구
20250812,9,600,78122,1,대구
20250812,10,600,65653,1,대구
20250812,1,600,1,51454,대구
20250812,2,600,67449,1,대구
20250812,3,600,67005,1,대구
20250812,4,600,74540,1,대구
20250812,5,600,54400,1,대구
20250812,6,600,52430,1,대구
20250812,7,600,62404,1,대구
20250812,8,600,61404,1,대구
20250812,9,600,52415,1,대구
20250812,10,600,54408,1,대구
20250812,1,601,1,55130,수원
20250812,2,601,65207,1,수원
20250812,3,601,68119,1,수원
20250812,4,601,53123,1,수원
20250812,5,601,69102,1,수원
20250812,6,601,76290,1,수원
20250812,7,601,79109,1,수원
20250812,8,601,79365,1,수원
20250812,9,601,69100,1,수원
20250812,10,601,62415,1,수원
20250812,1,601,1,50859,수원
20250812,2,601,55013,1,수원
20250812,3,601,79240,1,수원
20250812,4,601,52001,1,수원
20250812,5,601,68050,1,수원
20250812,6,601,78548,1,수원
20250812,7,601,79402,1,수원
20250812,8,601,76313,1,수원
20250812,9,601,66706,1,수원
20250812,10,601,51003,1,수원
20250812,1,602,1,55532,대전
20250812,2,602,52504,1,대전
20250812,3,602,52568,1,대전
20250812,4,602,69517,1,대전
20250812,5,602,54529,1,대전
20250812,6,602,52591,1,대전
20250812,7,602,62931,1,대전
20250812,8,602,61102,1,대전
20250812,9,602,50150,1,대전
20250812,10,602,68205,1,대전
20250812,1,602,1,55730,대전
20250812,2,602,77532,1,대전
20250812,3,602,55703,1,대전
20250812,4,602,53764,1,대전
20250812,5,602,69737,1,대전
20250812,6,602,79192,1,대전
20250812,7,602,66657,1,대전
20250812,8,602,79608,1,대전
20250812,9,602,78288,1,대전
20250812,10,602,64006,1,대전
20250813,1,605,1,55633,대구
20250813,2,605,61353,1,대구
20250813,3,605,69636,1,대구
20250813,4,605,78603,1,대구
20250813,5,605,72443,1,대구
20250813,6,605,62947,1,대구
20250813,7,605,55645,1,대구
20250813,8,605,65653,1,대구
20250813,9,605,68646,1,대구
20250813,10,605,66614,1,대구
20250813,1,605,1,53375,대구
20250813,2,605,69418,1,대구
20250813,3,605,67449,1,대구
20250813,4,605,62404,1,대구
20250813,5,605,54400,1,대구
20250813,6,605,52430,1,대구
20250813,7,605,74540,1,대구
20250813,8,605,55440,1,대구
20250813,9,605,54408,1,대구
20250813,10,605,69416,1,대구
20250813,1,606,1,51111,수원
20250813,2,606,65207,1,수원
20250813,3,606,68119,1,수원
20250813,4,606,53123,1,수원
20250813,5,606,69102,1,수원
20250813,6,606,76290,1,수원
20250813,7,606,79109,1,수원
20250813,8,606,69100,1,수원
20250813,9,606,52154,1,수원
20250813,10,606,52103,1,수원
20250813,1,606,1,65516,수원
20250813,2,606,55013,1,수원
20250813,3,606,79240,1,수원
20250813,4,606,52001,1,수원
20250813,5,606,68050,1,수원
20250813,6,606,79402,1,수원
20250813,7,606,64504,1,수원
20250813,8,606,66706,1,수원
20250813,9,606,68089,1,수원
20250813,10,606,51003,1,수원
20250813,1,607,1,55526,대전
20250813,2,607,52568,1,대전
20250813,3,607,69517,1,대전
20250813,4,607,52591,1,대전
20250813,5,607,54529,1,대전
20250813,6,607,61102,1,대전
20250813,7,607,62931,1,대전
20250813,8,607,50150,1,대전
20250813,9,607,68205,1,대전
20250813,10,607,50500,1,대전
20250813,1,607,1,54755,대전
20250813,2,607,77532,1,대전
20250813,3,607,55703,1,대전
20250813,4,607,53764,1,대전
20250813,5,607,69737,1,대전
20250813,6,607,79192,1,대전
20250813,7,607,62700,1,대전
20250813,8,607,66704,1,대전
20250813,9,607,78288,1,대전
20250813,10,607,65703,1,대전
20250814,1,608,1,55903,잠실
20250814,2,608,51907,1,잠실
20250814,3,608,66606,1,잠실
20250814,4,608,62907,1,잠실
20250814,5,608,54944,1,잠실
20250814,6,608,79215,1,잠실
20250814,7,608,63260,1,잠실
20250814,8,608,51344,1,잠실
20250814,9,608,68912,1,잠실
20250814,10,608,63963,1,잠실
20250814,1,608,1,68220,잠실
20250814,2,608,79231,1,잠실
20250814,3,608,67207,1,잠실
20250814,4,608,55208,1,잠실
20250814,5,608,76232,1,잠실
20250814,6,608,55252,1,잠실
20250814,7,608,50208,1,잠실
20250814,8,608,63257,1,잠실
20250814,9,608,63123,1,잠실
20250814,10,608,53554,1,잠실
20250814,1,609,1,69045,문학
20250814,2,609,65357,1,문학
20250814,3,609,64340,1,문학
20250814,4,609,76267,1,문학
20250814,5,609,54444,1,문학
20250814,6,609,50167,1,문학
20250814,7,609,64984,1,문학
20250814,8,609,53312,1,문학
20250814,9,609,55392,1,문학
20250814,10,609,50357,1,문학
20250814,1,609,1,62869,문학
20250814,2,609,67893,1,문학
20250814,3,609,54812,1,문학
20250814,4,609,53827,1,문학
20250814,5,609,62895,1,문학
20250814,6,609,69813,1,문학
20250814,7,609,79456,1,문학
20250814,8,609,50854,1,문학
20250814,9,609,50840,1,문학
20250814,10,609,76802,1,문학
20250814,1,610,1,77637,대구
20250814,2,610,61353,1,대구
20250814,3,610,64646,1,대구
20250814,4,610,78603,1,대구
20250814,5,610,62947,1,대구
20250814,6,610,69636,1,대구
20250814,7,610,55645,1,대구
20250814,8,610,64560,1,대구
20250814,9,610,78122,1,대구
20250814,10,610,65653,1,대구
20250814,1,610,1,69446,대구
20250814,2,610,69418,1,대구
20250814,3,610,62234,1,대구
20250814,4,610,67449,1,대구
20250814,5,610,54400,1,대구
20250814,6,610,52430,1,대구
20250814,7,610,74540,1,대구
20250814,8,610,62404,1,대구
20250814,9,610,61404,1,대구
20250814,10,610,54408,1,대구
20250814,1,612,1,67539,대전
20250814,2,612,52568,1,대전
20250814,3,612,69517,1,대전
20250814,4,612,52591,1,대전
20250814,5,612,54529,1,대전
20250814,6,612,61102,1,대전
20250814,7,612,77564,1,대전
20250814,8,612,50150,1,대전
20250814,9,612,68205,1,대전
20250814,10,612,50500,1,대전
20250814,1,612,1,76715,대전
20250814,2,612,77532,1,대전
20250814,3,612,55703,1,대전
20250814,4,612,53764,1,대전
20250814,5,612,69737,1,대전
20250814,6,612,79192,1,대전
20250814,7,612,66657,1,대전
20250814,8,612,79608,1,대전
20250814,9,612,78288,1,대전
20250814,10,612,64006,1,대전
20250815,1,613,1,69745,잠실
20250815,2,613,64646,1,잠실
20250815,3,613,65653,1,잠실
20250815,4,613,78603,1,잠실
20250815,5,613,72443,1,잠실
20250815,6,613,55645,1,잠실
20250815,7,613,62947,1,잠실
20250815,8,613,69636,1,잠실
20250815,9,613,78122,1,잠실
20250815,10,613,50657,1,잠실
20250815,1,613,1,55239,잠실
20250815,2,613,79231,1,잠실
20250815,3,613,50208,1,잠실
20250815,4,613,55208,1,잠실
20250815,5,613,76232,1,잠실
20250815,6,613,55252,1,잠실
20250815,7,613,63123,1,잠실
20250815,8,613,51203,1,잠실
20250815,9,613,53554,1,잠실
20250815,10,613,67207,1,잠실
20250815,1,614,1,55146,문학
20250815,2,614,65207,1,문학
20250815,3,614,68119,1,문학
20250815,4,614,53123,1,문학
20250815,5,614,69102,1,문학
20250815,6,614,76290,1,문학
20250815,7,614,79109,1,문학
20250815,8,614,79365,1,문학
20250815,9,614,69100,1,문학
20250815,10,614,52103,1,문학
20250815,1,614,1,55855,문학
20250815,2,614,67893,1,문학
20250815,3,614,54812,1,문학
20250815,4,614,53827,1,문학
20250815,5,614,62895,1,문학
20250815,6,614,60558,1,문학
20250815,7,614,69813,1,문학
20250815,8,614,51865,1,문학
20250815,9,614,50854,1,문학
20250815,10,614,76802,1,문학
20250815,1,615,1,55460,사직
20250815,2,615,69418,1,사직
20250815,3,615,67449,1,사직
20250815,4,615,62404,1,사직
20250815,5,615,54400,1,사직
20250815,6,615,52430,1,사직
20250815,7,615,74540,1,사직
20250815,8,615,61404,1,사직
20250815,9,615,62234,1,사직
20250815,10,615,52415,1,사직
20250815,1,615,1,52530,사직
20250815,2,615,52568,1,사직
20250815,3,615,69517,1,사직
20250815,4,615,52591,1,사직
20250815,5,615,54529,1,사직
20250815,6,615,61102,1,사직
20250815,7,615,62931,1,사직
20250815,8,615,68205,1,사직
20250815,9,615,77564,1,사직
20250815,10,615,68507,1,사직
20250815,1,616,1,51715,창원
20250815,2,616,77532,1,창원
20250815,3,616,55703,1,창원
20250815,4,616,53764,1,창원
20250815,5,616,69737,1,창원
20250815,6,616,79192,1,창원
20250815,7,616,66657,1,창원
20250815,8,616,79608,1,창원
20250815,9,616,78288,1,창원
20250815,10,616,64006,1,창원
20250815,1,616,1,55912,창원
20250815,2,616,51907,1,창원
20250815,3,616,66606,1,창원
20250815,4,616,62907,1,창원
20250815,5,616,54944,1,창원
20250815,6,616,79215,1,창원
20250815,7,616,63260,1,창원
20250815,8,616,51344,1,창원
20250815,9,616,50901,1,창원
20250815,10,616,64022,1,창원
20250815,1,617,1,64001,고척
20250815,2,617,55013,1,고척
20250815,3,617,79240,1,고척
20250815,4,617,52001,1,고척
20250815,5,617,68050,1,고척
20250815,6,617,78548,1,고척
20250815,7,617,64004,1,고척
20250815,8,617,79402,1,고척
20250815,9,617,64504,1,고척
20250815,10,617,51003,1,고척
20250815,1,617,1,55342,고척
20250815,2,617,65357,1,고척
20250815,3,617,76267,1,고척
20250815,4,617,54444,1,고척
20250815,5,617,64340,1,고척
20250815,6,617,64984,1,고척
20250815,7,617,50167,1,고척
20250815,8,617,55392,1,고척
20250815,9,617,53344,1,고척
20250815,10,617,50357,1,고척
20250816,1,618,1,51648,잠실
20250816,2,618,64646,1,잠실
20250816,3,618,65653,1,잠실
20250816,4,618,78603,1,잠실
20250816,5,618,72443,1,잠실
20250816,6,618,55645,1,잠실
20250816,7,618,62947,1,잠실
20250816,8,618,69636,1,잠실
20250816,9,618,78122,1,잠실
20250816,10,618,50657,1,잠실
20250816,1,618,1,51264,잠실
20250816,2,618,79231,1,잠실
20250816,3,618,50208,1,잠실
20250816,4,618,55252,1,잠실
20250816,5,618,76232,1,잠실
20250816,6,618,55208,1,잠실
20250816,7,618,51203,1,잠실
20250816,8,618,63123,1,잠실
20250816,9,618,53554,1,잠실
20250816,10,618,64468,1,잠실
20250816,1,619,1,51111,문학
20250816,2,619,65207,1,문학
20250816,3,619,68119,1,문학
20250816,4,619,53123,1,문학
20250816,5,619,69102,1,문학
20250816,6,619,76290,1,문학
20250816,7,619,79365,1,문학
20250816,8,619,69100,1,문학
20250816,9,619,52154,1,문학
20250816,10,619,52103,1,문학
20250816,1,619,1,51867,문학
20250816,2,619,67893,1,문학
20250816,3,619,66864,1,문학
20250816,4,619,53827,1,문학
20250816,5,619,62895,1,문학
20250816,6,619,62934,1,문학
20250816,7,619,51865,1,문학
20250816,8,619,50840,1,문학
20250816,9,619,50868,1,문학
20250816,10,619,54812,1,문학
20250816,1,620,1,65320,사직
20250816,2,620,69418,1,사직
20250816,3,620,67449,1,사직
20250816,4,620,62404,1,사직
20250816,5,620,54400,1,사직
20250816,6,620,52430,1,사직
20250816,7,620,74540,1,사직
20250816,8,620,62234,1,사직
20250816,9,620,61404,1,사직
20250816,10,620,54408,1,사직
20250816,1,620,1,64021,사직
20250816,2,620,52568,1,사직
20250816,3,620,69517,1,사직
20250816,4,620,52591,1,사직
20250816,5,620,54529,1,사직
20250816,6,620,77564,1,사직
20250816,7,620,61102,1,사직
20250816,8,620,50150,1,사직
20250816,9,620,68205,1,사직
20250816,10,620,50500,1,사직
20250816,1,621,1,52701,창원
20250816,2,621,77532,1,창원
20250816,3,621,55703,1,창원
20250816,4,621,53764,1,창원
20250816,5,621,69737,1,창원
20250816,6,621,79192,1,창원
20250816,7,621,62700,1,창원
20250816,8,621,65703,1,창원
20250816,9,621,78288,1,창원
20250816,10,621,68700,1,창원
20250816,1,621,1,68902,창원
20250816,2,621,51907,1,창원
20250816,3,621,66606,1,창원
20250816,4,621,62907,1,창원
20250816,5,621,54944,1,창원
20250816,6,621,79215,1,창원
20250816,7,621,63260,1,창원
20250816,8,621,62244,1,창원
20250816,9,621,69995,1,창원
20250816,10,621,69992,1,창원
20250816,1,622,1,54354,고척
20250816,2,622,55013,1,고척
20250816,3,622,79240,1,고척
20250816,4,622,64004,1,고척
20250816,5,622,68050,1,고척
20250816,6,622,78548,1,고척
20250816,7,622,79402,1,고척
20250816,8,622,76313,1,고척
20250816,9,622,66706,1,고척
20250816,10,622,51003,1,고척
20250816,1,622,1,64350,고척
20250816,2,622,65357,1,고척
20250816,3,622,64340,1,고척
20250816,4,622,76267,1,고척
20250816,5,622,54444,1,고척
20250816,6,622,55397,1,고척
20250816,7,622,50167,1,고척
20250816,8,622,53312,1,고척
20250816,9,622,54394,1,고척
20250816,10,622,55392,1,고척
20250817,1,623,1,55032,고척
20250817,2,623,55013,1,고척
20250817,3,623,79240,1,고척
20250817,4,623,64004,1,고척
20250817,5,623,68050,1,고척
20250817,6,623,76313,1,고척
20250817,7,623,79402,1,고척
20250817,8,623,66706,1,고척
20250817,9,623,68089,1,고척
20250817,10,623,51003,1,고척
20250817,1,623,1,55313,고척
20250817,2,623,65357,1,고척
20250817,3,623,64340,1,고척
20250817,4,623,76267,1,고척
20250817,5,623,54444,1,고척
20250817,6,623,64984,1,고척
20250817,7,623,50167,1,고척
20250817,8,623,53312,1,고척
20250817,9,623,55392,1,고척
20250817,10,623,50357,1,고척
20250817,1,624,1,54640,잠실
20250817,2,624,61353,1,잠실
20250817,3,624,64646,1,잠실
20250817,4,624,78603,1,잠실
20250817,5,624,72443,1,잠실
20250817,6,624,62947,1,잠실
20250817,7,624,55645,1,잠실
20250817,8,624,69636,1,잠실
20250817,9,624,78122,1,잠실
20250817,10,624,65653,1,잠실
20250817,1,624,1,50211,잠실
20250817,2,624,79231,1,잠실
20250817,3,624,50208,1,잠실
20250817,4,624,55208,1,잠실
20250817,5,624,76232,1,잠실
20250817,6,624,51203,1,잠실
20250817,7,624,55252,1,잠실
20250817,8,624,53554,1,잠실
20250817,9,624,66112,1,잠실
20250817,10,624,67207,1,잠실
20250817,1,625,1,61101,문학
20250817,2,625,65207,1,문학
20250817,3,625,68119,1,문학
20250817,4,625,53123,1,문학
20250817,5,625,69102,1,문학
20250817,6,625,76290,1,문학
20250817,7,625,79109,1,문학
20250817,8,625,79365,1,문학
20250817,9,625,69100,1,문학
20250817,10,625,62415,1,문학
20250817,1,625,1,68856,문학
20250817,2,625,67893,1,문학
20250817,3,625,50854,1,문학
20250817,4,625,75847,1,문학
20250817,5,625,53827,1,문학
20250817,6,625,62895,1,문학
20250817,7,625,50868,1,문학
20250817,8,625,79456,1,문학
20250817,9,625,50840,1,문학
20250817,10,625,76802,1,문학
20250817,1,626,1,51454,사직
20250817,2,626,69418,1,사직
20250817,3,626,67449,1,사직
20250817,4,626,62404,1,사직
20250817,5,626,54400,1,사직
20250817,6,626,52430,1,사직
20250817,7,626,74540,1,사직
20250817,8,626,62234,1,사직
20250817,9,626,61404,1,사직
20250817,10,626,52415,1,사직
20250817,1,626,1,55532,사직
20250817,2,626,52568,1,사직
20250817,3,626,69517,1,사직
20250817,4,626,50150,1,사직
20250817,5,626,54529,1,사직
20250817,6,626,52591,1,사직
20250817,7,626,77564,1,사직
20250817,8,626,61102,1,사직
20250817,9,626,68205,1,사직
20250817,10,626,69508,1,사직
20250817,1,627,1,54729,창원
20250817,2,627,77532,1,창원
20250817,3,627,55703,1,창원
20250817,4,627,53764,1,창원
20250817,5,627,69737,1,창원
20250817,6,627,79192,1,창원
20250817,7,627,79608,1,창원
20250817,8,627,62700,1,창원
20250817,9,627,66704,1,창원
20250817,10,627,76812,1,창원
20250817,1,627,1,52995,창원
20250817,2,627,51907,1,창원
20250817,3,627,66606,1,창원
20250817,4,627,79215,1,창원
20250817,5,627,54944,1,창원
20250817,6,627,63260,1,창원
20250817,7,627,63963,1,창원
20250817,8,627,51344,1,창원
20250817,9,627,68912,1,창원
20250817,10,627,69992,1,창원
20250819,1,628,1,55526,잠실
20250819,2,628,52568,1,잠실
20250819,3,628,69517,1,잠실
20250819,4,628,50150,1,잠실
20250819,5,628,54529,1,잠실
20250819,6,628,52591,1,잠실
20250819,7,628,61102,1,잠실
20250819,8,628,77564,1,잠실
20250819,9,628,68205,1,잠실
20250819,10,628,50500,1,잠실
20250819,1,628,1,55130,잠실
20250819,2,628,65207,1,잠실
20250819,3,628,68119,1,잠실
20250819,4,628,53123,1,잠실
20250819,5,628,69102,1,잠실
20250819,6,628,76290,1,잠실
20250819,7,628,79109,1,잠실
20250819,8,628,79365,1,잠실
20250819,9,628,69100,1,잠실
20250819,10,628,62415,1,잠실
20250819,1,629,1,53375,창원
20250819,2,629,69418,1,창원
20250819,3,629,67449,1,창원
20250819,4,629,62404,1,창원
20250819,5,629,54400,1,창원
20250819,6,629,52430,1,창원
20250819,7,629,52415,1,창원
20250819,8,629,50458,1,창원
20250819,9,629,74540,1,창원
20250819,10,629,62234,1,창원
20250819,1,629,1,55903,창원
20250819,2,629,51907,1,창원
20250819,3,629,66606,1,창원
20250819,4,629,62907,1,창원
20250819,5,629,63260,1,창원
20250819,6,629,79215,1,창원
20250819,7,629,63963,1,창원
20250819,8,629,51344,1,창원
20250819,9,629,68912,1,창원
20250819,10,629,69992,1,창원
20250819,1,630,1,77829,수원
20250819,2,630,67893,1,수원
20250819,3,630,53827,1,수원
20250819,4,630,75847,1,수원
20250819,5,630,62895,1,수원
20250819,6,630,62934,1,수원
20250819,7,630,60558,1,수원
20250819,8,630,50868,1,수원
20250819,9,630,51865,1,수원
20250819,10,630,76802,1,수원
20250819,1,630,1,50859,수원
20250819,2,630,79240,1,수원
20250819,3,630,64004,1,수원
20250819,4,630,52001,1,수원
20250819,5,630,68050,1,수원
20250819,6,630,76313,1,수원
20250819,7,630,78548,1,수원
20250819,8,630,79402,1,수원
20250819,9,630,64115,1,수원
20250819,10,630,55013,1,수원
20250819,1,631,1,69328,광주
20250819,2,631,65357,1,광주
20250819,3,631,64340,1,광주
20250819,4,631,76267,1,광주
20250819,5,631,54444,1,광주
20250819,6,631,50167,1,광주
20250819,7,631,53312,1,광주
20250819,8,631,64984,1,광주
20250819,9,631,55392,1,광주
20250819,10,631,50357,1,광주
20250819,1,631,1,55633,광주
20250819,2,631,64646,1,광주
20250819,3,631,69636,1,광주
20250819,4,631,78603,1,광주
20250819,5,631,72443,1,광주
20250819,6,631,62947,1,광주
20250819,7,631,55645,1,광주
20250819,8,631,68646,1,광주
20250819,9,631,65653,1,광주
20250819,10,631,67609,1,광주
20250819,1,632,1,55257,대전
20250819,2,632,79231,1,대전
20250819,3,632,50208,1,대전
20250819,4,632,55208,1,대전
20250819,5,632,76232,1,대전
20250819,6,632,51203,1,대전
20250819,7,632,55252,1,대전
20250819,8,632,53554,1,대전
20250819,9,632,67207,1,대전
20250819,10,632,66209,1,대전
20250819,1,632,1,54755,대전
20250819,2,632,77532,1,대전
20250819,3,632,55703,1,대전
20250819,4,632,53764,1,대전
20250819,5,632,69737,1,대전
20250819,6,632,79192,1,대전
20250819,7,632,66657,1,대전
20250819,8,632,79608,1,대전
20250819,9,632,78288,1,대전
20250819,10,632,64006,1,대전
20250820,1,633,1,67539,잠실
20250820,2,633,52568,1,잠실
20250820,3,633,50150,1,잠실
20250820,4,633,69517,1,잠실
20250820,5,633,54529,1,잠실
20250820,6,633,61102,1,잠실
20250820,7,633,77564,1,잠실
20250820,8,633,51551,1,잠실
20250820,9,633,54598,1,잠실
20250820,10,633,50500,1,잠실
20250820,1,633,1,67143,잠실
20250820,2,633,65207,1,잠실
20250820,3,633,50054,1,잠실
20250820,4,633,53123,1,잠실
20250820,5,633,69102,1,잠실
20250820,6,633,76290,1,잠실
20250820,7,633,79109,1,잠실
20250820,8,633,69100,1,잠실
20250820,9,633,52154,1,잠실
20250820,10,633,62415,1,잠실
20250820,1,634,1,69446,창원
20250820,2,634,50458,1,창원
20250820,3,634,67449,1,창원
20250820,4,634,62404,1,창원
20250820,5,634,54400,1,창원
20250820,6,634,52430,1,창원
20250820,7,634,52415,1,창원
20250820,8,634,65040,1,창원
20250820,9,634,74540,1,창원
20250820,10,634,62234,1,창원
20250820,1,634,1,53973,창원
20250820,2,634,51907,1,창원
20250820,3,634,66606,1,창원
20250820,4,634,62907,1,창원
20250820,5,634,54944,1,창원
20250820,6,634,79215,1,창원
20250820,7,634,63260,1,창원
20250820,8,634,51344,1,창원
20250820,9,634,68912,1,창원
20250820,10,634,69992,1,창원
20250820,1,635,1,62869,수원
20250820,2,635,67893,1,수원
20250820,3,635,50854,1,수원
20250820,4,635,75847,1,수원
20250820,5,635,53827,1,수원
20250820,6,635,62895,1,수원
20250820,7,635,62934,1,수원
20250820,8,635,60558,1,수원
20250820,9,635,51865,1,수원
20250820,10,635,54812,1,수원
20250820,1,635,1,65516,수원
20250820,2,635,79240,1,수원
20250820,3,635,64004,1,수원
20250820,4,635,52001,1,수원
20250820,5,635,68050,1,수원
20250820,6,635,79402,1,수원
20250820,7,635,78548,1,수원
20250820,8,635,64504,1,수원
20250820,9,635,64115,1,수원
20250820,10,635,55013,1,수원
20250820,1,636,1,69045,광주
20250820,2,636,65357,1,광주
20250820,3,636,64340,1,광주
20250820,4,636,76267,1,광주
20250820,5,636,54444,1,광주
20250820,6,636,53312,1,광주
20250820,7,636,50167,1,광주
20250820,8,636,78756,1,광주
20250820,9,636,55392,1,광주
20250820,10,636,50357,1,광주
20250820,1,636,1,77637,광주
20250820,2,636,64646,1,광주
20250820,3,636,69636,1,광주
20250820,4,636,78603,1,광주
20250820,5,636,72443,1,광주
20250820,6,636,62947,1,광주
20250820,7,636,55645,1,광주
20250820,8,636,67610,1,광주
20250820,9,636,78122,1,광주
20250820,10,636,67609,1,광주
20250820,1,637,1,68220,대전
20250820,2,637,79231,1,대전
20250820,3,637,50208,1,대전
20250820,4,637,55208,1,대전
20250820,5,637,76232,1,대전
20250820,6,637,51203,1,대전
20250820,7,637,55252,1,대전
20250820,8,637,63123,1,대전
20250820,9,637,53554,1,대전
20250820,10,637,67207,1,대전
20250820,1,637,1,54768,대전
20250820,2,637,77532,1,대전
20250820,3,637,55703,1,대전
20250820,4,637,53764,1,대전
20250820,5,637,69737,1,대전
20250820,6,637,79192,1,대전
20250820,7,637,66715,1,대전
20250820,8,637,62700,1,대전
20250820,9,637,78288,1,대전
20250820,10,637,65703,1,대전
20250821,1,638,1,52530,잠실
20250821,2,638,50500,1,잠실
20250821,3,638,55530,1,잠실
20250821,4,638,69517,1,잠실
20250821,5,638,54529,1,잠실
20250821,6,638,61102,1,잠실
20250821,7,638,62931,1,잠실
20250821,8,638,51551,1,잠실
20250821,9,638,52568,1,잠실
20250821,10,638,54598,1,잠실
20250821,1,638,1,55146,잠실
20250821,2,638,50054,1,잠실
20250821,3,638,68119,1,잠실
20250821,4,638,53123,1,잠실
20250821,5,638,69102,1,잠실
20250821,6,638,76290,1,잠실
20250821,7,638,79109,1,잠실
20250821,8,638,79365,1,잠실
20250821,9,638,69100,1,잠실
20250821,10,638,62415,1,잠실
20250821,1,639,1,55460,창원
20250821,2,639,69418,1,창원
20250821,3,639,67449,1,창원
20250821,4,639,62404,1,창원
20250821,5,639,54400,1,창원
20250821,6,639,52430,1,창원
20250821,7,639,74540,1,창원
20250821,8,639,62234,1,창원
20250821,9,639,61404,1,창원
20250821,10,639,52415,1,창원
20250821,1,639,1,55912,창원
20250821,2,639,51907,1,창원
20250821,3,639,66606,1,창원
20250821,4,639,62907,1,창원
20250821,5,639,54944,1,창원
20250821,6,639,79215,1,창원
20250821,7,639,63260,1,창원
20250821,8,639,63963,1,창원
20250821,9,639,68912,1,창원
20250821,10,639,51344,1,창원
20250821,1,640,1,54833,수원
20250821,2,640,67893,1,수원
20250821,3,640,54812,1,수원
20250821,4,640,75847,1,수원
20250821,5,640,53827,1,수원
20250821,6,640,62895,1,수원
20250821,7,640,51868,1,수원
20250821,8,640,50854,1,수원
20250821,9,640,62934,1,수원
20250821,10,640,79456,1,수원
20250821,1,640,1,64001,수원
20250821,2,640,79240,1,수원
20250821,3,640,64004,1,수원
20250821,4,640,67644,1,수원
20250821,5,640,68050,1,수원
20250821,6,640,79402,1,수원
20250821,7,640,76313,1,수원
20250821,8,640,64115,1,수원
20250821,9,640,68089,1,수원
20250821,10,640,55013,1,수원
20250821,1,641,1,55342,광주
20250821,2,641,65357,1,광주
20250821,3,641,76267,1,광주
20250821,4,641,54444,1,광주
20250821,5,641,64340,1,광주
20250821,6,641,50167,1,광주
20250821,7,641,64984,1,광주
20250821,8,641,53344,1,광주
20250821,9,641,55392,1,광주
20250821,10,641,50357,1,광주
20250821,1,641,1,69745,광주
20250821,2,641,64646,1,광주
20250821,3,641,65653,1,광주
20250821,4,641,78603,1,광주
20250821,5,641,72443,1,광주
20250821,6,641,62947,1,광주
20250821,7,641,68646,1,광주
20250821,8,641,69636,1,광주
20250821,9,641,67610,1,광주
20250821,10,641,50657,1,광주
20250821,1,642,1,55239,대전
20250821,2,642,79231,1,대전
20250821,3,642,63123,1,대전
20250821,4,642,55208,1,대전
20250821,5,642,76232,1,대전
20250821,6,642,55252,1,대전
20250821,7,642,51203,1,대전
20250821,8,642,64468,1,대전
20250821,9,642,53554,1,대전
20250821,10,642,67207,1,대전
20250821,1,642,1,76715,대전
20250821,2,642,77532,1,대전
20250821,3,642,55703,1,대전
20250821,4,642,53764,1,대전
20250821,5,642,69737,1,대전
20250821,6,642,79192,1,대전
20250821,7,642,62700,1,대전
20250821,8,642,78288,1,대전
20250821,9,642,68700,1,대전
20250821,10,642,64006,1,대전
20250822,1,643,1,54354,잠실
20250822,2,643,64004,1,잠실
20250822,3,643,55013,1,잠실
20250822,4,643,52001,1,잠실
20250822,5,643,68050,1,잠실
20250822,6,643,79402,1,잠실
20250822,7,643,78548,1,잠실
20250822,8,643,76313,1,잠실
20250822,9,643,51003,1,잠실
20250822,10,643,64504,1,잠실
20250822,1,643,1,55268,잠실
20250822,2,643,67207,1,잠실
20250822,3,643,63123,1,잠실
20250822,4,643,55208,1,잠실
20250822,5,643,76232,1,잠실
20250822,6,643,55252,1,잠실
20250822,7,643,51203,1,잠실
20250822,8,643,64468,1,잠실
20250822,9,643,53554,1,잠실
20250822,10,643,79231,1,잠실
20250822,1,644,1,64350,대구
20250822,2,644,65357,1,대구
20250822,3,644,50167,1,대구
20250822,4,644,54444,1,대구
20250822,5,644,64340,1,대구
20250822,6,644,64984,1,대구
20250822,7,644,53312,1,대구
20250822,8,644,55397,1,대구
20250822,9,644,78756,1,대구
20250822,10,644,50357,1,대구
20250822,1,644,1,68415,대구
20250822,2,644,50458,1,대구
20250822,3,644,67449,1,대구
20250822,4,644,62404,1,대구
20250822,5,644,54400,1,대구
20250822,6,644,52430,1,대구
20250822,7,644,62234,1,대구
20250822,8,644,61404,1,대구
20250822,9,644,69403,1,대구
20250822,10,644,69428,1,대구
20250822,1,645,1,64021,창원
20250822,2,645,50500,1,창원
20250822,3,645,55530,1,창원
20250822,4,645,69517,1,창원
20250822,5,645,54529,1,창원
20250822,6,645,61102,1,창원
20250822,7,645,62931,1,창원
20250822,8,645,51551,1,창원
20250822,9,645,50150,1,창원
20250822,10,645,54598,1,창원
20250822,1,645,1,68902,창원
20250822,2,645,51907,1,창원
20250822,3,645,69992,1,창원
20250822,4,645,62907,1,창원
20250822,5,645,54944,1,창원
20250822,6,645,79215,1,창원
20250822,7,645,63963,1,창원
20250822,8,645,69995,1,창원
20250822,9,645,62244,1,창원
20250822,10,645,51344,1,창원
20250822,1,646,1,51111,광주
20250822,2,646,65207,1,광주
20250822,3,646,68119,1,광주
20250822,4,646,53123,1,광주
20250822,5,646,69102,1,광주
20250822,6,646,76290,1,광주
20250822,7,646,79109,1,광주
20250822,8,646,52103,1,광주
20250822,9,646,52154,1,광주
20250822,10,646,62415,1,광주
20250822,1,646,1,51648,광주
20250822,2,646,64646,1,광주
20250822,3,646,65653,1,광주
20250822,4,646,78603,1,광주
20250822,5,646,72443,1,광주
20250822,6,646,62947,1,광주
20250822,7,646,55645,1,광주
20250822,8,646,67610,1,광주
20250822,9,646,78122,1,광주
20250822,10,646,50657,1,광주
20250822,1,647,1,68856,대전
20250822,2,647,67893,1,대전
20250822,3,647,54812,1,대전
20250822,4,647,75847,1,대전
20250822,5,647,53827,1,대전
20250822,6,647,62895,1,대전
20250822,7,647,66864,1,대전
20250822,8,647,51868,1,대전
20250822,9,647,50854,1,대전
20250822,10,647,79456,1,대전
20250822,1,647,1,55730,대전
20250822,2,647,77532,1,대전
20250822,3,647,55703,1,대전
20250822,4,647,53764,1,대전
20250822,5,647,69737,1,대전
20250822,6,647,79192,1,대전
20250822,7,647,62700,1,대전
20250822,8,647,78288,1,대전
20250822,9,647,68700,1,대전
20250822,10,647,64006,1,대전
20250823,1,648,1,55032,잠실
20250823,2,648,79240,1,잠실
20250823,3,648,64004,1,잠실
20250823,4,648,52001,1,잠실
20250823,5,648,68050,1,잠실
20250823,6,648,79402,1,잠실
20250823,7,648,76313,1,잠실
20250823,8,648,55013,1,잠실
20250823,9,648,68089,1,잠실
20250823,10,648,64115,1,잠실
20250823,1,648,1,50211,잠실
20250823,2,648,79231,1,잠실
20250823,3,648,67207,1,잠실
20250823,4,648,55208,1,잠실
20250823,5,648,76232,1,잠실
20250823,6,648,55252,1,잠실
20250823,7,648,63123,1,잠실
20250823,8,648,53554,1,잠실
20250823,9,648,66112,1,잠실
20250823,10,648,50208,1,잠실
20250823,1,649,1,55313,대구
20250823,2,649,50357,1,대구
20250823,3,649,65357,1,대구
20250823,4,649,64340,1,대구
20250823,5,649,54444,1,대구
20250823,6,649,50167,1,대구
20250823,7,649,53312,1,대구
20250823,8,649,55392,1,대구
20250823,9,649,55393,1,대구
20250823,10,649,64984,1,대구
20250823,1,649,1,51454,대구
20250823,2,649,69418,1,대구
20250823,3,649,67449,1,대구
20250823,4,649,62404,1,대구
20250823,5,649,54400,1,대구
20250823,6,649,52430,1,대구
20250823,7,649,61404,1,대구
20250823,8,649,62234,1,대구
20250823,9,649,69442,1,대구
20250823,10,649,52415,1,대구
20250823,1,650,1,55532,창원
20250823,2,650,55530,1,창원
20250823,3,650,69517,1,창원
20250823,4,650,54529,1,창원
20250823,5,650,61102,1,창원
20250823,6,650,62931,1,창원
20250823,7,650,50150,1,창원
20250823,8,650,54598,1,창원
20250823,9,650,68507,1,창원
20250823,10,650,50500,1,창원
20250823,1,650,1,52995,창원
20250823,2,650,51907,1,창원
20250823,3,650,63963,1,창원
20250823,4,650,79215,1,창원
20250823,5,650,54944,1,창원
20250823,6,650,63260,1,창원
20250823,7,650,51344,1,창원
20250823,8,650,69995,1,창원
20250823,9,650,68912,1,창원
20250823,10,650,67905,1,창원
20250823,1,651,1,61101,광주
20250823,2,651,65207,1,광주
20250823,3,651,68119,1,광주
20250823,4,651,53123,1,광주
20250823,5,651,69102,1,광주
20250823,6,651,76290,1,광주
20250823,7,651,79109,1,광주
20250823,8,651,79365,1,광주
20250823,9,651,50054,1,광주
20250823,10,651,62415,1,광주
20250823,1,651,1,54640,광주
20250823,2,651,64646,1,광주
20250823,3,651,66614,1,광주
20250823,4,651,62947,1,광주
20250823,5,651,72443,1,광주
20250823,6,651,55645,1,광주
20250823,7,651,69636,1,광주
20250823,8,651,67610,1,광주
20250823,9,651,78122,1,광주
20250823,10,651,65653,1,광주
20250823,1,652,1,55855,대전
20250823,2,652,67893,1,대전
20250823,3,652,66864,1,대전
20250823,4,652,75847,1,대전
20250823,5,652,53827,1,대전
20250823,6,652,62895,1,대전
20250823,7,652,51868,1,대전
20250823,8,652,50854,1,대전
20250823,9,652,50868,1,대전
20250823,10,652,51865,1,대전
20250823,1,652,1,54729,대전
20250823,2,652,68700,1,대전
20250823,3,652,77532,1,대전
20250823,4,652,53764,1,대전
20250823,5,652,69737,1,대전
20250823,6,652,79192,1,대전
20250823,7,652,66704,1,대전
20250823,8,652,65703,1,대전
20250823,9,652,76812,1,대전
20250823,10,652,64006,1,대전
20250824,1,653,1,50030,잠실
20250824,2,653,79240,1,잠실
20250824,3,653,64004,1,잠실
20250824,4,653,52001,1,잠실
20250824,5,653,68050,1,잠실
20250824,6,653,79402,1,잠실
20250824,7,653,76313,1,잠실
20250824,8,653,50066,1,잠실
20250824,9,653,55013,1,잠실
20250824,10,653,64115,1,잠실
20250824,1,653,1,55257,잠실
20250824,2,653,79231,1,잠실
20250824,3,653,51203,1,잠실
20250824,4,653,55208,1,잠실
20250824,5,653,76232,1,잠실
20250824,6,653,63257,1,잠실
20250824,7,653,53554,1,잠실
20250824,8,653,63123,1,잠실
20250824,9,653,50208,1,잠실
20250824,10,653,67207,1,잠실
20250824,1,654,1,54368,대구
20250824,2,654,50357,1,대구
20250824,3,654,65357,1,대구
20250824,4,654,64340,1,대구
20250824,5,654,54444,1,대구
20250824,6,654,50167,1,대구
20250824,7,654,69332,1,대구
20250824,8,654,53312,1,대구
20250824,9,654,55392,1,대구
20250824,10,654,64984,1,대구
20250824,1,654,1,53375,대구
20250824,2,654,69418,1,대구
20250824,3,654,50458,1,대구
20250824,4,654,62404,1,대구
20250824,5,654,54400,1,대구
20250824,6,654,67449,1,대구
20250824,7,654,62234,1,대구
20250824,8,654,52415,1,대구
20250824,9,654,69428,1,대구
20250824,10,654,69403,1,대구
20250824,1,655,1,55526,창원
20250824,2,655,55530,1,창원
20250824,3,655,62931,1,창원
20250824,4,655,69517,1,창원
20250824,5,655,54529,1,창원
20250824,6,655,61102,1,창원
20250824,7,655,51551,1,창원
20250824,8,655,54598,1,창원
20250824,9,655,68507,1,창원
20250824,10,655,50500,1,창원
20250824,1,655,1,52992,창원
20250824,2,655,51907,1,창원
20250824,3,655,66606,1,창원
20250824,4,655,62907,1,창원
20250824,5,655,54944,1,창원
20250824,6,655,79215,1,창원
20250824,7,655,63260,1,창원
20250824,8,655,51344,1,창원
20250824,9,655,68912,1,창원
20250824,10,655,69995,1,창원
20250824,1,656,1,55130,광주
20250824,2,656,65207,1,광주
20250824,3,656,68119,1,광주
20250824,4,656,53123,1,광주
20250824,5,656,69102,1,광주
20250824,6,656,76290,1,광주
20250824,7,656,79109,1,광주
20250824,8,656,79365,1,광주
20250824,9,656,50054,1,광주
20250824,10,656,62415,1,광주
20250824,1,656,1,55633,광주
20250824,2,656,64646,1,광주
20250824,3,656,55645,1,광주
20250824,4,656,62947,1,광주
20250824,5,656,72443,1,광주
20250824,6,656,78603,1,광주
20250824,7,656,69636,1,광주
20250824,8,656,68646,1,광주
20250824,9,656,65653,1,광주
20250824,10,656,66614,1,광주
20250824,1,657,1,53898,대전
20250824,2,657,67893,1,대전
20250824,3,657,54812,1,대전
20250824,4,657,75847,1,대전
20250824,5,657,53827,1,대전
20250824,6,657,62895,1,대전
20250824,7,657,51868,1,대전
20250824,8,657,50854,1,대전
20250824,9,657,62934,1,대전
20250824,10,657,51865,1,대전
20250824,1,657,1,54755,대전
20250824,2,657,68700,1,대전
20250824,3,657,77532,1,대전
20250824,4,657,53764,1,대전
20250824,5,657,69737,1,대전
20250824,6,657,79192,1,대전
20250824,7,657,66704,1,대전
20250824,8,657,65703,1,대전
20250824,9,657,78288,1,대전
20250824,10,657,64006,1,대전
20250826,1,658,1,69446,잠실
20250826,2,658,69418,1,잠실
20250826,3,658,50458,1,잠실
20250826,4,658,62404,1,잠실
20250826,5,658,54400,1,잠실
20250826,6,658,67449,1,잠실
20250826,7,658,52430,1,잠실
20250826,8,658,74540,1,잠실
20250826,9,658,62234,1,잠실
20250826,10,658,52415,1,잠실
20250826,1,658,1,68220,잠실
20250826,2,658,79231,1,잠실
20250826,3,658,67207,1,잠실
20250826,4,658,55208,1,잠실
20250826,5,658,76232,1,잠실
20250826,6,658,51203,1,잠실
20250826,7,658,55252,1,잠실
20250826,8,658,63257,1,잠실
20250826,9,658,64468,1,잠실
20250826,10,658,50208,1,잠실
20250826,1,659,1,77637,문학
20250826,2,659,64646,1,문학
20250826,3,659,78603,1,문학
20250826,4,659,62947,1,문학
20250826,5,659,72443,1,문학
20250826,6,659,55645,1,문학
20250826,7,659,69636,1,문학
20250826,8,659,65653,1,문학
20250826,9,659,78122,1,문학
20250826,10,659,66614,1,문학
20250826,1,659,1,62869,문학
20250826,2,659,67893,1,문학
20250826,3,659,66864,1,문학
20250826,4,659,75847,1,문학
20250826,5,659,53827,1,문학
20250826,6,659,62895,1,문학
20250826,7,659,60558,1,문학
20250826,8,659,51868,1,문학
20250826,9,659,50868,1,문학
20250826,10,659,79456,1,문학
20250826,1,660,1,50859,사직
20250826,2,660,79240,1,사직
20250826,3,660,64004,1,사직
20250826,4,660,52001,1,사직
20250826,5,660,68050,1,사직
20250826,6,660,79402,1,사직
20250826,7,660,76313,1,사직
20250826,8,660,78548,1,사직
20250826,9,660,55013,1,사직
20250826,10,660,64115,1,사직
20250826,1,660,1,67539,사직
20250826,2,660,55530,1,사직
20250826,3,660,50150,1,사직
20250826,4,660,69517,1,사직
20250826,5,660,54529,1,사직
20250826,6,660,61102,1,사직
20250826,7,660,51551,1,사직
20250826,8,660,54598,1,사직
20250826,9,660,68507,1,사직
20250826,10,660,50500,1,사직
20250826,1,661,1,67143,창원
20250826,2,661,65207,1,창원
20250826,3,661,68119,1,창원
20250826,4,661,53123,1,창원
20250826,5,661,69102,1,창원
20250826,6,661,76290,1,창원
20250826,7,661,79109,1,창원
20250826,8,661,69100,1,창원
20250826,9,661,52154,1,창원
20250826,10,661,62415,1,창원
20250826,1,661,1,55912,창원
20250826,2,661,51907,1,창원
20250826,3,661,66606,1,창원
20250826,4,661,62907,1,창원
20250826,5,661,54944,1,창원
20250826,6,661,79215,1,창원
20250826,7,661,63260,1,창원
20250826,8,661,68912,1,창원
20250826,9,661,51344,1,창원
20250826,10,661,67905,1,창원
20250826,1,662,1,76715,고척
20250826,2,662,68700,1,고척
20250826,3,662,55703,1,고척
20250826,4,662,53764,1,고척
20250826,5,662,69737,1,고척
20250826,6,662,77532,1,고척
20250826,7,662,66704,1,고척
20250826,8,662,65703,1,고척
20250826,9,662,78288,1,고척
20250826,10,662,64006,1,고척
20250826,1,662,1,69045,고척
20250826,2,662,65357,1,고척
20250826,3,662,54444,1,고척
20250826,4,662,50357,1,고척
20250826,5,662,64340,1,고척
20250826,6,662,50167,1,고척
20250826,7,662,53312,1,고척
20250826,8,662,55392,1,고척
20250826,9,662,78756,1,고척
20250826,10,662,69332,1,고척
20250827,1,663,1,55460,잠실
20250827,2,663,69418,1,잠실
20250827,3,663,50458,1,잠실
20250827,4,663,62404,1,잠실
20250827,5,663,54400,1,잠실
20250827,6,663,67449,1,잠실
20250827,7,663,52430,1,잠실
20250827,8,663,74540,1,잠실
20250827,9,663,62234,1,잠실
20250827,10,663,52415,1,잠실
20250827,1,663,1,52202,잠실
20250827,2,663,79231,1,잠실
20250827,3,663,55252,1,잠실
20250827,4,663,63257,1,잠실
20250827,5,663,55208,1,잠실
20250827,6,663,51203,1,잠실
20250827,7,663,66112,1,잠실
20250827,8,663,63123,1,잠실
20250827,9,663,50208,1,잠실
20250827,10,663,67207,1,잠실
20250827,1,664,1,69745,문학
20250827,2,664,64646,1,문학
20250827,3,664,55645,1,문학
20250827,4,664,78603,1,문학
20250827,5,664,72443,1,문학
20250827,6,664,62947,1,문학
20250827,7,664,69636,1,문학
20250827,8,664,67610,1,문학
20250827,9,664,78122,1,문학
20250827,10,664,65653,1,문학
20250827,1,664,1,54833,문학
20250827,2,664,67893,1,문학
20250827,3,664,50854,1,문학
20250827,4,664,75847,1,문학
20250827,5,664,53827,1,문학
20250827,6,664,62895,1,문학
20250827,7,664,50868,1,문학
20250827,8,664,66864,1,문학
20250827,9,664,51868,1,문학
20250827,10,664,51865,1,문학
20250827,1,665,1,64001,사직
20250827,2,665,79240,1,사직
20250827,3,665,55013,1,사직
20250827,4,665,52001,1,사직
20250827,5,665,68050,1,사직
20250827,6,665,79402,1,사직
20250827,7,665,76313,1,사직
20250827,8,665,66706,1,사직
20250827,9,665,68089,1,사직
20250827,10,665,64115,1,사직
20250827,1,665,1,64021,사직
20250827,2,665,55530,1,사직
20250827,3,665,68507,1,사직
20250827,4,665,69517,1,사직
20250827,5,665,54529,1,사직
20250827,6,665,61102,1,사직
20250827,7,665,51551,1,사직
20250827,8,665,50150,1,사직
20250827,9,665,54598,1,사직
20250827,10,665,52504,1,사직
20250827,1,666,1,55146,창원
20250827,2,666,65207,1,창원
20250827,3,666,68119,1,창원
20250827,4,666,53123,1,창원
20250827,5,666,69102,1,창원
20250827,6,666,79109,1,창원
20250827,7,666,69100,1,창원
20250827,8,666,79365,1,창원
20250827,9,666,50054,1,창원
20250827,10,666,62415,1,창원
20250827,1,666,1,53919,창원
20250827,2,666,51907,1,창원
20250827,3,666,66606,1,창원
20250827,4,666,62907,1,창원
20250827,5,666,54944,1,창원
20250827,6,666,79215,1,창원
20250827,7,666,63260,1,창원
20250827,8,666,68912,1,창원
20250827,9,666,69995,1,창원
20250827,10,666,63963,1,창원
20250827,1,667,1,52701,고척
20250827,2,667,68700,1,고척
20250827,3,667,55703,1,고척
20250827,4,667,53764,1,고척
20250827,5,667,69737,1,고척
20250827,6,667,77532,1,고척
20250827,7,667,66704,1,고척
20250827,8,667,65703,1,고척
20250827,9,667,78288,1,고척
20250827,10,667,64006,1,고척
20250827,1,667,1,55342,고척
20250827,2,667,50357,1,고척
20250827,3,667,65357,1,고척
20250827,4,667,64340,1,고척
20250827,5,667,50167,1,고척
20250827,6,667,54444,1,고척
20250827,7,667,64984,1,고척
20250827,8,667,53312,1,고척
20250827,9,667,55392,1,고척
20250827,10,667,55397,1,고척
20250828,1,668,1,65320,잠실
20250828,2,668,69418,1,잠실
20250828,3,668,50458,1,잠실
20250828,4,668,62404,1,잠실
20250828,5,668,54400,1,잠실
20250828,6,668,67449,1,잠실
20250828,7,668,52430,1,잠실
20250828,8,668,74540,1,잠실
20250828,9,668,62234,1,잠실
20250828,10,668,52415,1,잠실
20250828,1,668,1,55268,잠실
20250828,2,668,51203,1,잠실
20250828,3,668,63123,1,잠실
20250828,4,668,55208,1,잠실
20250828,5,668,76232,1,잠실
20250828,6,668,63257,1,잠실
20250828,7,668,55252,1,잠실
20250828,8,668,50208,1,잠실
20250828,9,668,67207,1,잠실
20250828,10,668,79231,1,잠실
20250828,1,669,1,51648,문학
20250828,2,669,64646,1,문학
20250828,3,669,55645,1,문학
20250828,4,669,78603,1,문학
20250828,5,669,72443,1,문학
20250828,6,669,62947,1,문학
20250828,7,669,69636,1,문학
20250828,8,669,67610,1,문학
20250828,9,669,68646,1,문학
20250828,10,669,65653,1,문학
20250828,1,669,1,68856,문학
20250828,2,669,67893,1,문학
20250828,3,669,66864,1,문학
20250828,4,669,75847,1,문학
20250828,5,669,53827,1,문학
20250828,6,669,50868,1,문학
20250828,7,669,60558,1,문학
20250828,8,669,62934,1,문학
20250828,9,669,51868,1,문학
20250828,10,669,51865,1,문학
20250828,1,670,1,54354,사직
20250828,2,670,79240,1,사직
20250828,3,670,79402,1,사직
20250828,4,670,52001,1,사직
20250828,5,670,68050,1,사직
20250828,6,670,76313,1,사직
20250828,7,670,50066,1,사직
20250828,8,670,55013,1,사직
20250828,9,670,64115,1,사직
20250828,10,670,66706,1,사직
20250828,1,670,1,55532,사직
20250828,2,670,55530,1,사직
20250828,3,670,69517,1,사직
20250828,4,670,51551,1,사직
20250828,5,670,54529,1,사직
20250828,6,670,61102,1,사직
20250828,7,670,52568,1,사직
20250828,8,670,54598,1,사직
20250828,9,670,55506,1,사직
20250828,10,670,68507,1,사직
20250828,1,671,1,51111,창원
20250828,2,671,65207,1,창원
20250828,3,671,68119,1,창원
20250828,4,671,53123,1,창원
20250828,5,671,69102,1,창원
20250828,6,671,79109,1,창원
20250828,7,671,69100,1,창원
20250828,8,671,50054,1,창원
20250828,9,671,52154,1,창원
20250828,10,671,62415,1,창원
20250828,1,671,1,68902,창원
20250828,2,671,51907,1,창원
20250828,3,671,66606,1,창원
20250828,4,671,62907,1,창원
20250828,5,671,54944,1,창원
20250828,6,671,79215,1,창원
20250828,7,671,63260,1,창원
20250828,8,671,68912,1,창원
20250828,9,671,51344,1,창원
20250828,10,671,67905,1,창원
20250828,1,672,1,55730,고척
20250828,2,672,68700,1,고척
20250828,3,672,66715,1,고척
20250828,4,672,53764,1,고척
20250828,5,672,69737,1,고척
20250828,6,672,66657,1,고척
20250828,7,672,66704,1,고척
20250828,8,672,62700,1,고척
20250828,9,672,78288,1,고척
20250828,10,672,54795,1,고척
20250828,1,672,1,64350,고척
20250828,2,672,50357,1,고척
20250828,3,672,65357,1,고척
20250828,4,672,64340,1,고척
20250828,5,672,65898,1,고척
20250828,6,672,54444,1,고척
20250828,7,672,64984,1,고척
20250828,8,672,53312,1,고척
20250828,9,672,55392,1,고척
20250828,10,672,55397,1,고척
20250829,1,673,1,55313,잠실
20250829,2,673,50357,1,잠실
20250829,3,673,65357,1,잠실
20250829,4,673,64340,1,잠실
20250829,5,673,50167,1,잠실
20250829,6,673,69332,1,잠실
20250829,7,673,64984,1,잠실
20250829,8,673,53312,1,잠실
20250829,9,673,78756,1,잠실
20250829,10,673,55339,1,잠실
20250829,1,673,1,61101,잠실
20250829,2,673,65207,1,잠실
20250829,3,673,68119,1,잠실
20250829,4,673,53123,1,잠실
20250829,5,673,69102,1,잠실
20250829,6,673,79109,1,잠실
20250829,7,673,79365,1,잠실
20250829,8,673,69100,1,잠실
20250829,9,673,52103,1,잠실
20250829,10,673,62415,1,잠실
20250829,1,674,1,52995,문학
20250829,2,674,51907,1,문학
20250829,3,674,63963,1,문학
20250829,4,674,66606,1,문학
20250829,5,674,54944,1,문학
20250829,6,674,79215,1,문학
20250829,7,674,63260,1,문학
20250829,8,674,68912,1,문학
20250829,9,674,51344,1,문학
20250829,10,674,50600,1,문학
20250829,1,674,1,55855,문학
20250829,2,674,67893,1,문학
20250829,3,674,54812,1,문학
20250829,4,674,53827,1,문학
20250829,5,674,62895,1,문학
20250829,6,674,75847,1,문학
20250829,7,674,51868,1,문학
20250829,8,674,50868,1,문학
20250829,9,674,50854,1,문학
20250829,10,674,51865,1,문학
20250829,1,675,1,55239,사직
20250829,2,675,51203,1,사직
20250829,3,675,63123,1,사직
20250829,4,675,55208,1,사직
20250829,5,675,76232,1,사직
20250829,6,675,55252,1,사직
20250829,7,675,63257,1,사직
20250829,8,675,64468,1,사직
20250829,9,675,67207,1,사직
20250829,10,675,79231,1,사직
20250829,1,675,1,55526,사직
20250829,2,675,55530,1,사직
20250829,3,675,69517,1,사직
20250829,4,675,51551,1,사직
20250829,5,675,54529,1,사직
20250829,6,675,50150,1,사직
20250829,7,675,55506,1,사직
20250829,8,675,54598,1,사직
20250829,9,675,51528,1,사직
20250829,10,675,68507,1,사직
20250829,1,676,1,54640,수원
20250829,2,676,64646,1,수원
20250829,3,676,65653,1,수원
20250829,4,676,78603,1,수원
20250829,5,676,55645,1,수원
20250829,6,676,62947,1,수원
20250829,7,676,69636,1,수원
20250829,8,676,67610,1,수원
20250829,9,676,68646,1,수원
20250829,10,676,66614,1,수원
20250829,1,676,1,55032,수원
20250829,2,676,79240,1,수원
20250829,3,676,55013,1,수원
20250829,4,676,52001,1,수원
20250829,5,676,68050,1,수원
20250829,6,676,79402,1,수원
20250829,7,676,76313,1,수원
20250829,8,676,50066,1,수원
20250829,9,676,66706,1,수원
20250829,10,676,64115,1,수원
20250829,1,677,1,51454,대전
20250829,2,677,69418,1,대전
20250829,3,677,67449,1,대전
20250829,4,677,62404,1,대전
20250829,5,677,54400,1,대전
20250829,6,677,52430,1,대전
20250829,7,677,74540,1,대전
20250829,8,677,61404,1,대전
20250829,9,677,62234,1,대전
20250829,10,677,52415,1,대전
20250829,1,677,1,54729,대전
20250829,2,677,68700,1,대전
20250829,3,677,77532,1,대전
20250829,4,677,53764,1,대전
20250829,5,677,69737,1,대전
20250829,6,677,66657,1,대전
20250829,7,677,66704,1,대전
20250829,8,677,62700,1,대전
20250829,9,677,76812,1,대전
20250829,10,677,54795,1,대전
20250830,1,678,1,55394,잠실
20250830,2,678,50357,1,잠실
20250830,3,678,65357,1,잠실
20250830,4,678,64340,1,잠실
20250830,5,678,50167,1,잠실
20250830,6,678,69332,1,잠실
20250830,7,678,53312,1,잠실
20250830,8,678,64984,1,잠실
20250830,9,678,55393,1,잠실
20250830,10,678,78756,1,잠실
20250830,1,678,1,55130,잠실
20250830,2,678,65207,1,잠실
20250830,3,678,68119,1,잠실
20250830,4,678,53123,1,잠실
20250830,5,678,69102,1,잠실
20250830,6,678,76290,1,잠실
20250830,7,678,79109,1,잠실
20250830,8,678,79365,1,잠실
20250830,9,678,52103,1,잠실
20250830,10,678,62415,1,잠실
20250830,1,679,1,55903,문학
20250830,2,679,51907,1,문학
20250830,3,679,63963,1,문학
20250830,4,679,66606,1,문학
20250830,5,679,63260,1,문학
20250830,6,679,79215,1,문학
20250830,7,679,54944,1,문학
20250830,8,679,68912,1,문학
20250830,9,679,51344,1,문학
20250830,10,679,50902,1,문학
20250830,1,679,1,77829,문학
20250830,2,679,67893,1,문학
20250830,3,679,54812,1,문학
20250830,4,679,53827,1,문학
20250830,5,679,62895,1,문학
20250830,6,679,75847,1,문학
20250830,7,679,51868,1,문학
20250830,8,679,50868,1,문학
20250830,9,679,50854,1,문학
20250830,10,679,51865,1,문학
20250830,1,680,1,55257,사직
20250830,2,680,51203,1,사직
20250830,3,680,79231,1,사직
20250830,4,680,55208,1,사직
20250830,5,680,76232,1,사직
20250830,6,680,55252,1,사직
20250830,7,680,63257,1,사직
20250830,8,680,66112,1,사직
20250830,9,680,64468,1,사직
20250830,10,680,67207,1,사직
20250830,1,680,1,52530,사직
20250830,2,680,55530,1,사직
20250830,3,680,69517,1,사직
20250830,4,680,51551,1,사직
20250830,5,680,54529,1,사직
20250830,6,680,61102,1,사직
20250830,7,680,52591,1,사직
20250830,8,680,52568,1,사직
20250830,9,680,51528,1,사직
20250830,10,680,50150,1,사직
20250830,1,681,1,55633,수원
20250830,2,681,64646,1,수원
20250830,3,681,65653,1,수원
20250830,4,681,62947,1,수원
20250830,5,681,72443,1,수원
20250830,6,681,55645,1,수원
20250830,7,681,69636,1,수원
20250830,8,681,67610,1,수원
20250830,9,681,68646,1,수원
20250830,10,681,66614,1,수원
20250830,1,681,1,67419,수원
20250830,2,681,79240,1,수원
20250830,3,681,55013,1,수원
20250830,4,681,52001,1,수원
20250830,5,681,76313,1,수원
20250830,6,681,78548,1,수원
20250830,7,681,50066,1,수원
20250830,8,681,51013,1,수원
20250830,9,681,64115,1,수원
20250830,10,681,69064,1,수원
20250830,1,682,1,53375,대전
20250830,2,682,50458,1,대전
20250830,3,682,67449,1,대전
20250830,4,682,62404,1,대전
20250830,5,682,54400,1,대전
20250830,6,682,52430,1,대전
20250830,7,682,74540,1,대전
20250830,8,682,62234,1,대전
20250830,9,682,69418,1,대전
20250830,10,682,52415,1,대전
20250830,1,682,1,54755,대전
20250830,2,682,77532,1,대전
20250830,3,682,65703,1,대전
20250830,4,682,53764,1,대전
20250830,5,682,69737,1,대전
20250830,6,682,66657,1,대전
20250830,7,682,66715,1,대전
20250830,8,682,78288,1,대전
20250830,9,682,64006,1,대전
20250830,10,682,68700,1,대전
20250831,1,683,1,69045,잠실
20250831,2,683,65357,1,잠실
20250831,3,683,64340,1,잠실
20250831,4,683,50167,1,잠실
20250831,5,683,69332,1,잠실
20250831,6,683,53312,1,잠실
20250831,7,683,55393,1,잠실
20250831,8,683,55392,1,잠실
20250831,9,683,78756,1,잠실
20250831,10,683,55397,1,잠실
20250831,1,683,1,67143,잠실
20250831,2,683,65207,1,잠실
20250831,3,683,68119,1,잠실
20250831,4,683,53123,1,잠실
20250831,5,683,69102,1,잠실
20250831,6,683,76290,1,잠실
20250831,7,683,79109,1,잠실
20250831,8,683,79365,1,잠실
20250831,9,683,55164,1,잠실
20250831,10,683,62415,1,잠실
20250831,1,684,1,55912,문학
20250831,2,684,51907,1,문학
20250831,3,684,66606,1,문학
20250831,4,684,62907,1,문학
20250831,5,684,63260,1,문학
20250831,6,684,79215,1,문학
20250831,7,684,54944,1,문학
20250831,8,684,68912,1,문학
20250831,9,684,51344,1,문학
20250831,10,684,63963,1,문학
20250831,1,684,1,62869,문학
20250831,2,684,67893,1,문학
20250831,3,684,53827,1,문학
20250831,4,684,75847,1,문학
20250831,5,684,62895,1,문학
20250831,6,684,50868,1,문학
20250831,7,684,51868,1,문학
20250831,8,684,66864,1,문학
20250831,9,684,79456,1,문학
20250831,10,684,62934,1,문학
20250831,1,685,1,68220,사직
20250831,2,685,63257,1,사직
20250831,3,685,50208,1,사직
20250831,4,685,55208,1,사직
20250831,5,685,76232,1,사직
20250831,6,685,55252,1,사직
20250831,7,685,53554,1,사직
20250831,8,685,63123,1,사직
20250831,9,685,66209,1,사직
20250831,10,685,64468,1,사직
20250831,1,685,1,67539,사직
20250831,2,685,55530,1,사직
20250831,3,685,69517,1,사직
20250831,4,685,52591,1,사직
20250831,5,685,54529,1,사직
20250831,6,685,51551,1,사직
20250831,7,685,61102,1,사직
20250831,8,685,62931,1,사직
20250831,9,685,52568,1,사직
20250831,10,685,54598,1,사직
20250831,1,686,1,77637,수원
20250831,2,686,64646,1,수원
20250831,3,686,65653,1,수원
20250831,4,686,78603,1,수원
20250831,5,686,72443,1,수원
20250831,6,686,55645,1,수원
20250831,7,686,69636,1,수원
20250831,8,686,67610,1,수원
20250831,9,686,68646,1,수원
20250831,10,686,50657,1,수원
20250831,1,686,1,50859,수원
20250831,2,686,79240,1,수원
20250831,3,686,55013,1,수원
20250831,4,686,52001,1,수원
20250831,5,686,76313,1,수원
20250831,6,686,78548,1,수원
20250831,7,686,79402,1,수원
20250831,8,686,50066,1,수원
20250831,9,686,67006,1,수원
20250831,10,686,64115,1,수원
20250831,1,687,1,69446,대전
20250831,2,687,50458,1,대전
20250831,3,687,67449,1,대전
20250831,4,687,62404,1,대전
20250831,5,687,54400,1,대전
20250831,6,687,52430,1,대전
20250831,7,687,74540,1,대전
20250831,8,687,62234,1,대전
20250831,9,687,61404,1,대전
20250831,10,687,52415,1,대전
20250831,1,687,1,51715,대전
20250831,2,687,77532,1,대전
20250831,3,687,65703,1,대전
20250831,4,687,53764,1,대전
20250831,5,687,69737,1,대전
20250831,6,687,66657,1,대전
20250831,7,687,66704,1,대전
20250831,8,687,66715,1,대전
20250831,9,687,78288,1,대전
20250831,10,687,62700,1,대전
20250902,1,688,1,64021,잠실
20250902,2,688,55530,1,잠실
20250902,3,688,69517,1,잠실
20250902,4,688,52591,1,잠실
20250902,5,688,54529,1,잠실
20250902,6,688,51551,1,잠실
20250902,7,688,61102,1,잠실
20250902,8,688,62931,1,잠실
20250902,9,688,52568,1,잠실
20250902,10,688,54598,1,잠실
20250902,1,688,1,55146,잠실
20250902,2,688,65207,1,잠실
20250902,3,688,68119,1,잠실
20250902,4,688,53123,1,잠실
20250902,5,688,69102,1,잠실
20250902,6,688,79109,1,잠실
20250902,7,688,69100,1,잠실
20250902,8,688,79365,1,잠실
20250902,9,688,50054,1,잠실
20250902,10,688,62415,1,잠실
20250902,1,689,1,55342,문학
20250902,2,689,50357,1,문학
20250902,3,689,65357,1,문학
20250902,4,689,64340,1,문학
20250902,5,689,76267,1,문학
20250902,6,689,50167,1,문학
20250902,7,689,69332,1,문학
20250902,8,689,64984,1,문학
20250902,9,689,53312,1,문학
20250902,10,689,55392,1,문학
20250902,1,689,1,54833,문학
20250902,2,689,67893,1,문학
20250902,3,689,53827,1,문학
20250902,4,689,75847,1,문학
20250902,5,689,62895,1,문학
20250902,6,689,50868,1,문학
20250902,7,689,51868,1,문학
20250902,8,689,66864,1,문학
20250902,9,689,79456,1,문학
20250902,10,689,62934,1,문학
20250902,1,690,1,50992,수원
20250902,2,690,51907,1,수원
20250902,3,690,66606,1,수원
20250902,4,690,62907,1,수원
20250902,5,690,54944,1,수원
20250902,6,690,79215,1,수원
20250902,7,690,68904,1,수원
20250902,8,690,68912,1,수원
20250902,9,690,66965,1,수원
20250902,10,690,64101,1,수원
20250902,1,690,1,64001,수원
20250902,2,690,79240,1,수원
20250902,3,690,55013,1,수원
20250902,4,690,76313,1,수원
20250902,5,690,68050,1,수원
20250902,6,690,79402,1,수원
20250902,7,690,67644,1,수원
20250902,8,690,50066,1,수원
20250902,9,690,64115,1,수원
20250902,10,690,67006,1,수원
20250902,1,691,1,69745,대전
20250902,2,691,52667,1,대전
20250902,3,691,64646,1,대전
20250902,4,691,78603,1,대전
20250902,5,691,72443,1,대전
20250902,6,691,55645,1,대전
20250902,7,691,62947,1,대전
20250902,8,691,69636,1,대전
20250902,9,691,78122,1,대전
20250902,10,691,65653,1,대전
20250902,1,691,1,76715,대전
20250902,2,691,77532,1,대전
20250902,3,691,62700,1,대전
20250902,4,691,53764,1,대전
20250902,5,691,69737,1,대전
20250902,6,691,66657,1,대전
20250902,7,691,66704,1,대전
20250902,8,691,65703,1,대전
20250902,9,691,76812,1,대전
20250902,10,691,68700,1,대전
20250903,1,692,1,64350,대구
20250903,2,692,65357,1,대구
20250903,3,692,64340,1,대구
20250903,4,692,76267,1,대구
20250903,5,692,50357,1,대구
20250903,6,692,69332,1,대구
20250903,7,692,64984,1,대구
20250903,8,692,55392,1,대구
20250903,9,692,53312,1,대구
20250903,10,692,55397,1,대구
20250903,1,692,1,55460,대구
20250903,2,692,50458,1,대구
20250903,3,692,67449,1,대구
20250903,4,692,62404,1,대구
20250903,5,692,54400,1,대구
20250903,6,692,52430,1,대구
20250903,7,692,62234,1,대구
20250903,8,692,61404,1,대구
20250903,9,692,69428,1,대구
20250903,10,692,52415,1,대구
20250903,1,693,1,55532,수원
20250903,2,693,52591,1,수원
20250903,3,693,69517,1,수원
20250903,4,693,51551,1,수원
20250903,5,693,54529,1,수원
20250903,6,693,77564,1,수원
20250903,7,693,61102,1,수원
20250903,8,693,52568,1,수원
20250903,9,693,50150,1,수원
20250903,10,693,54598,1,수원
20250903,1,693,1,54354,수원
20250903,2,693,79240,1,수원
20250903,3,693,55013,1,수원
20250903,4,693,52001,1,수원
20250903,5,693,78548,1,수원
20250903,6,693,76313,1,수원
20250903,7,693,64007,1,수원
20250903,8,693,50066,1,수원
20250903,9,693,64115,1,수원
20250903,10,693,51013,1,수원
20250903,1,694,1,68856,광주
20250903,2,694,67893,1,광주
20250903,3,694,54812,1,광주
20250903,4,694,53827,1,광주
20250903,5,694,62895,1,광주
20250903,6,694,51868,1,광주
20250903,7,694,50854,1,광주
20250903,8,694,51865,1,광주
20250903,9,694,68868,1,광주
20250903,10,694,66864,1,광주
20250903,1,694,1,54640,광주
20250903,2,694,52667,1,광주
20250903,3,694,64646,1,광주
20250903,4,694,78603,1,광주
20250903,5,694,72443,1,광주
20250903,6,694,62947,1,광주
20250903,7,694,69636,1,광주
20250903,8,694,67610,1,광주
20250903,9,694,78122,1,광주
20250903,10,694,65653,1,광주
20250903,1,695,1,68902,대전
20250903,2,695,51907,1,대전
20250903,3,695,66606,1,대전
20250903,4,695,62907,1,대전
20250903,5,695,54944,1,대전
20250903,6,695,68904,1,대전
20250903,7,695,63260,1,대전
20250903,8,695,67905,1,대전
20250903,9,695,62244,1,대전
20250903,10,695,51344,1,대전
20250903,1,695,1,55730,대전
20250903,2,695,77532,1,대전
20250903,3,695,62700,1,대전
20250903,4,695,53764,1,대전
20250903,5,695,69737,1,대전
20250903,6,695,66657,1,대전
20250903,7,695,66704,1,대전
20250903,8,695,65703,1,대전
20250903,9,695,76812,1,대전
20250903,10,695,68700,1,대전
20250904,1,696,1,55313,대구
20250904,2,696,65357,1,대구
20250904,3,696,64340,1,대구
20250904,4,696,76267,1,대구
20250904,5,696,50167,1,대구
20250904,6,696,69332,1,대구
20250904,7,696,64984,1,대구
20250904,8,696,55392,1,대구
20250904,9,696,53312,1,대구
20250904,10,696,50357,1,대구
20250904,1,696,1,65320,대구
20250904,2,696,50458,1,대구
20250904,3,696,67449,1,대구
20250904,4,696,62404,1,대구
20250904,5,696,54400,1,대구
20250904,6,696,52430,1,대구
20250904,7,696,74540,1,대구
20250904,8,696,65586,1,대구
20250904,9,696,62234,1,대구
20250904,10,696,52415,1,대구
20250904,1,697,1,55268,창원
20250904,2,697,51203,1,창원
20250904,3,697,55252,1,창원
20250904,4,697,55208,1,창원
20250904,5,697,76232,1,창원
20250904,6,697,63257,1,창원
20250904,7,697,78224,1,창원
20250904,8,697,63123,1,창원
20250904,9,697,50208,1,창원
20250904,10,697,79231,1,창원
20250904,1,697,1,52995,창원
20250904,2,697,51907,1,창원
20250904,3,697,66606,1,창원
20250904,4,697,62907,1,창원
20250904,5,697,54944,1,창원
20250904,6,697,79215,1,창원
20250904,7,697,68904,1,창원
20250904,8,697,63260,1,창원
20250904,9,697,62244,1,창원
20250904,10,697,51344,1,창원
20250904,1,698,1,51111,수원
20250904,2,698,65207,1,수원
20250904,3,698,68119,1,수원
20250904,4,698,53123,1,수원
20250904,5,698,69102,1,수원
20250904,6,698,76290,1,수원
20250904,7,698,79109,1,수원
20250904,8,698,79365,1,수원
20250904,9,698,50054,1,수원
20250904,10,698,62415,1,수원
20250904,1,698,1,67419,수원
20250904,2,698,79240,1,수원
20250904,3,698,55013,1,수원
20250904,4,698,52001,1,수원
20250904,5,698,78548,1,수원
20250904,6,698,76313,1,수원
20250904,7,698,50066,1,수원
20250904,8,698,79402,1,수원
20250904,9,698,64115,1,수원
20250904,10,698,67006,1,수원
20250904,1,699,1,55855,광주
20250904,2,699,67893,1,광주
20250904,3,699,53827,1,광주
20250904,4,699,75847,1,광주
20250904,5,699,62895,1,광주
20250904,6,699,51868,1,광주
20250904,7,699,50854,1,광주
20250904,8,699,50868,1,광주
20250904,9,699,51865,1,광주
20250904,10,699,66864,1,광주
20250904,1,699,1,55633,광주
20250904,2,699,52667,1,광주
20250904,3,699,64646,1,광주
20250904,4,699,78603,1,광주
20250904,5,699,72443,1,광주
20250904,6,699,62947,1,광주
20250904,7,699,69636,1,광주
20250904,8,699,67610,1,광주
20250904,9,699,78122,1,광주
20250904,10,699,65653,1,광주
20250905,1,700,1,55526,문학
20250905,2,700,55530,1,문학
20250905,3,700,69517,1,문학
20250905,4,700,52591,1,문학
20250905,5,700,54529,1,문학
20250905,6,700,51551,1,문학
20250905,7,700,50150,1,문학
20250905,8,700,61102,1,문학
20250905,9,700,52568,1,문학
20250905,10,700,62802,1,문학
20250905,1,700,1,55855,문학
20250905,2,700,67893,1,문학
20250905,3,700,66864,1,문학
20250905,4,700,75847,1,문학
20250905,5,700,53827,1,문학
20250905,6,700,62895,1,문학
20250905,7,700,51868,1,문학
20250905,8,700,50854,1,문학
20250905,9,700,50868,1,문학
20250905,10,700,51865,1,문학
20250905,1,701,1,55313,대구
20250905,2,701,65357,1,대구
20250905,3,701,64340,1,대구
20250905,4,701,76267,1,대구
20250905,5,701,50167,1,대구
20250905,6,701,69332,1,대구
20250905,7,701,64984,1,대구
20250905,8,701,55392,1,대구
20250905,9,701,53312,1,대구
20250905,10,701,50357,1,대구
20250905,1,701,1,65320,대구
20250905,2,701,50458,1,대구
20250905,3,701,67449,1,대구
20250905,4,701,62404,1,대구
20250905,5,701,54400,1,대구
20250905,6,701,52430,1,대구
20250905,7,701,74540,1,대구
20250905,8,701,65586,1,대구
20250905,9,701,61404,1,대구
20250905,10,701,52415,1,대구
20250905,1,702,1,55239,창원
20250905,2,702,51203,1,창원
20250905,3,702,55252,1,창원
20250905,4,702,55208,1,창원
20250905,5,702,76232,1,창원
20250905,6,702,63257,1,창원
20250905,7,702,63123,1,창원
20250905,8,702,78224,1,창원
20250905,9,702,64468,1,창원
20250905,10,702,79231,1,창원
20250905,1,702,1,55912,창원
20250905,2,702,51907,1,창원
20250905,3,702,63963,1,창원
20250905,4,702,79215,1,창원
20250905,5,702,54944,1,창원
20250905,6,702,63260,1,창원
20250905,7,702,51344,1,창원
20250905,8,702,67905,1,창원
20250905,9,702,64022,1,창원
20250905,10,702,50902,1,창원
20250905,1,703,1,50030,광주
20250905,2,703,79240,1,광주
20250905,3,703,55013,1,광주
20250905,4,703,52001,1,광주
20250905,5,703,68050,1,광주
20250905,6,703,78548,1,광주
20250905,7,703,76313,1,광주
20250905,8,703,79402,1,광주
20250905,9,703,64115,1,광주
20250905,10,703,67006,1,광주
20250905,1,703,1,55633,광주
20250905,2,703,52667,1,광주
20250905,3,703,64646,1,광주
20250905,4,703,78603,1,광주
20250905,5,703,72443,1,광주
20250905,6,703,62947,1,광주
20250905,7,703,69636,1,광주
20250905,8,703,67610,1,광주
20250905,9,703,78122,1,광주
20250905,10,703,65653,1,광주
