date,batting_order,game_id,hitter_id,pitcher_id,stadium
20250322,1,51,1,55730,수원
20250322,2,51,66704,1,수원
20250322,3,51,53764,1,수원
20250322,4,51,55734,1,수원
20250322,5,51,69737,1,수원
20250322,6,51,79192,1,수원
20250322,7,51,79608,1,수원
20250322,8,51,50704,1,수원
20250322,9,51,78288,1,수원
20250322,10,51,64006,1,수원
20250322,1,51,1,54354,수원
20250322,2,51,68050,1,수원
20250322,3,51,67025,1,수원
20250322,4,51,79240,1,수원
20250322,5,51,64004,1,수원
20250322,6,51,78548,1,수원
20250322,7,51,64007,1,수원
20250322,8,51,50054,1,수원
20250322,9,51,64166,1,수원
20250322,10,51,79402,1,수원
20250322,1,52,1,52528,잠실
20250322,2,52,50500,1,잠실
20250322,3,52,69517,1,잠실
20250322,4,52,51551,1,잠실
20250322,5,52,54529,1,잠실
20250322,6,52,52591,1,잠실
20250322,7,52,78513,1,잠실
20250322,8,52,50150,1,잠실
20250322,9,52,61102,1,잠실
20250322,10,52,62802,1,잠실
20250322,1,52,1,55146,잠실
20250322,2,52,66108,1,잠실
20250322,3,52,76290,1,잠실
20250322,4,52,53123,1,잠실
20250322,5,52,69102,1,잠실
20250322,6,52,79109,1,잠실
20250322,7,52,68110,1,잠실
20250322,8,52,79365,1,잠실
20250322,9,52,62415,1,잠실
20250322,10,52,69100,1,잠실
20250322,1,53,1,55912,광주
20250322,2,53,62907,1,광주
20250322,3,53,51907,1,광주
20250322,4,53,77532,1,광주
20250322,5,53,54944,1,광주
20250322,6,53,79215,1,광주
20250322,7,53,63963,1,광주
20250322,8,53,66965,1,광주
20250322,9,53,68912,1,광주
20250322,10,53,51344,1,광주
20250322,1,53,1,54640,광주
20250322,2,53,64646,1,광주
20250322,3,53,52605,1,광주
20250322,4,53,62947,1,광주
20250322,5,53,55645,1,광주
20250322,6,53,72443,1,광주
20250322,7,53,78603,1,광주
20250322,8,53,63260,1,광주
20250322,9,53,78122,1,광주
20250322,10,53,66606,1,광주
20250322,1,54,1,55257,문학
20250322,2,54,53554,1,문학
20250322,3,54,78224,1,문학
20250322,4,54,76232,1,문학
20250322,5,54,55208,1,문학
20250322,6,54,63123,1,문학
20250322,7,54,64153,1,문학
20250322,8,54,50208,1,문학
20250322,9,54,66928,1,문학
20250322,10,54,79231,1,문학
20250322,1,54,1,54833,문학
20250322,2,54,50854,1,문학
20250322,3,54,54812,1,문학
20250322,4,54,53827,1,문학
20250322,5,54,62895,1,문학
20250322,6,54,79456,1,문학
20250322,7,54,67893,1,문학
20250322,8,54,69813,1,문학
20250322,9,54,51868,1,문학
20250322,10,54,54805,1,문학
20250322,1,55,1,55322,대구
20250322,2,55,65357,1,대구
20250322,3,55,52366,1,대구
20250322,4,55,50167,1,대구
20250322,5,55,54444,1,대구
20250322,6,55,76267,1,대구
20250322,7,55,64984,1,대구
20250322,8,55,55393,1,대구
20250322,9,55,50357,1,대구
20250322,10,55,62332,1,대구
20250322,1,55,1,53375,대구
20250322,2,55,50458,1,대구
20250322,3,55,52415,1,대구
20250322,4,55,62404,1,대구
20250322,5,55,74540,1,대구
20250322,6,55,54400,1,대구
20250322,7,55,75125,1,대구
20250322,8,55,65586,1,대구
20250322,9,55,52430,1,대구
20250322,10,55,61404,1,대구
20250323,1,56,1,54755,수원
20250323,2,56,66704,1,수원
20250323,3,56,53764,1,수원
20250323,4,56,55734,1,수원
20250323,5,56,69737,1,수원
20250323,6,56,79192,1,수원
20250323,7,56,54795,1,수원
20250323,8,56,50704,1,수원
20250323,9,56,78288,1,수원
20250323,10,56,64006,1,수원
20250323,1,56,1,69032,수원
20250323,2,56,68050,1,수원
20250323,3,56,67025,1,수원
20250323,4,56,79240,1,수원
20250323,5,56,64004,1,수원
20250323,6,56,78548,1,수원
20250323,7,56,64007,1,수원
20250323,8,56,50054,1,수원
20250323,9,56,64166,1,수원
20250323,10,56,79402,1,수원
20250323,1,57,1,64021,잠실
20250323,2,57,52591,1,잠실
20250323,3,57,50150,1,잠실
20250323,4,57,78513,1,잠실
20250323,5,57,54529,1,잠실
20250323,6,57,51551,1,잠실
20250323,7,57,60523,1,잠실
20250323,8,57,61102,1,잠실
20250323,9,57,69517,1,잠실
20250323,10,57,68205,1,잠실
20250323,1,57,1,67143,잠실
20250323,2,57,66108,1,잠실
20250323,3,57,76290,1,잠실
20250323,4,57,53123,1,잠실
20250323,5,57,69102,1,잠실
20250323,6,57,79109,1,잠실
20250323,7,57,68110,1,잠실
20250323,8,57,79365,1,잠실
20250323,9,57,62415,1,잠실
20250323,10,57,69100,1,잠실
20250323,1,58,1,55903,광주
20250323,2,58,62907,1,광주
20250323,3,58,51907,1,광주
20250323,4,58,77532,1,광주
20250323,5,58,54944,1,광주
20250323,6,58,79215,1,광주
20250323,7,58,63963,1,광주
20250323,8,58,69995,1,광주
20250323,9,58,68912,1,광주
20250323,10,58,51344,1,광주
20250323,1,58,1,77637,광주
20250323,2,58,64646,1,광주
20250323,3,58,66606,1,광주
20250323,4,58,62947,1,광주
20250323,5,58,55645,1,광주
20250323,6,58,72443,1,광주
20250323,7,58,78603,1,광주
20250323,8,58,63260,1,광주
20250323,9,58,68646,1,광주
20250323,10,58,52667,1,광주
20250323,1,59,1,55239,문학
20250323,2,59,53554,1,문학
20250323,3,59,78224,1,문학
20250323,4,59,76232,1,문학
20250323,5,59,55208,1,문학
20250323,6,59,63123,1,문학
20250323,7,59,64153,1,문학
20250323,8,59,66928,1,문학
20250323,9,59,67207,1,문학
20250323,10,59,79231,1,문학
20250323,1,59,1,77829,문학
20250323,2,59,50854,1,문학
20250323,3,59,54812,1,문학
20250323,4,59,53827,1,문학
20250323,5,59,62895,1,문학
20250323,6,59,79456,1,문학
20250323,7,59,69813,1,문학
20250323,8,59,51868,1,문학
20250323,9,59,66864,1,문학
20250323,10,59,54805,1,문학
20250323,1,60,1,64350,대구
20250323,2,60,52366,1,대구
20250323,3,60,50167,1,대구
20250323,4,60,54444,1,대구
20250323,5,60,65357,1,대구
20250323,6,60,53344,1,대구
20250323,7,60,76267,1,대구
20250323,8,60,55393,1,대구
20250323,9,60,54305,1,대구
20250323,10,60,50357,1,대구
20250323,1,60,1,77446,대구
20250323,2,60,50458,1,대구
20250323,3,60,62234,1,대구
20250323,4,60,62404,1,대구
20250323,5,60,74540,1,대구
20250323,6,60,54400,1,대구
20250323,7,60,75125,1,대구
20250323,8,60,61404,1,대구
20250323,9,60,52430,1,대구
20250323,10,60,52415,1,대구
20250325,1,61,1,76715,잠실
20250325,2,61,66704,1,잠실
20250325,3,61,53764,1,잠실
20250325,4,61,55734,1,잠실
20250325,5,61,69737,1,잠실
20250325,6,61,79192,1,잠실
20250325,7,61,79608,1,잠실
20250325,8,61,50704,1,잠실
20250325,9,61,78288,1,잠실
20250325,10,61,64006,1,잠실
20250325,1,61,1,54119,잠실
20250325,2,61,66108,1,잠실
20250325,3,61,68110,1,잠실
20250325,4,61,53123,1,잠실
20250325,5,61,69102,1,잠실
20250325,6,61,79109,1,잠실
20250325,7,61,79365,1,잠실
20250325,8,61,52121,1,잠실
20250325,9,61,62415,1,잠실
20250325,10,61,69100,1,잠실
20250325,1,62,1,55536,문학
20250325,2,62,50500,1,문학
20250325,3,62,69517,1,문학
20250325,4,62,51551,1,문학
20250325,5,62,54529,1,문학
20250325,6,62,52591,1,문학
20250325,7,62,78513,1,문학
20250325,8,62,50150,1,문학
20250325,9,62,68205,1,문학
20250325,10,62,68518,1,문학
20250325,1,62,1,62869,문학
20250325,2,62,50854,1,문학
20250325,3,62,54812,1,문학
20250325,4,62,67893,1,문학
20250325,5,62,53827,1,문학
20250325,6,62,60558,1,문학
20250325,7,62,79456,1,문학
20250325,8,62,51868,1,문학
20250325,9,62,54805,1,문학
20250325,10,62,69813,1,문학
20250325,1,63,1,66920,대구
20250325,2,63,62907,1,대구
20250325,3,63,51907,1,대구
20250325,4,63,77532,1,대구
20250325,5,63,54944,1,대구
20250325,6,63,79215,1,대구
20250325,7,63,63963,1,대구
20250325,8,63,62244,1,대구
20250325,9,63,51344,1,대구
20250325,10,63,62934,1,대구
20250325,1,63,1,65320,대구
20250325,2,63,50458,1,대구
20250325,3,63,52415,1,대구
20250325,4,63,62404,1,대구
20250325,5,63,74540,1,대구
20250325,6,63,54400,1,대구
20250325,7,63,75125,1,대구
20250325,8,63,52430,1,대구
20250325,9,63,61404,1,대구
20250325,10,63,62234,1,대구
20250325,1,64,1,67263,수원
20250325,2,64,53554,1,수원
20250325,3,64,78224,1,수원
20250325,4,64,63123,1,수원
20250325,5,64,55208,1,수원
20250325,6,64,76232,1,수원
20250325,7,64,64153,1,수원
20250325,8,64,50208,1,수원
20250325,9,64,67207,1,수원
20250325,10,64,79231,1,수원
20250325,1,64,1,64001,수원
20250325,2,64,68050,1,수원
20250325,3,64,67025,1,수원
20250325,4,64,79240,1,수원
20250325,5,64,64004,1,수원
20250325,6,64,78548,1,수원
20250325,7,64,50054,1,수원
20250325,8,64,76313,1,수원
20250325,9,64,64166,1,수원
20250325,10,64,79402,1,수원
20250325,1,65,1,54319,광주
20250325,2,65,65357,1,광주
20250325,3,65,52366,1,광주
20250325,4,65,50167,1,광주
20250325,5,65,54444,1,광주
20250325,6,65,76267,1,광주
20250325,7,65,53344,1,광주
20250325,8,65,50357,1,광주
20250325,9,65,64984,1,광주
20250325,10,65,55392,1,광주
20250325,1,65,1,55633,광주
20250325,2,65,64646,1,광주
20250325,3,65,55645,1,광주
20250325,4,65,62947,1,광주
20250325,5,65,72443,1,광주
20250325,6,65,78603,1,광주
20250325,7,65,63260,1,광주
20250325,8,65,78168,1,광주
20250325,9,65,78122,1,광주
20250325,10,65,66606,1,광주
20250326,1,66,1,65056,잠실
20250326,2,66,66704,1,잠실
20250326,3,66,53764,1,잠실
20250326,4,66,55734,1,잠실
20250326,5,66,69737,1,잠실
20250326,6,66,79192,1,잠실
20250326,7,66,54795,1,잠실
20250326,8,66,50704,1,잠실
20250326,9,66,76812,1,잠실
20250326,10,66,64006,1,잠실
20250326,1,66,1,61101,잠실
20250326,2,66,66108,1,잠실
20250326,3,66,68119,1,잠실
20250326,4,66,53123,1,잠실
20250326,5,66,69102,1,잠실
20250326,6,66,79109,1,잠실
20250326,7,66,76290,1,잠실
20250326,8,66,79365,1,잠실
20250326,9,66,62415,1,잠실
20250326,10,66,65207,1,잠실
20250326,1,67,1,51516,문학
20250326,2,67,50500,1,문학
20250326,3,67,52591,1,문학
20250326,4,67,50150,1,문학
20250326,5,67,54529,1,문학
20250326,6,67,51551,1,문학
20250326,7,67,78513,1,문학
20250326,8,67,68205,1,문학
20250326,9,67,62802,1,문학
20250326,10,67,68518,1,문학
20250326,1,67,1,53898,문학
20250326,2,67,50854,1,문학
20250326,3,67,54812,1,문학
20250326,4,67,60558,1,문학
20250326,5,67,53827,1,문학
20250326,6,67,69813,1,문학
20250326,7,67,67893,1,문학
20250326,8,67,79456,1,문학
20250326,9,67,51868,1,문학
20250326,10,67,54805,1,문학
20250326,1,68,1,68902,대구
20250326,2,68,62907,1,대구
20250326,3,68,51907,1,대구
20250326,4,68,77532,1,대구
20250326,5,68,54944,1,대구
20250326,6,68,79215,1,대구
20250326,7,68,63963,1,대구
20250326,8,68,68912,1,대구
20250326,9,68,50903,1,대구
20250326,10,68,69995,1,대구
20250326,1,68,1,51454,대구
20250326,2,68,50458,1,대구
20250326,3,68,52415,1,대구
20250326,4,68,62404,1,대구
20250326,5,68,74540,1,대구
20250326,6,68,54400,1,대구
20250326,7,68,52430,1,대구
20250326,8,68,75125,1,대구
20250326,9,68,62234,1,대구
20250326,10,68,68463,1,대구
20250326,1,69,1,51264,수원
20250326,2,69,53554,1,수원
20250326,3,69,78224,1,수원
20250326,4,69,63123,1,수원
20250326,5,69,55208,1,수원
20250326,6,69,76232,1,수원
20250326,7,69,64153,1,수원
20250326,8,69,66928,1,수원
20250326,9,69,50208,1,수원
20250326,10,69,79231,1,수원
20250326,1,69,1,50030,수원
20250326,2,69,68050,1,수원
20250326,3,69,67025,1,수원
20250326,4,69,79240,1,수원
20250326,5,69,64004,1,수원
20250326,6,69,78548,1,수원
20250326,7,69,76313,1,수원
20250326,8,69,64504,1,수원
20250326,9,69,64166,1,수원
20250326,10,69,79402,1,수원
20250326,1,70,1,55313,광주
20250326,2,70,52366,1,광주
20250326,3,70,50167,1,광주
20250326,4,70,54444,1,광주
20250326,5,70,65357,1,광주
20250326,6,70,76267,1,광주
20250326,7,70,55397,1,광주
20250326,8,70,55393,1,광주
20250326,9,70,62332,1,광주
20250326,10,70,78756,1,광주
20250326,1,70,1,53613,광주
20250326,2,70,66606,1,광주
20250326,3,70,55645,1,광주
20250326,4,70,62947,1,광주
20250326,5,70,72443,1,광주
20250326,6,70,78603,1,광주
20250326,7,70,63260,1,광주
20250326,8,70,69727,1,광주
20250326,9,70,78122,1,광주
20250326,10,70,52667,1,광주
20250327,1,71,1,52701,잠실
20250327,2,71,66704,1,잠실
20250327,3,71,53764,1,잠실
20250327,4,71,55734,1,잠실
20250327,5,71,69737,1,잠실
20250327,6,71,79192,1,잠실
20250327,7,71,79608,1,잠실
20250327,8,71,50704,1,잠실
20250327,9,71,78288,1,잠실
20250327,10,71,64006,1,잠실
20250327,1,71,1,51111,잠실
20250327,2,71,66108,1,잠실
20250327,3,71,68119,1,잠실
20250327,4,71,53123,1,잠실
20250327,5,71,69102,1,잠실
20250327,6,71,79109,1,잠실
20250327,7,71,76290,1,잠실
20250327,8,71,52154,1,잠실
20250327,9,71,62415,1,잠실
20250327,10,71,65207,1,잠실
20250327,1,72,1,67539,문학
20250327,2,72,52591,1,문학
20250327,3,72,60523,1,문학
20250327,4,72,51551,1,문학
20250327,5,72,54529,1,문학
20250327,6,72,78513,1,문학
20250327,7,72,50150,1,문학
20250327,8,72,62802,1,문학
20250327,9,72,68205,1,문학
20250327,10,72,68518,1,문학
20250327,1,72,1,60841,문학
20250327,2,72,50854,1,문학
20250327,3,72,54812,1,문학
20250327,4,72,67893,1,문학
20250327,5,72,53827,1,문학
20250327,6,72,62895,1,문학
20250327,7,72,69813,1,문학
20250327,8,72,51868,1,문학
20250327,9,72,54805,1,문학
20250327,10,72,51865,1,문학
20250327,1,73,1,53973,대구
20250327,2,73,63963,1,대구
20250327,3,73,51907,1,대구
20250327,4,73,77532,1,대구
20250327,5,73,54944,1,대구
20250327,6,73,79215,1,대구
20250327,7,73,68912,1,대구
20250327,8,73,66965,1,대구
20250327,9,73,51344,1,대구
20250327,10,73,50996,1,대구
20250327,1,73,1,54401,대구
20250327,2,73,50458,1,대구
20250327,3,73,52415,1,대구
20250327,4,73,62404,1,대구
20250327,5,73,52430,1,대구
20250327,6,73,75125,1,대구
20250327,7,73,54400,1,대구
20250327,8,73,62234,1,대구
20250327,9,73,61404,1,대구
20250327,10,73,69428,1,대구
20250327,1,74,1,53262,수원
20250327,2,74,67207,1,수원
20250327,3,74,78224,1,수원
20250327,4,74,63123,1,수원
20250327,5,74,55208,1,수원
20250327,6,74,76232,1,수원
20250327,7,74,64153,1,수원
20250327,8,74,66928,1,수원
20250327,9,74,63202,1,수원
20250327,10,74,79231,1,수원
20250327,1,74,1,50859,수원
20250327,2,74,68050,1,수원
20250327,3,74,67025,1,수원
20250327,4,74,79240,1,수원
20250327,5,74,64004,1,수원
20250327,6,74,78548,1,수원
20250327,7,74,50054,1,수원
20250327,8,74,64007,1,수원
20250327,9,74,64166,1,수원
20250327,10,74,79402,1,수원
20250327,1,75,1,55396,광주
20250327,2,75,52366,1,광주
20250327,3,75,50167,1,광주
20250327,4,75,54444,1,광주
20250327,5,75,65357,1,광주
20250327,6,75,76267,1,광주
20250327,7,75,55397,1,광주
20250327,8,75,78135,1,광주
20250327,9,75,62332,1,광주
20250327,10,75,64984,1,광주
20250327,1,75,1,69745,광주
20250327,2,75,78603,1,광주
20250327,3,75,55645,1,광주
20250327,4,75,62947,1,광주
20250327,5,75,72443,1,광주
20250327,6,75,63260,1,광주
20250327,7,75,68646,1,광주
20250327,8,75,66606,1,광주
20250327,9,75,69727,1,광주
20250327,10,75,66614,1,광주
20250328,1,76,1,54640,대전
20250328,2,76,78603,1,대전
20250328,3,76,50600,1,대전
20250328,4,76,62947,1,대전
20250328,5,76,72443,1,대전
20250328,6,76,55645,1,대전
20250328,7,76,63260,1,대전
20250328,8,76,66606,1,대전
20250328,9,76,78122,1,대전
20250328,10,76,66614,1,대전
20250328,1,76,1,55730,대전
20250328,2,76,54795,1,대전
20250328,3,76,50707,1,대전
20250328,4,76,55734,1,대전
20250328,5,76,69737,1,대전
20250328,6,76,79192,1,대전
20250328,7,76,66704,1,대전
20250328,8,76,50704,1,대전
20250328,9,76,78288,1,대전
20250328,10,76,64006,1,대전
20250328,1,77,1,54354,사직
20250328,2,77,68050,1,사직
20250328,3,77,67025,1,사직
20250328,4,77,79240,1,사직
20250328,5,77,64004,1,사직
20250328,6,77,78548,1,사직
20250328,7,77,50054,1,사직
20250328,8,77,64007,1,사직
20250328,9,77,64166,1,사직
20250328,10,77,79402,1,사직
20250328,1,77,1,52528,사직
20250328,2,77,52591,1,사직
20250328,3,77,60523,1,사직
20250328,4,77,78513,1,사직
20250328,5,77,54529,1,사직
20250328,6,77,51551,1,사직
20250328,7,77,50150,1,사직
20250328,8,77,68205,1,사직
20250328,9,77,77564,1,사직
20250328,10,77,61102,1,사직
20250328,1,78,1,55146,창원
20250328,2,78,66108,1,창원
20250328,3,78,68110,1,창원
20250328,4,78,53123,1,창원
20250328,5,78,69102,1,창원
20250328,6,78,79365,1,창원
20250328,7,78,52121,1,창원
20250328,8,78,69100,1,창원
20250328,9,78,62415,1,창원
20250328,10,78,65207,1,창원
20250328,1,78,1,55912,창원
20250328,2,78,63963,1,창원
20250328,3,78,51907,1,창원
20250328,4,78,77532,1,창원
20250328,5,78,54944,1,창원
20250328,6,78,79215,1,창원
20250328,7,78,68912,1,창원
20250328,8,78,66965,1,창원
20250328,9,78,51344,1,창원
20250328,10,78,50996,1,창원
20250328,1,79,1,54833,고척
20250328,2,79,50854,1,고척
20250328,3,79,67893,1,고척
20250328,4,79,53827,1,고척
20250328,5,79,62895,1,고척
20250328,6,79,51868,1,고척
20250328,7,79,79456,1,고척
20250328,8,79,66864,1,고척
20250328,9,79,69813,1,고척
20250328,10,79,54805,1,고척
20250328,1,79,1,55322,고척
20250328,2,79,52366,1,고척
20250328,3,79,50167,1,고척
20250328,4,79,54444,1,고척
20250328,5,79,65357,1,고척
20250328,6,79,76267,1,고척
20250328,7,79,55397,1,고척
20250328,8,79,53344,1,고척
20250328,9,79,64984,1,고척
20250328,10,79,55392,1,고척
20250328,1,80,1,53375,잠실
20250328,2,80,50458,1,잠실
20250328,3,80,52415,1,잠실
20250328,4,80,62404,1,잠실
20250328,5,80,74540,1,잠실
20250328,6,80,54400,1,잠실
20250328,7,80,75125,1,잠실
20250328,8,80,52430,1,잠실
20250328,9,80,61404,1,잠실
20250328,10,80,62234,1,잠실
20250328,1,80,1,55257,잠실
20250328,2,80,53554,1,잠실
20250328,3,80,78224,1,잠실
20250328,4,80,63123,1,잠실
20250328,5,80,55208,1,잠실
20250328,6,80,76232,1,잠실
20250328,7,80,64153,1,잠실
20250328,8,80,66928,1,잠실
20250328,9,80,67207,1,잠실
20250328,10,80,79231,1,잠실
20250329,1,81,1,77637,대전
20250329,2,81,66606,1,대전
20250329,3,81,78168,1,대전
20250329,4,81,62947,1,대전
20250329,5,81,72443,1,대전
20250329,6,81,55645,1,대전
20250329,7,81,63260,1,대전
20250329,8,81,68646,1,대전
20250329,9,81,50600,1,대전
20250329,10,81,66614,1,대전
20250329,1,81,1,54755,대전
20250329,2,81,54795,1,대전
20250329,3,81,66704,1,대전
20250329,4,81,55734,1,대전
20250329,5,81,69737,1,대전
20250329,6,81,79192,1,대전
20250329,7,81,66657,1,대전
20250329,8,81,68700,1,대전
20250329,9,81,78288,1,대전
20250329,10,81,64006,1,대전
20250329,1,82,1,77829,고척
20250329,2,82,50854,1,고척
20250329,3,82,54812,1,고척
20250329,4,82,67893,1,고척
20250329,5,82,53827,1,고척
20250329,6,82,51868,1,고척
20250329,7,82,62895,1,고척
20250329,8,82,79456,1,고척
20250329,9,82,54805,1,고척
20250329,10,82,69813,1,고척
20250329,1,82,1,64350,고척
20250329,2,82,52366,1,고척
20250329,3,82,50167,1,고척
20250329,4,82,54444,1,고척
20250329,5,82,65357,1,고척
20250329,6,82,76267,1,고척
20250329,7,82,53344,1,고척
20250329,8,82,50357,1,고척
20250329,9,82,55370,1,고척
20250329,10,82,64984,1,고척
20250329,1,83,1,69032,사직
20250329,2,83,68050,1,사직
20250329,3,83,67025,1,사직
20250329,4,83,79240,1,사직
20250329,5,83,64004,1,사직
20250329,6,83,78548,1,사직
20250329,7,83,76313,1,사직
20250329,8,83,50054,1,사직
20250329,9,83,64166,1,사직
20250329,10,83,79402,1,사직
20250329,1,83,1,64021,사직
20250329,2,83,78513,1,사직
20250329,3,83,77564,1,사직
20250329,4,83,50150,1,사직
20250329,5,83,54529,1,사직
20250329,6,83,51551,1,사직
20250329,7,83,61102,1,사직
20250329,8,83,60523,1,사직
20250329,9,83,52568,1,사직
20250329,10,83,68507,1,사직
20250329,1,84,1,67143,창원
20250329,2,84,66108,1,창원
20250329,3,84,65207,1,창원
20250329,4,84,53123,1,창원
20250329,5,84,69102,1,창원
20250329,6,84,79109,1,창원
20250329,7,84,68110,1,창원
20250329,8,84,76290,1,창원
20250329,9,84,79365,1,창원
20250329,10,84,62415,1,창원
20250329,1,84,1,55903,창원
20250329,2,84,62907,1,창원
20250329,3,84,51907,1,창원
20250329,4,84,77532,1,창원
20250329,5,84,54944,1,창원
20250329,6,84,79215,1,창원
20250329,7,84,63963,1,창원
20250329,8,84,66965,1,창원
20250329,9,84,68912,1,창원
20250329,10,84,51344,1,창원
20250329,1,85,1,69446,잠실
20250329,2,85,50458,1,잠실
20250329,3,85,52415,1,잠실
20250329,4,85,62404,1,잠실
20250329,5,85,74540,1,잠실
20250329,6,85,75125,1,잠실
20250329,7,85,52430,1,잠실
20250329,8,85,61404,1,잠실
20250329,9,85,54408,1,잠실
20250329,10,85,67449,1,잠실
20250329,1,85,1,55239,잠실
20250329,2,85,53554,1,잠실
20250329,3,85,78224,1,잠실
20250329,4,85,63123,1,잠실
20250329,5,85,55208,1,잠실
20250329,6,85,76232,1,잠실
20250329,7,85,64153,1,잠실
20250329,8,85,66928,1,잠실
20250329,9,85,67207,1,잠실
20250329,10,85,79231,1,잠실
20250330,1,87,1,55633,대전
20250330,2,87,55636,1,대전
20250330,3,87,55645,1,대전
20250330,4,87,62947,1,대전
20250330,5,87,72443,1,대전
20250330,6,87,63260,1,대전
20250330,7,87,69727,1,대전
20250330,8,87,78168,1,대전
20250330,9,87,78122,1,대전
20250330,10,87,66614,1,대전
20250330,1,87,1,76715,대전
20250330,2,87,54795,1,대전
20250330,3,87,79608,1,대전
20250330,4,87,55734,1,대전
20250330,5,87,69737,1,대전
20250330,6,87,79192,1,대전
20250330,7,87,66704,1,대전
20250330,8,87,50704,1,대전
20250330,9,87,78288,1,대전
20250330,10,87,64006,1,대전
20250330,1,88,1,64001,사직
20250330,2,88,67025,1,사직
20250330,3,88,68050,1,사직
20250330,4,88,79240,1,사직
20250330,5,88,64004,1,사직
20250330,6,88,79402,1,사직
20250330,7,88,64007,1,사직
20250330,8,88,76313,1,사직
20250330,9,88,64504,1,사직
20250330,10,88,64166,1,사직
20250330,1,88,1,55536,사직
20250330,2,88,78513,1,사직
20250330,3,88,50150,1,사직
20250330,4,88,51551,1,사직
20250330,5,88,54529,1,사직
20250330,6,88,52591,1,사직
20250330,7,88,77564,1,사직
20250330,8,88,68518,1,사직
20250330,9,88,54598,1,사직
20250330,10,88,68507,1,사직
20250330,1,89,1,62869,고척
20250330,2,89,50854,1,고척
20250330,3,89,54812,1,고척
20250330,4,89,53827,1,고척
20250330,5,89,62895,1,고척
20250330,6,89,67893,1,고척
20250330,7,89,51868,1,고척
20250330,8,89,60558,1,고척
20250330,9,89,79456,1,고척
20250330,10,89,54805,1,고척
20250330,1,89,1,54319,고척
20250330,2,89,52366,1,고척
20250330,3,89,50167,1,고척
20250330,4,89,54444,1,고척
20250330,5,89,65357,1,고척
20250330,6,89,76267,1,고척
20250330,7,89,55397,1,고척
20250330,8,89,50357,1,고척
20250330,9,89,62332,1,고척
20250330,10,89,64984,1,고척
20250330,1,90,1,54443,잠실
20250330,2,90,50458,1,잠실
20250330,3,90,52415,1,잠실
20250330,4,90,62404,1,잠실
20250330,5,90,74540,1,잠실
20250330,6,90,54400,1,잠실
20250330,7,90,52430,1,잠실
20250330,8,90,75125,1,잠실
20250330,9,90,62234,1,잠실
20250330,10,90,67449,1,잠실
20250330,1,90,1,67263,잠실
20250330,2,90,79231,1,잠실
20250330,3,90,78224,1,잠실
20250330,4,90,63123,1,잠실
20250330,5,90,55208,1,잠실
20250330,6,90,76232,1,잠실
20250330,7,90,66112,1,잠실
20250330,8,90,50208,1,잠실
20250330,9,90,64468,1,잠실
20250330,10,90,67207,1,잠실
20250402,1,97,1,54119,수원
20250402,2,97,66108,1,수원
20250402,3,97,68110,1,수원
20250402,4,97,53123,1,수원
20250402,5,97,69102,1,수원
20250402,6,97,79365,1,수원
20250402,7,97,79109,1,수원
20250402,8,97,69100,1,수원
20250402,9,97,62415,1,수원
20250402,10,97,65207,1,수원
20250402,1,97,1,50859,수원
20250402,2,97,67025,1,수원
20250402,3,97,68050,1,수원
20250402,4,97,79240,1,수원
20250402,5,97,64004,1,수원
20250402,6,97,78548,1,수원
20250402,7,97,79402,1,수원
20250402,8,97,64504,1,수원
20250402,9,97,64166,1,수원
20250402,10,97,51003,1,수원
20250402,1,98,1,51516,대전
20250402,2,98,78513,1,대전
20250402,3,98,50150,1,대전
20250402,4,98,51551,1,대전
20250402,5,98,54529,1,대전
20250402,6,98,60523,1,대전
20250402,7,98,52591,1,대전
20250402,8,98,77564,1,대전
20250402,9,98,61102,1,대전
20250402,10,98,54598,1,대전
20250402,1,98,1,52701,대전
20250402,2,98,54795,1,대전
20250402,3,98,79608,1,대전
20250402,4,98,55734,1,대전
20250402,5,98,69737,1,대전
20250402,6,98,79192,1,대전
20250402,7,98,66704,1,대전
20250402,8,98,66657,1,대전
20250402,9,98,76812,1,대전
20250402,10,98,64006,1,대전
20250402,1,99,1,65320,광주
20250402,2,99,50458,1,광주
20250402,3,99,52415,1,광주
20250402,4,99,62404,1,광주
20250402,5,99,75125,1,광주
20250402,6,99,54400,1,광주
20250402,7,99,52430,1,광주
20250402,8,99,61404,1,광주
20250402,9,99,62234,1,광주
20250402,10,99,69428,1,광주
20250402,1,99,1,69745,광주
20250402,2,99,66606,1,광주
20250402,3,99,55645,1,광주
20250402,4,99,62947,1,광주
20250402,5,99,72443,1,광주
20250402,6,99,63260,1,광주
20250402,7,99,69727,1,광주
20250402,8,99,65464,1,광주
20250402,9,99,68646,1,광주
20250402,10,99,66614,1,광주
20250402,1,100,1,55396,잠실
20250402,2,100,52366,1,잠실
20250402,3,100,50167,1,잠실
20250402,4,100,54444,1,잠실
20250402,5,100,65357,1,잠실
20250402,6,100,76267,1,잠실
20250402,7,100,55397,1,잠실
20250402,8,100,55392,1,잠실
20250402,9,100,62332,1,잠실
20250402,10,100,55370,1,잠실
20250402,1,100,1,51264,잠실
20250402,2,100,79231,1,잠실
20250402,3,100,68362,1,잠실
20250402,4,100,63123,1,잠실
20250402,5,100,78224,1,잠실
20250402,6,100,76232,1,잠실
20250402,7,100,64153,1,잠실
20250402,8,100,53554,1,잠실
20250402,9,100,50208,1,잠실
20250402,10,100,66928,1,잠실
20250403,1,102,1,61101,수원
20250403,2,102,66108,1,수원
20250403,3,102,65207,1,수원
20250403,4,102,53123,1,수원
20250403,5,102,69102,1,수원
20250403,6,102,68110,1,수원
20250403,7,102,79109,1,수원
20250403,8,102,79365,1,수원
20250403,9,102,52121,1,수원
20250403,10,102,62415,1,수원
20250403,1,102,1,54354,수원
20250403,2,102,67025,1,수원
20250403,3,102,68050,1,수원
20250403,4,102,64004,1,수원
20250403,5,102,78548,1,수원
20250403,6,102,76313,1,수원
20250403,7,102,50054,1,수원
20250403,8,102,64007,1,수원
20250403,9,102,64166,1,수원
20250403,10,102,51003,1,수원
20250403,1,103,1,67539,대전
20250403,2,103,78513,1,대전
20250403,3,103,60523,1,대전
20250403,4,103,51551,1,대전
20250403,5,103,54529,1,대전
20250403,6,103,77564,1,대전
20250403,7,103,52591,1,대전
20250403,8,103,54598,1,대전
20250403,9,103,68205,1,대전
20250403,10,103,68518,1,대전
20250403,1,103,1,55730,대전
20250403,2,103,54795,1,대전
20250403,3,103,79608,1,대전
20250403,4,103,55734,1,대전
20250403,5,103,69737,1,대전
20250403,6,103,79192,1,대전
20250403,7,103,66704,1,대전
20250403,8,103,50704,1,대전
20250403,9,103,78288,1,대전
20250403,10,103,64006,1,대전
20250403,1,104,1,53375,광주
20250403,2,104,50458,1,광주
20250403,3,104,52415,1,광주
20250403,4,104,62404,1,광주
20250403,5,104,54400,1,광주
20250403,6,104,74540,1,광주
20250403,7,104,52430,1,광주
20250403,8,104,75125,1,광주
20250403,9,104,61404,1,광주
20250403,10,104,62234,1,광주
20250403,1,104,1,54640,광주
20250403,2,104,66606,1,광주
20250403,3,104,55636,1,광주
20250403,4,104,62947,1,광주
20250403,5,104,55645,1,광주
20250403,6,104,63260,1,광주
20250403,7,104,69727,1,광주
20250403,8,104,50600,1,광주
20250403,9,104,78122,1,광주
20250403,10,104,66614,1,광주
20250403,1,105,1,55322,잠실
20250403,2,105,52366,1,잠실
20250403,3,105,50167,1,잠실
20250403,4,105,54444,1,잠실
20250403,5,105,65357,1,잠실
20250403,6,105,76267,1,잠실
20250403,7,105,53344,1,잠실
20250403,8,105,78135,1,잠실
20250403,9,105,64984,1,잠실
20250403,10,105,53302,1,잠실
20250403,1,105,1,55257,잠실
20250403,2,105,79231,1,잠실
20250403,3,105,68362,1,잠실
20250403,4,105,63123,1,잠실
20250403,5,105,78224,1,잠실
20250403,6,105,76232,1,잠실
20250403,7,105,64153,1,잠실
20250403,8,105,64468,1,잠실
20250403,9,105,50208,1,잠실
20250403,10,105,66209,1,잠실
20250404,1,106,1,54755,대구
20250404,2,106,54795,1,대구
20250404,3,106,79608,1,대구
20250404,4,106,66704,1,대구
20250404,5,106,69737,1,대구
20250404,6,106,79192,1,대구
20250404,7,106,55734,1,대구
20250404,8,106,68700,1,대구
20250404,9,106,78288,1,대구
20250404,10,106,64006,1,대구
20250404,1,106,1,69446,대구
20250404,2,106,50458,1,대구
20250404,3,106,62404,1,대구
20250404,4,106,52430,1,대구
20250404,5,106,74540,1,대구
20250404,6,106,54400,1,대구
20250404,7,106,75125,1,대구
20250404,8,106,52415,1,대구
20250404,9,106,68463,1,대구
20250404,10,106,62234,1,대구
20250404,1,107,1,77637,잠실
20250404,2,107,63260,1,잠실
20250404,3,107,55645,1,잠실
20250404,4,107,62947,1,잠실
20250404,5,107,72443,1,잠실
20250404,6,107,69727,1,잠실
20250404,7,107,68646,1,잠실
20250404,8,107,66606,1,잠실
20250404,9,107,66614,1,잠실
20250404,10,107,78168,1,잠실
20250404,1,107,1,51111,잠실
20250404,2,107,66108,1,잠실
20250404,3,107,65207,1,잠실
20250404,4,107,53123,1,잠실
20250404,5,107,69102,1,잠실
20250404,6,107,76290,1,잠실
20250404,7,107,52121,1,잠실
20250404,8,107,69100,1,잠실
20250404,9,107,52154,1,잠실
20250404,10,107,52103,1,잠실
20250404,1,108,1,69032,문학
20250404,2,108,67025,1,문학
20250404,3,108,68050,1,문학
20250404,4,108,79240,1,문학
20250404,5,108,78548,1,문학
20250404,6,108,79402,1,문학
20250404,7,108,64007,1,문학
20250404,8,108,64166,1,문학
20250404,9,108,64504,1,문학
20250404,10,108,51007,1,문학
20250404,1,108,1,77829,문학
20250404,2,108,50854,1,문학
20250404,3,108,54812,1,문학
20250404,4,108,53827,1,문학
20250404,5,108,62895,1,문학
20250404,6,108,51868,1,문학
20250404,7,108,67893,1,문학
20250404,8,108,60558,1,문학
20250404,9,108,79456,1,문학
20250404,10,108,76802,1,문학
20250404,1,109,1,55912,고척
20250404,2,109,62907,1,고척
20250404,3,109,51907,1,고척
20250404,4,109,77532,1,고척
20250404,5,109,54944,1,고척
20250404,6,109,79215,1,고척
20250404,7,109,63963,1,고척
20250404,8,109,66965,1,고척
20250404,9,109,68912,1,고척
20250404,10,109,51344,1,고척
20250404,1,109,1,64350,고척
20250404,2,109,52366,1,고척
20250404,3,109,50167,1,고척
20250404,4,109,54444,1,고척
20250404,5,109,76267,1,고척
20250404,6,109,53312,1,고척
20250404,7,109,55397,1,고척
20250404,8,109,62925,1,고척
20250404,9,109,64984,1,고척
20250404,10,109,78756,1,고척
20250404,1,110,1,55239,사직
20250404,2,110,67207,1,사직
20250404,3,110,63123,1,사직
20250404,4,110,76232,1,사직
20250404,5,110,64153,1,사직
20250404,6,110,65269,1,사직
20250404,7,110,64468,1,사직
20250404,8,110,66928,1,사직
20250404,9,110,68362,1,사직
20250404,10,110,79231,1,사직
20250404,1,110,1,52528,사직
20250404,2,110,78513,1,사직
20250404,3,110,77564,1,사직
20250404,4,110,51551,1,사직
20250404,5,110,54529,1,사직
20250404,6,110,52591,1,사직
20250404,7,110,61102,1,사직
20250404,8,110,52516,1,사직
20250404,9,110,54598,1,사직
20250404,10,110,68205,1,사직
20250405,1,112,1,76715,대구
20250405,2,112,54795,1,대구
20250405,3,112,79608,1,대구
20250405,4,112,66704,1,대구
20250405,5,112,69737,1,대구
20250405,6,112,79192,1,대구
20250405,7,112,55734,1,대구
20250405,8,112,66657,1,대구
20250405,9,112,78288,1,대구
20250405,10,112,64006,1,대구
20250405,1,112,1,51454,대구
20250405,2,112,52415,1,대구
20250405,3,112,62404,1,대구
20250405,4,112,52430,1,대구
20250405,5,112,74540,1,대구
20250405,6,112,75125,1,대구
20250405,7,112,54400,1,대구
20250405,8,112,61404,1,대구
20250405,9,112,65586,1,대구
20250405,10,112,67449,1,대구
20250405,1,113,1,64001,문학
20250405,2,113,67025,1,문학
20250405,3,113,79240,1,문학
20250405,4,113,68050,1,문학
20250405,5,113,78548,1,문학
20250405,6,113,79402,1,문학
20250405,7,113,51007,1,문학
20250405,8,113,64007,1,문학
20250405,9,113,64504,1,문학
20250405,10,113,64166,1,문학
20250405,1,113,1,62869,문학
20250405,2,113,50854,1,문학
20250405,3,113,54812,1,문학
20250405,4,113,53827,1,문학
20250405,5,113,62895,1,문학
20250405,6,113,67893,1,문학
20250405,7,113,60558,1,문학
20250405,8,113,54815,1,문학
20250405,9,113,54805,1,문학
20250405,10,113,51865,1,문학
20250405,1,114,1,55903,고척
20250405,2,114,62907,1,고척
20250405,3,114,51907,1,고척
20250405,4,114,77532,1,고척
20250405,5,114,54944,1,고척
20250405,6,114,79215,1,고척
20250405,7,114,63963,1,고척
20250405,8,114,69995,1,고척
20250405,9,114,62244,1,고척
20250405,10,114,50903,1,고척
20250405,1,114,1,54319,고척
20250405,2,114,52366,1,고척
20250405,3,114,65357,1,고척
20250405,4,114,54444,1,고척
20250405,5,114,76267,1,고척
20250405,6,114,53312,1,고척
20250405,7,114,64346,1,고척
20250405,8,114,50357,1,고척
20250405,9,114,64984,1,고척
20250405,10,114,55397,1,고척
20250405,1,115,1,67263,사직
20250405,2,115,79231,1,사직
20250405,3,115,63257,1,사직
20250405,4,115,76232,1,사직
20250405,5,115,78224,1,사직
20250405,6,115,64153,1,사직
20250405,7,115,63123,1,사직
20250405,8,115,66928,1,사직
20250405,9,115,64468,1,사직
20250405,10,115,67207,1,사직
20250405,1,115,1,64021,사직
20250405,2,115,68507,1,사직
20250405,3,115,60523,1,사직
20250405,4,115,51551,1,사직
20250405,5,115,54529,1,사직
20250405,6,115,61102,1,사직
20250405,7,115,52591,1,사직
20250405,8,115,77564,1,사직
20250405,9,115,54598,1,사직
20250405,10,115,68205,1,사직
20250406,1,116,1,65056,대구
20250406,2,116,79608,1,대구
20250406,3,116,55734,1,대구
20250406,4,116,66704,1,대구
20250406,5,116,53764,1,대구
20250406,6,116,69737,1,대구
20250406,7,116,66657,1,대구
20250406,8,116,79192,1,대구
20250406,9,116,76812,1,대구
20250406,10,116,64006,1,대구
20250406,1,116,1,54443,대구
20250406,2,116,52415,1,대구
20250406,3,116,67449,1,대구
20250406,4,116,62404,1,대구
20250406,5,116,74540,1,대구
20250406,6,116,52430,1,대구
20250406,7,116,54400,1,대구
20250406,8,116,75125,1,대구
20250406,9,116,61404,1,대구
20250406,10,116,62234,1,대구
20250406,1,117,1,55633,잠실
20250406,2,117,64646,1,잠실
20250406,3,117,63260,1,잠실
20250406,4,117,62947,1,잠실
20250406,5,117,72443,1,잠실
20250406,6,117,55645,1,잠실
20250406,7,117,69727,1,잠실
20250406,8,117,66614,1,잠실
20250406,9,117,78122,1,잠실
20250406,10,117,67609,1,잠실
20250406,1,117,1,55146,잠실
20250406,2,117,66108,1,잠실
20250406,3,117,65207,1,잠실
20250406,4,117,53123,1,잠실
20250406,5,117,69102,1,잠실
20250406,6,117,79109,1,잠실
20250406,7,117,76290,1,잠실
20250406,8,117,79365,1,잠실
20250406,9,117,69100,1,잠실
20250406,10,117,62415,1,잠실
20250406,1,118,1,50030,문학
20250406,2,118,67025,1,문학
20250406,3,118,79240,1,문학
20250406,4,118,68050,1,문학
20250406,5,118,78548,1,문학
20250406,6,118,79402,1,문학
20250406,7,118,51007,1,문학
20250406,8,118,64007,1,문학
20250406,9,118,64504,1,문학
20250406,10,118,64166,1,문학
20250406,1,118,1,62869,문학
20250406,2,118,50854,1,문학
20250406,3,118,54812,1,문학
20250406,4,118,53827,1,문학
20250406,5,118,62895,1,문학
20250406,6,118,67893,1,문학
20250406,7,118,60558,1,문학
20250406,8,118,68868,1,문학
20250406,9,118,54805,1,문학
20250406,10,118,51865,1,문학
20250406,1,119,1,68902,고척
20250406,2,119,63963,1,고척
20250406,3,119,51907,1,고척
20250406,4,119,62907,1,고척
20250406,5,119,54944,1,고척
20250406,6,119,79215,1,고척
20250406,7,119,50903,1,고척
20250406,8,119,51344,1,고척
20250406,9,119,68912,1,고척
20250406,10,119,69995,1,고척
20250406,1,119,1,55313,고척
20250406,2,119,52366,1,고척
20250406,3,119,50167,1,고척
20250406,4,119,54444,1,고척
20250406,5,119,65357,1,고척
20250406,6,119,76267,1,고척
20250406,7,119,50357,1,고척
20250406,8,119,64984,1,고척
20250406,9,119,62332,1,고척
20250406,10,119,55397,1,고척
20250406,1,120,1,53262,사직
20250406,2,120,67207,1,사직
20250406,3,120,79231,1,사직
20250406,4,120,76232,1,사직
20250406,5,120,64153,1,사직
20250406,6,120,63123,1,사직
20250406,7,120,66112,1,사직
20250406,8,120,68362,1,사직
20250406,9,120,66928,1,사직
20250406,10,120,64468,1,사직
20250406,1,120,1,55536,사직
20250406,2,120,78513,1,사직
20250406,3,120,60523,1,사직
20250406,4,120,51551,1,사직
20250406,5,120,54529,1,사직
20250406,6,120,61102,1,사직
20250406,7,120,77564,1,사직
20250406,8,120,52591,1,사직
20250406,9,120,54598,1,사직
20250406,10,120,68205,1,사직
20250408,1,121,1,52701,잠실
20250408,2,121,54795,1,잠실
20250408,3,121,55734,1,잠실
20250408,4,121,69737,1,잠실
20250408,5,121,79192,1,잠실
20250408,6,121,53764,1,잠실
20250408,7,121,66704,1,잠실
20250408,8,121,66657,1,잠실
20250408,9,121,78288,1,잠실
20250408,10,121,64006,1,잠실
20250408,1,121,1,51264,잠실
20250408,2,121,79231,1,잠실
20250408,3,121,68362,1,잠실
20250408,4,121,76232,1,잠실
20250408,5,121,64153,1,잠실
20250408,6,121,63123,1,잠실
20250408,7,121,78224,1,잠실
20250408,8,121,64468,1,잠실
20250408,9,121,66928,1,잠실
20250408,10,121,66209,1,잠실
20250408,1,122,1,69745,사직
20250408,2,122,64646,1,사직
20250408,3,122,55645,1,사직
20250408,4,122,62947,1,사직
20250408,5,122,72443,1,사직
20250408,6,122,63260,1,사직
20250408,7,122,69727,1,사직
20250408,8,122,66606,1,사직
20250408,9,122,78122,1,사직
20250408,10,122,66614,1,사직
20250408,1,122,1,51516,사직
20250408,2,122,50500,1,사직
20250408,3,122,60523,1,사직
20250408,4,122,54529,1,사직
20250408,5,122,78513,1,사직
20250408,6,122,77564,1,사직
20250408,7,122,61102,1,사직
20250408,8,122,69517,1,사직
20250408,9,122,68205,1,사직
20250408,10,122,62802,1,사직
20250408,1,123,1,67143,고척
20250408,2,123,66108,1,고척
20250408,3,123,65207,1,고척
20250408,4,123,53123,1,고척
20250408,5,123,69102,1,고척
20250408,6,123,79109,1,고척
20250408,7,123,76290,1,고척
20250408,8,123,79365,1,고척
20250408,9,123,50108,1,고척
20250408,10,123,62415,1,고척
20250408,1,123,1,55396,고척
20250408,2,123,52366,1,고척
20250408,3,123,50167,1,고척
20250408,4,123,76267,1,고척
20250408,5,123,51359,1,고척
20250408,6,123,65357,1,고척
20250408,7,123,55393,1,고척
20250408,8,123,62925,1,고척
20250408,9,123,78756,1,고척
20250408,10,123,53312,1,고척
20250408,1,124,1,53973,수원
20250408,2,124,62907,1,수원
20250408,3,124,51907,1,수원
20250408,4,124,77532,1,수원
20250408,5,124,54944,1,수원
20250408,6,124,63963,1,수원
20250408,7,124,51344,1,수원
20250408,8,124,62244,1,수원
20250408,9,124,67905,1,수원
20250408,10,124,50996,1,수원
20250408,1,124,1,64001,수원
20250408,2,124,67025,1,수원
20250408,3,124,79240,1,수원
20250408,4,124,68050,1,수원
20250408,5,124,64004,1,수원
20250408,6,124,78548,1,수원
20250408,7,124,79402,1,수원
20250408,8,124,76313,1,수원
20250408,9,124,64166,1,수원
20250408,10,124,51003,1,수원
20250408,1,125,1,53898,대구
20250408,2,125,50854,1,대구
20250408,3,125,54812,1,대구
20250408,4,125,53827,1,대구
20250408,5,125,62895,1,대구
20250408,6,125,60558,1,대구
20250408,7,125,67893,1,대구
20250408,8,125,79456,1,대구
20250408,9,125,68868,1,대구
20250408,10,125,54805,1,대구
20250408,1,125,1,65320,대구
20250408,2,125,52415,1,대구
20250408,3,125,67449,1,대구
20250408,4,125,52430,1,대구
20250408,5,125,74540,1,대구
20250408,6,125,54400,1,대구
20250408,7,125,62404,1,대구
20250408,8,125,75125,1,대구
20250408,9,125,62234,1,대구
20250408,10,125,61404,1,대구
20250409,1,126,1,55730,잠실
20250409,2,126,54795,1,잠실
20250409,3,126,55734,1,잠실
20250409,4,126,53764,1,잠실
20250409,5,126,69737,1,잠실
20250409,6,126,79192,1,잠실
20250409,7,126,66704,1,잠실
20250409,8,126,66657,1,잠실
20250409,9,126,78288,1,잠실
20250409,10,126,64006,1,잠실
20250409,1,126,1,55257,잠실
20250409,2,126,79231,1,잠실
20250409,3,126,68362,1,잠실
20250409,4,126,76232,1,잠실
20250409,5,126,64153,1,잠실
20250409,6,126,63123,1,잠실
20250409,7,126,78224,1,잠실
20250409,8,126,64468,1,잠실
20250409,9,126,50208,1,잠실
20250409,10,126,66209,1,잠실
20250409,1,127,1,54640,사직
20250409,2,127,64646,1,사직
20250409,3,127,55645,1,사직
20250409,4,127,62947,1,사직
20250409,5,127,72443,1,사직
20250409,6,127,63260,1,사직
20250409,7,127,69727,1,사직
20250409,8,127,66606,1,사직
20250409,9,127,78122,1,사직
20250409,10,127,66614,1,사직
20250409,1,127,1,67539,사직
20250409,2,127,50500,1,사직
20250409,3,127,69517,1,사직
20250409,4,127,54529,1,사직
20250409,5,127,78513,1,사직
20250409,6,127,77564,1,사직
20250409,7,127,51551,1,사직
20250409,8,127,60523,1,사직
20250409,9,127,68518,1,사직
20250409,10,127,68205,1,사직
20250409,1,128,1,54119,고척
20250409,2,128,66108,1,고척
20250409,3,128,65207,1,고척
20250409,4,128,53123,1,고척
20250409,5,128,69102,1,고척
20250409,6,128,79365,1,고척
20250409,7,128,68110,1,고척
20250409,8,128,52121,1,고척
20250409,9,128,69100,1,고척
20250409,10,128,52103,1,고척
20250409,1,128,1,55322,고척
20250409,2,128,65357,1,고척
20250409,3,128,52366,1,고척
20250409,4,128,50167,1,고척
20250409,5,128,76267,1,고척
20250409,6,128,50357,1,고척
20250409,7,128,55397,1,고척
20250409,8,128,65898,1,고척
20250409,9,128,62332,1,고척
20250409,10,128,64984,1,고척
20250409,1,129,1,55912,수원
20250409,2,129,63963,1,수원
20250409,3,129,51907,1,수원
20250409,4,129,62907,1,수원
20250409,5,129,54944,1,수원
20250409,6,129,51344,1,수원
20250409,7,129,68912,1,수원
20250409,8,129,67905,1,수원
20250409,9,129,69203,1,수원
20250409,10,129,50903,1,수원
20250409,1,129,1,54354,수원
20250409,2,129,67025,1,수원
20250409,3,129,79240,1,수원
20250409,4,129,64004,1,수원
20250409,5,129,78548,1,수원
20250409,6,129,68050,1,수원
20250409,7,129,79402,1,수원
20250409,8,129,76313,1,수원
20250409,9,129,64166,1,수원
20250409,10,129,64115,1,수원
20250409,1,130,1,54833,대구
20250409,2,130,50854,1,대구
20250409,3,130,54812,1,대구
20250409,4,130,53827,1,대구
20250409,5,130,62895,1,대구
20250409,6,130,51868,1,대구
20250409,7,130,67893,1,대구
20250409,8,130,79456,1,대구
20250409,9,130,68868,1,대구
20250409,10,130,76802,1,대구
20250409,1,130,1,53375,대구
20250409,2,130,52415,1,대구
20250409,3,130,67449,1,대구
20250409,4,130,52430,1,대구
20250409,5,130,74540,1,대구
20250409,6,130,54400,1,대구
20250409,7,130,62404,1,대구
20250409,8,130,75125,1,대구
20250409,9,130,62234,1,대구
20250409,10,130,68463,1,대구
20250410,1,131,1,54755,잠실
20250410,2,131,65703,1,잠실
20250410,3,131,55734,1,잠실
20250410,4,131,53764,1,잠실
20250410,5,131,69737,1,잠실
20250410,6,131,79192,1,잠실
20250410,7,131,66704,1,잠실
20250410,8,131,66657,1,잠실
20250410,9,131,76812,1,잠실
20250410,10,131,62700,1,잠실
20250410,1,131,1,55239,잠실
20250410,2,131,79231,1,잠실
20250410,3,131,55208,1,잠실
20250410,4,131,76232,1,잠실
20250410,5,131,64153,1,잠실
20250410,6,131,63123,1,잠실
20250410,7,131,78224,1,잠실
20250410,8,131,68362,1,잠실
20250410,9,131,64468,1,잠실
20250410,10,131,50208,1,잠실
20250410,1,132,1,53613,사직
20250410,2,132,64646,1,사직
20250410,3,132,55636,1,사직
20250410,4,132,62947,1,사직
20250410,5,132,55645,1,사직
20250410,6,132,63260,1,사직
20250410,7,132,69727,1,사직
20250410,8,132,66606,1,사직
20250410,9,132,78122,1,사직
20250410,10,132,78168,1,사직
20250410,1,132,1,52528,사직
20250410,2,132,50500,1,사직
20250410,3,132,69517,1,사직
20250410,4,132,78513,1,사직
20250410,5,132,54529,1,사직
20250410,6,132,61102,1,사직
20250410,7,132,77564,1,사직
20250410,8,132,51551,1,사직
20250410,9,132,60523,1,사직
20250410,10,132,68205,1,사직
20250410,1,133,1,61101,고척
20250410,2,133,65207,1,고척
20250410,3,133,68119,1,고척
20250410,4,133,53123,1,고척
20250410,5,133,69102,1,고척
20250410,6,133,76290,1,고척
20250410,7,133,79365,1,고척
20250410,8,133,68110,1,고척
20250410,9,133,69100,1,고척
20250410,10,133,62415,1,고척
20250410,1,133,1,64350,고척
20250410,2,133,65357,1,고척
20250410,3,133,52366,1,고척
20250410,4,133,50167,1,고척
20250410,5,133,50357,1,고척
20250410,6,133,55397,1,고척
20250410,7,133,62925,1,고척
20250410,8,133,65898,1,고척
20250410,9,133,53312,1,고척
20250410,10,133,64984,1,고척
20250410,1,134,1,55903,수원
20250410,2,134,62907,1,수원
20250410,3,134,51907,1,수원
20250410,4,134,77532,1,수원
20250410,5,134,54944,1,수원
20250410,6,134,63963,1,수원
20250410,7,134,51344,1,수원
20250410,8,134,68912,1,수원
20250410,9,134,53992,1,수원
20250410,10,134,62934,1,수원
20250410,1,134,1,50859,수원
20250410,2,134,67025,1,수원
20250410,3,134,79240,1,수원
20250410,4,134,68050,1,수원
20250410,5,134,64004,1,수원
20250410,6,134,76313,1,수원
20250410,7,134,51013,1,수원
20250410,8,134,64166,1,수원
20250410,9,134,64115,1,수원
20250410,10,134,51003,1,수원
20250410,1,135,1,77829,대구
20250410,2,135,50854,1,대구
20250410,3,135,54812,1,대구
20250410,4,135,53827,1,대구
20250410,5,135,62895,1,대구
20250410,6,135,51868,1,대구
20250410,7,135,79456,1,대구
20250410,8,135,67893,1,대구
20250410,9,135,60558,1,대구
20250410,10,135,54805,1,대구
20250410,1,135,1,69446,대구
20250410,2,135,52415,1,대구
20250410,3,135,62234,1,대구
20250410,4,135,52430,1,대구
20250410,5,135,74540,1,대구
20250410,6,135,54400,1,대구
20250410,7,135,62404,1,대구
20250410,8,135,75125,1,대구
20250410,9,135,61404,1,대구
20250410,10,135,67449,1,대구
20250411,1,136,1,64021,사직
20250411,2,136,50500,1,사직
20250411,3,136,69517,1,사직
20250411,4,136,51551,1,사직
20250411,5,136,54529,1,사직
20250411,6,136,60523,1,사직
20250411,7,136,77564,1,사직
20250411,8,136,61102,1,사직
20250411,9,136,68507,1,사직
20250411,10,136,68205,1,사직
20250411,1,136,1,50992,사직
20250411,2,136,62907,1,사직
20250411,3,136,51907,1,사직
20250411,4,136,77532,1,사직
20250411,5,136,54944,1,사직
20250411,6,136,63963,1,사직
20250411,7,136,51344,1,사직
20250411,8,136,68904,1,사직
20250411,9,136,62244,1,사직
20250411,10,136,62934,1,사직
20250411,1,137,1,67263,잠실
20250411,2,137,79231,1,잠실
20250411,3,137,55208,1,잠실
20250411,4,137,76232,1,잠실
20250411,5,137,64153,1,잠실
20250411,6,137,63123,1,잠실
20250411,7,137,66112,1,잠실
20250411,8,137,68362,1,잠실
20250411,9,137,64468,1,잠실
20250411,10,137,66928,1,잠실
20250411,1,137,1,51111,잠실
20250411,2,137,65207,1,잠실
20250411,3,137,76290,1,잠실
20250411,4,137,53123,1,잠실
20250411,5,137,69102,1,잠실
20250411,6,137,79109,1,잠실
20250411,7,137,68119,1,잠실
20250411,8,137,68110,1,잠실
20250411,9,137,52154,1,잠실
20250411,10,137,62415,1,잠실
20250411,1,138,1,60841,광주
20250411,2,138,50854,1,광주
20250411,3,138,60558,1,광주
20250411,4,138,67893,1,광주
20250411,5,138,62895,1,광주
20250411,6,138,51868,1,광주
20250411,7,138,79456,1,광주
20250411,8,138,54805,1,광주
20250411,9,138,50840,1,광주
20250411,10,138,66864,1,광주
20250411,1,138,1,77637,광주
20250411,2,138,78168,1,광주
20250411,3,138,64646,1,광주
20250411,4,138,62947,1,광주
20250411,5,138,72443,1,광주
20250411,6,138,63260,1,광주
20250411,7,138,68646,1,광주
20250411,8,138,66606,1,광주
20250411,9,138,65464,1,광주
20250411,10,138,66614,1,광주
20250411,1,139,1,51454,수원
20250411,2,139,52415,1,수원
20250411,3,139,67449,1,수원
20250411,4,139,62404,1,수원
20250411,5,139,54400,1,수원
20250411,6,139,52430,1,수원
20250411,7,139,75125,1,수원
20250411,8,139,61404,1,수원
20250411,9,139,62234,1,수원
20250411,10,139,69428,1,수원
20250411,1,139,1,69032,수원
20250411,2,139,67025,1,수원
20250411,3,139,79240,1,수원
20250411,4,139,64004,1,수원
20250411,5,139,78548,1,수원
20250411,6,139,68050,1,수원
20250411,7,139,79402,1,수원
20250411,8,139,64166,1,수원
20250411,9,139,64504,1,수원
20250411,10,139,64115,1,수원
20250411,1,140,1,54319,대전
20250411,2,140,65357,1,대전
20250411,3,140,52366,1,대전
20250411,4,140,50357,1,대전
20250411,5,140,53312,1,대전
20250411,6,140,65898,1,대전
20250411,7,140,51359,1,대전
20250411,8,140,55397,1,대전
20250411,9,140,78756,1,대전
20250411,10,140,64346,1,대전
20250411,1,140,1,76715,대전
20250411,2,140,54795,1,대전
20250411,3,140,55734,1,대전
20250411,4,140,53764,1,대전
20250411,5,140,69737,1,대전
20250411,6,140,79192,1,대전
20250411,7,140,66704,1,대전
20250411,8,140,66657,1,대전
20250411,9,140,78288,1,대전
20250411,10,140,64006,1,대전
20250412,1,141,1,54443,수원
20250412,2,141,52415,1,수원
20250412,3,141,62234,1,수원
20250412,4,141,62404,1,수원
20250412,5,141,74540,1,수원
20250412,6,141,54400,1,수원
20250412,7,141,52430,1,수원
20250412,8,141,75125,1,수원
20250412,9,141,68463,1,수원
20250412,10,141,67449,1,수원
20250412,1,141,1,67419,수원
20250412,2,141,67025,1,수원
20250412,3,141,79240,1,수원
20250412,4,141,68050,1,수원
20250412,5,141,78548,1,수원
20250412,6,141,64166,1,수원
20250412,7,141,52001,1,수원
20250412,8,141,76313,1,수원
20250412,9,141,64115,1,수원
20250412,10,141,51003,1,수원
20250412,1,142,1,53262,잠실
20250412,2,142,79231,1,잠실
20250412,3,142,55208,1,잠실
20250412,4,142,76232,1,잠실
20250412,5,142,68362,1,잠실
20250412,6,142,64153,1,잠실
20250412,7,142,63257,1,잠실
20250412,8,142,63123,1,잠실
20250412,9,142,64468,1,잠실
20250412,10,142,66928,1,잠실
20250412,1,142,1,55146,잠실
20250412,2,142,65207,1,잠실
20250412,3,142,76290,1,잠실
20250412,4,142,53123,1,잠실
20250412,5,142,69102,1,잠실
20250412,6,142,79109,1,잠실
20250412,7,142,68119,1,잠실
20250412,8,142,79365,1,잠실
20250412,9,142,68110,1,잠실
20250412,10,142,62415,1,잠실
20250412,1,143,1,62869,광주
20250412,2,143,50854,1,광주
20250412,3,143,54812,1,광주
20250412,4,143,60558,1,광주
20250412,5,143,62895,1,광주
20250412,6,143,51868,1,광주
20250412,7,143,79456,1,광주
20250412,8,143,66864,1,광주
20250412,9,143,68805,1,광주
20250412,10,143,54805,1,광주
20250412,1,143,1,55633,광주
20250412,2,143,64646,1,광주
20250412,3,143,69636,1,광주
20250412,4,143,62947,1,광주
20250412,5,143,72443,1,광주
20250412,6,143,55645,1,광주
20250412,7,143,69727,1,광주
20250412,8,143,66606,1,광주
20250412,9,143,78122,1,광주
20250412,10,143,66614,1,광주
20250412,1,144,1,55536,사직
20250412,2,144,50500,1,사직
20250412,3,144,69517,1,사직
20250412,4,144,51551,1,사직
20250412,5,144,54529,1,사직
20250412,6,144,77564,1,사직
20250412,7,144,78513,1,사직
20250412,8,144,68507,1,사직
20250412,9,144,68518,1,사직
20250412,10,144,68205,1,사직
20250412,1,144,1,68902,사직
20250412,2,144,63963,1,사직
20250412,3,144,51907,1,사직
20250412,4,144,77532,1,사직
20250412,5,144,54944,1,사직
20250412,6,144,53992,1,사직
20250412,7,144,51344,1,사직
20250412,8,144,68904,1,사직
20250412,9,144,68912,1,사직
20250412,10,144,69995,1,사직
20250412,1,145,1,55313,대전
20250412,2,145,65357,1,대전
20250412,3,145,52366,1,대전
20250412,4,145,76267,1,대전
20250412,5,145,65898,1,대전
20250412,6,145,50357,1,대전
20250412,7,145,64346,1,대전
20250412,8,145,55397,1,대전
20250412,9,145,53312,1,대전
20250412,10,145,64984,1,대전
20250412,1,145,1,65056,대전
20250412,2,145,54795,1,대전
20250412,3,145,55734,1,대전
20250412,4,145,53764,1,대전
20250412,5,145,69737,1,대전
20250412,6,145,79192,1,대전
20250412,7,145,66704,1,대전
20250412,8,145,66657,1,대전
20250412,9,145,76812,1,대전
20250412,10,145,64006,1,대전
20250413,1,146,1,51516,사직
20250413,2,146,50500,1,사직
20250413,3,146,69517,1,사직
20250413,4,146,51551,1,사직
20250413,5,146,54529,1,사직
20250413,6,146,61102,1,사직
20250413,7,146,77564,1,사직
20250413,8,146,78513,1,사직
20250413,9,146,68507,1,사직
20250413,10,146,68205,1,사직
20250413,1,146,1,77211,사직
20250413,2,146,63963,1,사직
20250413,3,146,51907,1,사직
20250413,4,146,77532,1,사직
20250413,5,146,53992,1,사직
20250413,6,146,68904,1,사직
20250413,7,146,54944,1,사직
20250413,8,146,51344,1,사직
20250413,9,146,68912,1,사직
20250413,10,146,69995,1,사직
20250413,1,147,1,51264,잠실
20250413,2,147,79231,1,잠실
20250413,3,147,64468,1,잠실
20250413,4,147,55208,1,잠실
20250413,5,147,76232,1,잠실
20250413,6,147,64153,1,잠실
20250413,7,147,63123,1,잠실
20250413,8,147,66112,1,잠실
20250413,9,147,66928,1,잠실
20250413,10,147,66209,1,잠실
20250413,1,147,1,67143,잠실
20250413,2,147,66108,1,잠실
20250413,3,147,68119,1,잠실
20250413,4,147,53123,1,잠실
20250413,5,147,69102,1,잠실
20250413,6,147,76290,1,잠실
20250413,7,147,79109,1,잠실
20250413,8,147,79365,1,잠실
20250413,9,147,68110,1,잠실
20250413,10,147,69100,1,잠실
20250413,1,148,1,62869,광주
20250413,2,148,50854,1,광주
20250413,3,148,54812,1,광주
20250413,4,148,60558,1,광주
20250413,5,148,62895,1,광주
20250413,6,148,67893,1,광주
20250413,7,148,51868,1,광주
20250413,8,148,79456,1,광주
20250413,9,148,50840,1,광주
20250413,10,148,54805,1,광주
20250413,1,148,1,55633,광주
20250413,2,148,64646,1,광주
20250413,3,148,69636,1,광주
20250413,4,148,62947,1,광주
20250413,5,148,72443,1,광주
20250413,6,148,55645,1,광주
20250413,7,148,69727,1,광주
20250413,8,148,66606,1,광주
20250413,9,148,78122,1,광주
20250413,10,148,66614,1,광주
20250413,1,149,1,54443,수원
20250413,2,149,52415,1,수원
20250413,3,149,62234,1,수원
20250413,4,149,62404,1,수원
20250413,5,149,74540,1,수원
20250413,6,149,54400,1,수원
20250413,7,149,52430,1,수원
20250413,8,149,75125,1,수원
20250413,9,149,68463,1,수원
20250413,10,149,67449,1,수원
20250413,1,149,1,50030,수원
20250413,2,149,67025,1,수원
20250413,3,149,79240,1,수원
20250413,4,149,68050,1,수원
20250413,5,149,64004,1,수원
20250413,6,149,78548,1,수원
20250413,7,149,64166,1,수원
20250413,8,149,76313,1,수원
20250413,9,149,64115,1,수원
20250413,10,149,79402,1,수원
20250413,1,150,1,69360,대전
20250413,2,150,65357,1,대전
20250413,3,150,52366,1,대전
20250413,4,150,50357,1,대전
20250413,5,150,76267,1,대전
20250413,6,150,64346,1,대전
20250413,7,150,55397,1,대전
20250413,8,150,53312,1,대전
20250413,9,150,55393,1,대전
20250413,10,150,64984,1,대전
20250413,1,150,1,52701,대전
20250413,2,150,68700,1,대전
20250413,3,150,55734,1,대전
20250413,4,150,50707,1,대전
20250413,5,150,69737,1,대전
20250413,6,150,66704,1,대전
20250413,7,150,79192,1,대전
20250413,8,150,54795,1,대전
20250413,9,150,78288,1,대전
20250413,10,150,65703,1,대전
20250415,1,152,1,55730,문학
20250415,2,152,66657,1,문학
20250415,3,152,55734,1,문학
20250415,4,152,53764,1,문학
20250415,5,152,69737,1,문학
20250415,6,152,66704,1,문학
20250415,7,152,79192,1,문학
20250415,8,152,54795,1,문학
20250415,9,152,78288,1,문학
20250415,10,152,64006,1,문학
20250415,1,152,1,54833,문학
20250415,2,152,50854,1,문학
20250415,3,152,54812,1,문학
20250415,4,152,67893,1,문학
20250415,5,152,62895,1,문학
20250415,6,152,79456,1,문학
20250415,7,152,60558,1,문학
20250415,8,152,51868,1,문학
20250415,9,152,50840,1,문학
20250415,10,152,54805,1,문학
20250415,1,153,1,64001,광주
20250415,2,153,67025,1,광주
20250415,3,153,79240,1,광주
20250415,4,153,64004,1,광주
20250415,5,153,68050,1,광주
20250415,6,153,78548,1,광주
20250415,7,153,76313,1,광주
20250415,8,153,64166,1,광주
20250415,9,153,64115,1,광주
20250415,10,153,79402,1,광주
20250415,1,153,1,54640,광주
20250415,2,153,64646,1,광주
20250415,3,153,69636,1,광주
20250415,4,153,62947,1,광주
20250415,5,153,72443,1,광주
20250415,6,153,55645,1,광주
20250415,7,153,69727,1,광주
20250415,8,153,66606,1,광주
20250415,9,153,78122,1,광주
20250415,10,153,66614,1,광주
20250415,1,154,1,53375,잠실
20250415,2,154,67449,1,잠실
20250415,3,154,62234,1,잠실
20250415,4,154,62404,1,잠실
20250415,5,154,74540,1,잠실
20250415,6,154,54400,1,잠실
20250415,7,154,61404,1,잠실
20250415,8,154,68463,1,잠실
20250415,9,154,52430,1,잠실
20250415,10,154,52415,1,잠실
20250415,1,154,1,54119,잠실
20250415,2,154,66108,1,잠실
20250415,3,154,76290,1,잠실
20250415,4,154,53123,1,잠실
20250415,5,154,69102,1,잠실
20250415,6,154,79109,1,잠실
20250415,7,154,68119,1,잠실
20250415,8,154,79365,1,잠실
20250415,9,154,62415,1,잠실
20250415,10,154,65207,1,잠실
20250415,1,155,1,55322,사직
20250415,2,155,65357,1,사직
20250415,3,155,54444,1,사직
20250415,4,155,50167,1,사직
20250415,5,155,76267,1,사직
20250415,6,155,52366,1,사직
20250415,7,155,50357,1,사직
20250415,8,155,55397,1,사직
20250415,9,155,62332,1,사직
20250415,10,155,64984,1,사직
20250415,1,155,1,67539,사직
20250415,2,155,50500,1,사직
20250415,3,155,68205,1,사직
20250415,4,155,78513,1,사직
20250415,5,155,54529,1,사직
20250415,6,155,51551,1,사직
20250415,7,155,61102,1,사직
20250415,8,155,69517,1,사직
20250415,9,155,77564,1,사직
20250415,10,155,68507,1,사직
20250416,1,157,1,54755,문학
20250416,2,157,54795,1,문학
20250416,3,157,55734,1,문학
20250416,4,157,53764,1,문학
20250416,5,157,69737,1,문학
20250416,6,157,66704,1,문학
20250416,7,157,79192,1,문학
20250416,8,157,66657,1,문학
20250416,9,157,76812,1,문학
20250416,10,157,65703,1,문학
20250416,1,157,1,77829,문학
20250416,2,157,50854,1,문학
20250416,3,157,54812,1,문학
20250416,4,157,67893,1,문학
20250416,5,157,62895,1,문학
20250416,6,157,79456,1,문학
20250416,7,157,60558,1,문학
20250416,8,157,51868,1,문학
20250416,9,157,50840,1,문학
20250416,10,157,66864,1,문학
20250416,1,158,1,50859,광주
20250416,2,158,67025,1,광주
20250416,3,158,79240,1,광주
20250416,4,158,64004,1,광주
20250416,5,158,68050,1,광주
20250416,6,158,78548,1,광주
20250416,7,158,76313,1,광주
20250416,8,158,64115,1,광주
20250416,9,158,64166,1,광주
20250416,10,158,79402,1,광주
20250416,1,158,1,69745,광주
20250416,2,158,64646,1,광주
20250416,3,158,69636,1,광주
20250416,4,158,62947,1,광주
20250416,5,158,72443,1,광주
20250416,6,158,55645,1,광주
20250416,7,158,69727,1,광주
20250416,8,158,66606,1,광주
20250416,9,158,78122,1,광주
20250416,10,158,66614,1,광주
20250416,1,159,1,65320,잠실
20250416,2,159,67449,1,잠실
20250416,3,159,52415,1,잠실
20250416,4,159,62404,1,잠실
20250416,5,159,74540,1,잠실
20250416,6,159,54400,1,잠실
20250416,7,159,61404,1,잠실
20250416,8,159,75125,1,잠실
20250416,9,159,66406,1,잠실
20250416,10,159,65586,1,잠실
20250416,1,159,1,61101,잠실
20250416,2,159,66108,1,잠실
20250416,3,159,76290,1,잠실
20250416,4,159,53123,1,잠실
20250416,5,159,69102,1,잠실
20250416,6,159,79109,1,잠실
20250416,7,159,68119,1,잠실
20250416,8,159,79365,1,잠실
20250416,9,159,62415,1,잠실
20250416,10,159,65207,1,잠실
20250416,1,160,1,64350,사직
20250416,2,160,65357,1,사직
20250416,3,160,50167,1,사직
20250416,4,160,76267,1,사직
20250416,5,160,54444,1,사직
20250416,6,160,50357,1,사직
20250416,7,160,52366,1,사직
20250416,8,160,55392,1,사직
20250416,9,160,53312,1,사직
20250416,10,160,78756,1,사직
20250416,1,160,1,52528,사직
20250416,2,160,50500,1,사직
20250416,3,160,68205,1,사직
20250416,4,160,51551,1,사직
20250416,5,160,54529,1,사직
20250416,6,160,78513,1,사직
20250416,7,160,69517,1,사직
20250416,8,160,61102,1,사직
20250416,9,160,77564,1,사직
20250416,10,160,68507,1,사직
20250417,1,162,1,76715,문학
20250417,2,162,50707,1,문학
20250417,3,162,55734,1,문학
20250417,4,162,53764,1,문학
20250417,5,162,69737,1,문학
20250417,6,162,79192,1,문학
20250417,7,162,66657,1,문학
20250417,8,162,54795,1,문학
20250417,9,162,78288,1,문학
20250417,10,162,64006,1,문학
20250417,1,162,1,55855,문학
20250417,2,162,50854,1,문학
20250417,3,162,67893,1,문학
20250417,4,162,79456,1,문학
20250417,5,162,62895,1,문학
20250417,6,162,51868,1,문학
20250417,7,162,60558,1,문학
20250417,8,162,76802,1,문학
20250417,9,162,50840,1,문학
20250417,10,162,54805,1,문학
20250417,1,163,1,69032,광주
20250417,2,163,67025,1,광주
20250417,3,163,79240,1,광주
20250417,4,163,64004,1,광주
20250417,5,163,68050,1,광주
20250417,6,163,78548,1,광주
20250417,7,163,76313,1,광주
20250417,8,163,64115,1,광주
20250417,9,163,64166,1,광주
20250417,10,163,79402,1,광주
20250417,1,163,1,77637,광주
20250417,2,163,64646,1,광주
20250417,3,163,50600,1,광주
20250417,4,163,62947,1,광주
20250417,5,163,72443,1,광주
20250417,6,163,55645,1,광주
20250417,7,163,69636,1,광주
20250417,8,163,69727,1,광주
20250417,9,163,63722,1,광주
20250417,10,163,66606,1,광주
20250417,1,164,1,69446,잠실
20250417,2,164,52415,1,잠실
20250417,3,164,61404,1,잠실
20250417,4,164,62404,1,잠실
20250417,5,164,74540,1,잠실
20250417,6,164,54400,1,잠실
20250417,7,164,51407,1,잠실
20250417,8,164,52430,1,잠실
20250417,9,164,55438,1,잠실
20250417,10,164,67449,1,잠실
20250417,1,164,1,51111,잠실
20250417,2,164,66108,1,잠실
20250417,3,164,76290,1,잠실
20250417,4,164,79109,1,잠실
20250417,5,164,69102,1,잠실
20250417,6,164,79365,1,잠실
20250417,7,164,68110,1,잠실
20250417,8,164,52154,1,잠실
20250417,9,164,62415,1,잠실
20250417,10,164,65207,1,잠실
20250417,1,165,1,54319,사직
20250417,2,165,65357,1,사직
20250417,3,165,50167,1,사직
20250417,4,165,54444,1,사직
20250417,5,165,76267,1,사직
20250417,6,165,53312,1,사직
20250417,7,165,55397,1,사직
20250417,8,165,52366,1,사직
20250417,9,165,64984,1,사직
20250417,10,165,55392,1,사직
20250417,1,165,1,64021,사직
20250417,2,165,50500,1,사직
20250417,3,165,69517,1,사직
20250417,4,165,78513,1,사직
20250417,5,165,54529,1,사직
20250417,6,165,51551,1,사직
20250417,7,165,61102,1,사직
20250417,8,165,77564,1,사직
20250417,9,165,68205,1,사직
20250417,10,165,68507,1,사직
20250418,1,166,1,53613,잠실
20250418,2,166,64646,1,잠실
20250418,3,166,78603,1,잠실
20250418,4,166,62947,1,잠실
20250418,5,166,55645,1,잠실
20250418,6,166,72443,1,잠실
20250418,7,166,63260,1,잠실
20250418,8,166,69727,1,잠실
20250418,9,166,78122,1,잠실
20250418,10,166,66606,1,잠실
20250418,1,166,1,55257,잠실
20250418,2,166,79231,1,잠실
20250418,3,166,64468,1,잠실
20250418,4,166,55208,1,잠실
20250418,5,166,76232,1,잠실
20250418,6,166,64153,1,잠실
20250418,7,166,63123,1,잠실
20250418,8,166,66112,1,잠실
20250418,9,166,66928,1,잠실
20250418,10,166,66209,1,잠실
20250418,1,167,1,54354,고척
20250418,2,167,67025,1,고척
20250418,3,167,64004,1,고척
20250418,4,167,68050,1,고척
20250418,5,167,78548,1,고척
20250418,6,167,76313,1,고척
20250418,7,167,64007,1,고척
20250418,8,167,51003,1,고척
20250418,9,167,51007,1,고척
20250418,10,167,79402,1,고척
20250418,1,167,1,54362,고척
20250418,2,167,52366,1,고척
20250418,3,167,54444,1,고척
20250418,4,167,65357,1,고척
20250418,5,167,53344,1,고척
20250418,6,167,64340,1,고척
20250418,7,167,51359,1,고척
20250418,8,167,53312,1,고척
20250418,9,167,78756,1,고척
20250418,10,167,55392,1,고척
20250418,1,168,1,55146,문학
20250418,2,168,66108,1,문학
20250418,3,168,65207,1,문학
20250418,4,168,68119,1,문학
20250418,5,168,69102,1,문학
20250418,6,168,79109,1,문학
20250418,7,168,79365,1,문학
20250418,8,168,68110,1,문학
20250418,9,168,69100,1,문학
20250418,10,168,62415,1,문학
20250418,1,168,1,60841,문학
20250418,2,168,67893,1,문학
20250418,3,168,54812,1,문학
20250418,4,168,50854,1,문학
20250418,5,168,62895,1,문학
20250418,6,168,51868,1,문학
20250418,7,168,79456,1,문학
20250418,8,168,68868,1,문학
20250418,9,168,50840,1,문학
20250418,10,168,54805,1,문학
20250418,1,169,1,55536,대구
20250418,2,169,50500,1,대구
20250418,3,169,69517,1,대구
20250418,4,169,78513,1,대구
20250418,5,169,54529,1,대구
20250418,6,169,60523,1,대구
20250418,7,169,51551,1,대구
20250418,8,169,77564,1,대구
20250418,9,169,68205,1,대구
20250418,10,169,68518,1,대구
20250418,1,169,1,51454,대구
20250418,2,169,52415,1,대구
20250418,3,169,61404,1,대구
20250418,4,169,62404,1,대구
20250418,5,169,74540,1,대구
20250418,6,169,54400,1,대구
20250418,7,169,75125,1,대구
20250418,8,169,62234,1,대구
20250418,9,169,55438,1,대구
20250418,10,169,67449,1,대구
20250418,1,170,1,55912,대전
20250418,2,170,62907,1,대전
20250418,3,170,51907,1,대전
20250418,4,170,77532,1,대전
20250418,5,170,68904,1,대전
20250418,6,170,63963,1,대전
20250418,7,170,51344,1,대전
20250418,8,170,69995,1,대전
20250418,9,170,68912,1,대전
20250418,10,170,67905,1,대전
20250418,1,170,1,65056,대전
20250418,2,170,50707,1,대전
20250418,3,170,55734,1,대전
20250418,4,170,53764,1,대전
20250418,5,170,69737,1,대전
20250418,6,170,79192,1,대전
20250418,7,170,66704,1,대전
20250418,8,170,65703,1,대전
20250418,9,170,78288,1,대전
20250418,10,170,62700,1,대전
20250419,1,171,1,55633,잠실
20250419,2,171,64646,1,잠실
20250419,3,171,50600,1,잠실
20250419,4,171,62947,1,잠실
20250419,5,171,72443,1,잠실
20250419,6,171,55645,1,잠실
20250419,7,171,63260,1,잠실
20250419,8,171,69727,1,잠실
20250419,9,171,78122,1,잠실
20250419,10,171,66606,1,잠실
20250419,1,171,1,67263,잠실
20250419,2,171,79231,1,잠실
20250419,3,171,64468,1,잠실
20250419,4,171,55208,1,잠실
20250419,5,171,76232,1,잠실
20250419,6,171,64153,1,잠실
20250419,7,171,63123,1,잠실
20250419,8,171,66112,1,잠실
20250419,9,171,66928,1,잠실
20250419,10,171,66209,1,잠실
20250419,1,172,1,67143,문학
20250419,2,172,66108,1,문학
20250419,3,172,68119,1,문학
20250419,4,172,53123,1,문학
20250419,5,172,69102,1,문학
20250419,6,172,79109,1,문학
20250419,7,172,76290,1,문학
20250419,8,172,79365,1,문학
20250419,9,172,62415,1,문학
20250419,10,172,69100,1,문학
20250419,1,172,1,53898,문학
20250419,2,172,67893,1,문학
20250419,3,172,76802,1,문학
20250419,4,172,50854,1,문학
20250419,5,172,62895,1,문학
20250419,6,172,51868,1,문학
20250419,7,172,79456,1,문학
20250419,8,172,60558,1,문학
20250419,9,172,50840,1,문학
20250419,10,172,54805,1,문학
20250419,1,173,1,50030,고척
20250419,2,173,67025,1,고척
20250419,3,173,64004,1,고척
20250419,4,173,79240,1,고척
20250419,5,173,78548,1,고척
20250419,6,173,64007,1,고척
20250419,7,173,51013,1,고척
20250419,8,173,76313,1,고척
20250419,9,173,64115,1,고척
20250419,10,173,64504,1,고척
20250419,1,173,1,66018,고척
20250419,2,173,65357,1,고척
20250419,3,173,50167,1,고척
20250419,4,173,76267,1,고척
20250419,5,173,52366,1,고척
20250419,6,173,64340,1,고척
20250419,7,173,50357,1,고척
20250419,8,173,53344,1,고척
20250419,9,173,64984,1,고척
20250419,10,173,55392,1,고척
20250419,1,174,1,51516,대구
20250419,2,174,50500,1,대구
20250419,3,174,69517,1,대구
20250419,4,174,78513,1,대구
20250419,5,174,54529,1,대구
20250419,6,174,51551,1,대구
20250419,7,174,60523,1,대구
20250419,8,174,68205,1,대구
20250419,9,174,77564,1,대구
20250419,10,174,68518,1,대구
20250419,1,174,1,54401,대구
20250419,2,174,52415,1,대구
20250419,3,174,67449,1,대구
20250419,4,174,62404,1,대구
20250419,5,174,75125,1,대구
20250419,6,174,51407,1,대구
20250419,7,174,61404,1,대구
20250419,8,174,52430,1,대구
20250419,9,174,69428,1,대구
20250419,10,174,55438,1,대구
20250419,1,175,1,55903,대전
20250419,2,175,63963,1,대전
20250419,3,175,51907,1,대전
20250419,4,175,62907,1,대전
20250419,5,175,77532,1,대전
20250419,6,175,68904,1,대전
20250419,7,175,51344,1,대전
20250419,8,175,68912,1,대전
20250419,9,175,67905,1,대전
20250419,10,175,50996,1,대전
20250419,1,175,1,52701,대전
20250419,2,175,66704,1,대전
20250419,3,175,55734,1,대전
20250419,4,175,53764,1,대전
20250419,5,175,69737,1,대전
20250419,6,175,79192,1,대전
20250419,7,175,66657,1,대전
20250419,8,175,65703,1,대전
20250419,9,175,78288,1,대전
20250419,10,175,62700,1,대전
20250420,1,176,1,54640,잠실
20250420,2,176,64646,1,잠실
20250420,3,176,78603,1,잠실
20250420,4,176,62947,1,잠실
20250420,5,176,55645,1,잠실
20250420,6,176,72443,1,잠실
20250420,7,176,63260,1,잠실
20250420,8,176,69727,1,잠실
20250420,9,176,78122,1,잠실
20250420,10,176,66606,1,잠실
20250420,1,176,1,55239,잠실
20250420,2,176,79231,1,잠실
20250420,3,176,55208,1,잠실
20250420,4,176,76232,1,잠실
20250420,5,176,64153,1,잠실
20250420,6,176,63257,1,잠실
20250420,7,176,63123,1,잠실
20250420,8,176,66928,1,잠실
20250420,9,176,55252,1,잠실
20250420,10,176,66209,1,잠실
20250420,1,177,1,64001,고척
20250420,2,177,67025,1,고척
20250420,3,177,64004,1,고척
20250420,4,177,79240,1,고척
20250420,5,177,78548,1,고척
20250420,6,177,64007,1,고척
20250420,7,177,76313,1,고척
20250420,8,177,64115,1,고척
20250420,9,177,64166,1,고척
20250420,10,177,64504,1,고척
20250420,1,177,1,55322,고척
20250420,2,177,65357,1,고척
20250420,3,177,54444,1,고척
20250420,4,177,76267,1,고척
20250420,5,177,52366,1,고척
20250420,6,177,50167,1,고척
20250420,7,177,68305,1,고척
20250420,8,177,64984,1,고척
20250420,9,177,62332,1,고척
20250420,10,177,55392,1,고척
20250420,1,178,1,65411,문학
20250420,2,178,66108,1,문학
20250420,3,178,68119,1,문학
20250420,4,178,76290,1,문학
20250420,5,178,53123,1,문학
20250420,6,178,79109,1,문학
20250420,7,178,69100,1,문학
20250420,8,178,52154,1,문학
20250420,9,178,62415,1,문학
20250420,10,178,65207,1,문학
20250420,1,178,1,54833,문학
20250420,2,178,50854,1,문학
20250420,3,178,54812,1,문학
20250420,4,178,60558,1,문학
20250420,5,178,62895,1,문학
20250420,6,178,67893,1,문학
20250420,7,178,51868,1,문학
20250420,8,178,79456,1,문학
20250420,9,178,68868,1,문학
20250420,10,178,52804,1,문학
20250420,1,179,1,67539,대구
20250420,2,179,50500,1,대구
20250420,3,179,69517,1,대구
20250420,4,179,78513,1,대구
20250420,5,179,54529,1,대구
20250420,6,179,51551,1,대구
20250420,7,179,50150,1,대구
20250420,8,179,52591,1,대구
20250420,9,179,61102,1,대구
20250420,10,179,68205,1,대구
20250420,1,179,1,53375,대구
20250420,2,179,50458,1,대구
20250420,3,179,52415,1,대구
20250420,4,179,62404,1,대구
20250420,5,179,74540,1,대구
20250420,6,179,54400,1,대구
20250420,7,179,75125,1,대구
20250420,8,179,61404,1,대구
20250420,9,179,52430,1,대구
20250420,10,179,62234,1,대구
20250420,1,180,1,77211,대전
20250420,2,180,62907,1,대전
20250420,3,180,51907,1,대전
20250420,4,180,77532,1,대전
20250420,5,180,68912,1,대전
20250420,6,180,68904,1,대전
20250420,7,180,53992,1,대전
20250420,8,180,50903,1,대전
20250420,9,180,51344,1,대전
20250420,10,180,50996,1,대전
20250420,1,180,1,55730,대전
20250420,2,180,66704,1,대전
20250420,3,180,55734,1,대전
20250420,4,180,53764,1,대전
20250420,5,180,69737,1,대전
20250420,6,180,79192,1,대전
20250420,7,180,66657,1,대전
20250420,8,180,65703,1,대전
20250420,9,180,78288,1,대전
20250420,10,180,62700,1,대전
20250422,1,183,1,68902,잠실
20250422,2,183,62907,1,잠실
20250422,3,183,51907,1,잠실
20250422,4,183,77532,1,잠실
20250422,5,183,68904,1,잠실
20250422,6,183,63963,1,잠실
20250422,7,183,51344,1,잠실
20250422,8,183,69995,1,잠실
20250422,9,183,68912,1,잠실
20250422,10,183,67905,1,잠실
20250422,1,183,1,61101,잠실
20250422,2,183,66108,1,잠실
20250422,3,183,68119,1,잠실
20250422,4,183,53123,1,잠실
20250422,5,183,69102,1,잠실
20250422,6,183,76290,1,잠실
20250422,7,183,79365,1,잠실
20250422,8,183,69100,1,잠실
20250422,9,183,62415,1,잠실
20250422,10,183,65207,1,잠실
20250422,1,184,1,51264,고척
20250422,2,184,79231,1,고척
20250422,3,184,55208,1,고척
20250422,4,184,76232,1,고척
20250422,5,184,64153,1,고척
20250422,6,184,78224,1,고척
20250422,7,184,53554,1,고척
20250422,8,184,66928,1,고척
20250422,9,184,55252,1,고척
20250422,10,184,64468,1,고척
20250422,1,184,1,64350,고척
20250422,2,184,65357,1,고척
20250422,3,184,50167,1,고척
20250422,4,184,54444,1,고척
20250422,5,184,76267,1,고척
20250422,6,184,52366,1,고척
20250422,7,184,64340,1,고척
20250422,8,184,62332,1,고척
20250422,9,184,78756,1,고척
20250422,10,184,55392,1,고척
20250422,1,185,1,77829,수원
20250422,2,185,50854,1,수원
20250422,3,185,76802,1,수원
20250422,4,185,60558,1,수원
20250422,5,185,62895,1,수원
20250422,6,185,67893,1,수원
20250422,7,185,51868,1,수원
20250422,8,185,68868,1,수원
20250422,9,185,52804,1,수원
20250422,10,185,51865,1,수원
20250422,1,185,1,50859,수원
20250422,2,185,67025,1,수원
20250422,3,185,64004,1,수원
20250422,4,185,79240,1,수원
20250422,5,185,78548,1,수원
20250422,6,185,64007,1,수원
20250422,7,185,76313,1,수원
20250422,8,185,64115,1,수원
20250422,9,185,64166,1,수원
20250422,10,185,64504,1,수원
20250423,1,186,1,54755,사직
20250423,2,186,54795,1,사직
20250423,3,186,55734,1,사직
20250423,4,186,53764,1,사직
20250423,5,186,69737,1,사직
20250423,6,186,79192,1,사직
20250423,7,186,66657,1,사직
20250423,8,186,50704,1,사직
20250423,9,186,76812,1,사직
20250423,10,186,64006,1,사직
20250423,1,186,1,52528,사직
20250423,2,186,50500,1,사직
20250423,3,186,69517,1,사직
20250423,4,186,78513,1,사직
20250423,5,186,54529,1,사직
20250423,6,186,51551,1,사직
20250423,7,186,52591,1,사직
20250423,8,186,50150,1,사직
20250423,9,186,61102,1,사직
20250423,10,186,68205,1,사직
20250423,1,187,1,69745,대구
20250423,2,187,64646,1,대구
20250423,3,187,78603,1,대구
20250423,4,187,62947,1,대구
20250423,5,187,72443,1,대구
20250423,6,187,55645,1,대구
20250423,7,187,63260,1,대구
20250423,8,187,69636,1,대구
20250423,9,187,69727,1,대구
20250423,10,187,63722,1,대구
20250423,1,187,1,65320,대구
20250423,2,187,50458,1,대구
20250423,3,187,67449,1,대구
20250423,4,187,62404,1,대구
20250423,5,187,54400,1,대구
20250423,6,187,74540,1,대구
20250423,7,187,75125,1,대구
20250423,8,187,52430,1,대구
20250423,9,187,52415,1,대구
20250423,10,187,55438,1,대구
20250423,1,188,1,55912,잠실
20250423,2,188,62907,1,잠실
20250423,3,188,51907,1,잠실
20250423,4,188,77532,1,잠실
20250423,5,188,53992,1,잠실
20250423,6,188,63963,1,잠실
20250423,7,188,51344,1,잠실
20250423,8,188,69995,1,잠실
20250423,9,188,68912,1,잠실
20250423,10,188,67905,1,잠실
20250423,1,188,1,51111,잠실
20250423,2,188,68110,1,잠실
20250423,3,188,68119,1,잠실
20250423,4,188,53123,1,잠실
20250423,5,188,69102,1,잠실
20250423,6,188,79365,1,잠실
20250423,7,188,69100,1,잠실
20250423,8,188,52154,1,잠실
20250423,9,188,62415,1,잠실
20250423,10,188,65207,1,잠실
20250423,1,189,1,53262,고척
20250423,2,189,79231,1,고척
20250423,3,189,55208,1,고척
20250423,4,189,76232,1,고척
20250423,5,189,64153,1,고척
20250423,6,189,78224,1,고척
20250423,7,189,53554,1,고척
20250423,8,189,63123,1,고척
20250423,9,189,66928,1,고척
20250423,10,189,50208,1,고척
20250423,1,189,1,54319,고척
20250423,2,189,65357,1,고척
20250423,3,189,50167,1,고척
20250423,4,189,54444,1,고척
20250423,5,189,76267,1,고척
20250423,6,189,52366,1,고척
20250423,7,189,64340,1,고척
20250423,8,189,62332,1,고척
20250423,9,189,78756,1,고척
20250423,10,189,55392,1,고척
20250423,1,190,1,55855,수원
20250423,2,190,50854,1,수원
20250423,3,190,54812,1,수원
20250423,4,190,60558,1,수원
20250423,5,190,51868,1,수원
20250423,6,190,67893,1,수원
20250423,7,190,62895,1,수원
20250423,8,190,76802,1,수원
20250423,9,190,68868,1,수원
20250423,10,190,51865,1,수원
20250423,1,190,1,69032,수원
20250423,2,190,67025,1,수원
20250423,3,190,64004,1,수원
20250423,4,190,64007,1,수원
20250423,5,190,78548,1,수원
20250423,6,190,76313,1,수원
20250423,7,190,51013,1,수원
20250423,8,190,64115,1,수원
20250423,9,190,64166,1,수원
20250423,10,190,51003,1,수원
20250424,1,191,1,76715,사직
20250424,2,191,79608,1,사직
20250424,3,191,55734,1,사직
20250424,4,191,53764,1,사직
20250424,5,191,69737,1,사직
20250424,6,191,79192,1,사직
20250424,7,191,66657,1,사직
20250424,8,191,50704,1,사직
20250424,9,191,78288,1,사직
20250424,10,191,64006,1,사직
20250424,1,191,1,64021,사직
20250424,2,191,50500,1,사직
20250424,3,191,52591,1,사직
20250424,4,191,69517,1,사직
20250424,5,191,54529,1,사직
20250424,6,191,51551,1,사직
20250424,7,191,78513,1,사직
20250424,8,191,61102,1,사직
20250424,9,191,50150,1,사직
20250424,10,191,68205,1,사직
20250424,1,192,1,52641,대구
20250424,2,192,64646,1,대구
20250424,3,192,78603,1,대구
20250424,4,192,55645,1,대구
20250424,5,192,72443,1,대구
20250424,6,192,63260,1,대구
20250424,7,192,69636,1,대구
20250424,8,192,69727,1,대구
20250424,9,192,78122,1,대구
20250424,10,192,66606,1,대구
20250424,1,192,1,69446,대구
20250424,2,192,50458,1,대구
20250424,3,192,67449,1,대구
20250424,4,192,62404,1,대구
20250424,5,192,54400,1,대구
20250424,6,192,52430,1,대구
20250424,7,192,75125,1,대구
20250424,8,192,74540,1,대구
20250424,9,192,62234,1,대구
20250424,10,192,52415,1,대구
20250424,1,193,1,55903,잠실
20250424,2,193,50996,1,잠실
20250424,3,193,51907,1,잠실
20250424,4,193,62907,1,잠실
20250424,5,193,77532,1,잠실
20250424,6,193,63963,1,잠실
20250424,7,193,69995,1,잠실
20250424,8,193,51344,1,잠실
20250424,9,193,68912,1,잠실
20250424,10,193,64101,1,잠실
20250424,1,193,1,55146,잠실
20250424,2,193,62415,1,잠실
20250424,3,193,66108,1,잠실
20250424,4,193,53123,1,잠실
20250424,5,193,69102,1,잠실
20250424,6,193,76290,1,잠실
20250424,7,193,79365,1,잠실
20250424,8,193,68119,1,잠실
20250424,9,193,69100,1,잠실
20250424,10,193,65207,1,잠실
20250424,1,194,1,55257,고척
20250424,2,194,79231,1,고척
20250424,3,194,55208,1,고척
20250424,4,194,76232,1,고척
20250424,5,194,64153,1,고척
20250424,6,194,78224,1,고척
20250424,7,194,53554,1,고척
20250424,8,194,63123,1,고척
20250424,9,194,66928,1,고척
20250424,10,194,50208,1,고척
20250424,1,194,1,54368,고척
20250424,2,194,55397,1,고척
20250424,3,194,76267,1,고척
20250424,4,194,54444,1,고척
20250424,5,194,50357,1,고척
20250424,6,194,64340,1,고척
20250424,7,194,64984,1,고척
20250424,8,194,78756,1,고척
20250424,9,194,53312,1,고척
20250424,10,194,55392,1,고척
20250424,1,195,1,62869,수원
20250424,2,195,50854,1,수원
20250424,3,195,68868,1,수원
20250424,4,195,60558,1,수원
20250424,5,195,51868,1,수원
20250424,6,195,67893,1,수원
20250424,7,195,62895,1,수원
20250424,8,195,76802,1,수원
20250424,9,195,51865,1,수원
20250424,10,195,54812,1,수원
20250424,1,195,1,53006,수원
20250424,2,195,67025,1,수원
20250424,3,195,64004,1,수원
20250424,4,195,79240,1,수원
20250424,5,195,78548,1,수원
20250424,6,195,64007,1,수원
20250424,7,195,76313,1,수원
20250424,8,195,64504,1,수원
20250424,9,195,64166,1,수원
20250424,10,195,51003,1,수원
20250425,1,196,1,50030,대전
20250425,2,196,67025,1,대전
20250425,3,196,64004,1,대전
20250425,4,196,79240,1,대전
20250425,5,196,78548,1,대전
20250425,6,196,76313,1,대전
20250425,7,196,64504,1,대전
20250425,8,196,51007,1,대전
20250425,9,196,64166,1,대전
20250425,10,196,51003,1,대전
20250425,1,196,1,65056,대전
20250425,2,196,66704,1,대전
20250425,3,196,55734,1,대전
20250425,4,196,53764,1,대전
20250425,5,196,69737,1,대전
20250425,6,196,79192,1,대전
20250425,7,196,66657,1,대전
20250425,8,196,65703,1,대전
20250425,9,196,76812,1,대전
20250425,10,196,64006,1,대전
20250425,1,197,1,67143,광주
20250425,2,197,62415,1,광주
20250425,3,197,76290,1,광주
20250425,4,197,53123,1,광주
20250425,5,197,69102,1,광주
20250425,6,197,79365,1,광주
20250425,7,197,66108,1,광주
20250425,8,197,68110,1,광주
20250425,9,197,69100,1,광주
20250425,10,197,65207,1,광주
20250425,1,197,1,77637,광주
20250425,2,197,64646,1,광주
20250425,3,197,78603,1,광주
20250425,4,197,55645,1,광주
20250425,5,197,72443,1,광주
20250425,6,197,62947,1,광주
20250425,7,197,63260,1,광주
20250425,8,197,68646,1,광주
20250425,9,197,69727,1,광주
20250425,10,197,66606,1,광주
20250425,1,198,1,55536,잠실
20250425,2,198,50500,1,잠실
20250425,3,198,69517,1,잠실
20250425,4,198,54529,1,잠실
20250425,5,198,51551,1,잠실
20250425,6,198,60523,1,잠실
20250425,7,198,52591,1,잠실
20250425,8,198,77564,1,잠실
20250425,9,198,68205,1,잠실
20250425,10,198,68518,1,잠실
20250425,1,198,1,67263,잠실
20250425,2,198,79231,1,잠실
20250425,3,198,55208,1,잠실
20250425,4,198,76232,1,잠실
20250425,5,198,64153,1,잠실
20250425,6,198,78224,1,잠실
20250425,7,198,63123,1,잠실
20250425,8,198,50208,1,잠실
20250425,9,198,50204,1,잠실
20250425,10,198,66209,1,잠실
20250425,1,199,1,53973,대구
20250425,2,199,50996,1,대구
20250425,3,199,51907,1,대구
20250425,4,199,62907,1,대구
20250425,5,199,77532,1,대구
20250425,6,199,69995,1,대구
20250425,7,199,51344,1,대구
20250425,8,199,64101,1,대구
20250425,9,199,68912,1,대구
20250425,10,199,50903,1,대구
20250425,1,199,1,54401,대구
20250425,2,199,50458,1,대구
20250425,3,199,67449,1,대구
20250425,4,199,62404,1,대구
20250425,5,199,54400,1,대구
20250425,6,199,52430,1,대구
20250425,7,199,75125,1,대구
20250425,8,199,52415,1,대구
20250425,9,199,62234,1,대구
20250425,10,199,69428,1,대구
20250425,1,200,1,66018,문학
20250425,2,200,55397,1,문학
20250425,3,200,65357,1,문학
20250425,4,200,76267,1,문학
20250425,5,200,54444,1,문학
20250425,6,200,50167,1,문학
20250425,7,200,64340,1,문학
20250425,8,200,64984,1,문학
20250425,9,200,62332,1,문학
20250425,10,200,55392,1,문학
20250425,1,200,1,60841,문학
20250425,2,200,50854,1,문학
20250425,3,200,68868,1,문학
20250425,4,200,55844,1,문학
20250425,5,200,51868,1,문학
20250425,6,200,67893,1,문학
20250425,7,200,62895,1,문학
20250425,8,200,51865,1,문학
20250425,9,200,52804,1,문학
20250425,10,200,54812,1,문학
20250426,1,201,1,69108,광주
20250426,2,201,62415,1,광주
20250426,3,201,76290,1,광주
20250426,4,201,53123,1,광주
20250426,5,201,69102,1,광주
20250426,6,201,79365,1,광주
20250426,7,201,66108,1,광주
20250426,8,201,68119,1,광주
20250426,9,201,69100,1,광주
20250426,10,201,65207,1,광주
20250426,1,201,1,55633,광주
20250426,2,201,64646,1,광주
20250426,3,201,78603,1,광주
20250426,4,201,52605,1,광주
20250426,5,201,72443,1,광주
20250426,6,201,62947,1,광주
20250426,7,201,68646,1,광주
20250426,8,201,69636,1,광주
20250426,9,201,69727,1,광주
20250426,10,201,66606,1,광주
20250426,1,202,1,67539,잠실
20250426,2,202,50500,1,잠실
20250426,3,202,52591,1,잠실
20250426,4,202,54529,1,잠실
20250426,5,202,51551,1,잠실
20250426,6,202,78513,1,잠실
20250426,7,202,61102,1,잠실
20250426,8,202,69517,1,잠실
20250426,9,202,50150,1,잠실
20250426,10,202,68205,1,잠실
20250426,1,202,1,55239,잠실
20250426,2,202,79231,1,잠실
20250426,3,202,55208,1,잠실
20250426,4,202,64153,1,잠실
20250426,5,202,78224,1,잠실
20250426,6,202,63123,1,잠실
20250426,7,202,50208,1,잠실
20250426,8,202,53554,1,잠실
20250426,9,202,66112,1,잠실
20250426,10,202,66928,1,잠실
20250426,1,203,1,64001,대전
20250426,2,203,67025,1,대전
20250426,3,203,64004,1,대전
20250426,4,203,79240,1,대전
20250426,5,203,78548,1,대전
20250426,6,203,64007,1,대전
20250426,7,203,64504,1,대전
20250426,8,203,51013,1,대전
20250426,9,203,64166,1,대전
20250426,10,203,51003,1,대전
20250426,1,203,1,52701,대전
20250426,2,203,79608,1,대전
20250426,3,203,55734,1,대전
20250426,4,203,53764,1,대전
20250426,5,203,69737,1,대전
20250426,6,203,79192,1,대전
20250426,7,203,66704,1,대전
20250426,8,203,65703,1,대전
20250426,9,203,78288,1,대전
20250426,10,203,64006,1,대전
20250426,1,204,1,77211,대구
20250426,2,204,64101,1,대구
20250426,3,204,51907,1,대구
20250426,4,204,62907,1,대구
20250426,5,204,63963,1,대구
20250426,6,204,77532,1,대구
20250426,7,204,69995,1,대구
20250426,8,204,66965,1,대구
20250426,9,204,51344,1,대구
20250426,10,204,62244,1,대구
20250426,1,204,1,53375,대구
20250426,2,204,50458,1,대구
20250426,3,204,67449,1,대구
20250426,4,204,62404,1,대구
20250426,5,204,54400,1,대구
20250426,6,204,52430,1,대구
20250426,7,204,52415,1,대구
20250426,8,204,74540,1,대구
20250426,9,204,62234,1,대구
20250426,10,204,55438,1,대구
20250426,1,205,1,55322,문학
20250426,2,205,55397,1,문학
20250426,3,205,65357,1,문학
20250426,4,205,76267,1,문학
20250426,5,205,54444,1,문학
20250426,6,205,50167,1,문학
20250426,7,205,64340,1,문학
20250426,8,205,64984,1,문학
20250426,9,205,53312,1,문학
20250426,10,205,55392,1,문학
20250426,1,205,1,54833,문학
20250426,2,205,54812,1,문학
20250426,3,205,76802,1,문학
20250426,4,205,55844,1,문학
20250426,5,205,51868,1,문학
20250426,6,205,62895,1,문학
20250426,7,205,51865,1,문학
20250426,8,205,68868,1,문학
20250426,9,205,60558,1,문학
20250426,10,205,66864,1,문학
20250427,1,206,1,50859,대전
20250427,2,206,51003,1,대전
20250427,3,206,51013,1,대전
20250427,4,206,79240,1,대전
20250427,5,206,67025,1,대전
20250427,6,206,78548,1,대전
20250427,7,206,76313,1,대전
20250427,8,206,64007,1,대전
20250427,9,206,64166,1,대전
20250427,10,206,64504,1,대전
20250427,1,206,1,55730,대전
20250427,2,206,79608,1,대전
20250427,3,206,55734,1,대전
20250427,4,206,53764,1,대전
20250427,5,206,69737,1,대전
20250427,6,206,79192,1,대전
20250427,7,206,66657,1,대전
20250427,8,206,65703,1,대전
20250427,9,206,78288,1,대전
20250427,10,206,64006,1,대전
20250427,1,207,1,61101,광주
20250427,2,207,66108,1,광주
20250427,3,207,76290,1,광주
20250427,4,207,53123,1,광주
20250427,5,207,69102,1,광주
20250427,6,207,79109,1,광주
20250427,7,207,79365,1,광주
20250427,8,207,68119,1,광주
20250427,9,207,62415,1,광주
20250427,10,207,65207,1,광주
20250427,1,207,1,54640,광주
20250427,2,207,64646,1,광주
20250427,3,207,78603,1,광주
20250427,4,207,52605,1,광주
20250427,5,207,72443,1,광주
20250427,6,207,69636,1,광주
20250427,7,207,69727,1,광주
20250427,8,207,66606,1,광주
20250427,9,207,78122,1,광주
20250427,10,207,65653,1,광주
20250427,1,208,1,69594,잠실
20250427,2,208,50500,1,잠실
20250427,3,208,52591,1,잠실
20250427,4,208,54529,1,잠실
20250427,5,208,51551,1,잠실
20250427,6,208,61102,1,잠실
20250427,7,208,50150,1,잠실
20250427,8,208,78513,1,잠실
20250427,9,208,69517,1,잠실
20250427,10,208,68205,1,잠실
20250427,1,208,1,51264,잠실
20250427,2,208,79231,1,잠실
20250427,3,208,63257,1,잠실
20250427,4,208,55208,1,잠실
20250427,5,208,64153,1,잠실
20250427,6,208,78224,1,잠실
20250427,7,208,50208,1,잠실
20250427,8,208,63123,1,잠실
20250427,9,208,66112,1,잠실
20250427,10,208,66928,1,잠실
20250427,1,209,1,68902,대구
20250427,2,209,62907,1,대구
20250427,3,209,64101,1,대구
20250427,4,209,77532,1,대구
20250427,5,209,63963,1,대구
20250427,6,209,69995,1,대구
20250427,7,209,51344,1,대구
20250427,8,209,50996,1,대구
20250427,9,209,68912,1,대구
20250427,10,209,51907,1,대구
20250427,1,209,1,54443,대구
20250427,2,209,67449,1,대구
20250427,3,209,62234,1,대구
20250427,4,209,62404,1,대구
20250427,5,209,54400,1,대구
20250427,6,209,52415,1,대구
20250427,7,209,61404,1,대구
20250427,8,209,52430,1,대구
20250427,9,209,69428,1,대구
20250427,10,209,54408,1,대구
20250427,1,210,1,64350,문학
20250427,2,210,55397,1,문학
20250427,3,210,76267,1,문학
20250427,4,210,54444,1,문학
20250427,5,210,65357,1,문학
20250427,6,210,64340,1,문학
20250427,7,210,78756,1,문학
20250427,8,210,64984,1,문학
20250427,9,210,62332,1,문학
20250427,10,210,52305,1,문학
20250427,1,210,1,77829,문학
20250427,2,210,50854,1,문학
20250427,3,210,68868,1,문학
20250427,4,210,55844,1,문학
20250427,5,210,51868,1,문학
20250427,6,210,67893,1,문학
20250427,7,210,62895,1,문학
20250427,8,210,76802,1,문학
20250427,9,210,51865,1,문학
20250427,10,210,54812,1,문학
20250429,1,211,1,69032,잠실
20250429,2,211,64004,1,잠실
20250429,3,211,51003,1,잠실
20250429,4,211,68050,1,잠실
20250429,5,211,67025,1,잠실
20250429,6,211,76313,1,잠실
20250429,7,211,50054,1,잠실
20250429,8,211,64007,1,잠실
20250429,9,211,64166,1,잠실
20250429,10,211,50066,1,잠실
20250429,1,211,1,53259,잠실
20250429,2,211,79231,1,잠실
20250429,3,211,55208,1,잠실
20250429,4,211,76232,1,잠실
20250429,5,211,78224,1,잠실
20250429,6,211,63257,1,잠실
20250429,7,211,64153,1,잠실
20250429,8,211,50208,1,잠실
20250429,9,211,66928,1,잠실
20250429,10,211,63123,1,잠실
20250429,1,212,1,51111,대전
20250429,2,212,66108,1,대전
20250429,3,212,76290,1,대전
20250429,4,212,53123,1,대전
20250429,5,212,69102,1,대전
20250429,6,212,79109,1,대전
20250429,7,212,68119,1,대전
20250429,8,212,62415,1,대전
20250429,9,212,65207,1,대전
20250429,10,212,52154,1,대전
20250429,1,212,1,54755,대전
20250429,2,212,79608,1,대전
20250429,3,212,55734,1,대전
20250429,4,212,53764,1,대전
20250429,5,212,69737,1,대전
20250429,6,212,79192,1,대전
20250429,7,212,66657,1,대전
20250429,8,212,65703,1,대전
20250429,9,212,76812,1,대전
20250429,10,212,64006,1,대전
20250429,1,213,1,52528,고척
20250429,2,213,50500,1,고척
20250429,3,213,69517,1,고척
20250429,4,213,54529,1,고척
20250429,5,213,51551,1,고척
20250429,6,213,52591,1,고척
20250429,7,213,78513,1,고척
20250429,8,213,50150,1,고척
20250429,9,213,61102,1,고척
20250429,10,213,68205,1,고척
20250429,1,213,1,54319,고척
20250429,2,213,64340,1,고척
20250429,3,213,76267,1,고척
20250429,4,213,54444,1,고척
20250429,5,213,65357,1,고척
20250429,6,213,78756,1,고척
20250429,7,213,54307,1,고척
20250429,8,213,52305,1,고척
20250429,9,213,62332,1,고척
20250429,10,213,54344,1,고척
20250429,1,214,1,55912,광주
20250429,2,214,62907,1,광주
20250429,3,214,51907,1,광주
20250429,4,214,77532,1,광주
20250429,5,214,54944,1,광주
20250429,6,214,63963,1,광주
20250429,7,214,69995,1,광주
20250429,8,214,64101,1,광주
20250429,9,214,68912,1,광주
20250429,10,214,51344,1,광주
20250429,1,214,1,69745,광주
20250429,2,214,64646,1,광주
20250429,3,214,78603,1,광주
20250429,4,214,52605,1,광주
20250429,5,214,55645,1,광주
20250429,6,214,63260,1,광주
20250429,7,214,69727,1,광주
20250429,8,214,66606,1,광주
20250429,9,214,78122,1,광주
20250429,10,214,65653,1,광주
20250429,1,215,1,65320,문학
20250429,2,215,50458,1,문학
20250429,3,215,67449,1,문학
20250429,4,215,62404,1,문학
20250429,5,215,54400,1,문학
20250429,6,215,52430,1,문학
20250429,7,215,52415,1,문학
20250429,8,215,74540,1,문학
20250429,9,215,62234,1,문학
20250429,10,215,54408,1,문학
20250429,1,215,1,55855,문학
20250429,2,215,50854,1,문학
20250429,3,215,68868,1,문학
20250429,4,215,55844,1,문학
20250429,5,215,62895,1,문학
20250429,6,215,67893,1,문학
20250429,7,215,60558,1,문학
20250429,8,215,51865,1,문학
20250429,9,215,54812,1,문학
20250429,10,215,66864,1,문학
20250430,1,216,1,54354,잠실
20250430,2,216,64004,1,잠실
20250430,3,216,76313,1,잠실
20250430,4,216,52001,1,잠실
20250430,5,216,67025,1,잠실
20250430,6,216,78548,1,잠실
20250430,7,216,64007,1,잠실
20250430,8,216,51003,1,잠실
20250430,9,216,64166,1,잠실
20250430,10,216,64115,1,잠실
20250430,1,216,1,55257,잠실
20250430,2,216,79231,1,잠실
20250430,3,216,55208,1,잠실
20250430,4,216,76232,1,잠실
20250430,5,216,78224,1,잠실
20250430,6,216,66112,1,잠실
20250430,7,216,64153,1,잠실
20250430,8,216,66928,1,잠실
20250430,9,216,50208,1,잠실
20250430,10,216,63123,1,잠실
20250430,1,217,1,55146,대전
20250430,2,217,66108,1,대전
20250430,3,217,68110,1,대전
20250430,4,217,53123,1,대전
20250430,5,217,69102,1,대전
20250430,6,217,76290,1,대전
20250430,7,217,79109,1,대전
20250430,8,217,79365,1,대전
20250430,9,217,62415,1,대전
20250430,10,217,69100,1,대전
20250430,1,217,1,76715,대전
20250430,2,217,66704,1,대전
20250430,3,217,55734,1,대전
20250430,4,217,53764,1,대전
20250430,5,217,69737,1,대전
20250430,6,217,79192,1,대전
20250430,7,217,66657,1,대전
20250430,8,217,65703,1,대전
20250430,9,217,78288,1,대전
20250430,10,217,64006,1,대전
20250430,1,218,1,64021,고척
20250430,2,218,50500,1,고척
20250430,3,218,69517,1,고척
20250430,4,218,54529,1,고척
20250430,5,218,51551,1,고척
20250430,6,218,52591,1,고척
20250430,7,218,78513,1,고척
20250430,8,218,50150,1,고척
20250430,9,218,61102,1,고척
20250430,10,218,54598,1,고척
20250430,1,218,1,66018,고척
20250430,2,218,74163,1,고척
20250430,3,218,76267,1,고척
20250430,4,218,54444,1,고척
20250430,5,218,65357,1,고척
20250430,6,218,78756,1,고척
20250430,7,218,68305,1,고척
20250430,8,218,64984,1,고척
20250430,9,218,50357,1,고척
20250430,10,218,62332,1,고척
20250430,1,219,1,55903,광주
20250430,2,219,63963,1,광주
20250430,3,219,51907,1,광주
20250430,4,219,62907,1,광주
20250430,5,219,54944,1,광주
20250430,6,219,77532,1,광주
20250430,7,219,69995,1,광주
20250430,8,219,68912,1,광주
20250430,9,219,51344,1,광주
20250430,10,219,64101,1,광주
20250430,1,219,1,52641,광주
20250430,2,219,64646,1,광주
20250430,3,219,78603,1,광주
20250430,4,219,52605,1,광주
20250430,5,219,72443,1,광주
20250430,6,219,55645,1,광주
20250430,7,219,69636,1,광주
20250430,8,219,63260,1,광주
20250430,9,219,68646,1,광주
20250430,10,219,66606,1,광주
20250430,1,220,1,69446,문학
20250430,2,220,52415,1,문학
20250430,3,220,67449,1,문학
20250430,4,220,62404,1,문학
20250430,5,220,54400,1,문학
20250430,6,220,74540,1,문학
20250430,7,220,62234,1,문학
20250430,8,220,75125,1,문학
20250430,9,220,68463,1,문학
20250430,10,220,54408,1,문학
20250430,1,220,1,62869,문학
20250430,2,220,50854,1,문학
20250430,3,220,68868,1,문학
20250430,4,220,55844,1,문학
20250430,5,220,62895,1,문학
20250430,6,220,51868,1,문학
20250430,7,220,67893,1,문학
20250430,8,220,76802,1,문학
20250430,9,220,54812,1,문학
20250430,10,220,51865,1,문학
20250501,1,223,1,50030,잠실
20250501,2,223,51003,1,잠실
20250501,3,223,76313,1,잠실
20250501,4,223,68050,1,잠실
20250501,5,223,67025,1,잠실
20250501,6,223,50054,1,잠실
20250501,7,223,52001,1,잠실
20250501,8,223,78548,1,잠실
20250501,9,223,64166,1,잠실
20250501,10,223,64115,1,잠실
20250501,1,223,1,67263,잠실
20250501,2,223,79231,1,잠실
20250501,3,223,63257,1,잠실
20250501,4,223,55208,1,잠실
20250501,5,223,76232,1,잠실
20250501,6,223,78224,1,잠실
20250501,7,223,50208,1,잠실
20250501,8,223,64153,1,잠실
20250501,9,223,66928,1,잠실
20250501,10,223,63123,1,잠실
20250501,1,224,1,55536,고척
20250501,2,224,50500,1,고척
20250501,3,224,69517,1,고척
20250501,4,224,54529,1,고척
20250501,5,224,51551,1,고척
20250501,6,224,52591,1,고척
20250501,7,224,50150,1,고척
20250501,8,224,78513,1,고척
20250501,9,224,54598,1,고척
20250501,10,224,68518,1,고척
20250501,1,224,1,69360,고척
20250501,2,224,74163,1,고척
20250501,3,224,65357,1,고척
20250501,4,224,54444,1,고척
20250501,5,224,76267,1,고척
20250501,6,224,78756,1,고척
20250501,7,224,54307,1,고척
20250501,8,224,53344,1,고척
20250501,9,224,54394,1,고척
20250501,10,224,78135,1,고척
20250501,1,225,1,51454,문학
20250501,2,225,67449,1,문학
20250501,3,225,61404,1,문학
20250501,4,225,54400,1,문학
20250501,5,225,75125,1,문학
20250501,6,225,62234,1,문학
20250501,7,225,52415,1,문학
20250501,8,225,68463,1,문학
20250501,9,225,55438,1,문학
20250501,10,225,69428,1,문학
20250501,1,225,1,53898,문학
20250501,2,225,50854,1,문학
20250501,3,225,76802,1,문학
20250501,4,225,55844,1,문학
20250501,5,225,51868,1,문학
20250501,6,225,68868,1,문학
20250501,7,225,67893,1,문학
20250501,8,225,60558,1,문학
20250501,9,225,51865,1,문학
20250501,10,225,67900,1,문학
20250502,1,226,1,65056,광주
20250502,2,226,54795,1,광주
20250502,3,226,55734,1,광주
20250502,4,226,53764,1,광주
20250502,5,226,69737,1,광주
20250502,6,226,79192,1,광주
20250502,7,226,66657,1,광주
20250502,8,226,68700,1,광주
20250502,9,226,76812,1,광주
20250502,10,226,64006,1,광주
20250502,1,226,1,55633,광주
20250502,2,226,64646,1,광주
20250502,3,226,78603,1,광주
20250502,4,226,52605,1,광주
20250502,5,226,72443,1,광주
20250502,6,226,55645,1,광주
20250502,7,226,63260,1,광주
20250502,8,226,69636,1,광주
20250502,9,226,68646,1,광주
20250502,10,226,66606,1,광주
20250502,1,227,1,66920,사직
20250502,2,227,63963,1,사직
20250502,3,227,51907,1,사직
20250502,4,227,62907,1,사직
20250502,5,227,54944,1,사직
20250502,6,227,77532,1,사직
20250502,7,227,69995,1,사직
20250502,8,227,68912,1,사직
20250502,9,227,51344,1,사직
20250502,10,227,64101,1,사직
20250502,1,227,1,67539,사직
20250502,2,227,50500,1,사직
20250502,3,227,69517,1,사직
20250502,4,227,54529,1,사직
20250502,5,227,51551,1,사직
20250502,6,227,52591,1,사직
20250502,7,227,78513,1,사직
20250502,8,227,50150,1,사직
20250502,9,227,61102,1,사직
20250502,10,227,54598,1,사직
20250502,1,228,1,55239,대구
20250502,2,228,79231,1,대구
20250502,3,228,63257,1,대구
20250502,4,228,55208,1,대구
20250502,5,228,76232,1,대구
20250502,6,228,78224,1,대구
20250502,7,228,64153,1,대구
20250502,8,228,63123,1,대구
20250502,9,228,66928,1,대구
20250502,10,228,54236,1,대구
20250502,1,228,1,53375,대구
20250502,2,228,52415,1,대구
20250502,3,228,67449,1,대구
20250502,4,228,62404,1,대구
20250502,5,228,54400,1,대구
20250502,6,228,74540,1,대구
20250502,7,228,75125,1,대구
20250502,8,228,62234,1,대구
20250502,9,228,61404,1,대구
20250502,10,228,54408,1,대구
20250502,1,229,1,54833,잠실
20250502,2,229,50854,1,잠실
20250502,3,229,76802,1,잠실
20250502,4,229,75847,1,잠실
20250502,5,229,51868,1,잠실
20250502,6,229,55844,1,잠실
20250502,7,229,67893,1,잠실
20250502,8,229,60558,1,잠실
20250502,9,229,51865,1,잠실
20250502,10,229,67900,1,잠실
20250502,1,229,1,67143,잠실
20250502,2,229,66108,1,잠실
20250502,3,229,68119,1,잠실
20250502,4,229,53123,1,잠실
20250502,5,229,69102,1,잠실
20250502,6,229,76290,1,잠실
20250502,7,229,79109,1,잠실
20250502,8,229,79365,1,잠실
20250502,9,229,62415,1,잠실
20250502,10,229,65207,1,잠실
20250502,1,230,1,55322,수원
20250502,2,230,74163,1,수원
20250502,3,230,65357,1,수원
20250502,4,230,76267,1,수원
20250502,5,230,54444,1,수원
20250502,6,230,54307,1,수원
20250502,7,230,68305,1,수원
20250502,8,230,64984,1,수원
20250502,9,230,62332,1,수원
20250502,10,230,55392,1,수원
20250502,1,230,1,64001,수원
20250502,2,230,64004,1,수원
20250502,3,230,76313,1,수원
20250502,4,230,68050,1,수원
20250502,5,230,67025,1,수원
20250502,6,230,52001,1,수원
20250502,7,230,51003,1,수원
20250502,8,230,78548,1,수원
20250502,9,230,69064,1,수원
20250502,10,230,50092,1,수원
20250503,1,232,1,68902,사직
20250503,2,232,63963,1,사직
20250503,3,232,51907,1,사직
20250503,4,232,62907,1,사직
20250503,5,232,54944,1,사직
20250503,6,232,77532,1,사직
20250503,7,232,69995,1,사직
20250503,8,232,68912,1,사직
20250503,9,232,51344,1,사직
20250503,10,232,64101,1,사직
20250503,1,232,1,69594,사직
20250503,2,232,50500,1,사직
20250503,3,232,69517,1,사직
20250503,4,232,54529,1,사직
20250503,5,232,51551,1,사직
20250503,6,232,52591,1,사직
20250503,7,232,78513,1,사직
20250503,8,232,50150,1,사직
20250503,9,232,61102,1,사직
20250503,10,232,54598,1,사직
20250503,1,233,1,51264,대구
20250503,2,233,55208,1,대구
20250503,3,233,63257,1,대구
20250503,4,233,76232,1,대구
20250503,5,233,78224,1,대구
20250503,6,233,64153,1,대구
20250503,7,233,63123,1,대구
20250503,8,233,66928,1,대구
20250503,9,233,54236,1,대구
20250503,10,233,79231,1,대구
20250503,1,233,1,54443,대구
20250503,2,233,52415,1,대구
20250503,3,233,67449,1,대구
20250503,4,233,62404,1,대구
20250503,5,233,54400,1,대구
20250503,6,233,74540,1,대구
20250503,7,233,75125,1,대구
20250503,8,233,62234,1,대구
20250503,9,233,65586,1,대구
20250503,10,233,69207,1,대구
20250503,1,234,1,77829,잠실
20250503,2,234,50854,1,잠실
20250503,3,234,68868,1,잠실
20250503,4,234,75847,1,잠실
20250503,5,234,62895,1,잠실
20250503,6,234,51868,1,잠실
20250503,7,234,67893,1,잠실
20250503,8,234,76802,1,잠실
20250503,9,234,66662,1,잠실
20250503,10,234,67900,1,잠실
20250503,1,234,1,61101,잠실
20250503,2,234,66108,1,잠실
20250503,3,234,76290,1,잠실
20250503,4,234,53123,1,잠실
20250503,5,234,69102,1,잠실
20250503,6,234,79365,1,잠실
20250503,7,234,79109,1,잠실
20250503,8,234,68110,1,잠실
20250503,9,234,54156,1,잠실
20250503,10,234,69100,1,잠실
20250503,1,235,1,64350,수원
20250503,2,235,74163,1,수원
20250503,3,235,65357,1,수원
20250503,4,235,54444,1,수원
20250503,5,235,76267,1,수원
20250503,6,235,53344,1,수원
20250503,7,235,78756,1,수원
20250503,8,235,54394,1,수원
20250503,9,235,62332,1,수원
20250503,10,235,78135,1,수원
20250503,1,235,1,50859,수원
20250503,2,235,64004,1,수원
20250503,3,235,76313,1,수원
20250503,4,235,67025,1,수원
20250503,5,235,52001,1,수원
20250503,6,235,68050,1,수원
20250503,7,235,78548,1,수원
20250503,8,235,51003,1,수원
20250503,9,235,64007,1,수원
20250503,10,235,50054,1,수원
20250504,1,236,1,55730,광주
20250504,2,236,79608,1,광주
20250504,3,236,66704,1,광주
20250504,4,236,53764,1,광주
20250504,5,236,69737,1,광주
20250504,6,236,79192,1,광주
20250504,7,236,66657,1,광주
20250504,8,236,65703,1,광주
20250504,9,236,78288,1,광주
20250504,10,236,54795,1,광주
20250504,1,236,1,54640,광주
20250504,2,236,64646,1,광주
20250504,3,236,55645,1,광주
20250504,4,236,52605,1,광주
20250504,5,236,72443,1,광주
20250504,6,236,78603,1,광주
20250504,7,236,63260,1,광주
20250504,8,236,69636,1,광주
20250504,9,236,78122,1,광주
20250504,10,236,66606,1,광주
20250504,1,237,1,52995,사직
20250504,2,237,63963,1,사직
20250504,3,237,51907,1,사직
20250504,4,237,77532,1,사직
20250504,5,237,54944,1,사직
20250504,6,237,68912,1,사직
20250504,7,237,51344,1,사직
20250504,8,237,67905,1,사직
20250504,9,237,50996,1,사직
20250504,10,237,50902,1,사직
20250504,1,237,1,52528,사직
20250504,2,237,50500,1,사직
20250504,3,237,69517,1,사직
20250504,4,237,54529,1,사직
20250504,5,237,51551,1,사직
20250504,6,237,52591,1,사직
20250504,7,237,78513,1,사직
20250504,8,237,61102,1,사직
20250504,9,237,50150,1,사직
20250504,10,237,54598,1,사직
20250504,1,238,1,53259,대구
20250504,2,238,79231,1,대구
20250504,3,238,55208,1,대구
20250504,4,238,76232,1,대구
20250504,5,238,78224,1,대구
20250504,6,238,64153,1,대구
20250504,7,238,63123,1,대구
20250504,8,238,50208,1,대구
20250504,9,238,66112,1,대구
20250504,10,238,66928,1,대구
20250504,1,238,1,54467,대구
20250504,2,238,67449,1,대구
20250504,3,238,68463,1,대구
20250504,4,238,62404,1,대구
20250504,5,238,54400,1,대구
20250504,6,238,75125,1,대구
20250504,7,238,66406,1,대구
20250504,8,238,65586,1,대구
20250504,9,238,54408,1,대구
20250504,10,238,69428,1,대구
20250504,1,239,1,60841,잠실
20250504,2,239,50854,1,잠실
20250504,3,239,54812,1,잠실
20250504,4,239,75847,1,잠실
20250504,5,239,62895,1,잠실
20250504,6,239,55844,1,잠실
20250504,7,239,51868,1,잠실
20250504,8,239,67893,1,잠실
20250504,9,239,51865,1,잠실
20250504,10,239,67900,1,잠실
20250504,1,239,1,55138,잠실
20250504,2,239,66108,1,잠실
20250504,3,239,68119,1,잠실
20250504,4,239,76290,1,잠실
20250504,5,239,69102,1,잠실
20250504,6,239,79365,1,잠실
20250504,7,239,79109,1,잠실
20250504,8,239,54156,1,잠실
20250504,9,239,62415,1,잠실
20250504,10,239,69100,1,잠실
20250504,1,240,1,66018,수원
20250504,2,240,74163,1,수원
20250504,3,240,65357,1,수원
20250504,4,240,54444,1,수원
20250504,5,240,76267,1,수원
20250504,6,240,52366,1,수원
20250504,7,240,54307,1,수원
20250504,8,240,64984,1,수원
20250504,9,240,62332,1,수원
20250504,10,240,55392,1,수원
20250504,1,240,1,69032,수원
20250504,2,240,64004,1,수원
20250504,3,240,76313,1,수원
20250504,4,240,67025,1,수원
20250504,5,240,52001,1,수원
20250504,6,240,68050,1,수원
20250504,7,240,51003,1,수원
20250504,8,240,50054,1,수원
20250504,9,240,64007,1,수원
20250504,10,240,50066,1,수원
20250505,1,241,1,77637,고척
20250505,2,241,64646,1,고척
20250505,3,241,55645,1,고척
20250505,4,241,52605,1,고척
20250505,5,241,72443,1,고척
20250505,6,241,78603,1,고척
20250505,7,241,69636,1,고척
20250505,8,241,68646,1,고척
20250505,9,241,53659,1,고척
20250505,10,241,67609,1,고척
20250505,1,241,1,54319,고척
20250505,2,241,74163,1,고척
20250505,3,241,54444,1,고척
20250505,4,241,76267,1,고척
20250505,5,241,52366,1,고척
20250505,6,241,65357,1,고척
20250505,7,241,78756,1,고척
20250505,8,241,54394,1,고척
20250505,9,241,62332,1,고척
20250505,10,241,55392,1,고척
20250505,1,242,1,51111,잠실
20250505,2,242,66108,1,잠실
20250505,3,242,68110,1,잠실
20250505,4,242,53123,1,잠실
20250505,5,242,69102,1,잠실
20250505,6,242,79109,1,잠실
20250505,7,242,52121,1,잠실
20250505,8,242,69100,1,잠실
20250505,9,242,62415,1,잠실
20250505,10,242,52154,1,잠실
20250505,1,242,1,55257,잠실
20250505,2,242,79231,1,잠실
20250505,3,242,55208,1,잠실
20250505,4,242,76232,1,잠실
20250505,5,242,78224,1,잠실
20250505,6,242,64153,1,잠실
20250505,7,242,63123,1,잠실
20250505,8,242,63257,1,잠실
20250505,9,242,50208,1,잠실
20250505,10,242,66928,1,잠실
20250505,1,243,1,55912,수원
20250505,2,243,63963,1,수원
20250505,3,243,51907,1,수원
20250505,4,243,62907,1,수원
20250505,5,243,54944,1,수원
20250505,6,243,77532,1,수원
20250505,7,243,68912,1,수원
20250505,8,243,51344,1,수원
20250505,9,243,67905,1,수원
20250505,10,243,64101,1,수원
20250505,1,243,1,64768,수원
20250505,2,243,76313,1,수원
20250505,3,243,64004,1,수원
20250505,4,243,67025,1,수원
20250505,5,243,52001,1,수원
20250505,6,243,78548,1,수원
20250505,7,243,51003,1,수원
20250505,8,243,64166,1,수원
20250505,9,243,64007,1,수원
20250505,10,243,69064,1,수원
20250505,1,244,1,55855,사직
20250505,2,244,50854,1,사직
20250505,3,244,54812,1,사직
20250505,4,244,75847,1,사직
20250505,5,244,62895,1,사직
20250505,6,244,55844,1,사직
20250505,7,244,51868,1,사직
20250505,8,244,76802,1,사직
20250505,9,244,51865,1,사직
20250505,10,244,66917,1,사직
20250505,1,244,1,52530,사직
20250505,2,244,50500,1,사직
20250505,3,244,69517,1,사직
20250505,4,244,54529,1,사직
20250505,5,244,51551,1,사직
20250505,6,244,52591,1,사직
20250505,7,244,78513,1,사직
20250505,8,244,50150,1,사직
20250505,9,244,61102,1,사직
20250505,10,244,54598,1,사직
20250505,1,245,1,65320,대전
20250505,2,245,52415,1,대전
20250505,3,245,67449,1,대전
20250505,4,245,62404,1,대전
20250505,5,245,54400,1,대전
20250505,6,245,74540,1,대전
20250505,7,245,75125,1,대전
20250505,8,245,62234,1,대전
20250505,9,245,65586,1,대전
20250505,10,245,66409,1,대전
20250505,1,245,1,54755,대전
20250505,2,245,50707,1,대전
20250505,3,245,55734,1,대전
20250505,4,245,53764,1,대전
20250505,5,245,69737,1,대전
20250505,6,245,79192,1,대전
20250505,7,245,66657,1,대전
20250505,8,245,54795,1,대전
20250505,9,245,76812,1,대전
20250505,10,245,64006,1,대전
20250506,1,246,1,69745,고척
20250506,2,246,64646,1,고척
20250506,3,246,55645,1,고척
20250506,4,246,52605,1,고척
20250506,5,246,72443,1,고척
20250506,6,246,78603,1,고척
20250506,7,246,69636,1,고척
20250506,8,246,68646,1,고척
20250506,9,246,53659,1,고척
20250506,10,246,67609,1,고척
20250506,1,246,1,69360,고척
20250506,2,246,65357,1,고척
20250506,3,246,76267,1,고척
20250506,4,246,54444,1,고척
20250506,5,246,52366,1,고척
20250506,6,246,64984,1,고척
20250506,7,246,55392,1,고척
20250506,8,246,78135,1,고척
20250506,9,246,53344,1,고척
20250506,10,246,74163,1,고척
20250506,1,247,1,55146,잠실
20250506,2,247,66108,1,잠실
20250506,3,247,62415,1,잠실
20250506,4,247,53123,1,잠실
20250506,5,247,69102,1,잠실
20250506,6,247,79365,1,잠실
20250506,7,247,76290,1,잠실
20250506,8,247,79109,1,잠실
20250506,9,247,68119,1,잠실
20250506,10,247,65207,1,잠실
20250506,1,247,1,67263,잠실
20250506,2,247,79231,1,잠실
20250506,3,247,63257,1,잠실
20250506,4,247,76232,1,잠실
20250506,5,247,78224,1,잠실
20250506,6,247,64153,1,잠실
20250506,7,247,50208,1,잠실
20250506,8,247,63123,1,잠실
20250506,9,247,66928,1,잠실
20250506,10,247,66209,1,잠실
20250506,1,248,1,55903,수원
20250506,2,248,63963,1,수원
20250506,3,248,51907,1,수원
20250506,4,248,62907,1,수원
20250506,5,248,54944,1,수원
20250506,6,248,68912,1,수원
20250506,7,248,51344,1,수원
20250506,8,248,67905,1,수원
20250506,9,248,50902,1,수원
20250506,10,248,64101,1,수원
20250506,1,248,1,54354,수원
20250506,2,248,64004,1,수원
20250506,3,248,76313,1,수원
20250506,4,248,67025,1,수원
20250506,5,248,52001,1,수원
20250506,6,248,68050,1,수원
20250506,7,248,51003,1,수원
20250506,8,248,50054,1,수원
20250506,9,248,64007,1,수원
20250506,10,248,50066,1,수원
20250506,1,249,1,62869,사직
20250506,2,249,50854,1,사직
20250506,3,249,54812,1,사직
20250506,4,249,75847,1,사직
20250506,5,249,62895,1,사직
20250506,6,249,55844,1,사직
20250506,7,249,67893,1,사직
20250506,8,249,51868,1,사직
20250506,9,249,76802,1,사직
20250506,10,249,51865,1,사직
20250506,1,249,1,64021,사직
20250506,2,249,52591,1,사직
20250506,3,249,69517,1,사직
20250506,4,249,54529,1,사직
20250506,5,249,51551,1,사직
20250506,6,249,78513,1,사직
20250506,7,249,50150,1,사직
20250506,8,249,60523,1,사직
20250506,9,249,61102,1,사직
20250506,10,249,54598,1,사직
20250506,1,250,1,69446,대전
20250506,2,250,52415,1,대전
20250506,3,250,67449,1,대전
20250506,4,250,62404,1,대전
20250506,5,250,74540,1,대전
20250506,6,250,54400,1,대전
20250506,7,250,62234,1,대전
20250506,8,250,75125,1,대전
20250506,9,250,66409,1,대전
20250506,10,250,66406,1,대전
20250506,1,250,1,76715,대전
20250506,2,250,50707,1,대전
20250506,3,250,55734,1,대전
20250506,4,250,53764,1,대전
20250506,5,250,69737,1,대전
20250506,6,250,79192,1,대전
20250506,7,250,66657,1,대전
20250506,8,250,54795,1,대전
20250506,9,250,78288,1,대전
20250506,10,250,64006,1,대전
20250507,1,251,1,52641,고척
20250507,2,251,64646,1,고척
20250507,3,251,78603,1,고척
20250507,4,251,52605,1,고척
20250507,5,251,55645,1,고척
20250507,6,251,63260,1,고척
20250507,7,251,69727,1,고척
20250507,8,251,53659,1,고척
20250507,9,251,63722,1,고척
20250507,10,251,67609,1,고척
20250507,1,251,1,55322,고척
20250507,2,251,65357,1,고척
20250507,3,251,76267,1,고척
20250507,4,251,52366,1,고척
20250507,5,251,54444,1,고척
20250507,6,251,65898,1,고척
20250507,7,251,64984,1,고척
20250507,8,251,62332,1,고척
20250507,9,251,55392,1,고척
20250507,10,251,74163,1,고척
20250507,1,252,1,68419,잠실
20250507,2,252,66108,1,잠실
20250507,3,252,62415,1,잠실
20250507,4,252,79365,1,잠실
20250507,5,252,69102,1,잠실
20250507,6,252,76290,1,잠실
20250507,7,252,68110,1,잠실
20250507,8,252,68119,1,잠실
20250507,9,252,69100,1,잠실
20250507,10,252,65207,1,잠실
20250507,1,252,1,55239,잠실
20250507,2,252,79231,1,잠실
20250507,3,252,55208,1,잠실
20250507,4,252,76232,1,잠실
20250507,5,252,78224,1,잠실
20250507,6,252,64153,1,잠실
20250507,7,252,50208,1,잠실
20250507,8,252,63123,1,잠실
20250507,9,252,66112,1,잠실
20250507,10,252,66928,1,잠실
20250507,1,253,1,53973,수원
20250507,2,253,50996,1,수원
20250507,3,253,51907,1,수원
20250507,4,253,62907,1,수원
20250507,5,253,54944,1,수원
20250507,6,253,77532,1,수원
20250507,7,253,64101,1,수원
20250507,8,253,67905,1,수원
20250507,9,253,62244,1,수원
20250507,10,253,66965,1,수원
20250507,1,253,1,50030,수원
20250507,2,253,64004,1,수원
20250507,3,253,76313,1,수원
20250507,4,253,67025,1,수원
20250507,5,253,52001,1,수원
20250507,6,253,68050,1,수원
20250507,7,253,51003,1,수원
20250507,8,253,50054,1,수원
20250507,9,253,64007,1,수원
20250507,10,253,68089,1,수원
20250507,1,254,1,53898,사직
20250507,2,254,60558,1,사직
20250507,3,254,76802,1,사직
20250507,4,254,75847,1,사직
20250507,5,254,55844,1,사직
20250507,6,254,62895,1,사직
20250507,7,254,51868,1,사직
20250507,8,254,67893,1,사직
20250507,9,254,51865,1,사직
20250507,10,254,66917,1,사직
20250507,1,254,1,55536,사직
20250507,2,254,52591,1,사직
20250507,3,254,69517,1,사직
20250507,4,254,54529,1,사직
20250507,5,254,51551,1,사직
20250507,6,254,78513,1,사직
20250507,7,254,50150,1,사직
20250507,8,254,60523,1,사직
20250507,9,254,54598,1,사직
20250507,10,254,68518,1,사직
20250507,1,255,1,51454,대전
20250507,2,255,67449,1,대전
20250507,3,255,54408,1,대전
20250507,4,255,66409,1,대전
20250507,5,255,54400,1,대전
20250507,6,255,62234,1,대전
20250507,7,255,65132,1,대전
20250507,8,255,52415,1,대전
20250507,9,255,66406,1,대전
20250507,10,255,69207,1,대전
20250507,1,255,1,52701,대전
20250507,2,255,50707,1,대전
20250507,3,255,55734,1,대전
20250507,4,255,53764,1,대전
20250507,5,255,69737,1,대전
20250507,6,255,79192,1,대전
20250507,7,255,66657,1,대전
20250507,8,255,54795,1,대전
20250507,9,255,78288,1,대전
20250507,10,255,64006,1,대전
20250509,1,260,1,65056,고척
20250509,2,260,54795,1,고척
20250509,3,260,55734,1,고척
20250509,4,260,53764,1,고척
20250509,5,260,69737,1,고척
20250509,6,260,79192,1,고척
20250509,7,260,66657,1,고척
20250509,8,260,50707,1,고척
20250509,9,260,76812,1,고척
20250509,10,260,64006,1,고척
20250509,1,260,1,64350,고척
20250509,2,260,65357,1,고척
20250509,3,260,76267,1,고척
20250509,4,260,50167,1,고척
20250509,5,260,54444,1,고척
20250509,6,260,64346,1,고척
20250509,7,260,64984,1,고척
20250509,8,260,52366,1,고척
20250509,9,260,62332,1,고척
20250509,10,260,55392,1,고척
20250510,1,266,1,64646,문학
20250510,2,266,55645,1,문학
20250510,3,266,52605,1,문학
20250510,4,266,72443,1,문학
20250510,5,266,78603,1,문학
20250510,6,266,63260,1,문학
20250510,7,266,69636,1,문학
20250510,8,266,68646,1,문학
20250510,9,266,67609,1,문학
20250510,1,266,1,50854,문학
20250510,2,266,67893,1,문학
20250510,3,266,75847,1,문학
20250510,4,266,62895,1,문학
20250510,5,266,55844,1,문학
20250510,6,266,51868,1,문학
20250510,7,266,51865,1,문학
20250510,8,266,54812,1,문학
20250510,9,266,66917,1,문학
20250510,1,267,1,52591,수원
20250510,2,267,69517,1,수원
20250510,3,267,54529,1,수원
20250510,4,267,51551,1,수원
20250510,5,267,78513,1,수원
20250510,6,267,50150,1,수원
20250510,7,267,61102,1,수원
20250510,8,267,68507,1,수원
20250510,9,267,54598,1,수원
20250510,1,267,1,64004,수원
20250510,2,267,76313,1,수원
20250510,3,267,67025,1,수원
20250510,4,267,52001,1,수원
20250510,5,267,68050,1,수원
20250510,6,267,78548,1,수원
20250510,7,267,51003,1,수원
20250510,8,267,64007,1,수원
20250510,9,267,50054,1,수원
20250510,1,268,1,63963,잠실
20250510,2,268,51907,1,잠실
20250510,3,268,62907,1,잠실
20250510,4,268,54944,1,잠실
20250510,5,268,77532,1,잠실
20250510,6,268,79215,1,잠실
20250510,7,268,68912,1,잠실
20250510,8,268,51344,1,잠실
20250510,9,268,67905,1,잠실
20250510,1,268,1,79231,잠실
20250510,2,268,55208,1,잠실
20250510,3,268,76232,1,잠실
20250510,4,268,78224,1,잠실
20250510,5,268,64153,1,잠실
20250510,6,268,50208,1,잠실
20250510,7,268,63123,1,잠실
20250510,8,268,63257,1,잠실
20250510,9,268,66928,1,잠실
20250510,1,264,1,55730,고척
20250510,2,264,54795,1,고척
20250510,3,264,55734,1,고척
20250510,4,264,53764,1,고척
20250510,5,264,69737,1,고척
20250510,6,264,79192,1,고척
20250510,7,264,66657,1,고척
20250510,8,264,66704,1,고척
20250510,9,264,78288,1,고척
20250510,10,264,64006,1,고척
20250510,1,264,1,66018,고척
20250510,2,264,65357,1,고척
20250510,3,264,52366,1,고척
20250510,4,264,50167,1,고척
20250510,5,264,76267,1,고척
20250510,6,264,54444,1,고척
20250510,7,264,64984,1,고척
20250510,8,264,64346,1,고척
20250510,9,264,62332,1,고척
20250510,10,264,53309,1,고척
20250510,1,265,1,67143,대구
20250510,2,265,66108,1,대구
20250510,3,265,62415,1,대구
20250510,4,265,79365,1,대구
20250510,5,265,69102,1,대구
20250510,6,265,76290,1,대구
20250510,7,265,79109,1,대구
20250510,8,265,68119,1,대구
20250510,9,265,67504,1,대구
20250510,10,265,69100,1,대구
20250510,1,265,1,53375,대구
20250510,2,265,52415,1,대구
20250510,3,265,67449,1,대구
20250510,4,265,62404,1,대구
20250510,5,265,74540,1,대구
20250510,6,265,54400,1,대구
20250510,7,265,66409,1,대구
20250510,8,265,75125,1,대구
20250510,9,265,62234,1,대구
20250510,10,265,65586,1,대구
20250510,1,269,1,61101,대구
20250510,2,269,66108,1,대구
20250510,3,269,62415,1,대구
20250510,4,269,68119,1,대구
20250510,5,269,69102,1,대구
20250510,6,269,76290,1,대구
20250510,7,269,79109,1,대구
20250510,8,269,79365,1,대구
20250510,9,269,67504,1,대구
20250510,10,269,65207,1,대구
20250510,1,269,1,54443,대구
20250510,2,269,67449,1,대구
20250510,3,269,68463,1,대구
20250510,4,269,62404,1,대구
20250510,5,269,54400,1,대구
20250510,6,269,52415,1,대구
20250510,7,269,66409,1,대구
20250510,8,269,65132,1,대구
20250510,9,269,65586,1,대구
20250510,10,269,54408,1,대구
20250511,1,270,1,54755,고척
20250511,2,270,54795,1,고척
20250511,3,270,55734,1,고척
20250511,4,270,53764,1,고척
20250511,5,270,69737,1,고척
20250511,6,270,79192,1,고척
20250511,7,270,66657,1,고척
20250511,8,270,66704,1,고척
20250511,9,270,76812,1,고척
20250511,10,270,65703,1,고척
20250511,1,270,1,54319,고척
20250511,2,270,65357,1,고척
20250511,3,270,76267,1,고척
20250511,4,270,50167,1,고척
20250511,5,270,52366,1,고척
20250511,6,270,54444,1,고척
20250511,7,270,64984,1,고척
20250511,8,270,50357,1,고척
20250511,9,270,62332,1,고척
20250511,10,270,55397,1,고척
20250511,1,271,1,54640,문학
20250511,2,271,64646,1,문학
20250511,3,271,55645,1,문학
20250511,4,271,52605,1,문학
20250511,5,271,72443,1,문학
20250511,6,271,78603,1,문학
20250511,7,271,69636,1,문학
20250511,8,271,50600,1,문학
20250511,9,271,68646,1,문학
20250511,10,271,67609,1,문학
20250511,1,271,1,55855,문학
20250511,2,271,50854,1,문학
20250511,3,271,67893,1,문학
20250511,4,271,75847,1,문학
20250511,5,271,62895,1,문학
20250511,6,271,55844,1,문학
20250511,7,271,68868,1,문학
20250511,8,271,76802,1,문학
20250511,9,271,54812,1,문학
20250511,10,271,51865,1,문학
20250511,1,277,1,77637,문학
20250511,2,277,64646,1,문학
20250511,3,277,78603,1,문학
20250511,4,277,52605,1,문학
20250511,5,277,72443,1,문학
20250511,6,277,69727,1,문학
20250511,7,277,63260,1,문학
20250511,8,277,53659,1,문학
20250511,9,277,63722,1,문학
20250511,10,277,67609,1,문학
20250511,1,277,1,77829,문학
20250511,2,277,50854,1,문학
20250511,3,277,67893,1,문학
20250511,4,277,75847,1,문학
20250511,5,277,55844,1,문학
20250511,6,277,51868,1,문학
20250511,7,277,66917,1,문학
20250511,8,277,67900,1,문학
20250511,9,277,66662,1,문학
20250511,10,277,69804,1,문학
20250511,1,272,1,55138,대구
20250511,2,272,66108,1,대구
20250511,3,272,62415,1,대구
20250511,4,272,68119,1,대구
20250511,5,272,69102,1,대구
20250511,6,272,79365,1,대구
20250511,7,272,76290,1,대구
20250511,8,272,79109,1,대구
20250511,9,272,68110,1,대구
20250511,10,272,69100,1,대구
20250511,1,272,1,65320,대구
20250511,2,272,67449,1,대구
20250511,3,272,62404,1,대구
20250511,4,272,52430,1,대구
20250511,5,272,54400,1,대구
20250511,6,272,74540,1,대구
20250511,7,272,62234,1,대구
20250511,8,272,75125,1,대구
20250511,9,272,65040,1,대구
20250511,10,272,52415,1,대구
20250511,1,273,1,64021,수원
20250511,2,273,52591,1,수원
20250511,3,273,69517,1,수원
20250511,4,273,54529,1,수원
20250511,5,273,51551,1,수원
20250511,6,273,78513,1,수원
20250511,7,273,50150,1,수원
20250511,8,273,61102,1,수원
20250511,9,273,68507,1,수원
20250511,10,273,54598,1,수원
20250511,1,273,1,69032,수원
20250511,2,273,76313,1,수원
20250511,3,273,64004,1,수원
20250511,4,273,67025,1,수원
20250511,5,273,52001,1,수원
20250511,6,273,68050,1,수원
20250511,7,273,78548,1,수원
20250511,8,273,51003,1,수원
20250511,9,273,64007,1,수원
20250511,10,273,69064,1,수원
20250511,1,275,1,52530,수원
20250511,2,275,52591,1,수원
20250511,3,275,60523,1,수원
20250511,4,275,54529,1,수원
20250511,5,275,78513,1,수원
20250511,6,275,61102,1,수원
20250511,7,275,50150,1,수원
20250511,8,275,77564,1,수원
20250511,9,275,54598,1,수원
20250511,10,275,68518,1,수원
20250511,1,275,1,50859,수원
20250511,2,275,76313,1,수원
20250511,3,275,64004,1,수원
20250511,4,275,67025,1,수원
20250511,5,275,52001,1,수원
20250511,6,275,68050,1,수원
20250511,7,275,78548,1,수원
20250511,8,275,51003,1,수원
20250511,9,275,50054,1,수원
20250511,10,275,64007,1,수원
20250511,1,274,1,55912,잠실
20250511,2,274,64101,1,잠실
20250511,3,274,51907,1,잠실
20250511,4,274,63963,1,잠실
20250511,5,274,54944,1,잠실
20250511,6,274,79215,1,잠실
20250511,7,274,69995,1,잠실
20250511,8,274,67905,1,잠실
20250511,9,274,51344,1,잠실
20250511,10,274,62244,1,잠실
20250511,1,274,1,55257,잠실
20250511,2,274,79231,1,잠실
20250511,3,274,55208,1,잠실
20250511,4,274,76232,1,잠실
20250511,5,274,78224,1,잠실
20250511,6,274,64153,1,잠실
20250511,7,274,50208,1,잠실
20250511,8,274,63123,1,잠실
20250511,9,274,63257,1,잠실
20250511,10,274,66928,1,잠실
20250511,1,276,1,66920,잠실
20250511,2,276,64101,1,잠실
20250511,3,276,51907,1,잠실
20250511,4,276,77532,1,잠실
20250511,5,276,63963,1,잠실
20250511,6,276,67905,1,잠실
20250511,7,276,69995,1,잠실
20250511,8,276,51344,1,잠실
20250511,9,276,62244,1,잠실
20250511,10,276,69992,1,잠실
20250511,1,276,1,53259,잠실
20250511,2,276,79231,1,잠실
20250511,3,276,55208,1,잠실
20250511,4,276,76232,1,잠실
20250511,5,276,78224,1,잠실
20250511,6,276,64153,1,잠실
20250511,7,276,63123,1,잠실
20250511,8,276,50208,1,잠실
20250511,9,276,66112,1,잠실
20250511,10,276,66928,1,잠실
20250513,1,278,1,54354,포항
20250513,2,278,67025,1,포항
20250513,3,278,76313,1,포항
20250513,4,278,64004,1,포항
20250513,5,278,52001,1,포항
20250513,6,278,78548,1,포항
20250513,7,278,64166,1,포항
20250513,8,278,64007,1,포항
20250513,9,278,69064,1,포항
20250513,10,278,51003,1,포항
20250513,1,278,1,51454,포항
20250513,2,278,62404,1,포항
20250513,3,278,67449,1,포항
20250513,4,278,52430,1,포항
20250513,5,278,74540,1,포항
20250513,6,278,54400,1,포항
20250513,7,278,75125,1,포항
20250513,8,278,62234,1,포항
20250513,9,278,66409,1,포항
20250513,10,278,52415,1,포항
20250513,1,279,1,55536,광주
20250513,2,279,52591,1,광주
20250513,3,279,69517,1,광주
20250513,4,279,54529,1,광주
20250513,5,279,51551,1,광주
20250513,6,279,78513,1,광주
20250513,7,279,50150,1,광주
20250513,8,279,60523,1,광주
20250513,9,279,62802,1,광주
20250513,10,279,68518,1,광주
20250513,1,279,1,69745,광주
20250513,2,279,64646,1,광주
20250513,3,279,78603,1,광주
20250513,4,279,52605,1,광주
20250513,5,279,72443,1,광주
20250513,6,279,63260,1,광주
20250513,7,279,69727,1,광주
20250513,8,279,53659,1,광주
20250513,9,279,63722,1,광주
20250513,10,279,55636,1,광주
20250513,1,280,1,55903,문학
20250513,2,280,63963,1,문학
20250513,3,280,51907,1,문학
20250513,4,280,62907,1,문학
20250513,5,280,77532,1,문학
20250513,6,280,79215,1,문학
20250513,7,280,67905,1,문학
20250513,8,280,68912,1,문학
20250513,9,280,69995,1,문학
20250513,10,280,51344,1,문학
20250513,1,280,1,62869,문학
20250513,2,280,50854,1,문학
20250513,3,280,67893,1,문학
20250513,4,280,75847,1,문학
20250513,5,280,62895,1,문학
20250513,6,280,55844,1,문학
20250513,7,280,68868,1,문학
20250513,8,280,51865,1,문학
20250513,9,280,54812,1,문학
20250513,10,280,66864,1,문학
20250513,1,281,1,67263,대전
20250513,2,281,79231,1,대전
20250513,3,281,55208,1,대전
20250513,4,281,76232,1,대전
20250513,5,281,78224,1,대전
20250513,6,281,64153,1,대전
20250513,7,281,50208,1,대전
20250513,8,281,63123,1,대전
20250513,9,281,63257,1,대전
20250513,10,281,54236,1,대전
20250513,1,281,1,76715,대전
20250513,2,281,54795,1,대전
20250513,3,281,55734,1,대전
20250513,4,281,53764,1,대전
20250513,5,281,69737,1,대전
20250513,6,281,79192,1,대전
20250513,7,281,66657,1,대전
20250513,8,281,50707,1,대전
20250513,9,281,78288,1,대전
20250513,10,281,65703,1,대전
20250513,1,282,1,69360,잠실
20250513,2,282,65357,1,잠실
20250513,3,282,76267,1,잠실
20250513,4,282,50167,1,잠실
20250513,5,282,52366,1,잠실
20250513,6,282,54444,1,잠실
20250513,7,282,64984,1,잠실
20250513,8,282,78135,1,잠실
20250513,9,282,62332,1,잠실
20250513,10,282,55392,1,잠실
20250513,1,282,1,55146,잠실
20250513,2,282,66108,1,잠실
20250513,3,282,68119,1,잠실
20250513,4,282,53123,1,잠실
20250513,5,282,69102,1,잠실
20250513,6,282,79365,1,잠실
20250513,7,282,76290,1,잠실
20250513,8,282,79109,1,잠실
20250513,9,282,62415,1,잠실
20250513,10,282,69100,1,잠실
20250514,1,283,1,50030,포항
20250514,2,283,64004,1,포항
20250514,3,283,67025,1,포항
20250514,4,283,52001,1,포항
20250514,5,283,78548,1,포항
20250514,6,283,76313,1,포항
20250514,7,283,64166,1,포항
20250514,8,283,64007,1,포항
20250514,9,283,69064,1,포항
20250514,10,283,51003,1,포항
20250514,1,283,1,69446,포항
20250514,2,283,62404,1,포항
20250514,3,283,67449,1,포항
20250514,4,283,52430,1,포항
20250514,5,283,54400,1,포항
20250514,6,283,74540,1,포항
20250514,7,283,62234,1,포항
20250514,8,283,75125,1,포항
20250514,9,283,66409,1,포항
20250514,10,283,52415,1,포항
20250514,1,284,1,62363,광주
20250514,2,284,52591,1,광주
20250514,3,284,69517,1,광주
20250514,4,284,54529,1,광주
20250514,5,284,78513,1,광주
20250514,6,284,51551,1,광주
20250514,7,284,61102,1,광주
20250514,8,284,50150,1,광주
20250514,9,284,62802,1,광주
20250514,10,284,68507,1,광주
20250514,1,284,1,53613,광주
20250514,2,284,64646,1,광주
20250514,3,284,69636,1,광주
20250514,4,284,52605,1,광주
20250514,5,284,72443,1,광주
20250514,6,284,68646,1,광주
20250514,7,284,63260,1,광주
20250514,8,284,50600,1,광주
20250514,9,284,55636,1,광주
20250514,10,284,67609,1,광주
20250514,1,285,1,53973,문학
20250514,2,285,64101,1,문학
20250514,3,285,51907,1,문학
20250514,4,285,62907,1,문학
20250514,5,285,79215,1,문학
20250514,6,285,77532,1,문학
20250514,7,285,63963,1,문학
20250514,8,285,69995,1,문학
20250514,9,285,62244,1,문학
20250514,10,285,51344,1,문학
20250514,1,285,1,53898,문학
20250514,2,285,50854,1,문학
20250514,3,285,67893,1,문학
20250514,4,285,75847,1,문학
20250514,5,285,62895,1,문학
20250514,6,285,55844,1,문학
20250514,7,285,68868,1,문학
20250514,8,285,66864,1,문학
20250514,9,285,54812,1,문학
20250514,10,285,51865,1,문학
20250514,1,286,1,55239,대전
20250514,2,286,79231,1,대전
20250514,3,286,55208,1,대전
20250514,4,286,76232,1,대전
20250514,5,286,78224,1,대전
20250514,6,286,64153,1,대전
20250514,7,286,50208,1,대전
20250514,8,286,63123,1,대전
20250514,9,286,63257,1,대전
20250514,10,286,54236,1,대전
20250514,1,286,1,52701,대전
20250514,2,286,50707,1,대전
20250514,3,286,55734,1,대전
20250514,4,286,53764,1,대전
20250514,5,286,69737,1,대전
20250514,6,286,79192,1,대전
20250514,7,286,66657,1,대전
20250514,8,286,54795,1,대전
20250514,9,286,78288,1,대전
20250514,10,286,62700,1,대전
20250514,1,287,1,55322,잠실
20250514,2,287,65357,1,잠실
20250514,3,287,52366,1,잠실
20250514,4,287,54444,1,잠실
20250514,5,287,76267,1,잠실
20250514,6,287,78135,1,잠실
20250514,7,287,64984,1,잠실
20250514,8,287,64346,1,잠실
20250514,9,287,62332,1,잠실
20250514,10,287,55392,1,잠실
20250514,1,287,1,51111,잠실
20250514,2,287,62415,1,잠실
20250514,3,287,68119,1,잠실
20250514,4,287,53123,1,잠실
20250514,5,287,69102,1,잠실
20250514,6,287,76290,1,잠실
20250514,7,287,79109,1,잠실
20250514,8,287,68110,1,잠실
20250514,9,287,69100,1,잠실
20250514,10,287,52154,1,잠실
20250515,1,288,1,64001,포항
20250515,2,288,64004,1,포항
20250515,3,288,67025,1,포항
20250515,4,288,52001,1,포항
20250515,5,288,78548,1,포항
20250515,6,288,76313,1,포항
20250515,7,288,66706,1,포항
20250515,8,288,79402,1,포항
20250515,9,288,51003,1,포항
20250515,10,288,64007,1,포항
20250515,1,288,1,53375,포항
20250515,2,288,62404,1,포항
20250515,3,288,67449,1,포항
20250515,4,288,62234,1,포항
20250515,5,288,54400,1,포항
20250515,6,288,74540,1,포항
20250515,7,288,65586,1,포항
20250515,8,288,52430,1,포항
20250515,9,288,66409,1,포항
20250515,10,288,52415,1,포항
20250515,1,289,1,67539,광주
20250515,2,289,52591,1,광주
20250515,3,289,69517,1,광주
20250515,4,289,54529,1,광주
20250515,5,289,78513,1,광주
20250515,6,289,51551,1,광주
20250515,7,289,50150,1,광주
20250515,8,289,62802,1,광주
20250515,9,289,68507,1,광주
20250515,10,289,68518,1,광주
20250515,1,289,1,55633,광주
20250515,2,289,64646,1,광주
20250515,3,289,69636,1,광주
20250515,4,289,52605,1,광주
20250515,5,289,72443,1,광주
20250515,6,289,78603,1,광주
20250515,7,289,63260,1,광주
20250515,8,289,68646,1,광주
20250515,9,289,65653,1,광주
20250515,10,289,66606,1,광주
20250515,1,290,1,68902,문학
20250515,2,290,64101,1,문학
20250515,3,290,51907,1,문학
20250515,4,290,62907,1,문학
20250515,5,290,79215,1,문학
20250515,6,290,77532,1,문학
20250515,7,290,69995,1,문학
20250515,8,290,68912,1,문학
20250515,9,290,51344,1,문학
20250515,10,290,69992,1,문학
20250515,1,290,1,54833,문학
20250515,2,290,50854,1,문학
20250515,3,290,67893,1,문학
20250515,4,290,75847,1,문학
20250515,5,290,62895,1,문학
20250515,6,290,55844,1,문학
20250515,7,290,68868,1,문학
20250515,8,290,66864,1,문학
20250515,9,290,66917,1,문학
20250515,10,290,51865,1,문학
20250515,1,291,1,51264,대전
20250515,2,291,55208,1,대전
20250515,3,291,68362,1,대전
20250515,4,291,76232,1,대전
20250515,5,291,78224,1,대전
20250515,6,291,64153,1,대전
20250515,7,291,50208,1,대전
20250515,8,291,63123,1,대전
20250515,9,291,54236,1,대전
20250515,10,291,66209,1,대전
20250515,1,291,1,65056,대전
20250515,2,291,68700,1,대전
20250515,3,291,55734,1,대전
20250515,4,291,53764,1,대전
20250515,5,291,69737,1,대전
20250515,6,291,79192,1,대전
20250515,7,291,66657,1,대전
20250515,8,291,54795,1,대전
20250515,9,291,76812,1,대전
20250515,10,291,65703,1,대전
20250515,1,292,1,64350,잠실
20250515,2,292,65357,1,잠실
20250515,3,292,76267,1,잠실
20250515,4,292,50167,1,잠실
20250515,5,292,52366,1,잠실
20250515,6,292,54444,1,잠실
20250515,7,292,64984,1,잠실
20250515,8,292,50357,1,잠실
20250515,9,292,62332,1,잠실
20250515,10,292,55397,1,잠실
20250515,1,292,1,61101,잠실
20250515,2,292,62415,1,잠실
20250515,3,292,76290,1,잠실
20250515,4,292,53123,1,잠실
20250515,5,292,69102,1,잠실
20250515,6,292,79365,1,잠실
20250515,7,292,79109,1,잠실
20250515,8,292,68110,1,잠실
20250515,9,292,50108,1,잠실
20250515,10,292,69100,1,잠실
20250517,1,298,1,50859,잠실
20250517,2,298,76313,1,잠실
20250517,3,298,64004,1,잠실
20250517,4,298,52001,1,잠실
20250517,5,298,78548,1,잠실
20250517,6,298,67025,1,잠실
20250517,7,298,79402,1,잠실
20250517,8,298,64007,1,잠실
20250517,9,298,64166,1,잠실
20250517,10,298,69056,1,잠실
20250517,1,298,1,67143,잠실
20250517,2,298,62415,1,잠실
20250517,3,298,68110,1,잠실
20250517,4,298,53123,1,잠실
20250517,5,298,69102,1,잠실
20250517,6,298,79365,1,잠실
20250517,7,298,76290,1,잠실
20250517,8,298,79109,1,잠실
20250517,9,298,69100,1,잠실
20250517,10,298,52103,1,잠실
20250517,1,307,1,69032,잠실
20250517,2,307,76313,1,잠실
20250517,3,307,68050,1,잠실
20250517,4,307,52001,1,잠실
20250517,5,307,78548,1,잠실
20250517,6,307,67025,1,잠실
20250517,7,307,66706,1,잠실
20250517,8,307,64007,1,잠실
20250517,9,307,51003,1,잠실
20250517,10,307,69056,1,잠실
20250517,1,307,1,55138,잠실
20250517,2,307,62415,1,잠실
20250517,3,307,50108,1,잠실
20250517,4,307,53123,1,잠실
20250517,5,307,69102,1,잠실
20250517,6,307,79365,1,잠실
20250517,7,307,76290,1,잠실
20250517,8,307,79109,1,잠실
20250517,9,307,68110,1,잠실
20250517,10,307,69100,1,잠실
20250517,1,299,1,55257,광주
20250517,2,299,79231,1,광주
20250517,3,299,55208,1,광주
20250517,4,299,76232,1,광주
20250517,5,299,78224,1,광주
20250517,6,299,64153,1,광주
20250517,7,299,50208,1,광주
20250517,8,299,63123,1,광주
20250517,9,299,54236,1,광주
20250517,10,299,66209,1,광주
20250517,1,299,1,54640,광주
20250517,2,299,64646,1,광주
20250517,3,299,78603,1,광주
20250517,4,299,52605,1,광주
20250517,5,299,72443,1,광주
20250517,6,299,63260,1,광주
20250517,7,299,69727,1,광주
20250517,8,299,66606,1,광주
20250517,9,299,78122,1,광주
20250517,10,299,65653,1,광주
20250517,1,305,1,55267,광주
20250517,2,305,55208,1,광주
20250517,3,305,50208,1,광주
20250517,4,305,76232,1,광주
20250517,5,305,64153,1,광주
20250517,6,305,78224,1,광주
20250517,7,305,66112,1,광주
20250517,8,305,63123,1,광주
20250517,9,305,54236,1,광주
20250517,10,305,66209,1,광주
20250517,1,305,1,77637,광주
20250517,2,305,69636,1,광주
20250517,3,305,66606,1,광주
20250517,4,305,52605,1,광주
20250517,5,305,72443,1,광주
20250517,6,305,78603,1,광주
20250517,7,305,68646,1,광주
20250517,8,305,66614,1,광주
20250517,9,305,65653,1,광주
20250517,10,305,67609,1,광주
20250517,1,300,1,77829,대전
20250517,2,300,50854,1,대전
20250517,3,300,67893,1,대전
20250517,4,300,75847,1,대전
20250517,5,300,62895,1,대전
20250517,6,300,55844,1,대전
20250517,7,300,68868,1,대전
20250517,8,300,66864,1,대전
20250517,9,300,54812,1,대전
20250517,10,300,66662,1,대전
20250517,1,300,1,55730,대전
20250517,2,300,66704,1,대전
20250517,3,300,55734,1,대전
20250517,4,300,53764,1,대전
20250517,5,300,69737,1,대전
20250517,6,300,79192,1,대전
20250517,7,300,66657,1,대전
20250517,8,300,65703,1,대전
20250517,9,300,78288,1,대전
20250517,10,300,54795,1,대전
20250517,1,303,1,55855,대전
20250517,2,303,50854,1,대전
20250517,3,303,67893,1,대전
20250517,4,303,75847,1,대전
20250517,5,303,55844,1,대전
20250517,6,303,51868,1,대전
20250517,7,303,68868,1,대전
20250517,8,303,66864,1,대전
20250517,9,303,54812,1,대전
20250517,10,303,51865,1,대전
20250517,1,303,1,54755,대전
20250517,2,303,66704,1,대전
20250517,3,303,55734,1,대전
20250517,4,303,53764,1,대전
20250517,5,303,69737,1,대전
20250517,6,303,79192,1,대전
20250517,7,303,66657,1,대전
20250517,8,303,65703,1,대전
20250517,9,303,76812,1,대전
20250517,10,303,62700,1,대전
20250517,1,301,1,54443,사직
20250517,2,301,62404,1,사직
20250517,3,301,67449,1,사직
20250517,4,301,74540,1,사직
20250517,5,301,54400,1,사직
20250517,6,301,52430,1,사직
20250517,7,301,62234,1,사직
20250517,8,301,61404,1,사직
20250517,9,301,66409,1,사직
20250517,10,301,52415,1,사직
20250517,1,301,1,64021,사직
20250517,2,301,68507,1,사직
20250517,3,301,69517,1,사직
20250517,4,301,54529,1,사직
20250517,5,301,78513,1,사직
20250517,6,301,51551,1,사직
20250517,7,301,52591,1,사직
20250517,8,301,61102,1,사직
20250517,9,301,50150,1,사직
20250517,10,301,54598,1,사직
20250517,1,306,1,65320,사직
20250517,2,306,62404,1,사직
20250517,3,306,67449,1,사직
20250517,4,306,62234,1,사직
20250517,5,306,54400,1,사직
20250517,6,306,66409,1,사직
20250517,7,306,61404,1,사직
20250517,8,306,52430,1,사직
20250517,9,306,65132,1,사직
20250517,10,306,52415,1,사직
20250517,1,306,1,52530,사직
20250517,2,306,68507,1,사직
20250517,3,306,69517,1,사직
20250517,4,306,54529,1,사직
20250517,5,306,78513,1,사직
20250517,6,306,52591,1,사직
20250517,7,306,68205,1,사직
20250517,8,306,61102,1,사직
20250517,9,306,60523,1,사직
20250517,10,306,77564,1,사직
20250517,1,302,1,66018,울산
20250517,2,302,52366,1,울산
20250517,3,302,65357,1,울산
20250517,4,302,54444,1,울산
20250517,5,302,78135,1,울산
20250517,6,302,76267,1,울산
20250517,7,302,78756,1,울산
20250517,8,302,64346,1,울산
20250517,9,302,62332,1,울산
20250517,10,302,54394,1,울산
20250517,1,302,1,55912,울산
20250517,2,302,64101,1,울산
20250517,3,302,51907,1,울산
20250517,4,302,62907,1,울산
20250517,5,302,79215,1,울산
20250517,6,302,63963,1,울산
20250517,7,302,69995,1,울산
20250517,8,302,67905,1,울산
20250517,9,302,68912,1,울산
20250517,10,302,50903,1,울산
20250517,1,304,1,54368,울산
20250517,2,304,52366,1,울산
20250517,3,304,65357,1,울산
20250517,4,304,54444,1,울산
20250517,5,304,78135,1,울산
20250517,6,304,76267,1,울산
20250517,7,304,53344,1,울산
20250517,8,304,50167,1,울산
20250517,9,304,54394,1,울산
20250517,10,304,64984,1,울산
20250517,1,304,1,66920,울산
20250517,2,304,69992,1,울산
20250517,3,304,77532,1,울산
20250517,4,304,62907,1,울산
20250517,5,304,79215,1,울산
20250517,6,304,69995,1,울산
20250517,7,304,67905,1,울산
20250517,8,304,62244,1,울산
20250517,9,304,51344,1,울산
20250517,10,304,50902,1,울산
20250518,1,308,1,54354,잠실
20250518,2,308,76313,1,잠실
20250518,3,308,64004,1,잠실
20250518,4,308,52001,1,잠실
20250518,5,308,78548,1,잠실
20250518,6,308,67025,1,잠실
20250518,7,308,68050,1,잠실
20250518,8,308,79402,1,잠실
20250518,9,308,64007,1,잠실
20250518,10,308,69056,1,잠실
20250518,1,308,1,55146,잠실
20250518,2,308,62415,1,잠실
20250518,3,308,76290,1,잠실
20250518,4,308,53123,1,잠실
20250518,5,308,69102,1,잠실
20250518,6,308,79365,1,잠실
20250518,7,308,79109,1,잠실
20250518,8,308,68110,1,잠실
20250518,9,308,69100,1,잠실
20250518,10,308,50108,1,잠실
20250518,1,309,1,67263,광주
20250518,2,309,79231,1,광주
20250518,3,309,55208,1,광주
20250518,4,309,76232,1,광주
20250518,5,309,78224,1,광주
20250518,6,309,64153,1,광주
20250518,7,309,50208,1,광주
20250518,8,309,63123,1,광주
20250518,9,309,54236,1,광주
20250518,10,309,66209,1,광주
20250518,1,309,1,69745,광주
20250518,2,309,66606,1,광주
20250518,3,309,64646,1,광주
20250518,4,309,52605,1,광주
20250518,5,309,72443,1,광주
20250518,6,309,69636,1,광주
20250518,7,309,50600,1,광주
20250518,8,309,66614,1,광주
20250518,9,309,78122,1,광주
20250518,10,309,67609,1,광주
20250518,1,310,1,62869,대전
20250518,2,310,54812,1,대전
20250518,3,310,67893,1,대전
20250518,4,310,75847,1,대전
20250518,5,310,62895,1,대전
20250518,6,310,51868,1,대전
20250518,7,310,55844,1,대전
20250518,8,310,66864,1,대전
20250518,9,310,51865,1,대전
20250518,10,310,69804,1,대전
20250518,1,310,1,76715,대전
20250518,2,310,66704,1,대전
20250518,3,310,55734,1,대전
20250518,4,310,53764,1,대전
20250518,5,310,69737,1,대전
20250518,6,310,66657,1,대전
20250518,7,310,52769,1,대전
20250518,8,310,62700,1,대전
20250518,9,310,78288,1,대전
20250518,10,310,54795,1,대전
20250518,1,311,1,51454,사직
20250518,2,311,67449,1,사직
20250518,3,311,61404,1,사직
20250518,4,311,62404,1,사직
20250518,5,311,54400,1,사직
20250518,6,311,66409,1,사직
20250518,7,311,52415,1,사직
20250518,8,311,52430,1,사직
20250518,9,311,65586,1,사직
20250518,10,311,69428,1,사직
20250518,1,311,1,55536,사직
20250518,2,311,68507,1,사직
20250518,3,311,69517,1,사직
20250518,4,311,54529,1,사직
20250518,5,311,78513,1,사직
20250518,6,311,68205,1,사직
20250518,7,311,52591,1,사직
20250518,8,311,60523,1,사직
20250518,9,311,77564,1,사직
20250518,10,311,68518,1,사직
20250518,1,312,1,69360,울산
20250518,2,312,65357,1,울산
20250518,3,312,52366,1,울산
20250518,4,312,76267,1,울산
20250518,5,312,54444,1,울산
20250518,6,312,78135,1,울산
20250518,7,312,50167,1,울산
20250518,8,312,64984,1,울산
20250518,9,312,62332,1,울산
20250518,10,312,55397,1,울산
20250518,1,312,1,55903,울산
20250518,2,312,63963,1,울산
20250518,3,312,51907,1,울산
20250518,4,312,62907,1,울산
20250518,5,312,79215,1,울산
20250518,6,312,77532,1,울산
20250518,7,312,68912,1,울산
20250518,8,312,69995,1,울산
20250518,9,312,51344,1,울산
20250518,10,312,69992,1,울산
20250520,1,313,1,52701,울산
20250520,2,313,66704,1,울산
20250520,3,313,55734,1,울산
20250520,4,313,53764,1,울산
20250520,5,313,69737,1,울산
20250520,6,313,79192,1,울산
20250520,7,313,66657,1,울산
20250520,8,313,62700,1,울산
20250520,9,313,78288,1,울산
20250520,10,313,54795,1,울산
20250520,1,313,1,53973,울산
20250520,2,313,63963,1,울산
20250520,3,313,51907,1,울산
20250520,4,313,62907,1,울산
20250520,5,313,79215,1,울산
20250520,6,313,77532,1,울산
20250520,7,313,68912,1,울산
20250520,8,313,69995,1,울산
20250520,9,313,51344,1,울산
20250520,10,313,67905,1,울산
20250520,1,314,1,53613,수원
20250520,2,314,64646,1,수원
20250520,3,314,69636,1,수원
20250520,4,314,52605,1,수원
20250520,5,314,72443,1,수원
20250520,6,314,78603,1,수원
20250520,7,314,63260,1,수원
20250520,8,314,66606,1,수원
20250520,9,314,68646,1,수원
20250520,10,314,65653,1,수원
20250520,1,314,1,64768,수원
20250520,2,314,76313,1,수원
20250520,3,314,64004,1,수원
20250520,4,314,52001,1,수원
20250520,5,314,78548,1,수원
20250520,6,314,67025,1,수원
20250520,7,314,68050,1,수원
20250520,8,314,79402,1,수원
20250520,9,314,64007,1,수원
20250520,10,314,69056,1,수원
20250520,1,315,1,51111,사직
20250520,2,315,62415,1,사직
20250520,3,315,68119,1,사직
20250520,4,315,76290,1,사직
20250520,5,315,69102,1,사직
20250520,6,315,79109,1,사직
20250520,7,315,68110,1,사직
20250520,8,315,69100,1,사직
20250520,9,315,50108,1,사직
20250520,10,315,52154,1,사직
20250520,1,315,1,67588,사직
20250520,2,315,68507,1,사직
20250520,3,315,69517,1,사직
20250520,4,315,54529,1,사직
20250520,5,315,78513,1,사직
20250520,6,315,68205,1,사직
20250520,7,315,51551,1,사직
20250520,8,315,52591,1,사직
20250520,9,315,61102,1,사직
20250520,10,315,50150,1,사직
20250520,1,316,1,52809,잠실
20250520,2,316,50854,1,잠실
20250520,3,316,54812,1,잠실
20250520,4,316,75847,1,잠실
20250520,5,316,51868,1,잠실
20250520,6,316,55844,1,잠실
20250520,7,316,66864,1,잠실
20250520,8,316,51865,1,잠실
20250520,9,316,68868,1,잠실
20250520,10,316,69804,1,잠실
20250520,1,316,1,55239,잠실
20250520,2,316,79231,1,잠실
20250520,3,316,55208,1,잠실
20250520,4,316,76232,1,잠실
20250520,5,316,78224,1,잠실
20250520,6,316,64153,1,잠실
20250520,7,316,50208,1,잠실
20250520,8,316,63123,1,잠실
20250520,9,316,68362,1,잠실
20250520,10,316,54236,1,잠실
20250520,1,317,1,69446,고척
20250520,2,317,50458,1,고척
20250520,3,317,67449,1,고척
20250520,4,317,62404,1,고척
20250520,5,317,54400,1,고척
20250520,6,317,74540,1,고척
20250520,7,317,61404,1,고척
20250520,8,317,52415,1,고척
20250520,9,317,52430,1,고척
20250520,10,317,62234,1,고척
20250520,1,317,1,55322,고척
20250520,2,317,65357,1,고척
20250520,3,317,50167,1,고척
20250520,4,317,54444,1,고척
20250520,5,317,78135,1,고척
20250520,6,317,64346,1,고척
20250520,7,317,64984,1,고척
20250520,8,317,65898,1,고척
20250520,9,317,62332,1,고척
20250520,10,317,78756,1,고척
20250521,1,318,1,54729,울산
20250521,2,318,55734,1,울산
20250521,3,318,62700,1,울산
20250521,4,318,53764,1,울산
20250521,5,318,69737,1,울산
20250521,6,318,79192,1,울산
20250521,7,318,66657,1,울산
20250521,8,318,65703,1,울산
20250521,9,318,78288,1,울산
20250521,10,318,54795,1,울산
20250521,1,318,1,68902,울산
20250521,2,318,67905,1,울산
20250521,3,318,51907,1,울산
20250521,4,318,62907,1,울산
20250521,5,318,79215,1,울산
20250521,6,318,77532,1,울산
20250521,7,318,63963,1,울산
20250521,8,318,68912,1,울산
20250521,9,318,69995,1,울산
20250521,10,318,51344,1,울산
20250521,1,319,1,55633,수원
20250521,2,319,64646,1,수원
20250521,3,319,78603,1,수원
20250521,4,319,52605,1,수원
20250521,5,319,72443,1,수원
20250521,6,319,69636,1,수원
20250521,7,319,68646,1,수원
20250521,8,319,66606,1,수원
20250521,9,319,67609,1,수원
20250521,10,319,66614,1,수원
20250521,1,319,1,64001,수원
20250521,2,319,76313,1,수원
20250521,3,319,64004,1,수원
20250521,4,319,52001,1,수원
20250521,5,319,78548,1,수원
20250521,6,319,67025,1,수원
20250521,7,319,68050,1,수원
20250521,8,319,79402,1,수원
20250521,9,319,64007,1,수원
20250521,10,319,51003,1,수원
20250521,1,320,1,61101,사직
20250521,2,320,68119,1,사직
20250521,3,320,76290,1,사직
20250521,4,320,53123,1,사직
20250521,5,320,69102,1,사직
20250521,6,320,79365,1,사직
20250521,7,320,68110,1,사직
20250521,8,320,69100,1,사직
20250521,9,320,62415,1,사직
20250521,10,320,51100,1,사직
20250521,1,320,1,67539,사직
20250521,2,320,68507,1,사직
20250521,3,320,69517,1,사직
20250521,4,320,54529,1,사직
20250521,5,320,78513,1,사직
20250521,6,320,68205,1,사직
20250521,7,320,51551,1,사직
20250521,8,320,52591,1,사직
20250521,9,320,50150,1,사직
20250521,10,320,68518,1,사직
20250521,1,321,1,54833,잠실
20250521,2,321,50854,1,잠실
20250521,3,321,67893,1,잠실
20250521,4,321,75847,1,잠실
20250521,5,321,62895,1,잠실
20250521,6,321,51868,1,잠실
20250521,7,321,68868,1,잠실
20250521,8,321,66864,1,잠실
20250521,9,321,54812,1,잠실
20250521,10,321,51865,1,잠실
20250521,1,321,1,55268,잠실
20250521,2,321,79231,1,잠실
20250521,3,321,55208,1,잠실
20250521,4,321,50208,1,잠실
20250521,5,321,76232,1,잠실
20250521,6,321,78224,1,잠실
20250521,7,321,64153,1,잠실
20250521,8,321,63123,1,잠실
20250521,9,321,64468,1,잠실
20250521,10,321,66209,1,잠실
20250521,1,322,1,53375,고척
20250521,2,322,50458,1,고척
20250521,3,322,67449,1,고척
20250521,4,322,62404,1,고척
20250521,5,322,54400,1,고척
20250521,6,322,62234,1,고척
20250521,7,322,74540,1,고척
20250521,8,322,75125,1,고척
20250521,9,322,52430,1,고척
20250521,10,322,52415,1,고척
20250521,1,322,1,64350,고척
20250521,2,322,65357,1,고척
20250521,3,322,50167,1,고척
20250521,4,322,64346,1,고척
20250521,5,322,54444,1,고척
20250521,6,322,78135,1,고척
20250521,7,322,64984,1,고척
20250521,8,322,53312,1,고척
20250521,9,322,55397,1,고척
20250521,10,322,78756,1,고척
20250522,1,323,1,55730,울산
20250522,2,323,55734,1,울산
20250522,3,323,50707,1,울산
20250522,4,323,53764,1,울산
20250522,5,323,69737,1,울산
20250522,6,323,79192,1,울산
20250522,7,323,66657,1,울산
20250522,8,323,62700,1,울산
20250522,9,323,78288,1,울산
20250522,10,323,54795,1,울산
20250522,1,323,1,52995,울산
20250522,2,323,62907,1,울산
20250522,3,323,51907,1,울산
20250522,4,323,77532,1,울산
20250522,5,323,79215,1,울산
20250522,6,323,63963,1,울산
20250522,7,323,69995,1,울산
20250522,8,323,67905,1,울산
20250522,9,323,62244,1,울산
20250522,10,323,51344,1,울산
20250522,1,324,1,77637,수원
20250522,2,324,64646,1,수원
20250522,3,324,52667,1,수원
20250522,4,324,52605,1,수원
20250522,5,324,72443,1,수원
20250522,6,324,69636,1,수원
20250522,7,324,67610,1,수원
20250522,8,324,63260,1,수원
20250522,9,324,78122,1,수원
20250522,10,324,67609,1,수원
20250522,1,324,1,69032,수원
20250522,2,324,76313,1,수원
20250522,3,324,64004,1,수원
20250522,4,324,52001,1,수원
20250522,5,324,78548,1,수원
20250522,6,324,67025,1,수원
20250522,7,324,79402,1,수원
20250522,8,324,64166,1,수원
20250522,9,324,64007,1,수원
20250522,10,324,51003,1,수원
20250522,1,325,1,55138,사직
20250522,2,325,68119,1,사직
20250522,3,325,76290,1,사직
20250522,4,325,53123,1,사직
20250522,5,325,79365,1,사직
20250522,6,325,79109,1,사직
20250522,7,325,69100,1,사직
20250522,8,325,68110,1,사직
20250522,9,325,62415,1,사직
20250522,10,325,51100,1,사직
20250522,1,325,1,52530,사직
20250522,2,325,68507,1,사직
20250522,3,325,69517,1,사직
20250522,4,325,54529,1,사직
20250522,5,325,78513,1,사직
20250522,6,325,51551,1,사직
20250522,7,325,52591,1,사직
20250522,8,325,68205,1,사직
20250522,9,325,61102,1,사직
20250522,10,325,50150,1,사직
20250522,1,326,1,77829,잠실
20250522,2,326,54812,1,잠실
20250522,3,326,67893,1,잠실
20250522,4,326,75847,1,잠실
20250522,5,326,62895,1,잠실
20250522,6,326,51868,1,잠실
20250522,7,326,68868,1,잠실
20250522,8,326,66864,1,잠실
20250522,9,326,66662,1,잠실
20250522,10,326,69804,1,잠실
20250522,1,326,1,55267,잠실
20250522,2,326,79231,1,잠실
20250522,3,326,55208,1,잠실
20250522,4,326,76232,1,잠실
20250522,5,326,64153,1,잠실
20250522,6,326,78224,1,잠실
20250522,7,326,66112,1,잠실
20250522,8,326,50208,1,잠실
20250522,9,326,63123,1,잠실
20250522,10,326,54236,1,잠실
20250522,1,327,1,54443,고척
20250522,2,327,50458,1,고척
20250522,3,327,67449,1,고척
20250522,4,327,62404,1,고척
20250522,5,327,54400,1,고척
20250522,6,327,62234,1,고척
20250522,7,327,52430,1,고척
20250522,8,327,66409,1,고척
20250522,9,327,74540,1,고척
20250522,10,327,52415,1,고척
20250522,1,327,1,54368,고척
20250522,2,327,65357,1,고척
20250522,3,327,76267,1,고척
20250522,4,327,54444,1,고척
20250522,5,327,64346,1,고척
20250522,6,327,64984,1,고척
20250522,7,327,53312,1,고척
20250522,8,327,50167,1,고척
20250522,9,327,50357,1,고척
20250522,10,327,55392,1,고척
20250523,1,328,1,54640,대구
20250523,2,328,64646,1,대구
20250523,3,328,52667,1,대구
20250523,4,328,52605,1,대구
20250523,5,328,72443,1,대구
20250523,6,328,69636,1,대구
20250523,7,328,67610,1,대구
20250523,8,328,63260,1,대구
20250523,9,328,78122,1,대구
20250523,10,328,67609,1,대구
20250523,1,328,1,50441,대구
20250523,2,328,50458,1,대구
20250523,3,328,67449,1,대구
20250523,4,328,62404,1,대구
20250523,5,328,54400,1,대구
20250523,6,328,52430,1,대구
20250523,7,328,61404,1,대구
20250523,8,328,62234,1,대구
20250523,9,328,65132,1,대구
20250523,10,328,52415,1,대구
20250523,1,329,1,50859,고척
20250523,2,329,76313,1,고척
20250523,3,329,64004,1,고척
20250523,4,329,52001,1,고척
20250523,5,329,78548,1,고척
20250523,6,329,67025,1,고척
20250523,7,329,68050,1,고척
20250523,8,329,79402,1,고척
20250523,9,329,64007,1,고척
20250523,10,329,51003,1,고척
20250523,1,329,1,54319,고척
20250523,2,329,65357,1,고척
20250523,3,329,78135,1,고척
20250523,4,329,76267,1,고척
20250523,5,329,54444,1,고척
20250523,6,329,64346,1,고척
20250523,7,329,66838,1,고척
20250523,8,329,53312,1,고척
20250523,9,329,55397,1,고척
20250523,10,329,78756,1,고척
20250523,1,330,1,67143,문학
20250523,2,330,68119,1,문학
20250523,3,330,76290,1,문학
20250523,4,330,53123,1,문학
20250523,5,330,79365,1,문학
20250523,6,330,79109,1,문학
20250523,7,330,69100,1,문학
20250523,8,330,68110,1,문학
20250523,9,330,62415,1,문학
20250523,10,330,51100,1,문학
20250523,1,330,1,55855,문학
20250523,2,330,50854,1,문학
20250523,3,330,67893,1,문학
20250523,4,330,75847,1,문학
20250523,5,330,51868,1,문학
20250523,6,330,62895,1,문학
20250523,7,330,66864,1,문학
20250523,8,330,51865,1,문학
20250523,9,330,60558,1,문학
20250523,10,330,69804,1,문학
20250523,1,331,1,64021,대전
20250523,2,331,68507,1,대전
20250523,3,331,52591,1,대전
20250523,4,331,54529,1,대전
20250523,5,331,78513,1,대전
20250523,6,331,51551,1,대전
20250523,7,331,68205,1,대전
20250523,8,331,50150,1,대전
20250523,9,331,61102,1,대전
20250523,10,331,54598,1,대전
20250523,1,331,1,54755,대전
20250523,2,331,55734,1,대전
20250523,3,331,50707,1,대전
20250523,4,331,53764,1,대전
20250523,5,331,69737,1,대전
20250523,6,331,79192,1,대전
20250523,7,331,66657,1,대전
20250523,8,331,54795,1,대전
20250523,9,331,76812,1,대전
20250523,10,331,62700,1,대전
20250523,1,332,1,55912,잠실
20250523,2,332,64101,1,잠실
20250523,3,332,51907,1,잠실
20250523,4,332,63963,1,잠실
20250523,5,332,79215,1,잠실
20250523,6,332,68912,1,잠실
20250523,7,332,67905,1,잠실
20250523,8,332,51344,1,잠실
20250523,9,332,66965,1,잠실
20250523,10,332,50902,1,잠실
20250523,1,332,1,55257,잠실
20250523,2,332,79231,1,잠실
20250523,3,332,55208,1,잠실
20250523,4,332,76232,1,잠실
20250523,5,332,64153,1,잠실
20250523,6,332,78224,1,잠실
20250523,7,332,66112,1,잠실
20250523,8,332,50208,1,잠실
20250523,9,332,63123,1,잠실
20250523,10,332,54236,1,잠실
20250524,1,333,1,54354,고척
20250524,2,333,76313,1,고척
20250524,3,333,64004,1,고척
20250524,4,333,52001,1,고척
20250524,5,333,67025,1,고척
20250524,6,333,68050,1,고척
20250524,7,333,79240,1,고척
20250524,8,333,79402,1,고척
20250524,9,333,51003,1,고척
20250524,10,333,68089,1,고척
20250524,1,333,1,69360,고척
20250524,2,333,65357,1,고척
20250524,3,333,76267,1,고척
20250524,4,333,54444,1,고척
20250524,5,333,64346,1,고척
20250524,6,333,66838,1,고척
20250524,7,333,78756,1,고척
20250524,8,333,78135,1,고척
20250524,9,333,62332,1,고척
20250524,10,333,55392,1,고척
20250524,1,334,1,55536,대전
20250524,2,334,68507,1,대전
20250524,3,334,69517,1,대전
20250524,4,334,54529,1,대전
20250524,5,334,78513,1,대전
20250524,6,334,52591,1,대전
20250524,7,334,51551,1,대전
20250524,8,334,68205,1,대전
20250524,9,334,61102,1,대전
20250524,10,334,50150,1,대전
20250524,1,334,1,76715,대전
20250524,2,334,55734,1,대전
20250524,3,334,62700,1,대전
20250524,4,334,53764,1,대전
20250524,5,334,69737,1,대전
20250524,6,334,79192,1,대전
20250524,7,334,66704,1,대전
20250524,8,334,50707,1,대전
20250524,9,334,78288,1,대전
20250524,10,334,65703,1,대전
20250524,1,335,1,69745,대구
20250524,2,335,64646,1,대구
20250524,3,335,52667,1,대구
20250524,4,335,52605,1,대구
20250524,5,335,72443,1,대구
20250524,6,335,63260,1,대구
20250524,7,335,69727,1,대구
20250524,8,335,69636,1,대구
20250524,9,335,68646,1,대구
20250524,10,335,65653,1,대구
20250524,1,335,1,51454,대구
20250524,2,335,50458,1,대구
20250524,3,335,67449,1,대구
20250524,4,335,62404,1,대구
20250524,5,335,54400,1,대구
20250524,6,335,52430,1,대구
20250524,7,335,74540,1,대구
20250524,8,335,62234,1,대구
20250524,9,335,69418,1,대구
20250524,10,335,54408,1,대구
20250524,1,336,1,55146,문학
20250524,2,336,68119,1,문학
20250524,3,336,76290,1,문학
20250524,4,336,53123,1,문학
20250524,5,336,69102,1,문학
20250524,6,336,79365,1,문학
20250524,7,336,79109,1,문학
20250524,8,336,69100,1,문학
20250524,9,336,62415,1,문학
20250524,10,336,51100,1,문학
20250524,1,336,1,51867,문학
20250524,2,336,50854,1,문학
20250524,3,336,67893,1,문학
20250524,4,336,75847,1,문학
20250524,5,336,62895,1,문학
20250524,6,336,51868,1,문학
20250524,7,336,68868,1,문학
20250524,8,336,66864,1,문학
20250524,9,336,54812,1,문학
20250524,10,336,51865,1,문학
20250524,1,337,1,55903,잠실
20250524,2,337,62907,1,잠실
20250524,3,337,51907,1,잠실
20250524,4,337,77532,1,잠실
20250524,5,337,79215,1,잠실
20250524,6,337,63963,1,잠실
20250524,7,337,64101,1,잠실
20250524,8,337,66965,1,잠실
20250524,9,337,62244,1,잠실
20250524,10,337,55926,1,잠실
20250524,1,337,1,67263,잠실
20250524,2,337,79231,1,잠실
20250524,3,337,50208,1,잠실
20250524,4,337,76232,1,잠실
20250524,5,337,78224,1,잠실
20250524,6,337,55208,1,잠실
20250524,7,337,64153,1,잠실
20250524,8,337,66112,1,잠실
20250524,9,337,63123,1,잠실
20250524,10,337,54236,1,잠실
20250525,1,338,1,53613,대구
20250525,2,338,64646,1,대구
20250525,3,338,69636,1,대구
20250525,4,338,52605,1,대구
20250525,5,338,72443,1,대구
20250525,6,338,65610,1,대구
20250525,7,338,67610,1,대구
20250525,8,338,66614,1,대구
20250525,9,338,78122,1,대구
20250525,10,338,67609,1,대구
20250525,1,338,1,69446,대구
20250525,2,338,50458,1,대구
20250525,3,338,67449,1,대구
20250525,4,338,62404,1,대구
20250525,5,338,54400,1,대구
20250525,6,338,52430,1,대구
20250525,7,338,62234,1,대구
20250525,8,338,74540,1,대구
20250525,9,338,69418,1,대구
20250525,10,338,54408,1,대구
20250525,1,339,1,50030,고척
20250525,2,339,76313,1,고척
20250525,3,339,64004,1,고척
20250525,4,339,52001,1,고척
20250525,5,339,67025,1,고척
20250525,6,339,68050,1,고척
20250525,7,339,79240,1,고척
20250525,8,339,78548,1,고척
20250525,9,339,79402,1,고척
20250525,10,339,51003,1,고척
20250525,1,339,1,66018,고척
20250525,2,339,65357,1,고척
20250525,3,339,76267,1,고척
20250525,4,339,54444,1,고척
20250525,5,339,64346,1,고척
20250525,6,339,64984,1,고척
20250525,7,339,50167,1,고척
20250525,8,339,50357,1,고척
20250525,9,339,53312,1,고척
20250525,10,339,55392,1,고척
20250525,1,340,1,51111,문학
20250525,2,340,68119,1,문학
20250525,3,340,65207,1,문학
20250525,4,340,53123,1,문학
20250525,5,340,69102,1,문학
20250525,6,340,76290,1,문학
20250525,7,340,79109,1,문학
20250525,8,340,69100,1,문학
20250525,9,340,51100,1,문학
20250525,10,340,52154,1,문학
20250525,1,340,1,52809,문학
20250525,2,340,50854,1,문학
20250525,3,340,54812,1,문학
20250525,4,340,67893,1,문학
20250525,5,340,51868,1,문학
20250525,6,340,62895,1,문학
20250525,7,340,79456,1,문학
20250525,8,340,66864,1,문학
20250525,9,340,69804,1,문학
20250525,10,340,60558,1,문학
20250525,1,341,1,62363,대전
20250525,2,341,68507,1,대전
20250525,3,341,69517,1,대전
20250525,4,341,54529,1,대전
20250525,5,341,78513,1,대전
20250525,6,341,52591,1,대전
20250525,7,341,51551,1,대전
20250525,8,341,50150,1,대전
20250525,9,341,61102,1,대전
20250525,10,341,68205,1,대전
20250525,1,341,1,52701,대전
20250525,2,341,55734,1,대전
20250525,3,341,62700,1,대전
20250525,4,341,53764,1,대전
20250525,5,341,69737,1,대전
20250525,6,341,50707,1,대전
20250525,7,341,66715,1,대전
20250525,8,341,55710,1,대전
20250525,9,341,78288,1,대전
20250525,10,341,65703,1,대전
20250525,1,342,1,66920,잠실
20250525,2,342,69992,1,잠실
20250525,3,342,51907,1,잠실
20250525,4,342,62907,1,잠실
20250525,5,342,79215,1,잠실
20250525,6,342,63963,1,잠실
20250525,7,342,67905,1,잠실
20250525,8,342,64022,1,잠실
20250525,9,342,51344,1,잠실
20250525,10,342,50902,1,잠실
20250525,1,342,1,55239,잠실
20250525,2,342,50208,1,잠실
20250525,3,342,55208,1,잠실
20250525,4,342,76232,1,잠실
20250525,5,342,64153,1,잠실
20250525,6,342,78224,1,잠실
20250525,7,342,66112,1,잠실
20250525,8,342,54236,1,잠실
20250525,9,342,64468,1,잠실
20250525,10,342,79231,1,잠실
20250527,1,343,1,54729,잠실
20250527,2,343,55734,1,잠실
20250527,3,343,62700,1,잠실
20250527,4,343,53764,1,잠실
20250527,5,343,69737,1,잠실
20250527,6,343,79192,1,잠실
20250527,7,343,66657,1,잠실
20250527,8,343,66715,1,잠실
20250527,9,343,78288,1,잠실
20250527,10,343,54795,1,잠실
20250527,1,343,1,61101,잠실
20250527,2,343,68119,1,잠실
20250527,3,343,76290,1,잠실
20250527,4,343,53123,1,잠실
20250527,5,343,69102,1,잠실
20250527,6,343,79365,1,잠실
20250527,7,343,69100,1,잠실
20250527,8,343,65207,1,잠실
20250527,9,343,62415,1,잠실
20250527,10,343,51100,1,잠실
20250527,1,344,1,55532,대구
20250527,2,344,68507,1,대구
20250527,3,344,69517,1,대구
20250527,4,344,54529,1,대구
20250527,5,344,78513,1,대구
20250527,6,344,52591,1,대구
20250527,7,344,61102,1,대구
20250527,8,344,68205,1,대구
20250527,9,344,51551,1,대구
20250527,10,344,50150,1,대구
20250527,1,344,1,53375,대구
20250527,2,344,50458,1,대구
20250527,3,344,52415,1,대구
20250527,4,344,67449,1,대구
20250527,5,344,54400,1,대구
20250527,6,344,52430,1,대구
20250527,7,344,74540,1,대구
20250527,8,344,62234,1,대구
20250527,9,344,69418,1,대구
20250527,10,344,66409,1,대구
20250527,1,345,1,68902,문학
20250527,2,345,62907,1,문학
20250527,3,345,51907,1,문학
20250527,4,345,77532,1,문학
20250527,5,345,79215,1,문학
20250527,6,345,63963,1,문학
20250527,7,345,67905,1,문학
20250527,8,345,62244,1,문학
20250527,9,345,51344,1,문학
20250527,10,345,66965,1,문학
20250527,1,345,1,54833,문학
20250527,2,345,50854,1,문학
20250527,3,345,67893,1,문학
20250527,4,345,75847,1,문학
20250527,5,345,62895,1,문학
20250527,6,345,51868,1,문학
20250527,7,345,68868,1,문학
20250527,8,345,66864,1,문학
20250527,9,345,54812,1,문학
20250527,10,345,51865,1,문학
20250527,1,346,1,51264,수원
20250527,2,346,79231,1,수원
20250527,3,346,55208,1,수원
20250527,4,346,76232,1,수원
20250527,5,346,78224,1,수원
20250527,6,346,64153,1,수원
20250527,7,346,50208,1,수원
20250527,8,346,68362,1,수원
20250527,9,346,63123,1,수원
20250527,10,346,54236,1,수원
20250527,1,346,1,64001,수원
20250527,2,346,76313,1,수원
20250527,3,346,64004,1,수원
20250527,4,346,52001,1,수원
20250527,5,346,67025,1,수원
20250527,6,346,68050,1,수원
20250527,7,346,78548,1,수원
20250527,8,346,79240,1,수원
20250527,9,346,79402,1,수원
20250527,10,346,51003,1,수원
20250527,1,347,1,64350,광주
20250527,2,347,65357,1,광주
20250527,3,347,76267,1,광주
20250527,4,347,50167,1,광주
20250527,5,347,54444,1,광주
20250527,6,347,64346,1,광주
20250527,7,347,75566,1,광주
20250527,8,347,64984,1,광주
20250527,9,347,53312,1,광주
20250527,10,347,55392,1,광주
20250527,1,347,1,55633,광주
20250527,2,347,64646,1,광주
20250527,3,347,69636,1,광주
20250527,4,347,52605,1,광주
20250527,5,347,72443,1,광주
20250527,6,347,68646,1,광주
20250527,7,347,67610,1,광주
20250527,8,347,65610,1,광주
20250527,9,347,65653,1,광주
20250527,10,347,50600,1,광주
20250528,1,348,1,67539,대구
20250528,2,348,68507,1,대구
20250528,3,348,69517,1,대구
20250528,4,348,54529,1,대구
20250528,5,348,78513,1,대구
20250528,6,348,52591,1,대구
20250528,7,348,68205,1,대구
20250528,8,348,51551,1,대구
20250528,9,348,50150,1,대구
20250528,10,348,51528,1,대구
20250528,1,348,1,54443,대구
20250528,2,348,50458,1,대구
20250528,3,348,67449,1,대구
20250528,4,348,62404,1,대구
20250528,5,348,54400,1,대구
20250528,6,348,52430,1,대구
20250528,7,348,62234,1,대구
20250528,8,348,52415,1,대구
20250528,9,348,74540,1,대구
20250528,10,348,69418,1,대구
20250528,1,349,1,55730,잠실
20250528,2,349,55734,1,잠실
20250528,3,349,62700,1,잠실
20250528,4,349,53764,1,잠실
20250528,5,349,69737,1,잠실
20250528,6,349,79192,1,잠실
20250528,7,349,66657,1,잠실
20250528,8,349,79608,1,잠실
20250528,9,349,78288,1,잠실
20250528,10,349,54795,1,잠실
20250528,1,349,1,55138,잠실
20250528,2,349,68119,1,잠실
20250528,3,349,76290,1,잠실
20250528,4,349,53123,1,잠실
20250528,5,349,69102,1,잠실
20250528,6,349,79365,1,잠실
20250528,7,349,69100,1,잠실
20250528,8,349,65207,1,잠실
20250528,9,349,62415,1,잠실
20250528,10,349,51100,1,잠실
20250528,1,350,1,53973,문학
20250528,2,350,63963,1,문학
20250528,3,350,51907,1,문학
20250528,4,350,62907,1,문학
20250528,5,350,54944,1,문학
20250528,6,350,79215,1,문학
20250528,7,350,67905,1,문학
20250528,8,350,51344,1,문학
20250528,9,350,62244,1,문학
20250528,10,350,50902,1,문학
20250528,1,350,1,77829,문학
20250528,2,350,50854,1,문학
20250528,3,350,68868,1,문학
20250528,4,350,75847,1,문학
20250528,5,350,62895,1,문학
20250528,6,350,51868,1,문학
20250528,7,350,67893,1,문학
20250528,8,350,66662,1,문학
20250528,9,350,54812,1,문학
20250528,10,350,66864,1,문학
20250528,1,351,1,55268,수원
20250528,2,351,79231,1,수원
20250528,3,351,55208,1,수원
20250528,4,351,76232,1,수원
20250528,5,351,78224,1,수원
20250528,6,351,63257,1,수원
20250528,7,351,50208,1,수원
20250528,8,351,68362,1,수원
20250528,9,351,54236,1,수원
20250528,10,351,55226,1,수원
20250528,1,351,1,69032,수원
20250528,2,351,76313,1,수원
20250528,3,351,64004,1,수원
20250528,4,351,52001,1,수원
20250528,5,351,67025,1,수원
20250528,6,351,78548,1,수원
20250528,7,351,79240,1,수원
20250528,8,351,66706,1,수원
20250528,9,351,79402,1,수원
20250528,10,351,51003,1,수원
20250528,1,352,1,54368,광주
20250528,2,352,65357,1,광주
20250528,3,352,76267,1,광주
20250528,4,352,54444,1,광주
20250528,5,352,50167,1,광주
20250528,6,352,75566,1,광주
20250528,7,352,53312,1,광주
20250528,8,352,78135,1,광주
20250528,9,352,78756,1,광주
20250528,10,352,55392,1,광주
20250528,1,352,1,77637,광주
20250528,2,352,64646,1,광주
20250528,3,352,52667,1,광주
20250528,4,352,69636,1,광주
20250528,5,352,72443,1,광주
20250528,6,352,68646,1,광주
20250528,7,352,67610,1,광주
20250528,8,352,65610,1,광주
20250528,9,352,65653,1,광주
20250528,10,352,66614,1,광주
20250529,1,353,1,54755,잠실
20250529,2,353,55734,1,잠실
20250529,3,353,62700,1,잠실
20250529,4,353,53764,1,잠실
20250529,5,353,69737,1,잠실
20250529,6,353,79192,1,잠실
20250529,7,353,66657,1,잠실
20250529,8,353,79608,1,잠실
20250529,9,353,76812,1,잠실
20250529,10,353,65703,1,잠실
20250529,1,353,1,67143,잠실
20250529,2,353,68119,1,잠실
20250529,3,353,76290,1,잠실
20250529,4,353,53123,1,잠실
20250529,5,353,69102,1,잠실
20250529,6,353,79109,1,잠실
20250529,7,353,69100,1,잠실
20250529,8,353,62415,1,잠실
20250529,9,353,65207,1,잠실
20250529,10,353,52154,1,잠실
20250529,1,354,1,64021,대구
20250529,2,354,68507,1,대구
20250529,3,354,69517,1,대구
20250529,4,354,54529,1,대구
20250529,5,354,78513,1,대구
20250529,6,354,52591,1,대구
20250529,7,354,68205,1,대구
20250529,8,354,51551,1,대구
20250529,9,354,50150,1,대구
20250529,10,354,51528,1,대구
20250529,1,354,1,65320,대구
20250529,2,354,50458,1,대구
20250529,3,354,67449,1,대구
20250529,4,354,62404,1,대구
20250529,5,354,54400,1,대구
20250529,6,354,74540,1,대구
20250529,7,354,62234,1,대구
20250529,8,354,52415,1,대구
20250529,9,354,52430,1,대구
20250529,10,354,69418,1,대구
20250529,1,355,1,55912,문학
20250529,2,355,69992,1,문학
20250529,3,355,51907,1,문학
20250529,4,355,63963,1,문학
20250529,5,355,54944,1,문학
20250529,6,355,79215,1,문학
20250529,7,355,67905,1,문학
20250529,8,355,69203,1,문학
20250529,9,355,64022,1,문학
20250529,10,355,51344,1,문학
20250529,1,355,1,51867,문학
20250529,2,355,50854,1,문학
20250529,3,355,66864,1,문학
20250529,4,355,75847,1,문학
20250529,5,355,51868,1,문학
20250529,6,355,62895,1,문학
20250529,7,355,79456,1,문학
20250529,8,355,67893,1,문학
20250529,9,355,69804,1,문학
20250529,10,355,66917,1,문학
20250529,1,356,1,55257,수원
20250529,2,356,55208,1,수원
20250529,3,356,64468,1,수원
20250529,4,356,76232,1,수원
20250529,5,356,78224,1,수원
20250529,6,356,66112,1,수원
20250529,7,356,50208,1,수원
20250529,8,356,63123,1,수원
20250529,9,356,54236,1,수원
20250529,10,356,79231,1,수원
20250529,1,356,1,50859,수원
20250529,2,356,76313,1,수원
20250529,3,356,64004,1,수원
20250529,4,356,52001,1,수원
20250529,5,356,67025,1,수원
20250529,6,356,78548,1,수원
20250529,7,356,64007,1,수원
20250529,8,356,79240,1,수원
20250529,9,356,79402,1,수원
20250529,10,356,51003,1,수원
20250529,1,357,1,54319,광주
20250529,2,357,65357,1,광주
20250529,3,357,76267,1,광주
20250529,4,357,54444,1,광주
20250529,5,357,50167,1,광주
20250529,6,357,53312,1,광주
20250529,7,357,64346,1,광주
20250529,8,357,55392,1,광주
20250529,9,357,50357,1,광주
20250529,10,357,54394,1,광주
20250529,1,357,1,54640,광주
20250529,2,357,64646,1,광주
20250529,3,357,66614,1,광주
20250529,4,357,69636,1,광주
20250529,5,357,72443,1,광주
20250529,6,357,67610,1,광주
20250529,7,357,65610,1,광주
20250529,8,357,50600,1,광주
20250529,9,357,78122,1,광주
20250529,10,357,65653,1,광주
20250530,1,358,1,76715,창원
20250530,2,358,55734,1,창원
20250530,3,358,62700,1,창원
20250530,4,358,53764,1,창원
20250530,5,358,69737,1,창원
20250530,6,358,79192,1,창원
20250530,7,358,66657,1,창원
20250530,8,358,79608,1,창원
20250530,9,358,78288,1,창원
20250530,10,358,54795,1,창원
20250530,1,358,1,55903,창원
20250530,2,358,63963,1,창원
20250530,3,358,51907,1,창원
20250530,4,358,62907,1,창원
20250530,5,358,54944,1,창원
20250530,6,358,79215,1,창원
20250530,7,358,51344,1,창원
20250530,8,358,62934,1,창원
20250530,9,358,64022,1,창원
20250530,10,358,69992,1,창원
20250530,1,359,1,69745,수원
20250530,2,359,64646,1,수원
20250530,3,359,52667,1,수원
20250530,4,359,65610,1,수원
20250530,5,359,72443,1,수원
20250530,6,359,63260,1,수원
20250530,7,359,53659,1,수원
20250530,8,359,50657,1,수원
20250530,9,359,78122,1,수원
20250530,10,359,65653,1,수원
20250530,1,359,1,54354,수원
20250530,2,359,64004,1,수원
20250530,3,359,79240,1,수원
20250530,4,359,52001,1,수원
20250530,5,359,67025,1,수원
20250530,6,359,64007,1,수원
20250530,7,359,79402,1,수원
20250530,8,359,64166,1,수원
20250530,9,359,51003,1,수원
20250530,10,359,68089,1,수원
20250530,1,360,1,67263,고척
20250530,2,360,79231,1,고척
20250530,3,360,55208,1,고척
20250530,4,360,76232,1,고척
20250530,5,360,78224,1,고척
20250530,6,360,64153,1,고척
20250530,7,360,53554,1,고척
20250530,8,360,63123,1,고척
20250530,9,360,54236,1,고척
20250530,10,360,64468,1,고척
20250530,1,360,1,66018,고척
20250530,2,360,65357,1,고척
20250530,3,360,76267,1,고척
20250530,4,360,50167,1,고척
20250530,5,360,53312,1,고척
20250530,6,360,64984,1,고척
20250530,7,360,64346,1,고척
20250530,8,360,64340,1,고척
20250530,9,360,50357,1,고척
20250530,10,360,55392,1,고척
20250530,1,361,1,55855,사직
20250530,2,361,50854,1,사직
20250530,3,361,66864,1,사직
20250530,4,361,79456,1,사직
20250530,5,361,51868,1,사직
20250530,6,361,67893,1,사직
20250530,7,361,51865,1,사직
20250530,8,361,60558,1,사직
20250530,9,361,69804,1,사직
20250530,10,361,52804,1,사직
20250530,1,361,1,55536,사직
20250530,2,361,68507,1,사직
20250530,3,361,68205,1,사직
20250530,4,361,69517,1,사직
20250530,5,361,54529,1,사직
20250530,6,361,52591,1,사직
20250530,7,361,78513,1,사직
20250530,8,361,77564,1,사직
20250530,9,361,50150,1,사직
20250530,10,361,61102,1,사직
20250530,1,362,1,51454,잠실
20250530,2,362,50458,1,잠실
20250530,3,362,67449,1,잠실
20250530,4,362,62404,1,잠실
20250530,5,362,54400,1,잠실
20250530,6,362,65132,1,잠실
20250530,7,362,62234,1,잠실
20250530,8,362,52415,1,잠실
20250530,9,362,52430,1,잠실
20250530,10,362,65040,1,잠실
20250530,1,362,1,54119,잠실
20250530,2,362,62415,1,잠실
20250530,3,362,76290,1,잠실
20250530,4,362,53123,1,잠실
20250530,5,362,69102,1,잠실
20250530,6,362,79365,1,잠실
20250530,7,362,79109,1,잠실
20250530,8,362,69100,1,잠실
20250530,9,362,68110,1,잠실
20250530,10,362,65207,1,잠실
20250531,1,363,1,65056,창원
20250531,2,363,55734,1,창원
20250531,3,363,62700,1,창원
20250531,4,363,53764,1,창원
20250531,5,363,69737,1,창원
20250531,6,363,79192,1,창원
20250531,7,363,66657,1,창원
20250531,8,363,79608,1,창원
20250531,9,363,78288,1,창원
20250531,10,363,54795,1,창원
20250531,1,363,1,52995,창원
20250531,2,363,64101,1,창원
20250531,3,363,51907,1,창원
20250531,4,363,62907,1,창원
20250531,5,363,54944,1,창원
20250531,6,363,79215,1,창원
20250531,7,363,68904,1,창원
20250531,8,363,51344,1,창원
20250531,9,363,67905,1,창원
20250531,10,363,64022,1,창원
20250531,1,364,1,53613,수원
20250531,2,364,52667,1,수원
20250531,3,364,50600,1,수원
20250531,4,364,69636,1,수원
20250531,5,364,72443,1,수원
20250531,6,364,67610,1,수원
20250531,7,364,68646,1,수원
20250531,8,364,65610,1,수원
20250531,9,364,66614,1,수원
20250531,10,364,65653,1,수원
20250531,1,364,1,50030,수원
20250531,2,364,64004,1,수원
20250531,3,364,79402,1,수원
20250531,4,364,52001,1,수원
20250531,5,364,67025,1,수원
20250531,6,364,78548,1,수원
20250531,7,364,64007,1,수원
20250531,8,364,79240,1,수원
20250531,9,364,64166,1,수원
20250531,10,364,64504,1,수원
20250531,1,365,1,55239,고척
20250531,2,365,79231,1,고척
20250531,3,365,55208,1,고척
20250531,4,365,76232,1,고척
20250531,5,365,78224,1,고척
20250531,6,365,64153,1,고척
20250531,7,365,53554,1,고척
20250531,8,365,63123,1,고척
20250531,9,365,54236,1,고척
20250531,10,365,64468,1,고척
20250531,1,365,1,55322,고척
20250531,2,365,65357,1,고척
20250531,3,365,76267,1,고척
20250531,4,365,54444,1,고척
20250531,5,365,50167,1,고척
20250531,6,365,53312,1,고척
20250531,7,365,78135,1,고척
20250531,8,365,64340,1,고척
20250531,9,365,54394,1,고척
20250531,10,365,78756,1,고척
20250531,1,366,1,52809,사직
20250531,2,366,50854,1,사직
20250531,3,366,68868,1,사직
20250531,4,366,75847,1,사직
20250531,5,366,62895,1,사직
20250531,6,366,51868,1,사직
20250531,7,366,67893,1,사직
20250531,8,366,51865,1,사직
20250531,9,366,54812,1,사직
20250531,10,366,66917,1,사직
20250531,1,366,1,67539,사직
20250531,2,366,68205,1,사직
20250531,3,366,52591,1,사직
20250531,4,366,69517,1,사직
20250531,5,366,54529,1,사직
20250531,6,366,78513,1,사직
20250531,7,366,51551,1,사직
20250531,8,366,50150,1,사직
20250531,9,366,61102,1,사직
20250531,10,366,52504,1,사직
20250531,1,367,1,69446,잠실
20250531,2,367,50458,1,잠실
20250531,3,367,52415,1,잠실
20250531,4,367,62404,1,잠실
20250531,5,367,54400,1,잠실
20250531,6,367,74540,1,잠실
20250531,7,367,62234,1,잠실
20250531,8,367,69418,1,잠실
20250531,9,367,52430,1,잠실
20250531,10,367,54408,1,잠실
20250531,1,367,1,55146,잠실
20250531,2,367,62415,1,잠실
20250531,3,367,76290,1,잠실
20250531,4,367,53123,1,잠실
20250531,5,367,79365,1,잠실
20250531,6,367,79109,1,잠실
20250531,7,367,68119,1,잠실
20250531,8,367,69100,1,잠실
20250531,9,367,51100,1,잠실
20250531,10,367,65207,1,잠실
20250601,1,368,1,51264,고척
20250601,2,368,53554,1,고척
20250601,3,368,55226,1,고척
20250601,4,368,76232,1,고척
20250601,5,368,78224,1,고척
20250601,6,368,55208,1,고척
20250601,7,368,64153,1,고척
20250601,8,368,54236,1,고척
20250601,9,368,64468,1,고척
20250601,10,368,69238,1,고척
20250601,1,368,1,69045,고척
20250601,2,368,65357,1,고척
20250601,3,368,76267,1,고척
20250601,4,368,50167,1,고척
20250601,5,368,78135,1,고척
20250601,6,368,64340,1,고척
20250601,7,368,64346,1,고척
20250601,8,368,54394,1,고척
20250601,9,368,62332,1,고척
20250601,10,368,78756,1,고척
20250601,1,369,1,54729,창원
20250601,2,369,55734,1,창원
20250601,3,369,62700,1,창원
20250601,4,369,53764,1,창원
20250601,5,369,69737,1,창원
20250601,6,369,79192,1,창원
20250601,7,369,66657,1,창원
20250601,8,369,79608,1,창원
20250601,9,369,76812,1,창원
20250601,10,369,54795,1,창원
20250601,1,369,1,52992,창원
20250601,2,369,62907,1,창원
20250601,3,369,51907,1,창원
20250601,4,369,79215,1,창원
20250601,5,369,54944,1,창원
20250601,6,369,63963,1,창원
20250601,7,369,51344,1,창원
20250601,8,369,67905,1,창원
20250601,9,369,51903,1,창원
20250601,10,369,64101,1,창원
20250601,1,370,1,55633,수원
20250601,2,370,52667,1,수원
20250601,3,370,64646,1,수원
20250601,4,370,69636,1,수원
20250601,5,370,72443,1,수원
20250601,6,370,55645,1,수원
20250601,7,370,67610,1,수원
20250601,8,370,66606,1,수원
20250601,9,370,68646,1,수원
20250601,10,370,65653,1,수원
20250601,1,370,1,64768,수원
20250601,2,370,66706,1,수원
20250601,3,370,79402,1,수원
20250601,4,370,52001,1,수원
20250601,5,370,67025,1,수원
20250601,6,370,78548,1,수원
20250601,7,370,79240,1,수원
20250601,8,370,51003,1,수원
20250601,9,370,64504,1,수원
20250601,10,370,67006,1,수원
20250601,1,371,1,54833,사직
20250601,2,371,50854,1,사직
20250601,3,371,68868,1,사직
20250601,4,371,75847,1,사직
20250601,5,371,62895,1,사직
20250601,6,371,51868,1,사직
20250601,7,371,67893,1,사직
20250601,8,371,79456,1,사직
20250601,9,371,54812,1,사직
20250601,10,371,66917,1,사직
20250601,1,371,1,52530,사직
20250601,2,371,68205,1,사직
20250601,3,371,69517,1,사직
20250601,4,371,54529,1,사직
20250601,5,371,78513,1,사직
20250601,6,371,52591,1,사직
20250601,7,371,51551,1,사직
20250601,8,371,50150,1,사직
20250601,9,371,61102,1,사직
20250601,10,371,68507,1,사직
20250601,1,372,1,54443,잠실
20250601,2,372,50458,1,잠실
20250601,3,372,52430,1,잠실
20250601,4,372,69418,1,잠실
20250601,5,372,54400,1,잠실
20250601,6,372,74540,1,잠실
20250601,7,372,62404,1,잠실
20250601,8,372,62234,1,잠실
20250601,9,372,54408,1,잠실
20250601,10,372,52415,1,잠실
20250601,1,372,1,61101,잠실
20250601,2,372,62415,1,잠실
20250601,3,372,76290,1,잠실
20250601,4,372,53123,1,잠실
20250601,5,372,69102,1,잠실
20250601,6,372,79365,1,잠실
20250601,7,372,79109,1,잠실
20250601,8,372,68119,1,잠실
20250601,9,372,69100,1,잠실
20250601,10,372,65207,1,잠실
20250603,1,373,1,69032,대전
20250603,2,373,64004,1,대전
20250603,3,373,67644,1,대전
20250603,4,373,52001,1,대전
20250603,5,373,67025,1,대전
20250603,6,373,79240,1,대전
20250603,7,373,78548,1,대전
20250603,8,373,66706,1,대전
20250603,9,373,69056,1,대전
20250603,10,373,51003,1,대전
20250603,1,373,1,55730,대전
20250603,2,373,55734,1,대전
20250603,3,373,62700,1,대전
20250603,4,373,53764,1,대전
20250603,5,373,69737,1,대전
20250603,6,373,79192,1,대전
20250603,7,373,66657,1,대전
20250603,8,373,50707,1,대전
20250603,9,373,78288,1,대전
20250603,10,373,65703,1,대전
20250603,1,374,1,51111,창원
20250603,2,374,62415,1,창원
20250603,3,374,76290,1,창원
20250603,4,374,53123,1,창원
20250603,5,374,69102,1,창원
20250603,6,374,68119,1,창원
20250603,7,374,79109,1,창원
20250603,8,374,69100,1,창원
20250603,9,374,52154,1,창원
20250603,10,374,65207,1,창원
20250603,1,374,1,53973,창원
20250603,2,374,64101,1,창원
20250603,3,374,51907,1,창원
20250603,4,374,79215,1,창원
20250603,5,374,54944,1,창원
20250603,6,374,63963,1,창원
20250603,7,374,51344,1,창원
20250603,8,374,67905,1,창원
20250603,9,374,68912,1,창원
20250603,10,374,50902,1,창원
20250603,1,375,1,77637,잠실
20250603,2,375,64646,1,잠실
20250603,3,375,66606,1,잠실
20250603,4,375,52667,1,잠실
20250603,5,375,55645,1,잠실
20250603,6,375,69636,1,잠실
20250603,7,375,67610,1,잠실
20250603,8,375,65610,1,잠실
20250603,9,375,78122,1,잠실
20250603,10,375,65653,1,잠실
20250603,1,375,1,68220,잠실
20250603,2,375,79231,1,잠실
20250603,3,375,69238,1,잠실
20250603,4,375,55208,1,잠실
20250603,5,375,78224,1,잠실
20250603,6,375,66112,1,잠실
20250603,7,375,54236,1,잠실
20250603,8,375,65269,1,잠실
20250603,9,375,55226,1,잠실
20250603,10,375,55252,1,잠실
20250603,1,376,1,53375,문학
20250603,2,376,50458,1,문학
20250603,3,376,62234,1,문학
20250603,4,376,69418,1,문학
20250603,5,376,54400,1,문학
20250603,6,376,74540,1,문학
20250603,7,376,62404,1,문학
20250603,8,376,52430,1,문학
20250603,9,376,52415,1,문학
20250603,10,376,54408,1,문학
20250603,1,376,1,77829,문학
20250603,2,376,50854,1,문학
20250603,3,376,53827,1,문학
20250603,4,376,75847,1,문학
20250603,5,376,62895,1,문학
20250603,6,376,51868,1,문학
20250603,7,376,67893,1,문학
20250603,8,376,79456,1,문학
20250603,9,376,54812,1,문학
20250603,10,376,66917,1,문학
20250603,1,377,1,54368,사직
20250603,2,377,65357,1,사직
20250603,3,377,76267,1,사직
20250603,4,377,64340,1,사직
20250603,5,377,53312,1,사직
20250603,6,377,78135,1,사직
20250603,7,377,78756,1,사직
20250603,8,377,54394,1,사직
20250603,9,377,55392,1,사직
20250603,10,377,52305,1,사직
20250603,1,377,1,55532,사직
20250603,2,377,68507,1,사직
20250603,3,377,69517,1,사직
20250603,4,377,54529,1,사직
20250603,5,377,78513,1,사직
20250603,6,377,52591,1,사직
20250603,7,377,68205,1,사직
20250603,8,377,50150,1,사직
20250603,9,377,61102,1,사직
20250603,10,377,60523,1,사직
20250604,1,378,1,54640,잠실
20250604,2,378,64646,1,잠실
20250604,3,378,66606,1,잠실
20250604,4,378,52667,1,잠실
20250604,5,378,72443,1,잠실
20250604,6,378,69636,1,잠실
20250604,7,378,55645,1,잠실
20250604,8,378,67610,1,잠실
20250604,9,378,78122,1,잠실
20250604,10,378,65653,1,잠실
20250604,1,378,1,55268,잠실
20250604,2,378,79231,1,잠실
20250604,3,378,55208,1,잠실
20250604,4,378,76232,1,잠실
20250604,5,378,78224,1,잠실
20250604,6,378,53554,1,잠실
20250604,7,378,65269,1,잠실
20250604,8,378,55224,1,잠실
20250604,9,378,55252,1,잠실
20250604,10,378,55226,1,잠실
20250604,1,379,1,50859,대전
20250604,2,379,64004,1,대전
20250604,3,379,67644,1,대전
20250604,4,379,52001,1,대전
20250604,5,379,67025,1,대전
20250604,6,379,79240,1,대전
20250604,7,379,78548,1,대전
20250604,8,379,50054,1,대전
20250604,9,379,64504,1,대전
20250604,10,379,51003,1,대전
20250604,1,379,1,54755,대전
20250604,2,379,55734,1,대전
20250604,3,379,62700,1,대전
20250604,4,379,53764,1,대전
20250604,5,379,69737,1,대전
20250604,6,379,79192,1,대전
20250604,7,379,66657,1,대전
20250604,8,379,66704,1,대전
20250604,9,379,76812,1,대전
20250604,10,379,65703,1,대전
20250604,1,380,1,67143,창원
20250604,2,380,62415,1,창원
20250604,3,380,76290,1,창원
20250604,4,380,53123,1,창원
20250604,5,380,69102,1,창원
20250604,6,380,79365,1,창원
20250604,7,380,68119,1,창원
20250604,8,380,79109,1,창원
20250604,9,380,69100,1,창원
20250604,10,380,65207,1,창원
20250604,1,380,1,55912,창원
20250604,2,380,62907,1,창원
20250604,3,380,51907,1,창원
20250604,4,380,79215,1,창원
20250604,5,380,54944,1,창원
20250604,6,380,63963,1,창원
20250604,7,380,51344,1,창원
20250604,8,380,68904,1,창원
20250604,9,380,68912,1,창원
20250604,10,380,67905,1,창원
20250604,1,381,1,65320,문학
20250604,2,381,69418,1,문학
20250604,3,381,50458,1,문학
20250604,4,381,52415,1,문학
20250604,5,381,54400,1,문학
20250604,6,381,74540,1,문학
20250604,7,381,52430,1,문학
20250604,8,381,62234,1,문학
20250604,9,381,66409,1,문학
20250604,10,381,54408,1,문학
20250604,1,381,1,51867,문학
20250604,2,381,50854,1,문학
20250604,3,381,53827,1,문학
20250604,4,381,75847,1,문학
20250604,5,381,62895,1,문학
20250604,6,381,51868,1,문학
20250604,7,381,67893,1,문학
20250604,8,381,54812,1,문학
20250604,9,381,51865,1,문학
20250604,10,381,66917,1,문학
20250604,1,382,1,54319,사직
20250604,2,382,65357,1,사직
20250604,3,382,76267,1,사직
20250604,4,382,50167,1,사직
20250604,5,382,66838,1,사직
20250604,6,382,64984,1,사직
20250604,7,382,54307,1,사직
20250604,8,382,62332,1,사직
20250604,9,382,55392,1,사직
20250604,10,382,50357,1,사직
20250604,1,382,1,64021,사직
20250604,2,382,68507,1,사직
20250604,3,382,69517,1,사직
20250604,4,382,54529,1,사직
20250604,5,382,78513,1,사직
20250604,6,382,52591,1,사직
20250604,7,382,68205,1,사직
20250604,8,382,50150,1,사직
20250604,9,382,61102,1,사직
20250604,10,382,60523,1,사직
20250605,1,383,1,69745,잠실
20250605,2,383,64646,1,잠실
20250605,3,383,66606,1,잠실
20250605,4,383,52667,1,잠실
20250605,5,383,72443,1,잠실
20250605,6,383,69636,1,잠실
20250605,7,383,55645,1,잠실
20250605,8,383,67610,1,잠실
20250605,9,383,68646,1,잠실
20250605,10,383,65653,1,잠실
20250605,1,383,1,67263,잠실
20250605,2,383,79231,1,잠실
20250605,3,383,55208,1,잠실
20250605,4,383,76232,1,잠실
20250605,5,383,78224,1,잠실
20250605,6,383,53554,1,잠실
20250605,7,383,65269,1,잠실
20250605,8,383,55252,1,잠실
20250605,9,383,55224,1,잠실
20250605,10,383,54205,1,잠실
20250605,1,384,1,54354,대전
20250605,2,384,64166,1,대전
20250605,3,384,50054,1,대전
20250605,4,384,52001,1,대전
20250605,5,384,67025,1,대전
20250605,6,384,78548,1,대전
20250605,7,384,64504,1,대전
20250605,8,384,68504,1,대전
20250605,9,384,51003,1,대전
20250605,10,384,68089,1,대전
20250605,1,384,1,76715,대전
20250605,2,384,55734,1,대전
20250605,3,384,79608,1,대전
20250605,4,384,53764,1,대전
20250605,5,384,69737,1,대전
20250605,6,384,79192,1,대전
20250605,7,384,66657,1,대전
20250605,8,384,65703,1,대전
20250605,9,384,78288,1,대전
20250605,10,384,62700,1,대전
20250605,1,385,1,54119,창원
20250605,2,385,65207,1,창원
20250605,3,385,62415,1,창원
20250605,4,385,53123,1,창원
20250605,5,385,69102,1,창원
20250605,6,385,68119,1,창원
20250605,7,385,52121,1,창원
20250605,8,385,68110,1,창원
20250605,9,385,52154,1,창원
20250605,10,385,51100,1,창원
20250605,1,385,1,55903,창원
20250605,2,385,62907,1,창원
20250605,3,385,51907,1,창원
20250605,4,385,79215,1,창원
20250605,5,385,54944,1,창원
20250605,6,385,63963,1,창원
20250605,7,385,51344,1,창원
20250605,8,385,68904,1,창원
20250605,9,385,68912,1,창원
20250605,10,385,67905,1,창원
20250605,1,386,1,51454,문학
20250605,2,386,50458,1,문학
20250605,3,386,65040,1,문학
20250605,4,386,62404,1,문학
20250605,5,386,54400,1,문학
20250605,6,386,52430,1,문학
20250605,7,386,65132,1,문학
20250605,8,386,52415,1,문학
20250605,9,386,69418,1,문학
20250605,10,386,54408,1,문학
20250605,1,386,1,55855,문학
20250605,2,386,60558,1,문학
20250605,3,386,53827,1,문학
20250605,4,386,75847,1,문학
20250605,5,386,51868,1,문학
20250605,6,386,62895,1,문학
20250605,7,386,79456,1,문학
20250605,8,386,67893,1,문학
20250605,9,386,66917,1,문학
20250605,10,386,54812,1,문학
20250605,1,387,1,64350,사직
20250605,2,387,65357,1,사직
20250605,3,387,76267,1,사직
20250605,4,387,50167,1,사직
20250605,5,387,66838,1,사직
20250605,6,387,64340,1,사직
20250605,7,387,54394,1,사직
20250605,8,387,53312,1,사직
20250605,9,387,55392,1,사직
20250605,10,387,52305,1,사직
20250605,1,387,1,55536,사직
20250605,2,387,68507,1,사직
20250605,3,387,69517,1,사직
20250605,4,387,54529,1,사직
20250605,5,387,78513,1,사직
20250605,6,387,52591,1,사직
20250605,7,387,68205,1,사직
20250605,8,387,50150,1,사직
20250605,9,387,60523,1,사직
20250605,10,387,51528,1,사직
20250606,1,388,1,65056,광주
20250606,2,388,55734,1,광주
20250606,3,388,50707,1,광주
20250606,4,388,53764,1,광주
20250606,5,388,69737,1,광주
20250606,6,388,79192,1,광주
20250606,7,388,66657,1,광주
20250606,8,388,62700,1,광주
20250606,9,388,78288,1,광주
20250606,10,388,65703,1,광주
20250606,1,388,1,53613,광주
20250606,2,388,64646,1,광주
20250606,3,388,66606,1,광주
20250606,4,388,69636,1,광주
20250606,5,388,72443,1,광주
20250606,6,388,55645,1,광주
20250606,7,388,61353,1,광주
20250606,8,388,67610,1,광주
20250606,9,388,78122,1,광주
20250606,10,388,52667,1,광주
20250606,1,389,1,55146,고척
20250606,2,389,65207,1,고척
20250606,3,389,68110,1,고척
20250606,4,389,53123,1,고척
20250606,5,389,69102,1,고척
20250606,6,389,79365,1,고척
20250606,7,389,68119,1,고척
20250606,8,389,52121,1,고척
20250606,9,389,69100,1,고척
20250606,10,389,62415,1,고척
20250606,1,389,1,55322,고척
20250606,2,389,65357,1,고척
20250606,3,389,76267,1,고척
20250606,4,389,50167,1,고척
20250606,5,389,66838,1,고척
20250606,6,389,64340,1,고척
20250606,7,389,54307,1,고척
20250606,8,389,54394,1,고척
20250606,9,389,53312,1,고척
20250606,10,389,55392,1,고척
20250606,1,390,1,67539,잠실
20250606,2,390,52504,1,잠실
20250606,3,390,69517,1,잠실
20250606,4,390,54529,1,잠실
20250606,5,390,78513,1,잠실
20250606,6,390,68205,1,잠실
20250606,7,390,50150,1,잠실
20250606,8,390,61102,1,잠실
20250606,9,390,52568,1,잠실
20250606,10,390,55506,1,잠실
20250606,1,390,1,55239,잠실
20250606,2,390,55208,1,잠실
20250606,3,390,52267,1,잠실
20250606,4,390,76232,1,잠실
20250606,5,390,78224,1,잠실
20250606,6,390,53554,1,잠실
20250606,7,390,55252,1,잠실
20250606,8,390,69238,1,잠실
20250606,9,390,64468,1,잠실
20250606,10,390,54205,1,잠실
20250606,1,391,1,52995,대구
20250606,2,391,63963,1,대구
20250606,3,391,51907,1,대구
20250606,4,391,62907,1,대구
20250606,5,391,54944,1,대구
20250606,6,391,79215,1,대구
20250606,7,391,68904,1,대구
20250606,8,391,67905,1,대구
20250606,9,391,68912,1,대구
20250606,10,391,51344,1,대구
20250606,1,391,1,69446,대구
20250606,2,391,50458,1,대구
20250606,3,391,65040,1,대구
20250606,4,391,62404,1,대구
20250606,5,391,54400,1,대구
20250606,6,391,74540,1,대구
20250606,7,391,52430,1,대구
20250606,8,391,52415,1,대구
20250606,9,391,62234,1,대구
20250606,10,391,54408,1,대구
20250606,1,392,1,52809,수원
20250606,2,392,50854,1,수원
20250606,3,392,53827,1,수원
20250606,4,392,75847,1,수원
20250606,5,392,62895,1,수원
20250606,6,392,51868,1,수원
20250606,7,392,67893,1,수원
20250606,8,392,51865,1,수원
20250606,9,392,54812,1,수원
20250606,10,392,66917,1,수원
20250606,1,392,1,50030,수원
20250606,2,392,64166,1,수원
20250606,3,392,50054,1,수원
20250606,4,392,52001,1,수원
20250606,5,392,67025,1,수원
20250606,6,392,78548,1,수원
20250606,7,392,67644,1,수원
20250606,8,392,79240,1,수원
20250606,9,392,64504,1,수원
20250606,10,392,51003,1,수원
20250607,1,393,1,54729,광주
20250607,2,393,55734,1,광주
20250607,3,393,62700,1,광주
20250607,4,393,53764,1,광주
20250607,5,393,79192,1,광주
20250607,6,393,66657,1,광주
20250607,7,393,69737,1,광주
20250607,8,393,50707,1,광주
20250607,9,393,78288,1,광주
20250607,10,393,54795,1,광주
20250607,1,393,1,55633,광주
20250607,2,393,64646,1,광주
20250607,3,393,52667,1,광주
20250607,4,393,55645,1,광주
20250607,5,393,72443,1,광주
20250607,6,393,69636,1,광주
20250607,7,393,65610,1,광주
20250607,8,393,65653,1,광주
20250607,9,393,78122,1,광주
20250607,10,393,66606,1,광주
20250607,1,394,1,61101,고척
20250607,2,394,65207,1,고척
20250607,3,394,76290,1,고척
20250607,4,394,53123,1,고척
20250607,5,394,69102,1,고척
20250607,6,394,79365,1,고척
20250607,7,394,68119,1,고척
20250607,8,394,69100,1,고척
20250607,9,394,54156,1,고척
20250607,10,394,62415,1,고척
20250607,1,394,1,69045,고척
20250607,2,394,65357,1,고척
20250607,3,394,76267,1,고척
20250607,4,394,50167,1,고척
20250607,5,394,64340,1,고척
20250607,6,394,54307,1,고척
20250607,7,394,66838,1,고척
20250607,8,394,62332,1,고척
20250607,9,394,55392,1,고척
20250607,10,394,54394,1,고척
20250607,1,395,1,52530,잠실
20250607,2,395,68507,1,잠실
20250607,3,395,69517,1,잠실
20250607,4,395,54529,1,잠실
20250607,5,395,78513,1,잠실
20250607,6,395,68205,1,잠실
20250607,7,395,50150,1,잠실
20250607,8,395,61102,1,잠실
20250607,9,395,52504,1,잠실
20250607,10,395,52568,1,잠실
20250607,1,395,1,51264,잠실
20250607,2,395,79231,1,잠실
20250607,3,395,52267,1,잠실
20250607,4,395,76232,1,잠실
20250607,5,395,55208,1,잠실
20250607,6,395,78224,1,잠실
20250607,7,395,53554,1,잠실
20250607,8,395,55252,1,잠실
20250607,9,395,64468,1,잠실
20250607,10,395,54205,1,잠실
20250607,1,396,1,68902,대구
20250607,2,396,69992,1,대구
20250607,3,396,51907,1,대구
20250607,4,396,62907,1,대구
20250607,5,396,54944,1,대구
20250607,6,396,79215,1,대구
20250607,7,396,77532,1,대구
20250607,8,396,68904,1,대구
20250607,9,396,68912,1,대구
20250607,10,396,67905,1,대구
20250607,1,396,1,54443,대구
20250607,2,396,50458,1,대구
20250607,3,396,52415,1,대구
20250607,4,396,62404,1,대구
20250607,5,396,54400,1,대구
20250607,6,396,74540,1,대구
20250607,7,396,62234,1,대구
20250607,8,396,66409,1,대구
20250607,9,396,52430,1,대구
20250607,10,396,69418,1,대구
20250607,1,397,1,54833,수원
20250607,2,397,50854,1,수원
20250607,3,397,53827,1,수원
20250607,4,397,75847,1,수원
20250607,5,397,62895,1,수원
20250607,6,397,67893,1,수원
20250607,7,397,51868,1,수원
20250607,8,397,79456,1,수원
20250607,9,397,54812,1,수원
20250607,10,397,66917,1,수원
20250607,1,397,1,64001,수원
20250607,2,397,64166,1,수원
20250607,3,397,50054,1,수원
20250607,4,397,52001,1,수원
20250607,5,397,67025,1,수원
20250607,6,397,78548,1,수원
20250607,7,397,67644,1,수원
20250607,8,397,79240,1,수원
20250607,9,397,64504,1,수원
20250607,10,397,51003,1,수원
20250608,1,398,1,51111,고척
20250608,2,398,65207,1,고척
20250608,3,398,76290,1,고척
20250608,4,398,53123,1,고척
20250608,5,398,69102,1,고척
20250608,6,398,68119,1,고척
20250608,7,398,69100,1,고척
20250608,8,398,52154,1,고척
20250608,9,398,54156,1,고척
20250608,10,398,62415,1,고척
20250608,1,398,1,55313,고척
20250608,2,398,65357,1,고척
20250608,3,398,76267,1,고척
20250608,4,398,50167,1,고척
20250608,5,398,64340,1,고척
20250608,6,398,53312,1,고척
20250608,7,398,52305,1,고척
20250608,8,398,55392,1,고척
20250608,9,398,55370,1,고척
20250608,10,398,54394,1,고척
20250608,1,399,1,55730,광주
20250608,2,399,55734,1,광주
20250608,3,399,62700,1,광주
20250608,4,399,53764,1,광주
20250608,5,399,69737,1,광주
20250608,6,399,79192,1,광주
20250608,7,399,66657,1,광주
20250608,8,399,79608,1,광주
20250608,9,399,78288,1,광주
20250608,10,399,54795,1,광주
20250608,1,399,1,77637,광주
20250608,2,399,52667,1,광주
20250608,3,399,64646,1,광주
20250608,4,399,69636,1,광주
20250608,5,399,72443,1,광주
20250608,6,399,55645,1,광주
20250608,7,399,66606,1,광주
20250608,8,399,67610,1,광주
20250608,9,399,78122,1,광주
20250608,10,399,65653,1,광주
20250608,1,400,1,55532,잠실
20250608,2,400,68507,1,잠실
20250608,3,400,52568,1,잠실
20250608,4,400,54529,1,잠실
20250608,5,400,78513,1,잠실
20250608,6,400,50150,1,잠실
20250608,7,400,68205,1,잠실
20250608,8,400,60523,1,잠실
20250608,9,400,52504,1,잠실
20250608,10,400,68518,1,잠실
20250608,1,400,1,68220,잠실
20250608,2,400,67207,1,잠실
20250608,3,400,69238,1,잠실
20250608,4,400,76232,1,잠실
20250608,5,400,78224,1,잠실
20250608,6,400,66112,1,잠실
20250608,7,400,55252,1,잠실
20250608,8,400,79231,1,잠실
20250608,9,400,64468,1,잠실
20250608,10,400,54205,1,잠실
20250608,1,401,1,53919,대구
20250608,2,401,69992,1,대구
20250608,3,401,51907,1,대구
20250608,4,401,62907,1,대구
20250608,5,401,54944,1,대구
20250608,6,401,77532,1,대구
20250608,7,401,63963,1,대구
20250608,8,401,64101,1,대구
20250608,9,401,51344,1,대구
20250608,10,401,51903,1,대구
20250608,1,401,1,53375,대구
20250608,2,401,50458,1,대구
20250608,3,401,62234,1,대구
20250608,4,401,62404,1,대구
20250608,5,401,54400,1,대구
20250608,6,401,52430,1,대구
20250608,7,401,52415,1,대구
20250608,8,401,75125,1,대구
20250608,9,401,65132,1,대구
20250608,10,401,66409,1,대구
20250608,1,402,1,54802,수원
20250608,2,402,50854,1,수원
20250608,3,402,53827,1,수원
20250608,4,402,75847,1,수원
20250608,5,402,62895,1,수원
20250608,6,402,51868,1,수원
20250608,7,402,67893,1,수원
20250608,8,402,51865,1,수원
20250608,9,402,66917,1,수원
20250608,10,402,52804,1,수원
20250608,1,402,1,69032,수원
20250608,2,402,64166,1,수원
20250608,3,402,68504,1,수원
20250608,4,402,79240,1,수원
20250608,5,402,67025,1,수원
20250608,6,402,67644,1,수원
20250608,7,402,79402,1,수원
20250608,8,402,66706,1,수원
20250608,9,402,51003,1,수원
20250608,10,402,68089,1,수원
20250610,1,403,1,64021,수원
20250610,2,403,68507,1,수원
20250610,3,403,69517,1,수원
20250610,4,403,54529,1,수원
20250610,5,403,78513,1,수원
20250610,6,403,60523,1,수원
20250610,7,403,50150,1,수원
20250610,8,403,77564,1,수원
20250610,9,403,68205,1,수원
20250610,10,403,68518,1,수원
20250610,1,403,1,50859,수원
20250610,2,403,64166,1,수원
20250610,3,403,79402,1,수원
20250610,4,403,52001,1,수원
20250610,5,403,67025,1,수원
20250610,6,403,78548,1,수원
20250610,7,403,67644,1,수원
20250610,8,403,79240,1,수원
20250610,9,403,68504,1,수원
20250610,10,403,64504,1,수원
20250610,1,404,1,55912,고척
20250610,2,404,63963,1,고척
20250610,3,404,51907,1,고척
20250610,4,404,62907,1,고척
20250610,5,404,54944,1,고척
20250610,6,404,79215,1,고척
20250610,7,404,77532,1,고척
20250610,8,404,67905,1,고척
20250610,9,404,68912,1,고척
20250610,10,404,51344,1,고척
20250610,1,404,1,54319,고척
20250610,2,404,65357,1,고척
20250610,3,404,64340,1,고척
20250610,4,404,50167,1,고척
20250610,5,404,66838,1,고척
20250610,6,404,53312,1,고척
20250610,7,404,52305,1,고척
20250610,8,404,54394,1,고척
20250610,9,404,55370,1,고척
20250610,10,404,78756,1,고척
20250610,1,405,1,55257,대전
20250610,2,405,79231,1,대전
20250610,3,405,55208,1,대전
20250610,4,405,76232,1,대전
20250610,5,405,78224,1,대전
20250610,6,405,63257,1,대전
20250610,7,405,67207,1,대전
20250610,8,405,53554,1,대전
20250610,9,405,55252,1,대전
20250610,10,405,55224,1,대전
20250610,1,405,1,54755,대전
20250610,2,405,79608,1,대전
20250610,3,405,62700,1,대전
20250610,4,405,53764,1,대전
20250610,5,405,69737,1,대전
20250610,6,405,79192,1,대전
20250610,7,405,66657,1,대전
20250610,8,405,68700,1,대전
20250610,9,405,76812,1,대전
20250610,10,405,54795,1,대전
20250610,1,406,1,51867,잠실
20250610,2,406,50854,1,잠실
20250610,3,406,62934,1,잠실
20250610,4,406,75847,1,잠실
20250610,5,406,51868,1,잠실
20250610,6,406,53827,1,잠실
20250610,7,406,67893,1,잠실
20250610,8,406,51865,1,잠실
20250610,9,406,52804,1,잠실
20250610,10,406,66917,1,잠실
20250610,1,406,1,67143,잠실
20250610,2,406,65207,1,잠실
20250610,3,406,76290,1,잠실
20250610,4,406,53123,1,잠실
20250610,5,406,69102,1,잠실
20250610,6,406,79365,1,잠실
20250610,7,406,68119,1,잠실
20250610,8,406,69100,1,잠실
20250610,9,406,66162,1,잠실
20250610,10,406,62415,1,잠실
20250610,1,407,1,65320,광주
20250610,2,407,50458,1,광주
20250610,3,407,62404,1,광주
20250610,4,407,54400,1,광주
20250610,5,407,52430,1,광주
20250610,6,407,65132,1,광주
20250610,7,407,65040,1,광주
20250610,8,407,75125,1,광주
20250610,9,407,62234,1,광주
20250610,10,407,52415,1,광주
20250610,1,407,1,54640,광주
20250610,2,407,52667,1,광주
20250610,3,407,64646,1,광주
20250610,4,407,69636,1,광주
20250610,5,407,72443,1,광주
20250610,6,407,55645,1,광주
20250610,7,407,65610,1,광주
20250610,8,407,66606,1,광주
20250610,9,407,78122,1,광주
20250610,10,407,64560,1,광주
20250611,1,408,1,55536,수원
20250611,2,408,68507,1,수원
20250611,3,408,69517,1,수원
20250611,4,408,54529,1,수원
20250611,5,408,78513,1,수원
20250611,6,408,77564,1,수원
20250611,7,408,68205,1,수원
20250611,8,408,60523,1,수원
20250611,9,408,52568,1,수원
20250611,10,408,68518,1,수원
20250611,1,408,1,54354,수원
20250611,2,408,64166,1,수원
20250611,3,408,79402,1,수원
20250611,4,408,52001,1,수원
20250611,5,408,78548,1,수원
20250611,6,408,67025,1,수원
20250611,7,408,79240,1,수원
20250611,8,408,68504,1,수원
20250611,9,408,64504,1,수원
20250611,10,408,68089,1,수원
20250611,1,409,1,55903,고척
20250611,2,409,63963,1,고척
20250611,3,409,51907,1,고척
20250611,4,409,62907,1,고척
20250611,5,409,54944,1,고척
20250611,6,409,77532,1,고척
20250611,7,409,68904,1,고척
20250611,8,409,51344,1,고척
20250611,9,409,68912,1,고척
20250611,10,409,69992,1,고척
20250611,1,409,1,64350,고척
20250611,2,409,65357,1,고척
20250611,3,409,64340,1,고척
20250611,4,409,50167,1,고척
20250611,5,409,76267,1,고척
20250611,6,409,54307,1,고척
20250611,7,409,54394,1,고척
20250611,8,409,50357,1,고척
20250611,9,409,53312,1,고척
20250611,10,409,55392,1,고척
20250611,1,410,1,67263,대전
20250611,2,410,67207,1,대전
20250611,3,410,55208,1,대전
20250611,4,410,76232,1,대전
20250611,5,410,78224,1,대전
20250611,6,410,52267,1,대전
20250611,7,410,69238,1,대전
20250611,8,410,50208,1,대전
20250611,9,410,55252,1,대전
20250611,10,410,53554,1,대전
20250611,1,410,1,54768,대전
20250611,2,410,68700,1,대전
20250611,3,410,50707,1,대전
20250611,4,410,53764,1,대전
20250611,5,410,69737,1,대전
20250611,6,410,79192,1,대전
20250611,7,410,66704,1,대전
20250611,8,410,65703,1,대전
20250611,9,410,78288,1,대전
20250611,10,410,54795,1,대전
20250611,1,411,1,55855,잠실
20250611,2,411,50854,1,잠실
20250611,3,411,53827,1,잠실
20250611,4,411,75847,1,잠실
20250611,5,411,62895,1,잠실
20250611,6,411,51868,1,잠실
20250611,7,411,67893,1,잠실
20250611,8,411,79456,1,잠실
20250611,9,411,54812,1,잠실
20250611,10,411,66917,1,잠실
20250611,1,411,1,54119,잠실
20250611,2,411,65207,1,잠실
20250611,3,411,76290,1,잠실
20250611,4,411,53123,1,잠실
20250611,5,411,69102,1,잠실
20250611,6,411,68119,1,잠실
20250611,7,411,52154,1,잠실
20250611,8,411,69100,1,잠실
20250611,9,411,51100,1,잠실
20250611,10,411,62415,1,잠실
20250611,1,412,1,68415,광주
20250611,2,412,50458,1,광주
20250611,3,412,62404,1,광주
20250611,4,412,54400,1,광주
20250611,5,412,52430,1,광주
20250611,6,412,75125,1,광주
20250611,7,412,65040,1,광주
20250611,8,412,52415,1,광주
20250611,9,412,65132,1,광주
20250611,10,412,54408,1,광주
20250611,1,412,1,69745,광주
20250611,2,412,52667,1,광주
20250611,3,412,64560,1,광주
20250611,4,412,69636,1,광주
20250611,5,412,72443,1,광주
20250611,6,412,55645,1,광주
20250611,7,412,64646,1,광주
20250611,8,412,66606,1,광주
20250611,9,412,78122,1,광주
20250611,10,412,65653,1,광주
20250612,1,413,1,51516,수원
20250612,2,413,68507,1,수원
20250612,3,413,69517,1,수원
20250612,4,413,54529,1,수원
20250612,5,413,78513,1,수원
20250612,6,413,77564,1,수원
20250612,7,413,68205,1,수원
20250612,8,413,50150,1,수원
20250612,9,413,52504,1,수원
20250612,10,413,68518,1,수원
20250612,1,413,1,50030,수원
20250612,2,413,64166,1,수원
20250612,3,413,79402,1,수원
20250612,4,413,52001,1,수원
20250612,5,413,78548,1,수원
20250612,6,413,79240,1,수원
20250612,7,413,67025,1,수원
20250612,8,413,64504,1,수원
20250612,9,413,66706,1,수원
20250612,10,413,51003,1,수원
20250612,1,414,1,52995,고척
20250612,2,414,63963,1,고척
20250612,3,414,51907,1,고척
20250612,4,414,62907,1,고척
20250612,5,414,54944,1,고척
20250612,6,414,79215,1,고척
20250612,7,414,77532,1,고척
20250612,8,414,68904,1,고척
20250612,9,414,68912,1,고척
20250612,10,414,51344,1,고척
20250612,1,414,1,54368,고척
20250612,2,414,50167,1,고척
20250612,3,414,76267,1,고척
20250612,4,414,65357,1,고척
20250612,5,414,55326,1,고척
20250612,6,414,64340,1,고척
20250612,7,414,69332,1,고척
20250612,8,414,54394,1,고척
20250612,9,414,62332,1,고척
20250612,10,414,55397,1,고척
20250612,1,415,1,55239,대전
20250612,2,415,79231,1,대전
20250612,3,415,50208,1,대전
20250612,4,415,76232,1,대전
20250612,5,415,78224,1,대전
20250612,6,415,52267,1,대전
20250612,7,415,55208,1,대전
20250612,8,415,67207,1,대전
20250612,9,415,55252,1,대전
20250612,10,415,53554,1,대전
20250612,1,415,1,65056,대전
20250612,2,415,68700,1,대전
20250612,3,415,62700,1,대전
20250612,4,415,53764,1,대전
20250612,5,415,69737,1,대전
20250612,6,415,79192,1,대전
20250612,7,415,66657,1,대전
20250612,8,415,66704,1,대전
20250612,9,415,78288,1,대전
20250612,10,415,65703,1,대전
20250612,1,416,1,52809,잠실
20250612,2,416,50854,1,잠실
20250612,3,416,53827,1,잠실
20250612,4,416,75847,1,잠실
20250612,5,416,62895,1,잠실
20250612,6,416,51868,1,잠실
20250612,7,416,67893,1,잠실
20250612,8,416,54812,1,잠실
20250612,9,416,51865,1,잠실
20250612,10,416,66917,1,잠실
20250612,1,416,1,55146,잠실
20250612,2,416,65207,1,잠실
20250612,3,416,76290,1,잠실
20250612,4,416,53123,1,잠실
20250612,5,416,69102,1,잠실
20250612,6,416,68119,1,잠실
20250612,7,416,69100,1,잠실
20250612,8,416,52154,1,잠실
20250612,9,416,51100,1,잠실
20250612,10,416,62415,1,잠실
20250612,1,417,1,51454,광주
20250612,2,417,50458,1,광주
20250612,3,417,54408,1,광주
20250612,4,417,62404,1,광주
20250612,5,417,54400,1,광주
20250612,6,417,52430,1,광주
20250612,7,417,69418,1,광주
20250612,8,417,75125,1,광주
20250612,9,417,65132,1,광주
20250612,10,417,55438,1,광주
20250612,1,417,1,53613,광주
20250612,2,417,64560,1,광주
20250612,3,417,64646,1,광주
20250612,4,417,55645,1,광주
20250612,5,417,72443,1,광주
20250612,6,417,69636,1,광주
20250612,7,417,65610,1,광주
20250612,8,417,68646,1,광주
20250612,9,417,66614,1,광주
20250612,10,417,65653,1,광주
20250613,1,418,1,64001,대구
20250613,2,418,64166,1,대구
20250613,3,418,79402,1,대구
20250613,4,418,52001,1,대구
20250613,5,418,78548,1,대구
20250613,6,418,79240,1,대구
20250613,7,418,67025,1,대구
20250613,8,418,68504,1,대구
20250613,9,418,68089,1,대구
20250613,10,418,51003,1,대구
20250613,1,418,1,50441,대구
20250613,2,418,50458,1,대구
20250613,3,418,52415,1,대구
20250613,4,418,62404,1,대구
20250613,5,418,54400,1,대구
20250613,6,418,74540,1,대구
20250613,7,418,65586,1,대구
20250613,8,418,75125,1,대구
20250613,9,418,65040,1,대구
20250613,10,418,54408,1,대구
20250613,1,420,1,52530,문학
20250613,2,420,52504,1,문학
20250613,3,420,69517,1,문학
20250613,4,420,54529,1,문학
20250613,5,420,78513,1,문학
20250613,6,420,50150,1,문학
20250613,7,420,68205,1,문학
20250613,8,420,77564,1,문학
20250613,9,420,52568,1,문학
20250613,10,420,51528,1,문학
20250613,1,420,1,54833,문학
20250613,2,420,50854,1,문학
20250613,3,420,54812,1,문학
20250613,4,420,53827,1,문학
20250613,5,420,62895,1,문학
20250613,6,420,51868,1,문학
20250613,7,420,67893,1,문학
20250613,8,420,62934,1,문학
20250613,9,420,51865,1,문학
20250613,10,420,66917,1,문학
20250613,1,421,1,69045,잠실
20250613,2,421,50167,1,잠실
20250613,3,421,55326,1,잠실
20250613,4,421,76267,1,잠실
20250613,5,421,64340,1,잠실
20250613,6,421,69332,1,잠실
20250613,7,421,78756,1,잠실
20250613,8,421,53312,1,잠실
20250613,9,421,55397,1,잠실
20250613,10,421,54394,1,잠실
20250613,1,421,1,51264,잠실
20250613,2,421,79231,1,잠실
20250613,3,421,50208,1,잠실
20250613,4,421,76232,1,잠실
20250613,5,421,78224,1,잠실
20250613,6,421,52267,1,잠실
20250613,7,421,55208,1,잠실
20250613,8,421,67207,1,잠실
20250613,9,421,53554,1,잠실
20250613,10,421,63123,1,잠실
20250613,1,422,1,55633,창원
20250613,2,422,64560,1,창원
20250613,3,422,66606,1,창원
20250613,4,422,72443,1,창원
20250613,5,422,55645,1,창원
20250613,6,422,69636,1,창원
20250613,7,422,64646,1,창원
20250613,8,422,65653,1,창원
20250613,9,422,78122,1,창원
20250613,10,422,66614,1,창원
20250613,1,422,1,68902,창원
20250613,2,422,51907,1,창원
20250613,3,422,63963,1,창원
20250613,4,422,62907,1,창원
20250613,5,422,54944,1,창원
20250613,6,422,79215,1,창원
20250613,7,422,77532,1,창원
20250613,8,422,67905,1,창원
20250613,9,422,68912,1,창원
20250613,10,422,51344,1,창원
20250614,1,423,1,77637,창원
20250614,2,423,64560,1,창원
20250614,3,423,64646,1,창원
20250614,4,423,72443,1,창원
20250614,5,423,55645,1,창원
20250614,6,423,69636,1,창원
20250614,7,423,66606,1,창원
20250614,8,423,65653,1,창원
20250614,9,423,78122,1,창원
20250614,10,423,66614,1,창원
20250614,1,423,1,53919,창원
20250614,2,423,51907,1,창원
20250614,3,423,63963,1,창원
20250614,4,423,62907,1,창원
20250614,5,423,54944,1,창원
20250614,6,423,79215,1,창원
20250614,7,423,77532,1,창원
20250614,8,423,67905,1,창원
20250614,9,423,51344,1,창원
20250614,10,423,51903,1,창원
20250614,1,424,1,69032,대구
20250614,2,424,64166,1,대구
20250614,3,424,79402,1,대구
20250614,4,424,52001,1,대구
20250614,5,424,67644,1,대구
20250614,6,424,79240,1,대구
20250614,7,424,67025,1,대구
20250614,8,424,68504,1,대구
20250614,9,424,68089,1,대구
20250614,10,424,51003,1,대구
20250614,1,424,1,53375,대구
20250614,2,424,50458,1,대구
20250614,3,424,54408,1,대구
20250614,4,424,62404,1,대구
20250614,5,424,54400,1,대구
20250614,6,424,74540,1,대구
20250614,7,424,65040,1,대구
20250614,8,424,69418,1,대구
20250614,9,424,52430,1,대구
20250614,10,424,52415,1,대구
20250614,1,425,1,61101,대전
20250614,2,425,65207,1,대전
20250614,3,425,76290,1,대전
20250614,4,425,53123,1,대전
20250614,5,425,69102,1,대전
20250614,6,425,79365,1,대전
20250614,7,425,68119,1,대전
20250614,8,425,69100,1,대전
20250614,9,425,52103,1,대전
20250614,10,425,62415,1,대전
20250614,1,425,1,55730,대전
20250614,2,425,68700,1,대전
20250614,3,425,62700,1,대전
20250614,4,425,53764,1,대전
20250614,5,425,69737,1,대전
20250614,6,425,79192,1,대전
20250614,7,425,66657,1,대전
20250614,8,425,79608,1,대전
20250614,9,425,78288,1,대전
20250614,10,425,54795,1,대전
20250614,1,426,1,55532,문학
20250614,2,426,50150,1,문학
20250614,3,426,69517,1,문학
20250614,4,426,54529,1,문학
20250614,5,426,78513,1,문학
20250614,6,426,77564,1,문학
20250614,7,426,68205,1,문학
20250614,8,426,60523,1,문학
20250614,9,426,68518,1,문학
20250614,10,426,52504,1,문학
20250614,1,426,1,77829,문학
20250614,2,426,50854,1,문학
20250614,3,426,62934,1,문학
20250614,4,426,53827,1,문학
20250614,5,426,51868,1,문학
20250614,6,426,67893,1,문학
20250614,7,426,60558,1,문학
20250614,8,426,51865,1,문학
20250614,9,426,66917,1,문학
20250614,10,426,52804,1,문학
20250614,1,427,1,69045,잠실
20250614,2,427,50167,1,잠실
20250614,3,427,55326,1,잠실
20250614,4,427,76267,1,잠실
20250614,5,427,64340,1,잠실
20250614,6,427,69332,1,잠실
20250614,7,427,78756,1,잠실
20250614,8,427,53312,1,잠실
20250614,9,427,55397,1,잠실
20250614,10,427,54394,1,잠실
20250614,1,427,1,51264,잠실
20250614,2,427,79231,1,잠실
20250614,3,427,50208,1,잠실
20250614,4,427,76232,1,잠실
20250614,5,427,78224,1,잠실
20250614,6,427,55208,1,잠실
20250614,7,427,52267,1,잠실
20250614,8,427,54236,1,잠실
20250614,9,427,53554,1,잠실
20250614,10,427,67207,1,잠실
20250615,1,428,1,54640,창원
20250615,2,428,64560,1,창원
20250615,3,428,64646,1,창원
20250615,4,428,55645,1,창원
20250615,5,428,72443,1,창원
20250615,6,428,65610,1,창원
20250615,7,428,69636,1,창원
20250615,8,428,65653,1,창원
20250615,9,428,78122,1,창원
20250615,10,428,50657,1,창원
20250615,1,428,1,55912,창원
20250615,2,428,51907,1,창원
20250615,3,428,63963,1,창원
20250615,4,428,62907,1,창원
20250615,5,428,54944,1,창원
20250615,6,428,79215,1,창원
20250615,7,428,77532,1,창원
20250615,8,428,64101,1,창원
20250615,9,428,64022,1,창원
20250615,10,428,50902,1,창원
20250615,1,429,1,64001,대구
20250615,2,429,64166,1,대구
20250615,3,429,79402,1,대구
20250615,4,429,52001,1,대구
20250615,5,429,67644,1,대구
20250615,6,429,78548,1,대구
20250615,7,429,67025,1,대구
20250615,8,429,68504,1,대구
20250615,9,429,64504,1,대구
20250615,10,429,51003,1,대구
20250615,1,429,1,65320,대구
20250615,2,429,50458,1,대구
20250615,3,429,52415,1,대구
20250615,4,429,62404,1,대구
20250615,5,429,54400,1,대구
20250615,6,429,65586,1,대구
20250615,7,429,62234,1,대구
20250615,8,429,75125,1,대구
20250615,9,429,66409,1,대구
20250615,10,429,65132,1,대구
20250615,1,430,1,51111,대전
20250615,2,430,65207,1,대전
20250615,3,430,76290,1,대전
20250615,4,430,53123,1,대전
20250615,5,430,69102,1,대전
20250615,6,430,68119,1,대전
20250615,7,430,69100,1,대전
20250615,8,430,52154,1,대전
20250615,9,430,51100,1,대전
20250615,10,430,62415,1,대전
20250615,1,430,1,52701,대전
20250615,2,430,68700,1,대전
20250615,3,430,79608,1,대전
20250615,4,430,53764,1,대전
20250615,5,430,69737,1,대전
20250615,6,430,79192,1,대전
20250615,7,430,66657,1,대전
20250615,8,430,65703,1,대전
20250615,9,430,78288,1,대전
20250615,10,430,54795,1,대전
20250615,1,431,1,52530,문학
20250615,2,431,52504,1,문학
20250615,3,431,69517,1,문학
20250615,4,431,54529,1,문학
20250615,5,431,78513,1,문학
20250615,6,431,77564,1,문학
20250615,7,431,68205,1,문학
20250615,8,431,50150,1,문학
20250615,9,431,60523,1,문학
20250615,10,431,68518,1,문학
20250615,1,431,1,54833,문학
20250615,2,431,50854,1,문학
20250615,3,431,54812,1,문학
20250615,4,431,53827,1,문학
20250615,5,431,62895,1,문학
20250615,6,431,51868,1,문학
20250615,7,431,67893,1,문학
20250615,8,431,51865,1,문학
20250615,9,431,62934,1,문학
20250615,10,431,52804,1,문학
20250615,1,432,1,55313,잠실
20250615,2,432,65357,1,잠실
20250615,3,432,76267,1,잠실
20250615,4,432,50167,1,잠실
20250615,5,432,55326,1,잠실
20250615,6,432,54307,1,잠실
20250615,7,432,64346,1,잠실
20250615,8,432,55397,1,잠실
20250615,9,432,53312,1,잠실
20250615,10,432,55392,1,잠실
20250615,1,432,1,68220,잠실
20250615,2,432,67207,1,잠실
20250615,3,432,50208,1,잠실
20250615,4,432,76232,1,잠실
20250615,5,432,78224,1,잠실
20250615,6,432,55208,1,잠실
20250615,7,432,66112,1,잠실
20250615,8,432,63123,1,잠실
20250615,9,432,54236,1,잠실
20250615,10,432,79231,1,잠실
20250617,1,433,1,54755,사직
20250617,2,433,68700,1,사직
20250617,3,433,79608,1,사직
20250617,4,433,53764,1,사직
20250617,5,433,69737,1,사직
20250617,6,433,79192,1,사직
20250617,7,433,66657,1,사직
20250617,8,433,65703,1,사직
20250617,9,433,76812,1,사직
20250617,10,433,62700,1,사직
20250617,1,433,1,55536,사직
20250617,2,433,68205,1,사직
20250617,3,433,69517,1,사직
20250617,4,433,54529,1,사직
20250617,5,433,78513,1,사직
20250617,6,433,77564,1,사직
20250617,7,433,50150,1,사직
20250617,8,433,60523,1,사직
20250617,9,433,68518,1,사직
20250617,10,433,52504,1,사직
20250617,1,434,1,54354,광주
20250617,2,434,64166,1,광주
20250617,3,434,79402,1,광주
20250617,4,434,52001,1,광주
20250617,5,434,67644,1,광주
20250617,6,434,67025,1,광주
20250617,7,434,79240,1,광주
20250617,8,434,68504,1,광주
20250617,9,434,68089,1,광주
20250617,10,434,51003,1,광주
20250617,1,434,1,69745,광주
20250617,2,434,64560,1,광주
20250617,3,434,64646,1,광주
20250617,4,434,55645,1,광주
20250617,5,434,72443,1,광주
20250617,6,434,69636,1,광주
20250617,7,434,65610,1,광주
20250617,8,434,65653,1,광주
20250617,9,434,78122,1,광주
20250617,10,434,66614,1,광주
20250617,1,435,1,55903,잠실
20250617,2,435,51907,1,잠실
20250617,3,435,63963,1,잠실
20250617,4,435,62907,1,잠실
20250617,5,435,54944,1,잠실
20250617,6,435,79215,1,잠실
20250617,7,435,77532,1,잠실
20250617,8,435,68912,1,잠실
20250617,9,435,67905,1,잠실
20250617,10,435,51344,1,잠실
20250617,1,435,1,54119,잠실
20250617,2,435,65207,1,잠실
20250617,3,435,76290,1,잠실
20250617,4,435,53123,1,잠실
20250617,5,435,69102,1,잠실
20250617,6,435,79365,1,잠실
20250617,7,435,68119,1,잠실
20250617,8,435,69100,1,잠실
20250617,9,435,52103,1,잠실
20250617,10,435,62415,1,잠실
20250617,1,436,1,55257,대구
20250617,2,436,79231,1,대구
20250617,3,436,50208,1,대구
20250617,4,436,76232,1,대구
20250617,5,436,78224,1,대구
20250617,6,436,63257,1,대구
20250617,7,436,55208,1,대구
20250617,8,436,67207,1,대구
20250617,9,436,63123,1,대구
20250617,10,436,55252,1,대구
20250617,1,436,1,69446,대구
20250617,2,436,50458,1,대구
20250617,3,436,67449,1,대구
20250617,4,436,62404,1,대구
20250617,5,436,54400,1,대구
20250617,6,436,74540,1,대구
20250617,7,436,52415,1,대구
20250617,8,436,62234,1,대구
20250617,9,436,52430,1,대구
20250617,10,436,69418,1,대구
20250617,1,437,1,55855,고척
20250617,2,437,50854,1,고척
20250617,3,437,54812,1,고척
20250617,4,437,53827,1,고척
20250617,5,437,62895,1,고척
20250617,6,437,51868,1,고척
20250617,7,437,67893,1,고척
20250617,8,437,79456,1,고척
20250617,9,437,62934,1,고척
20250617,10,437,52804,1,고척
20250617,1,437,1,54319,고척
20250617,2,437,65357,1,고척
20250617,3,437,64340,1,고척
20250617,4,437,50167,1,고척
20250617,5,437,76267,1,고척
20250617,6,437,55326,1,고척
20250617,7,437,69332,1,고척
20250617,8,437,53344,1,고척
20250617,9,437,54394,1,고척
20250617,10,437,55392,1,고척
20250618,1,438,1,65056,사직
20250618,2,438,68700,1,사직
20250618,3,438,79608,1,사직
20250618,4,438,53764,1,사직
20250618,5,438,69737,1,사직
20250618,6,438,79192,1,사직
20250618,7,438,66704,1,사직
20250618,8,438,65703,1,사직
20250618,9,438,78288,1,사직
20250618,10,438,62700,1,사직
20250618,1,438,1,50596,사직
20250618,2,438,52504,1,사직
20250618,3,438,69517,1,사직
20250618,4,438,54529,1,사직
20250618,5,438,78513,1,사직
20250618,6,438,60523,1,사직
20250618,7,438,77564,1,사직
20250618,8,438,68205,1,사직
20250618,9,438,55563,1,사직
20250618,10,438,52568,1,사직
20250618,1,439,1,50030,광주
20250618,2,439,64166,1,광주
20250618,3,439,64004,1,광주
20250618,4,439,52001,1,광주
20250618,5,439,67025,1,광주
20250618,6,439,78548,1,광주
20250618,7,439,64007,1,광주
20250618,8,439,79240,1,광주
20250618,9,439,79402,1,광주
20250618,10,439,51003,1,광주
20250618,1,439,1,53613,광주
20250618,2,439,61353,1,광주
20250618,3,439,64646,1,광주
20250618,4,439,69636,1,광주
20250618,5,439,72443,1,광주
20250618,6,439,55645,1,광주
20250618,7,439,68646,1,광주
20250618,8,439,65610,1,광주
20250618,9,439,66614,1,광주
20250618,10,439,66606,1,광주
20250618,1,440,1,52995,잠실
20250618,2,440,51907,1,잠실
20250618,3,440,63963,1,잠실
20250618,4,440,62907,1,잠실
20250618,5,440,54944,1,잠실
20250618,6,440,77532,1,잠실
20250618,7,440,69995,1,잠실
20250618,8,440,51344,1,잠실
20250618,9,440,68912,1,잠실
20250618,10,440,54908,1,잠실
20250618,1,440,1,55146,잠실
20250618,2,440,65207,1,잠실
20250618,3,440,76290,1,잠실
20250618,4,440,53123,1,잠실
20250618,5,440,69102,1,잠실
20250618,6,440,79365,1,잠실
20250618,7,440,68119,1,잠실
20250618,8,440,69100,1,잠실
20250618,9,440,52103,1,잠실
20250618,10,440,62415,1,잠실
20250618,1,441,1,55268,대구
20250618,2,441,67207,1,대구
20250618,3,441,52267,1,대구
20250618,4,441,76232,1,대구
20250618,5,441,78224,1,대구
20250618,6,441,50208,1,대구
20250618,7,441,65269,1,대구
20250618,8,441,55208,1,대구
20250618,9,441,54236,1,대구
20250618,10,441,79231,1,대구
20250618,1,441,1,51454,대구
20250618,2,441,50458,1,대구
20250618,3,441,67449,1,대구
20250618,4,441,62404,1,대구
20250618,5,441,54400,1,대구
20250618,6,441,74540,1,대구
20250618,7,441,62234,1,대구
20250618,8,441,69418,1,대구
20250618,9,441,52430,1,대구
20250618,10,441,52415,1,대구
20250618,1,442,1,51867,고척
20250618,2,442,50854,1,고척
20250618,3,442,54812,1,고척
20250618,4,442,53827,1,고척
20250618,5,442,51868,1,고척
20250618,6,442,62895,1,고척
20250618,7,442,67893,1,고척
20250618,8,442,68868,1,고척
20250618,9,442,66917,1,고척
20250618,10,442,51865,1,고척
20250618,1,442,1,64350,고척
20250618,2,442,65357,1,고척
20250618,3,442,64340,1,고척
20250618,4,442,50167,1,고척
20250618,5,442,76267,1,고척
20250618,6,442,55326,1,고척
20250618,7,442,69332,1,고척
20250618,8,442,53312,1,고척
20250618,9,442,54394,1,고척
20250618,10,442,78756,1,고척
20250619,1,443,1,54729,사직
20250619,2,443,66657,1,사직
20250619,3,443,79608,1,사직
20250619,4,443,53764,1,사직
20250619,5,443,69737,1,사직
20250619,6,443,79192,1,사직
20250619,7,443,65703,1,사직
20250619,8,443,54795,1,사직
20250619,9,443,78288,1,사직
20250619,10,443,68700,1,사직
20250619,1,443,1,67539,사직
20250619,2,443,52504,1,사직
20250619,3,443,69517,1,사직
20250619,4,443,54529,1,사직
20250619,5,443,78513,1,사직
20250619,6,443,60523,1,사직
20250619,7,443,77564,1,사직
20250619,8,443,52568,1,사직
20250619,9,443,55563,1,사직
20250619,10,443,68205,1,사직
20250619,1,444,1,65516,광주
20250619,2,444,64004,1,광주
20250619,3,444,68504,1,광주
20250619,4,444,52001,1,광주
20250619,5,444,67644,1,광주
20250619,6,444,67025,1,광주
20250619,7,444,78548,1,광주
20250619,8,444,79240,1,광주
20250619,9,444,51003,1,광주
20250619,10,444,79402,1,광주
20250619,1,444,1,55633,광주
20250619,2,444,64560,1,광주
20250619,3,444,64646,1,광주
20250619,4,444,55645,1,광주
20250619,5,444,72443,1,광주
20250619,6,444,69636,1,광주
20250619,7,444,66606,1,광주
20250619,8,444,65653,1,광주
20250619,9,444,78122,1,광주
20250619,10,444,66614,1,광주
20250619,1,445,1,68902,잠실
20250619,2,445,51907,1,잠실
20250619,3,445,77532,1,잠실
20250619,4,445,62907,1,잠실
20250619,5,445,54944,1,잠실
20250619,6,445,79215,1,잠실
20250619,7,445,69995,1,잠실
20250619,8,445,68912,1,잠실
20250619,9,445,51344,1,잠실
20250619,10,445,67905,1,잠실
20250619,1,445,1,68419,잠실
20250619,2,445,65207,1,잠실
20250619,3,445,76290,1,잠실
20250619,4,445,53123,1,잠실
20250619,5,445,69102,1,잠실
20250619,6,445,68119,1,잠실
20250619,7,445,69100,1,잠실
20250619,8,445,52154,1,잠실
20250619,9,445,51100,1,잠실
20250619,10,445,62415,1,잠실
20250619,1,446,1,55239,대구
20250619,2,446,79231,1,대구
20250619,3,446,52267,1,대구
20250619,4,446,76232,1,대구
20250619,5,446,78224,1,대구
20250619,6,446,55208,1,대구
20250619,7,446,67207,1,대구
20250619,8,446,50208,1,대구
20250619,9,446,54236,1,대구
20250619,10,446,53554,1,대구
20250619,1,446,1,68415,대구
20250619,2,446,69418,1,대구
20250619,3,446,67449,1,대구
20250619,4,446,62404,1,대구
20250619,5,446,54400,1,대구
20250619,6,446,52415,1,대구
20250619,7,446,65586,1,대구
20250619,8,446,75125,1,대구
20250619,9,446,62234,1,대구
20250619,10,446,69442,1,대구
20250619,1,447,1,50812,고척
20250619,2,447,50854,1,고척
20250619,3,447,68868,1,고척
20250619,4,447,53827,1,고척
20250619,5,447,51868,1,고척
20250619,6,447,62895,1,고척
20250619,7,447,67893,1,고척
20250619,8,447,51865,1,고척
20250619,9,447,54812,1,고척
20250619,10,447,66917,1,고척
20250619,1,447,1,69328,고척
20250619,2,447,65357,1,고척
20250619,3,447,64340,1,고척
20250619,4,447,76267,1,고척
20250619,5,447,55326,1,고척
20250619,6,447,69332,1,고척
20250619,7,447,53312,1,고척
20250619,8,447,52305,1,고척
20250619,9,447,54394,1,고척
20250619,10,447,55392,1,고척
20250620,1,452,1,54401,사직
20250620,2,452,69418,1,사직
20250620,3,452,67449,1,사직
20250620,4,452,62404,1,사직
20250620,5,452,54400,1,사직
20250620,6,452,74540,1,사직
20250620,7,452,65586,1,사직
20250620,8,452,75125,1,사직
20250620,9,452,62234,1,사직
20250620,10,452,69403,1,사직
20250620,1,452,1,55532,사직
20250620,2,452,52504,1,사직
20250620,3,452,69517,1,사직
20250620,4,452,54529,1,사직
20250620,5,452,78513,1,사직
20250620,6,452,60523,1,사직
20250620,7,452,77564,1,사직
20250620,8,452,52568,1,사직
20250620,9,452,68518,1,사직
20250620,10,452,68205,1,사직
20250621,1,453,1,65320,사직
20250621,2,453,50458,1,사직
20250621,3,453,67449,1,사직
20250621,4,453,62404,1,사직
20250621,5,453,54400,1,사직
20250621,6,453,74540,1,사직
20250621,7,453,62234,1,사직
20250621,8,453,75125,1,사직
20250621,9,453,65586,1,사직
20250621,10,453,54408,1,사직
20250621,1,453,1,64021,사직
20250621,2,453,52504,1,사직
20250621,3,453,69517,1,사직
20250621,4,453,54529,1,사직
20250621,5,453,78513,1,사직
20250621,6,453,60523,1,사직
20250621,7,453,77564,1,사직
20250621,8,453,52568,1,사직
20250621,9,453,68518,1,사직
20250621,10,453,68205,1,사직
20250621,1,455,1,77637,문학
20250621,2,455,64560,1,문학
20250621,3,455,64646,1,문학
20250621,4,455,55645,1,문학
20250621,5,455,72443,1,문학
20250621,6,455,65610,1,문학
20250621,7,455,66606,1,문학
20250621,8,455,65653,1,문학
20250621,9,455,78122,1,문학
20250621,10,455,50657,1,문학
20250621,1,455,1,77829,문학
20250621,2,455,50854,1,문학
20250621,3,455,62934,1,문학
20250621,4,455,53827,1,문학
20250621,5,455,62895,1,문학
20250621,6,455,51868,1,문학
20250621,7,455,67893,1,문학
20250621,8,455,79456,1,문학
20250621,9,455,66917,1,문학
20250621,10,455,52804,1,문학
20250621,1,456,1,53973,수원
20250621,2,456,51907,1,수원
20250621,3,456,63963,1,수원
20250621,4,456,62907,1,수원
20250621,5,456,54944,1,수원
20250621,6,456,79215,1,수원
20250621,7,456,69995,1,수원
20250621,8,456,68912,1,수원
20250621,9,456,51344,1,수원
20250621,10,456,67905,1,수원
20250621,1,456,1,50859,수원
20250621,2,456,64004,1,수원
20250621,3,456,79402,1,수원
20250621,4,456,52001,1,수원
20250621,5,456,67644,1,수원
20250621,6,456,78548,1,수원
20250621,7,456,68504,1,수원
20250621,8,456,79240,1,수원
20250621,9,456,64166,1,수원
20250621,10,456,51003,1,수원
20250621,1,457,1,68220,잠실
20250621,2,457,79231,1,잠실
20250621,3,457,52267,1,잠실
20250621,4,457,76232,1,잠실
20250621,5,457,78224,1,잠실
20250621,6,457,55208,1,잠실
20250621,7,457,67207,1,잠실
20250621,8,457,50208,1,잠실
20250621,9,457,55252,1,잠실
20250621,10,457,53554,1,잠실
20250621,1,457,1,54119,잠실
20250621,2,457,65207,1,잠실
20250621,3,457,76290,1,잠실
20250621,4,457,53123,1,잠실
20250621,5,457,69102,1,잠실
20250621,6,457,68119,1,잠실
20250621,7,457,79365,1,잠실
20250621,8,457,69100,1,잠실
20250621,9,457,52154,1,잠실
20250621,10,457,62415,1,잠실
20250622,1,458,1,54640,문학
20250622,2,458,64560,1,문학
20250622,3,458,64646,1,문학
20250622,4,458,69636,1,문학
20250622,5,458,55645,1,문학
20250622,6,458,61353,1,문학
20250622,7,458,66606,1,문학
20250622,8,458,65653,1,문학
20250622,9,458,78122,1,문학
20250622,10,458,50657,1,문학
20250622,1,458,1,54833,문학
20250622,2,458,50854,1,문학
20250622,3,458,54812,1,문학
20250622,4,458,53827,1,문학
20250622,5,458,62895,1,문학
20250622,6,458,51868,1,문학
20250622,7,458,67893,1,문학
20250622,8,458,51865,1,문학
20250622,9,458,68868,1,문학
20250622,10,458,52804,1,문학
20250622,1,459,1,55912,수원
20250622,2,459,51907,1,수원
20250622,3,459,63963,1,수원
20250622,4,459,62907,1,수원
20250622,5,459,54944,1,수원
20250622,6,459,79215,1,수원
20250622,7,459,77532,1,수원
20250622,8,459,69995,1,수원
20250622,9,459,68912,1,수원
20250622,10,459,51344,1,수원
20250622,1,459,1,69032,수원
20250622,2,459,64004,1,수원
20250622,3,459,79402,1,수원
20250622,4,459,52001,1,수원
20250622,5,459,78548,1,수원
20250622,6,459,79240,1,수원
20250622,7,459,64166,1,수원
20250622,8,459,64504,1,수원
20250622,9,459,68089,1,수원
20250622,10,459,51003,1,수원
20250622,1,460,1,51264,잠실
20250622,2,460,67207,1,잠실
20250622,3,460,79231,1,잠실
20250622,4,460,76232,1,잠실
20250622,5,460,78224,1,잠실
20250622,6,460,55208,1,잠실
20250622,7,460,66112,1,잠실
20250622,8,460,54236,1,잠실
20250622,9,460,65269,1,잠실
20250622,10,460,63123,1,잠실
20250622,1,460,1,51111,잠실
20250622,2,460,65207,1,잠실
20250622,3,460,76290,1,잠실
20250622,4,460,53123,1,잠실
20250622,5,460,69102,1,잠실
20250622,6,460,68119,1,잠실
20250622,7,460,79365,1,잠실
20250622,8,460,69100,1,잠실
20250622,9,460,52154,1,잠실
20250622,10,460,62415,1,잠실
20250622,1,461,1,69446,사직
20250622,2,461,50458,1,사직
20250622,3,461,67449,1,사직
20250622,4,461,62404,1,사직
20250622,5,461,54400,1,사직
20250622,6,461,75125,1,사직
20250622,7,461,62234,1,사직
20250622,8,461,65132,1,사직
20250622,9,461,65586,1,사직
20250622,10,461,54408,1,사직
20250622,1,461,1,64021,사직
20250622,2,461,52504,1,사직
20250622,3,461,69517,1,사직
20250622,4,461,54529,1,사직
20250622,5,461,78513,1,사직
20250622,6,461,60523,1,사직
20250622,7,461,77564,1,사직
20250622,8,461,52568,1,사직
20250622,9,461,68518,1,사직
20250622,10,461,68205,1,사직
20250622,1,462,1,69045,대전
20250622,2,462,65357,1,대전
20250622,3,462,64340,1,대전
20250622,4,462,76267,1,대전
20250622,5,462,50167,1,대전
20250622,6,462,55326,1,대전
20250622,7,462,53312,1,대전
20250622,8,462,55392,1,대전
20250622,9,462,55397,1,대전
20250622,10,462,74163,1,대전
20250622,1,462,1,55730,대전
20250622,2,462,66657,1,대전
20250622,3,462,55703,1,대전
20250622,4,462,53764,1,대전
20250622,5,462,69737,1,대전
20250622,6,462,79192,1,대전
20250622,7,462,79608,1,대전
20250622,8,462,65703,1,대전
20250622,9,462,78288,1,대전
20250622,10,462,64006,1,대전
20250624,1,463,1,54755,대구
20250624,2,463,66657,1,대구
20250624,3,463,55703,1,대구
20250624,4,463,53764,1,대구
20250624,5,463,69737,1,대구
20250624,6,463,79192,1,대구
20250624,7,463,79608,1,대구
20250624,8,463,54795,1,대구
20250624,9,463,76812,1,대구
20250624,10,463,64006,1,대구
20250624,1,463,1,65320,대구
20250624,2,463,50458,1,대구
20250624,3,463,67449,1,대구
20250624,4,463,62404,1,대구
20250624,5,463,54400,1,대구
20250624,6,463,75125,1,대구
20250624,7,463,62234,1,대구
20250624,8,463,54408,1,대구
20250624,9,463,65132,1,대구
20250624,10,463,52415,1,대구
20250624,1,465,1,53613,고척
20250624,2,465,64560,1,고척
20250624,3,465,64646,1,고척
20250624,4,465,55645,1,고척
20250624,5,465,72443,1,고척
20250624,6,465,69636,1,고척
20250624,7,465,67610,1,고척
20250624,8,465,68646,1,고척
20250624,9,465,50657,1,고척
20250624,10,465,66606,1,고척
20250624,1,465,1,54319,고척
20250624,2,465,65357,1,고척
20250624,3,465,64340,1,고척
20250624,4,465,76267,1,고척
20250624,5,465,50167,1,고척
20250624,6,465,55326,1,고척
20250624,7,465,69332,1,고척
20250624,8,465,55392,1,고척
20250624,9,465,53344,1,고척
20250624,10,465,55397,1,고척
20250624,1,466,1,55146,수원
20250624,2,466,65207,1,수원
20250624,3,466,76290,1,수원
20250624,4,466,53123,1,수원
20250624,5,466,69102,1,수원
20250624,6,466,68119,1,수원
20250624,7,466,79365,1,수원
20250624,8,466,69100,1,수원
20250624,9,466,52103,1,수원
20250624,10,466,62415,1,수원
20250624,1,466,1,54354,수원
20250624,2,466,64166,1,수원
20250624,3,466,66706,1,수원
20250624,4,466,52001,1,수원
20250624,5,466,78548,1,수원
20250624,6,466,67644,1,수원
20250624,7,466,64007,1,수원
20250624,8,466,79240,1,수원
20250624,9,466,79402,1,수원
20250624,10,466,51003,1,수원
20250624,1,467,1,55855,잠실
20250624,2,467,50854,1,잠실
20250624,3,467,53827,1,잠실
20250624,4,467,75847,1,잠실
20250624,5,467,62895,1,잠실
20250624,6,467,51868,1,잠실
20250624,7,467,68868,1,잠실
20250624,8,467,67893,1,잠실
20250624,9,467,54812,1,잠실
20250624,10,467,51865,1,잠실
20250624,1,467,1,67263,잠실
20250624,2,467,79231,1,잠실
20250624,3,467,50208,1,잠실
20250624,4,467,55208,1,잠실
20250624,5,467,76232,1,잠실
20250624,6,467,78224,1,잠실
20250624,7,467,67207,1,잠실
20250624,8,467,52267,1,잠실
20250624,9,467,54236,1,잠실
20250624,10,467,53554,1,잠실
20250625,1,470,1,54755,대구
20250625,2,470,66657,1,대구
20250625,3,470,55703,1,대구
20250625,4,470,53764,1,대구
20250625,5,470,69737,1,대구
20250625,6,470,79192,1,대구
20250625,7,470,79608,1,대구
20250625,8,470,65703,1,대구
20250625,9,470,76812,1,대구
20250625,10,470,64006,1,대구
20250625,1,470,1,53375,대구
20250625,2,470,50458,1,대구
20250625,3,470,67449,1,대구
20250625,4,470,62404,1,대구
20250625,5,470,54400,1,대구
20250625,6,470,75125,1,대구
20250625,7,470,74540,1,대구
20250625,8,470,62234,1,대구
20250625,9,470,54408,1,대구
20250625,10,470,52415,1,대구
20250625,1,471,1,55633,고척
20250625,2,471,64560,1,고척
20250625,3,471,64646,1,고척
20250625,4,471,55645,1,고척
20250625,5,471,72443,1,고척
20250625,6,471,69636,1,고척
20250625,7,471,65610,1,고척
20250625,8,471,65653,1,고척
20250625,9,471,78122,1,고척
20250625,10,471,50657,1,고척
20250625,1,471,1,55348,고척
20250625,2,471,65357,1,고척
20250625,3,471,64340,1,고척
20250625,4,471,76267,1,고척
20250625,5,471,50167,1,고척
20250625,6,471,55326,1,고척
20250625,7,471,69332,1,고척
20250625,8,471,55392,1,고척
20250625,9,471,53344,1,고척
20250625,10,471,55397,1,고척
20250625,1,472,1,55536,창원
20250625,2,472,52504,1,창원
20250625,3,472,69517,1,창원
20250625,4,472,54529,1,창원
20250625,5,472,78513,1,창원
20250625,6,472,77564,1,창원
20250625,7,472,51551,1,창원
20250625,8,472,52568,1,창원
20250625,9,472,68518,1,창원
20250625,10,472,68205,1,창원
20250625,1,472,1,55903,창원
20250625,2,472,51907,1,창원
20250625,3,472,63963,1,창원
20250625,4,472,62907,1,창원
20250625,5,472,54944,1,창원
20250625,6,472,79215,1,창원
20250625,7,472,69995,1,창원
20250625,8,472,51344,1,창원
20250625,9,472,68912,1,창원
20250625,10,472,67905,1,창원
20250626,1,473,1,52701,대구
20250626,2,473,66657,1,대구
20250626,3,473,55703,1,대구
20250626,4,473,53764,1,대구
20250626,5,473,69737,1,대구
20250626,6,473,79192,1,대구
20250626,7,473,79608,1,대구
20250626,8,473,62700,1,대구
20250626,9,473,78288,1,대구
20250626,10,473,65703,1,대구
20250626,1,473,1,55460,대구
20250626,2,473,50458,1,대구
20250626,3,473,54408,1,대구
20250626,4,473,62404,1,대구
20250626,5,473,54400,1,대구
20250626,6,473,75125,1,대구
20250626,7,473,74540,1,대구
20250626,8,473,65040,1,대구
20250626,9,473,62234,1,대구
20250626,10,473,52415,1,대구
20250626,1,474,1,76225,고척
20250626,2,474,64560,1,고척
20250626,3,474,64646,1,고척
20250626,4,474,69636,1,고척
20250626,5,474,72443,1,고척
20250626,6,474,55645,1,고척
20250626,7,474,67610,1,고척
20250626,8,474,65653,1,고척
20250626,9,474,78122,1,고척
20250626,10,474,50657,1,고척
20250626,1,474,1,64350,고척
20250626,2,474,65357,1,고척
20250626,3,474,64340,1,고척
20250626,4,474,50167,1,고척
20250626,5,474,76267,1,고척
20250626,6,474,69332,1,고척
20250626,7,474,55392,1,고척
20250626,8,474,53312,1,고척
20250626,9,474,55397,1,고척
20250626,10,474,74163,1,고척
20250626,1,475,1,61101,수원
20250626,2,475,65207,1,수원
20250626,3,475,76290,1,수원
20250626,4,475,68119,1,수원
20250626,5,475,69102,1,수원
20250626,6,475,53123,1,수원
20250626,7,475,79365,1,수원
20250626,8,475,50054,1,수원
20250626,9,475,69100,1,수원
20250626,10,475,62415,1,수원
20250626,1,475,1,50030,수원
20250626,2,475,64004,1,수원
20250626,3,475,79402,1,수원
20250626,4,475,52001,1,수원
20250626,5,475,78548,1,수원
20250626,6,475,67644,1,수원
20250626,7,475,79240,1,수원
20250626,8,475,64007,1,수원
20250626,9,475,64166,1,수원
20250626,10,475,51003,1,수원
20250626,1,476,1,55532,창원
20250626,2,476,78513,1,창원
20250626,3,476,60523,1,창원
20250626,4,476,69517,1,창원
20250626,5,476,54529,1,창원
20250626,6,476,77564,1,창원
20250626,7,476,61102,1,창원
20250626,8,476,68205,1,창원
20250626,9,476,55506,1,창원
20250626,10,476,52568,1,창원
20250626,1,476,1,66920,창원
20250626,2,476,51907,1,창원
20250626,3,476,63963,1,창원
20250626,4,476,79215,1,창원
20250626,5,476,54944,1,창원
20250626,6,476,69995,1,창원
20250626,7,476,51344,1,창원
20250626,8,476,68912,1,창원
20250626,9,476,69203,1,창원
20250626,10,476,67905,1,창원
20250626,1,477,1,51867,잠실
20250626,2,477,50854,1,잠실
20250626,3,477,53827,1,잠실
20250626,4,477,75847,1,잠실
20250626,5,477,51868,1,잠실
20250626,6,477,62895,1,잠실
20250626,7,477,67893,1,잠실
20250626,8,477,66864,1,잠실
20250626,9,477,51865,1,잠실
20250626,10,477,69804,1,잠실
20250626,1,477,1,55257,잠실
20250626,2,477,79231,1,잠실
20250626,3,477,50208,1,잠실
20250626,4,477,55208,1,잠실
20250626,5,477,76232,1,잠실
20250626,6,477,78224,1,잠실
20250626,7,477,67207,1,잠실
20250626,8,477,53554,1,잠실
20250626,9,477,55252,1,잠실
20250626,10,477,63123,1,잠실
20250627,1,478,1,65056,문학
20250627,2,478,66657,1,문학
20250627,3,478,55703,1,문학
20250627,4,478,53764,1,문학
20250627,5,478,69737,1,문학
20250627,6,478,50707,1,문학
20250627,7,478,66704,1,문학
20250627,8,478,65703,1,문학
20250627,9,478,78288,1,문학
20250627,10,478,64006,1,문학
20250627,1,478,1,62869,문학
20250627,2,478,50854,1,문학
20250627,3,478,53827,1,문학
20250627,4,478,75847,1,문학
20250627,5,478,62895,1,문학
20250627,6,478,51868,1,문학
20250627,7,478,67893,1,문학
20250627,8,478,79456,1,문학
20250627,9,478,54812,1,문학
20250627,10,478,66864,1,문학
20250627,1,479,1,77637,잠실
20250627,2,479,64560,1,잠실
20250627,3,479,64646,1,잠실
20250627,4,479,55645,1,잠실
20250627,5,479,72443,1,잠실
20250627,6,479,69636,1,잠실
20250627,7,479,68646,1,잠실
20250627,8,479,65653,1,잠실
20250627,9,479,50657,1,잠실
20250627,10,479,66606,1,잠실
20250627,1,479,1,67143,잠실
20250627,2,479,65207,1,잠실
20250627,3,479,76290,1,잠실
20250627,4,479,53123,1,잠실
20250627,5,479,69102,1,잠실
20250627,6,479,68119,1,잠실
20250627,7,479,79365,1,잠실
20250627,8,479,69100,1,잠실
20250627,9,479,52154,1,잠실
20250627,10,479,62415,1,잠실
20250627,1,480,1,64001,사직
20250627,2,480,79402,1,사직
20250627,3,480,64004,1,사직
20250627,4,480,52001,1,사직
20250627,5,480,78548,1,사직
20250627,6,480,67644,1,사직
20250627,7,480,79240,1,사직
20250627,8,480,64007,1,사직
20250627,9,480,64166,1,사직
20250627,10,480,51003,1,사직
20250627,1,480,1,52530,사직
20250627,2,480,52504,1,사직
20250627,3,480,69517,1,사직
20250627,4,480,54529,1,사직
20250627,5,480,78513,1,사직
20250627,6,480,51551,1,사직
20250627,7,480,77564,1,사직
20250627,8,480,61102,1,사직
20250627,9,480,68205,1,사직
20250627,10,480,55506,1,사직
20250627,1,481,1,68220,창원
20250627,2,481,79231,1,창원
20250627,3,481,50208,1,창원
20250627,4,481,55208,1,창원
20250627,5,481,76232,1,창원
20250627,6,481,63257,1,창원
20250627,7,481,67207,1,창원
20250627,8,481,52267,1,창원
20250627,9,481,55252,1,창원
20250627,10,481,53554,1,창원
20250627,1,481,1,68902,창원
20250627,2,481,51907,1,창원
20250627,3,481,63963,1,창원
20250627,4,481,62907,1,창원
20250627,5,481,54944,1,창원
20250627,6,481,79215,1,창원
20250627,7,481,77532,1,창원
20250627,8,481,51344,1,창원
20250627,9,481,68912,1,창원
20250627,10,481,69992,1,창원
20250627,1,482,1,65320,고척
20250627,2,482,50458,1,고척
20250627,3,482,52415,1,고척
20250627,4,482,62404,1,고척
20250627,5,482,54400,1,고척
20250627,6,482,75125,1,고척
20250627,7,482,74540,1,고척
20250627,8,482,69418,1,고척
20250627,9,482,62234,1,고척
20250627,10,482,54408,1,고척
20250627,1,482,1,55313,고척
20250627,2,482,65357,1,고척
20250627,3,482,64340,1,고척
20250627,4,482,50167,1,고척
20250627,5,482,76267,1,고척
20250627,6,482,55326,1,고척
20250627,7,482,69332,1,고척
20250627,8,482,55392,1,고척
20250627,9,482,53312,1,고척
20250627,10,482,55397,1,고척
20250628,1,483,1,55730,문학
20250628,2,483,66657,1,문학
20250628,3,483,55703,1,문학
20250628,4,483,53764,1,문학
20250628,5,483,69737,1,문학
20250628,6,483,50707,1,문학
20250628,7,483,66704,1,문학
20250628,8,483,65703,1,문학
20250628,9,483,78288,1,문학
20250628,10,483,64006,1,문학
20250628,1,483,1,54833,문학
20250628,2,483,71837,1,문학
20250628,3,483,53827,1,문학
20250628,4,483,75847,1,문학
20250628,5,483,62895,1,문학
20250628,6,483,51868,1,문학
20250628,7,483,67893,1,문학
20250628,8,483,66864,1,문학
20250628,9,483,54812,1,문학
20250628,10,483,51865,1,문학
20250628,1,484,1,69745,잠실
20250628,2,484,64560,1,잠실
20250628,3,484,64646,1,잠실
20250628,4,484,55645,1,잠실
20250628,5,484,72443,1,잠실
20250628,6,484,69636,1,잠실
20250628,7,484,67610,1,잠실
20250628,8,484,65653,1,잠실
20250628,9,484,78122,1,잠실
20250628,10,484,50657,1,잠실
20250628,1,484,1,51111,잠실
20250628,2,484,65207,1,잠실
20250628,3,484,76290,1,잠실
20250628,4,484,53123,1,잠실
20250628,5,484,79365,1,잠실
20250628,6,484,68119,1,잠실
20250628,7,484,50054,1,잠실
20250628,8,484,69100,1,잠실
20250628,9,484,52154,1,잠실
20250628,10,484,62415,1,잠실
20250628,1,485,1,50859,사직
20250628,2,485,79402,1,사직
20250628,3,485,64004,1,사직
20250628,4,485,52001,1,사직
20250628,5,485,78548,1,사직
20250628,6,485,79240,1,사직
20250628,7,485,64166,1,사직
20250628,8,485,66706,1,사직
20250628,9,485,64504,1,사직
20250628,10,485,51003,1,사직
20250628,1,485,1,67539,사직
20250628,2,485,78513,1,사직
20250628,3,485,77564,1,사직
20250628,4,485,69517,1,사직
20250628,5,485,54529,1,사직
20250628,6,485,60523,1,사직
20250628,7,485,51551,1,사직
20250628,8,485,68205,1,사직
20250628,9,485,52504,1,사직
20250628,10,485,68518,1,사직
20250628,1,486,1,55239,창원
20250628,2,486,79231,1,창원
20250628,3,486,67207,1,창원
20250628,4,486,55208,1,창원
20250628,5,486,76232,1,창원
20250628,6,486,55252,1,창원
20250628,7,486,50208,1,창원
20250628,8,486,54219,1,창원
20250628,9,486,63123,1,창원
20250628,10,486,53554,1,창원
20250628,1,486,1,55912,창원
20250628,2,486,51907,1,창원
20250628,3,486,63963,1,창원
20250628,4,486,62907,1,창원
20250628,5,486,54944,1,창원
20250628,6,486,79215,1,창원
20250628,7,486,51344,1,창원
20250628,8,486,69203,1,창원
20250628,9,486,68912,1,창원
20250628,10,486,51996,1,창원
20250628,1,487,1,69446,고척
20250628,2,487,50458,1,고척
20250628,3,487,54408,1,고척
20250628,4,487,62404,1,고척
20250628,5,487,54400,1,고척
20250628,6,487,74540,1,고척
20250628,7,487,65040,1,고척
20250628,8,487,62234,1,고척
20250628,9,487,66409,1,고척
20250628,10,487,52415,1,고척
20250628,1,487,1,69045,고척
20250628,2,487,65357,1,고척
20250628,3,487,64340,1,고척
20250628,4,487,76267,1,고척
20250628,5,487,50167,1,고척
20250628,6,487,69332,1,고척
20250628,7,487,55326,1,고척
20250628,8,487,55392,1,고척
20250628,9,487,53312,1,고척
20250628,10,487,53309,1,고척
20250629,1,488,1,51454,고척
20250629,2,488,50458,1,고척
20250629,3,488,67449,1,고척
20250629,4,488,62404,1,고척
20250629,5,488,54400,1,고척
20250629,6,488,65586,1,고척
20250629,7,488,66409,1,고척
20250629,8,488,52415,1,고척
20250629,9,488,65132,1,고척
20250629,10,488,54408,1,고척
20250629,1,488,1,55348,고척
20250629,2,488,65357,1,고척
20250629,3,488,64340,1,고척
20250629,4,488,50167,1,고척
20250629,5,488,69332,1,고척
20250629,6,488,55326,1,고척
20250629,7,488,51302,1,고척
20250629,8,488,55392,1,고척
20250629,9,488,53312,1,고척
20250629,10,488,55397,1,고척
20250629,1,489,1,76715,문학
20250629,2,489,66657,1,문학
20250629,3,489,55703,1,문학
20250629,4,489,53764,1,문학
20250629,5,489,69737,1,문학
20250629,6,489,50707,1,문학
20250629,7,489,66704,1,문학
20250629,8,489,65703,1,문학
20250629,9,489,78288,1,문학
20250629,10,489,64006,1,문학
20250629,1,489,1,55855,문학
20250629,2,489,50854,1,문학
20250629,3,489,66864,1,문학
20250629,4,489,75847,1,문학
20250629,5,489,53827,1,문학
20250629,6,489,62895,1,문학
20250629,7,489,60558,1,문학
20250629,8,489,51865,1,문학
20250629,9,489,54812,1,문학
20250629,10,489,54805,1,문학
20250629,1,490,1,53613,잠실
20250629,2,490,61353,1,잠실
20250629,3,490,65653,1,잠실
20250629,4,490,55645,1,잠실
20250629,5,490,72443,1,잠실
20250629,6,490,69636,1,잠실
20250629,7,490,67610,1,잠실
20250629,8,490,66614,1,잠실
20250629,9,490,78122,1,잠실
20250629,10,490,50657,1,잠실
20250629,1,490,1,55146,잠실
20250629,2,490,65207,1,잠실
20250629,3,490,76290,1,잠실
20250629,4,490,53123,1,잠실
20250629,5,490,69102,1,잠실
20250629,6,490,68119,1,잠실
20250629,7,490,79365,1,잠실
20250629,8,490,79109,1,잠실
20250629,9,490,52103,1,잠실
20250629,10,490,62415,1,잠실
20250629,1,491,1,69032,사직
20250629,2,491,79402,1,사직
20250629,3,491,64004,1,사직
20250629,4,491,52001,1,사직
20250629,5,491,67644,1,사직
20250629,6,491,68504,1,사직
20250629,7,491,64504,1,사직
20250629,8,491,64166,1,사직
20250629,9,491,50066,1,사직
20250629,10,491,51003,1,사직
20250629,1,491,1,64021,사직
20250629,2,491,52504,1,사직
20250629,3,491,69517,1,사직
20250629,4,491,54529,1,사직
20250629,5,491,78513,1,사직
20250629,6,491,61102,1,사직
20250629,7,491,55530,1,사직
20250629,8,491,51551,1,사직
20250629,9,491,68205,1,사직
20250629,10,491,62802,1,사직
20250629,1,492,1,51264,창원
20250629,2,492,79231,1,창원
20250629,3,492,67207,1,창원
20250629,4,492,55208,1,창원
20250629,5,492,78224,1,창원
20250629,6,492,50208,1,창원
20250629,7,492,55252,1,창원
20250629,8,492,52267,1,창원
20250629,9,492,54219,1,창원
20250629,10,492,53554,1,창원
20250629,1,492,1,52995,창원
20250629,2,492,51907,1,창원
20250629,3,492,63963,1,창원
20250629,4,492,62907,1,창원
20250629,5,492,54944,1,창원
20250629,6,492,79215,1,창원
20250629,7,492,51344,1,창원
20250629,8,492,77532,1,창원
20250629,9,492,68912,1,창원
20250629,10,492,51996,1,창원
20250701,1,493,1,54119,사직
20250701,2,493,65207,1,사직
20250701,3,493,76290,1,사직
20250701,4,493,53123,1,사직
20250701,5,493,69102,1,사직
20250701,6,493,79365,1,사직
20250701,7,493,68119,1,사직
20250701,8,493,79109,1,사직
20250701,9,493,69100,1,사직
20250701,10,493,62415,1,사직
20250701,1,493,1,55536,사직
20250701,2,493,52504,1,사직
20250701,3,493,68507,1,사직
20250701,4,493,69517,1,사직
20250701,5,493,54529,1,사직
20250701,6,493,78513,1,사직
20250701,7,493,55530,1,사직
20250701,8,493,51551,1,사직
20250701,9,493,68205,1,사직
20250701,10,493,68518,1,사직
20250701,1,494,1,55903,대전
20250701,2,494,51907,1,대전
20250701,3,494,69992,1,대전
20250701,4,494,62907,1,대전
20250701,5,494,54944,1,대전
20250701,6,494,79215,1,대전
20250701,7,494,63963,1,대전
20250701,8,494,51344,1,대전
20250701,9,494,68912,1,대전
20250701,10,494,77532,1,대전
20250701,1,494,1,54755,대전
20250701,2,494,66657,1,대전
20250701,3,494,55703,1,대전
20250701,4,494,53764,1,대전
20250701,5,494,69737,1,대전
20250701,6,494,79192,1,대전
20250701,7,494,50707,1,대전
20250701,8,494,65703,1,대전
20250701,9,494,76812,1,대전
20250701,10,494,64006,1,대전
20250701,1,495,1,51867,광주
20250701,2,495,50854,1,광주
20250701,3,495,53827,1,광주
20250701,4,495,75847,1,광주
20250701,5,495,62895,1,광주
20250701,6,495,51868,1,광주
20250701,7,495,67893,1,광주
20250701,8,495,66864,1,광주
20250701,9,495,51865,1,광주
20250701,10,495,54805,1,광주
20250701,1,495,1,76225,광주
20250701,2,495,64560,1,광주
20250701,3,495,64646,1,광주
20250701,4,495,55645,1,광주
20250701,5,495,72443,1,광주
20250701,6,495,61353,1,광주
20250701,7,495,69636,1,광주
20250701,8,495,65653,1,광주
20250701,9,495,78122,1,광주
20250701,10,495,50657,1,광주
20250701,1,496,1,53375,잠실
20250701,2,496,50458,1,잠실
20250701,3,496,65040,1,잠실
20250701,4,496,67449,1,잠실
20250701,5,496,54400,1,잠실
20250701,6,496,62404,1,잠실
20250701,7,496,52430,1,잠실
20250701,8,496,74540,1,잠실
20250701,9,496,62234,1,잠실
20250701,10,496,52415,1,잠실
20250701,1,496,1,55268,잠실
20250701,2,496,79231,1,잠실
20250701,3,496,50208,1,잠실
20250701,4,496,55208,1,잠실
20250701,5,496,78224,1,잠실
20250701,6,496,53554,1,잠실
20250701,7,496,55252,1,잠실
20250701,8,496,52267,1,잠실
20250701,9,496,54219,1,잠실
20250701,10,496,67207,1,잠실
20250701,1,497,1,69328,수원
20250701,2,497,65357,1,수원
20250701,3,497,64340,1,수원
20250701,4,497,50167,1,수원
20250701,5,497,55326,1,수원
20250701,6,497,69332,1,수원
20250701,7,497,51302,1,수원
20250701,8,497,55392,1,수원
20250701,9,497,53344,1,수원
20250701,10,497,55397,1,수원
20250701,1,497,1,54354,수원
20250701,2,497,79402,1,수원
20250701,3,497,64004,1,수원
20250701,4,497,52001,1,수원
20250701,5,497,78548,1,수원
20250701,6,497,67025,1,수원
20250701,7,497,68504,1,수원
20250701,8,497,79240,1,수원
20250701,9,497,64166,1,수원
20250701,10,497,51003,1,수원
20250702,1,498,1,61101,사직
20250702,2,498,65207,1,사직
20250702,3,498,76290,1,사직
20250702,4,498,68119,1,사직
20250702,5,498,69102,1,사직
20250702,6,498,79365,1,사직
20250702,7,498,79109,1,사직
20250702,8,498,66162,1,사직
20250702,9,498,68110,1,사직
20250702,10,498,52103,1,사직
20250702,1,498,1,55532,사직
20250702,2,498,68507,1,사직
20250702,3,498,55530,1,사직
20250702,4,498,54529,1,사직
20250702,5,498,78513,1,사직
20250702,6,498,51551,1,사직
20250702,7,498,68205,1,사직
20250702,8,498,62802,1,사직
20250702,9,498,68518,1,사직
20250702,10,498,52504,1,사직
20250702,1,499,1,53973,대전
20250702,2,499,51907,1,대전
20250702,3,499,77532,1,대전
20250702,4,499,62907,1,대전
20250702,5,499,54944,1,대전
20250702,6,499,79215,1,대전
20250702,7,499,68904,1,대전
20250702,8,499,51344,1,대전
20250702,9,499,64101,1,대전
20250702,10,499,64022,1,대전
20250702,1,499,1,52701,대전
20250702,2,499,66657,1,대전
20250702,3,499,55703,1,대전
20250702,4,499,53764,1,대전
20250702,5,499,69737,1,대전
20250702,6,499,79192,1,대전
20250702,7,499,50707,1,대전
20250702,8,499,62700,1,대전
20250702,9,499,78288,1,대전
20250702,10,499,64006,1,대전
20250702,1,500,1,77829,광주
20250702,2,500,50854,1,광주
20250702,3,500,53827,1,광주
20250702,4,500,75847,1,광주
20250702,5,500,62895,1,광주
20250702,6,500,51868,1,광주
20250702,7,500,67893,1,광주
20250702,8,500,66864,1,광주
20250702,9,500,51865,1,광주
20250702,10,500,54812,1,광주
20250702,1,500,1,53615,광주
20250702,2,500,64560,1,광주
20250702,3,500,64646,1,광주
20250702,4,500,55645,1,광주
20250702,5,500,72443,1,광주
20250702,6,500,61353,1,광주
20250702,7,500,69636,1,광주
20250702,8,500,65653,1,광주
20250702,9,500,68646,1,광주
20250702,10,500,50657,1,광주
20250702,1,501,1,55460,잠실
20250702,2,501,50458,1,잠실
20250702,3,501,67449,1,잠실
20250702,4,501,62404,1,잠실
20250702,5,501,54400,1,잠실
20250702,6,501,74540,1,잠실
20250702,7,501,52430,1,잠실
20250702,8,501,52415,1,잠실
20250702,9,501,62234,1,잠실
20250702,10,501,69418,1,잠실
20250702,1,501,1,55257,잠실
20250702,2,501,79231,1,잠실
20250702,3,501,50208,1,잠실
20250702,4,501,55208,1,잠실
20250702,5,501,76232,1,잠실
20250702,6,501,78224,1,잠실
20250702,7,501,52267,1,잠실
20250702,8,501,55252,1,잠실
20250702,9,501,53554,1,잠실
20250702,10,501,67207,1,잠실
20250702,1,502,1,64350,수원
20250702,2,502,65357,1,수원
20250702,3,502,64340,1,수원
20250702,4,502,50167,1,수원
20250702,5,502,76267,1,수원
20250702,6,502,69332,1,수원
20250702,7,502,55326,1,수원
20250702,8,502,55392,1,수원
20250702,9,502,53344,1,수원
20250702,10,502,55397,1,수원
20250702,1,502,1,50030,수원
20250702,2,502,79402,1,수원
20250702,3,502,64004,1,수원
20250702,4,502,52001,1,수원
20250702,5,502,78548,1,수원
20250702,6,502,67025,1,수원
20250702,7,502,64007,1,수원
20250702,8,502,79240,1,수원
20250702,9,502,66706,1,수원
20250702,10,502,51003,1,수원
20250703,1,503,1,67143,사직
20250703,2,503,65207,1,사직
20250703,3,503,76290,1,사직
20250703,4,503,68119,1,사직
20250703,5,503,69102,1,사직
20250703,6,503,79365,1,사직
20250703,7,503,79109,1,사직
20250703,8,503,50054,1,사직
20250703,9,503,52154,1,사직
20250703,10,503,62415,1,사직
20250703,1,503,1,52530,사직
20250703,2,503,52568,1,사직
20250703,3,503,77564,1,사직
20250703,4,503,54529,1,사직
20250703,5,503,78513,1,사직
20250703,6,503,61102,1,사직
20250703,7,503,68205,1,사직
20250703,8,503,60523,1,사직
20250703,9,503,55506,1,사직
20250703,10,503,68507,1,사직
20250703,1,504,1,68902,대전
20250703,2,504,51907,1,대전
20250703,3,504,77532,1,대전
20250703,4,504,62907,1,대전
20250703,5,504,68904,1,대전
20250703,6,504,79215,1,대전
20250703,7,504,51344,1,대전
20250703,8,504,69995,1,대전
20250703,9,504,68912,1,대전
20250703,10,504,64101,1,대전
20250703,1,504,1,65056,대전
20250703,2,504,68700,1,대전
20250703,3,504,55703,1,대전
20250703,4,504,53764,1,대전
20250703,5,504,69737,1,대전
20250703,6,504,79192,1,대전
20250703,7,504,69766,1,대전
20250703,8,504,62700,1,대전
20250703,9,504,78288,1,대전
20250703,10,504,65703,1,대전
20250703,1,505,1,62869,광주
20250703,2,505,60558,1,광주
20250703,3,505,53827,1,광주
20250703,4,505,75847,1,광주
20250703,5,505,62895,1,광주
20250703,6,505,51868,1,광주
20250703,7,505,67893,1,광주
20250703,8,505,66864,1,광주
20250703,9,505,79456,1,광주
20250703,10,505,54805,1,광주
20250703,1,505,1,77637,광주
20250703,2,505,61353,1,광주
20250703,3,505,64646,1,광주
20250703,4,505,55645,1,광주
20250703,5,505,72443,1,광주
20250703,6,505,69636,1,광주
20250703,7,505,67610,1,광주
20250703,8,505,65653,1,광주
20250703,9,505,78122,1,광주
20250703,10,505,66614,1,광주
20250703,1,506,1,65320,잠실
20250703,2,506,50458,1,잠실
20250703,3,506,62234,1,잠실
20250703,4,506,67449,1,잠실
20250703,5,506,54400,1,잠실
20250703,6,506,62404,1,잠실
20250703,7,506,52430,1,잠실
20250703,8,506,65040,1,잠실
20250703,9,506,65132,1,잠실
20250703,10,506,54408,1,잠실
20250703,1,506,1,68220,잠실
20250703,2,506,79231,1,잠실
20250703,3,506,50208,1,잠실
20250703,4,506,55208,1,잠실
20250703,5,506,76232,1,잠실
20250703,6,506,78224,1,잠실
20250703,7,506,55252,1,잠실
20250703,8,506,53554,1,잠실
20250703,9,506,68362,1,잠실
20250703,10,506,67207,1,잠실
20250703,1,507,1,55313,수원
20250703,2,507,65357,1,수원
20250703,3,507,64340,1,수원
20250703,4,507,50167,1,수원
20250703,5,507,55326,1,수원
20250703,6,507,76267,1,수원
20250703,7,507,53344,1,수원
20250703,8,507,55392,1,수원
20250703,9,507,78756,1,수원
20250703,10,507,55397,1,수원
20250703,1,507,1,64001,수원
20250703,2,507,79402,1,수원
20250703,3,507,64004,1,수원
20250703,4,507,52001,1,수원
20250703,5,507,67025,1,수원
20250703,6,507,64007,1,수원
20250703,7,507,79240,1,수원
20250703,8,507,64166,1,수원
20250703,9,507,50066,1,수원
20250703,10,507,51003,1,수원
20250704,1,508,1,55730,고척
20250704,2,508,68700,1,고척
20250704,3,508,62700,1,고척
20250704,4,508,55703,1,고척
20250704,5,508,53764,1,고척
20250704,6,508,79192,1,고척
20250704,7,508,69737,1,고척
20250704,8,508,66657,1,고척
20250704,9,508,78288,1,고척
20250704,10,508,64006,1,고척
20250704,1,508,1,69045,고척
20250704,2,508,65357,1,고척
20250704,3,508,64340,1,고척
20250704,4,508,50167,1,고척
20250704,5,508,76267,1,고척
20250704,6,508,69332,1,고척
20250704,7,508,55326,1,고척
20250704,8,508,55392,1,고척
20250704,9,508,53312,1,고척
20250704,10,508,55397,1,고척
20250704,1,509,1,50859,잠실
20250704,2,509,64166,1,잠실
20250704,3,509,66706,1,잠실
20250704,4,509,52001,1,잠실
20250704,5,509,67025,1,잠실
20250704,6,509,64007,1,잠실
20250704,7,509,79240,1,잠실
20250704,8,509,64504,1,잠실
20250704,9,509,50066,1,잠실
20250704,10,509,51003,1,잠실
20250704,1,509,1,55239,잠실
20250704,2,509,79231,1,잠실
20250704,3,509,67207,1,잠실
20250704,4,509,55208,1,잠실
20250704,5,509,76232,1,잠실
20250704,6,509,78224,1,잠실
20250704,7,509,66112,1,잠실
20250704,8,509,50208,1,잠실
20250704,9,509,63123,1,잠실
20250704,10,509,55252,1,잠실
20250704,1,510,1,51111,대구
20250704,2,510,65207,1,대구
20250704,3,510,50054,1,대구
20250704,4,510,76290,1,대구
20250704,5,510,69102,1,대구
20250704,6,510,79365,1,대구
20250704,7,510,68119,1,대구
20250704,8,510,79109,1,대구
20250704,9,510,52154,1,대구
20250704,10,510,62415,1,대구
20250704,1,510,1,51454,대구
20250704,2,510,50458,1,대구
20250704,3,510,67449,1,대구
20250704,4,510,54400,1,대구
20250704,5,510,62404,1,대구
20250704,6,510,52430,1,대구
20250704,7,510,69418,1,대구
20250704,8,510,52415,1,대구
20250704,9,510,65132,1,대구
20250704,10,510,62234,1,대구
20250704,1,511,1,67539,광주
20250704,2,511,68507,1,광주
20250704,3,511,55530,1,광주
20250704,4,511,54529,1,광주
20250704,5,511,78513,1,광주
20250704,6,511,77564,1,광주
20250704,7,511,60523,1,광주
20250704,8,511,68205,1,광주
20250704,9,511,61102,1,광주
20250704,10,511,52504,1,광주
20250704,1,511,1,54640,광주
20250704,2,511,61353,1,광주
20250704,3,511,64646,1,광주
20250704,4,511,55645,1,광주
20250704,5,511,72443,1,광주
20250704,6,511,69636,1,광주
20250704,7,511,66606,1,광주
20250704,8,511,65653,1,광주
20250704,9,511,78122,1,광주
20250704,10,511,66614,1,광주
20250704,1,512,1,54833,창원
20250704,2,512,60558,1,창원
20250704,3,512,50854,1,창원
20250704,4,512,75847,1,창원
20250704,5,512,53827,1,창원
20250704,6,512,51868,1,창원
20250704,7,512,66864,1,창원
20250704,8,512,67893,1,창원
20250704,9,512,79456,1,창원
20250704,10,512,66917,1,창원
20250704,1,512,1,55912,창원
20250704,2,512,51907,1,창원
20250704,3,512,69992,1,창원
20250704,4,512,62907,1,창원
20250704,5,512,54944,1,창원
20250704,6,512,51344,1,창원
20250704,7,512,77532,1,창원
20250704,8,512,63963,1,창원
20250704,9,512,64022,1,창원
20250704,10,512,51996,1,창원
20250705,1,513,1,76715,고척
20250705,2,513,68700,1,고척
20250705,3,513,55703,1,고척
20250705,4,513,53764,1,고척
20250705,5,513,69737,1,고척
20250705,6,513,79192,1,고척
20250705,7,513,66657,1,고척
20250705,8,513,62700,1,고척
20250705,9,513,78288,1,고척
20250705,10,513,64006,1,고척
20250705,1,513,1,55348,고척
20250705,2,513,65357,1,고척
20250705,3,513,64340,1,고척
20250705,4,513,50167,1,고척
20250705,5,513,76267,1,고척
20250705,6,513,55326,1,고척
20250705,7,513,52305,1,고척
20250705,8,513,55392,1,고척
20250705,9,513,53312,1,고척
20250705,10,513,55397,1,고척
20250705,1,514,1,69032,잠실
20250705,2,514,64004,1,잠실
20250705,3,514,66706,1,잠실
20250705,4,514,52001,1,잠실
20250705,5,514,67025,1,잠실
20250705,6,514,79240,1,잠실
20250705,7,514,64007,1,잠실
20250705,8,514,79402,1,잠실
20250705,9,514,50066,1,잠실
20250705,10,514,51003,1,잠실
20250705,1,514,1,67263,잠실
20250705,2,514,79231,1,잠실
20250705,3,514,50208,1,잠실
20250705,4,514,55208,1,잠실
20250705,5,514,76232,1,잠실
20250705,6,514,78224,1,잠실
20250705,7,514,55252,1,잠실
20250705,8,514,53554,1,잠실
20250705,9,514,68362,1,잠실
20250705,10,514,67207,1,잠실
20250705,1,515,1,55146,대구
20250705,2,515,65207,1,대구
20250705,3,515,50054,1,대구
20250705,4,515,76290,1,대구
20250705,5,515,69102,1,대구
20250705,6,515,79365,1,대구
20250705,7,515,79109,1,대구
20250705,8,515,50108,1,대구
20250705,9,515,52103,1,대구
20250705,10,515,62415,1,대구
20250705,1,515,1,68415,대구
20250705,2,515,50458,1,대구
20250705,3,515,67449,1,대구
20250705,4,515,54400,1,대구
20250705,5,515,62404,1,대구
20250705,6,515,52430,1,대구
20250705,7,515,52415,1,대구
20250705,8,515,62234,1,대구
20250705,9,515,65132,1,대구
20250705,10,515,66409,1,대구
20250705,1,516,1,64021,광주
20250705,2,516,55530,1,광주
20250705,3,516,51551,1,광주
20250705,4,516,54529,1,광주
20250705,5,516,78513,1,광주
20250705,6,516,60523,1,광주
20250705,7,516,77564,1,광주
20250705,8,516,61102,1,광주
20250705,9,516,52504,1,광주
20250705,10,516,52568,1,광주
20250705,1,516,1,69745,광주
20250705,2,516,61353,1,광주
20250705,3,516,64646,1,광주
20250705,4,516,55645,1,광주
20250705,5,516,72443,1,광주
20250705,6,516,69636,1,광주
20250705,7,516,66606,1,광주
20250705,8,516,65653,1,광주
20250705,9,516,68646,1,광주
20250705,10,516,66614,1,광주
20250705,1,517,1,55855,창원
20250705,2,517,50854,1,창원
20250705,3,517,53827,1,창원
20250705,4,517,75847,1,창원
20250705,5,517,62895,1,창원
20250705,6,517,51868,1,창원
20250705,7,517,67893,1,창원
20250705,8,517,60558,1,창원
20250705,9,517,54812,1,창원
20250705,10,517,51865,1,창원
20250705,1,517,1,52903,창원
20250705,2,517,51907,1,창원
20250705,3,517,69992,1,창원
20250705,4,517,62907,1,창원
20250705,5,517,54944,1,창원
20250705,6,517,79215,1,창원
20250705,7,517,77532,1,창원
20250705,8,517,68904,1,창원
20250705,9,517,51344,1,창원
20250705,10,517,64022,1,창원
20250706,1,518,1,54755,고척
20250706,2,518,68700,1,고척
20250706,3,518,55703,1,고척
20250706,4,518,53764,1,고척
20250706,5,518,69737,1,고척
20250706,6,518,79192,1,고척
20250706,7,518,66704,1,고척
20250706,8,518,65703,1,고척
20250706,9,518,76812,1,고척
20250706,10,518,64006,1,고척
20250706,1,518,1,69328,고척
20250706,2,518,65357,1,고척
20250706,3,518,64340,1,고척
20250706,4,518,50167,1,고척
20250706,5,518,76267,1,고척
20250706,6,518,69332,1,고척
20250706,7,518,54307,1,고척
20250706,8,518,55392,1,고척
20250706,9,518,53312,1,고척
20250706,10,518,55397,1,고척
20250706,1,519,1,54354,잠실
20250706,2,519,79402,1,잠실
20250706,3,519,64004,1,잠실
20250706,4,519,52001,1,잠실
20250706,5,519,78548,1,잠실
20250706,6,519,67025,1,잠실
20250706,7,519,64007,1,잠실
20250706,8,519,76313,1,잠실
20250706,9,519,64166,1,잠실
20250706,10,519,64115,1,잠실
20250706,1,519,1,51264,잠실
20250706,2,519,67207,1,잠실
20250706,3,519,79231,1,잠실
20250706,4,519,55208,1,잠실
20250706,5,519,76232,1,잠실
20250706,6,519,78224,1,잠실
20250706,7,519,74206,1,잠실
20250706,8,519,50208,1,잠실
20250706,9,519,63123,1,잠실
20250706,10,519,68362,1,잠실
20250706,1,520,1,54119,대구
20250706,2,520,65207,1,대구
20250706,3,520,50054,1,대구
20250706,4,520,76290,1,대구
20250706,5,520,69102,1,대구
20250706,6,520,79365,1,대구
20250706,7,520,68119,1,대구
20250706,8,520,79109,1,대구
20250706,9,520,52121,1,대구
20250706,10,520,62415,1,대구
20250706,1,520,1,53375,대구
20250706,2,520,50458,1,대구
20250706,3,520,62234,1,대구
20250706,4,520,54400,1,대구
20250706,5,520,62404,1,대구
20250706,6,520,52430,1,대구
20250706,7,520,65040,1,대구
20250706,8,520,52415,1,대구
20250706,9,520,74540,1,대구
20250706,10,520,67449,1,대구
20250706,1,521,1,55536,광주
20250706,2,521,68507,1,광주
20250706,3,521,55530,1,광주
20250706,4,521,54529,1,광주
20250706,5,521,78513,1,광주
20250706,6,521,51551,1,광주
20250706,7,521,68205,1,광주
20250706,8,521,61102,1,광주
20250706,9,521,52504,1,광주
20250706,10,521,52568,1,광주
20250706,1,521,1,76225,광주
20250706,2,521,64560,1,광주
20250706,3,521,64646,1,광주
20250706,4,521,55645,1,광주
20250706,5,521,72443,1,광주
20250706,6,521,61353,1,광주
20250706,7,521,69636,1,광주
20250706,8,521,65653,1,광주
20250706,9,521,78122,1,광주
20250706,10,521,50657,1,광주
20250706,1,522,1,51867,창원
20250706,2,522,50854,1,창원
20250706,3,522,53827,1,창원
20250706,4,522,75847,1,창원
20250706,5,522,62895,1,창원
20250706,6,522,51868,1,창원
20250706,7,522,66864,1,창원
20250706,8,522,51865,1,창원
20250706,9,522,54812,1,창원
20250706,10,522,66917,1,창원
20250706,1,522,1,55903,창원
20250706,2,522,51907,1,창원
20250706,3,522,63963,1,창원
20250706,4,522,62907,1,창원
20250706,5,522,54944,1,창원
20250706,6,522,79215,1,창원
20250706,7,522,77532,1,창원
20250706,8,522,51344,1,창원
20250706,9,522,68912,1,창원
20250706,10,522,69992,1,창원
20250708,1,523,1,53613,대전
20250708,2,523,61353,1,대전
20250708,3,523,64646,1,대전
20250708,4,523,55645,1,대전
20250708,5,523,72443,1,대전
20250708,6,523,69636,1,대전
20250708,7,523,66606,1,대전
20250708,8,523,65653,1,대전
20250708,9,523,78122,1,대전
20250708,10,523,66614,1,대전
20250708,1,523,1,52701,대전
20250708,2,523,68700,1,대전
20250708,3,523,55703,1,대전
20250708,4,523,53764,1,대전
20250708,5,523,69737,1,대전
20250708,6,523,79192,1,대전
20250708,7,523,66704,1,대전
20250708,8,523,62700,1,대전
20250708,9,523,78288,1,대전
20250708,10,523,64006,1,대전
20250708,1,524,1,65516,문학
20250708,2,524,76313,1,문학
20250708,3,524,64004,1,문학
20250708,4,524,52001,1,문학
20250708,5,524,78548,1,문학
20250708,6,524,64007,1,문학
20250708,7,524,67025,1,문학
20250708,8,524,79402,1,문학
20250708,9,524,64166,1,문학
20250708,10,524,64115,1,문학
20250708,1,524,1,77829,문학
20250708,2,524,50854,1,문학
20250708,3,524,53827,1,문학
20250708,4,524,75847,1,문학
20250708,5,524,62895,1,문학
20250708,6,524,51868,1,문학
20250708,7,524,67893,1,문학
20250708,8,524,68868,1,문학
20250708,9,524,54812,1,문학
20250708,10,524,51865,1,문학
20250708,1,525,1,55268,사직
20250708,2,525,67207,1,사직
20250708,3,525,79231,1,사직
20250708,4,525,55208,1,사직
20250708,5,525,76232,1,사직
20250708,6,525,78224,1,사직
20250708,7,525,55252,1,사직
20250708,8,525,50208,1,사직
20250708,9,525,63123,1,사직
20250708,10,525,68362,1,사직
20250708,1,525,1,50596,사직
20250708,2,525,50500,1,사직
20250708,3,525,55530,1,사직
20250708,4,525,54529,1,사직
20250708,5,525,78513,1,사직
20250708,6,525,51551,1,사직
20250708,7,525,61102,1,사직
20250708,8,525,68205,1,사직
20250708,9,525,68507,1,사직
20250708,10,525,52568,1,사직
20250708,1,526,1,55460,창원
20250708,2,526,50458,1,창원
20250708,3,526,62234,1,창원
20250708,4,526,62404,1,창원
20250708,5,526,54400,1,창원
20250708,6,526,52430,1,창원
20250708,7,526,52415,1,창원
20250708,8,526,67449,1,창원
20250708,9,526,65040,1,창원
20250708,10,526,65132,1,창원
20250708,1,526,1,53973,창원
20250708,2,526,51907,1,창원
20250708,3,526,63963,1,창원
20250708,4,526,62907,1,창원
20250708,5,526,54944,1,창원
20250708,6,526,77532,1,창원
20250708,7,526,79215,1,창원
20250708,8,526,51344,1,창원
20250708,9,526,64022,1,창원
20250708,10,526,69992,1,창원
20250708,1,527,1,64350,잠실
20250708,2,527,65357,1,잠실
20250708,3,527,64340,1,잠실
20250708,4,527,50167,1,잠실
20250708,5,527,76267,1,잠실
20250708,6,527,55326,1,잠실
20250708,7,527,69332,1,잠실
20250708,8,527,55392,1,잠실
20250708,9,527,53312,1,잠실
20250708,10,527,55397,1,잠실
20250708,1,527,1,61101,잠실
20250708,2,527,65207,1,잠실
20250708,3,527,50054,1,잠실
20250708,4,527,76290,1,잠실
20250708,5,527,69102,1,잠실
20250708,6,527,68119,1,잠실
20250708,7,527,79365,1,잠실
20250708,8,527,79109,1,잠실
20250708,9,527,50108,1,잠실
20250708,10,527,62415,1,잠실
20250709,1,528,1,77637,대전
20250709,2,528,61353,1,대전
20250709,3,528,64646,1,대전
20250709,4,528,69636,1,대전
20250709,5,528,55645,1,대전
20250709,6,528,67610,1,대전
20250709,7,528,68646,1,대전
20250709,8,528,65653,1,대전
20250709,9,528,66614,1,대전
20250709,10,528,66606,1,대전
20250709,1,528,1,65056,대전
20250709,2,528,68700,1,대전
20250709,3,528,55703,1,대전
20250709,4,528,53764,1,대전
20250709,5,528,69737,1,대전
20250709,6,528,79192,1,대전
20250709,7,528,66657,1,대전
20250709,8,528,62700,1,대전
20250709,9,528,78288,1,대전
20250709,10,528,64006,1,대전
20250709,1,529,1,50030,문학
20250709,2,529,76313,1,문학
20250709,3,529,64004,1,문학
20250709,4,529,52001,1,문학
20250709,5,529,78548,1,문학
20250709,6,529,67025,1,문학
20250709,7,529,79240,1,문학
20250709,8,529,79402,1,문학
20250709,9,529,64166,1,문학
20250709,10,529,51003,1,문학
20250709,1,529,1,62869,문학
20250709,2,529,50854,1,문학
20250709,3,529,53827,1,문학
20250709,4,529,75847,1,문학
20250709,5,529,62895,1,문학
20250709,6,529,51868,1,문학
20250709,7,529,67893,1,문학
20250709,8,529,66864,1,문학
20250709,9,529,54812,1,문학
20250709,10,529,51865,1,문학
20250709,1,530,1,68220,사직
20250709,2,530,79231,1,사직
20250709,3,530,50208,1,사직
20250709,4,530,55208,1,사직
20250709,5,530,76232,1,사직
20250709,6,530,78224,1,사직
20250709,7,530,55252,1,사직
20250709,8,530,66112,1,사직
20250709,9,530,53554,1,사직
20250709,10,530,67207,1,사직
20250709,1,530,1,52530,사직
20250709,2,530,50500,1,사직
20250709,3,530,55530,1,사직
20250709,4,530,54529,1,사직
20250709,5,530,78513,1,사직
20250709,6,530,61102,1,사직
20250709,7,530,51551,1,사직
20250709,8,530,52568,1,사직
20250709,9,530,68507,1,사직
20250709,10,530,68205,1,사직
20250709,1,531,1,65320,창원
20250709,2,531,50458,1,창원
20250709,3,531,67449,1,창원
20250709,4,531,62404,1,창원
20250709,5,531,54400,1,창원
20250709,6,531,62234,1,창원
20250709,7,531,52415,1,창원
20250709,8,531,52430,1,창원
20250709,9,531,74540,1,창원
20250709,10,531,65132,1,창원
20250709,1,531,1,68902,창원
20250709,2,531,51907,1,창원
20250709,3,531,63963,1,창원
20250709,4,531,62907,1,창원
20250709,5,531,68904,1,창원
20250709,6,531,77532,1,창원
20250709,7,531,79215,1,창원
20250709,8,531,51344,1,창원
20250709,9,531,64022,1,창원
20250709,10,531,69992,1,창원
20250709,1,532,1,55313,잠실
20250709,2,532,65357,1,잠실
20250709,3,532,64340,1,잠실
20250709,4,532,50167,1,잠실
20250709,5,532,76267,1,잠실
20250709,6,532,55326,1,잠실
20250709,7,532,69332,1,잠실
20250709,8,532,55392,1,잠실
20250709,9,532,53312,1,잠실
20250709,10,532,55371,1,잠실
20250709,1,532,1,67143,잠실
20250709,2,532,65207,1,잠실
20250709,3,532,50054,1,잠실
20250709,4,532,76290,1,잠실
20250709,5,532,69102,1,잠실
20250709,6,532,68119,1,잠실
20250709,7,532,79365,1,잠실
20250709,8,532,79109,1,잠실
20250709,9,532,52154,1,잠실
20250709,10,532,62415,1,잠실
20250710,1,533,1,54640,대전
20250710,2,533,61353,1,대전
20250710,3,533,64646,1,대전
20250710,4,533,69636,1,대전
20250710,5,533,55645,1,대전
20250710,6,533,63260,1,대전
20250710,7,533,65653,1,대전
20250710,8,533,64560,1,대전
20250710,9,533,78122,1,대전
20250710,10,533,50657,1,대전
20250710,1,533,1,54729,대전
20250710,2,533,68700,1,대전
20250710,3,533,55703,1,대전
20250710,4,533,53764,1,대전
20250710,5,533,69737,1,대전
20250710,6,533,79192,1,대전
20250710,7,533,66657,1,대전
20250710,8,533,65703,1,대전
20250710,9,533,78288,1,대전
20250710,10,533,64006,1,대전
20250710,1,534,1,64001,문학
20250710,2,534,76313,1,문학
20250710,3,534,79240,1,문학
20250710,4,534,52001,1,문학
20250710,5,534,67025,1,문학
20250710,6,534,78548,1,문학
20250710,7,534,67644,1,문학
20250710,8,534,79402,1,문학
20250710,9,534,66706,1,문학
20250710,10,534,51003,1,문학
20250710,1,534,1,54833,문학
20250710,2,534,67893,1,문학
20250710,3,534,53827,1,문학
20250710,4,534,75847,1,문학
20250710,5,534,62895,1,문학
20250710,6,534,51868,1,문학
20250710,7,534,50854,1,문학
20250710,8,534,68868,1,문학
20250710,9,534,54812,1,문학
20250710,10,534,51865,1,문학
20250710,1,535,1,55239,사직
20250710,2,535,79231,1,사직
20250710,3,535,67207,1,사직
20250710,4,535,55208,1,사직
20250710,5,535,76232,1,사직
20250710,6,535,78224,1,사직
20250710,7,535,55252,1,사직
20250710,8,535,50208,1,사직
20250710,9,535,64153,1,사직
20250710,10,535,66112,1,사직
20250710,1,535,1,67539,사직
20250710,2,535,52568,1,사직
20250710,3,535,60523,1,사직
20250710,4,535,54529,1,사직
20250710,5,535,78513,1,사직
20250710,6,535,61102,1,사직
20250710,7,535,68205,1,사직
20250710,8,535,55563,1,사직
20250710,9,535,52516,1,사직
20250710,10,535,55530,1,사직
20250710,1,536,1,51454,창원
20250710,2,536,69418,1,창원
20250710,3,536,52415,1,창원
20250710,4,536,62404,1,창원
20250710,5,536,54400,1,창원
20250710,6,536,74540,1,창원
20250710,7,536,62234,1,창원
20250710,8,536,52430,1,창원
20250710,9,536,66409,1,창원
20250710,10,536,65132,1,창원
20250710,1,536,1,55912,창원
20250710,2,536,51907,1,창원
20250710,3,536,63963,1,창원
20250710,4,536,62907,1,창원
20250710,5,536,51344,1,창원
20250710,6,536,77532,1,창원
20250710,7,536,79215,1,창원
20250710,8,536,69995,1,창원
20250710,9,536,68912,1,창원
20250710,10,536,69992,1,창원
20250710,1,537,1,69045,잠실
20250710,2,537,65357,1,잠실
20250710,3,537,64340,1,잠실
20250710,4,537,50167,1,잠실
20250710,5,537,76267,1,잠실
20250710,6,537,55326,1,잠실
20250710,7,537,69332,1,잠실
20250710,8,537,55392,1,잠실
20250710,9,537,53312,1,잠실
20250710,10,537,55397,1,잠실
20250710,1,537,1,51111,잠실
20250710,2,537,65207,1,잠실
20250710,3,537,50054,1,잠실
20250710,4,537,76290,1,잠실
20250710,5,537,79365,1,잠실
20250710,6,537,68119,1,잠실
20250710,7,537,79109,1,잠실
20250710,8,537,69100,1,잠실
20250710,9,537,52154,1,잠실
20250710,10,537,62415,1,잠실
20250718,1,546,1,55348,대구
20250718,2,546,65357,1,대구
20250718,3,546,64340,1,대구
20250718,4,546,50167,1,대구
20250718,5,546,76267,1,대구
20250718,6,546,55326,1,대구
20250718,7,546,69332,1,대구
20250718,8,546,55392,1,대구
20250718,9,546,53312,1,대구
20250718,10,546,55397,1,대구
20250718,1,546,1,53375,대구
20250718,2,546,62234,1,대구
20250718,3,546,69418,1,대구
20250718,4,546,62404,1,대구
20250718,5,546,54400,1,대구
20250718,6,546,52415,1,대구
20250718,7,546,52430,1,대구
20250718,8,546,74540,1,대구
20250718,9,546,67449,1,대구
20250718,10,546,66409,1,대구
20250718,1,547,1,55730,수원
20250718,2,547,68700,1,수원
20250718,3,547,55703,1,수원
20250718,4,547,53764,1,수원
20250718,5,547,69737,1,수원
20250718,6,547,79192,1,수원
20250718,7,547,66657,1,수원
20250718,8,547,62700,1,수원
20250718,9,547,78288,1,수원
20250718,10,547,64006,1,수원
20250718,1,547,1,50859,수원
20250718,2,547,76313,1,수원
20250718,3,547,64004,1,수원
20250718,4,547,52001,1,수원
20250718,5,547,67025,1,수원
20250718,6,547,79240,1,수원
20250718,7,547,79402,1,수원
20250718,8,547,50066,1,수원
20250718,9,547,66706,1,수원
20250718,10,547,51003,1,수원
20250718,1,548,1,55532,잠실
20250718,2,548,50500,1,잠실
20250718,3,548,52568,1,잠실
20250718,4,548,54529,1,잠실
20250718,5,548,78513,1,잠실
20250718,6,548,52591,1,잠실
20250718,7,548,61102,1,잠실
20250718,8,548,51551,1,잠실
20250718,9,548,68205,1,잠실
20250718,10,548,55530,1,잠실
20250718,1,548,1,67143,잠실
20250718,2,548,65207,1,잠실
20250718,3,548,50054,1,잠실
20250718,4,548,76290,1,잠실
20250718,5,548,69102,1,잠실
20250718,6,548,79365,1,잠실
20250718,7,548,68119,1,잠실
20250718,8,548,79109,1,잠실
20250718,9,548,52154,1,잠실
20250718,10,548,62415,1,잠실
20250719,1,551,1,54755,수원
20250719,2,551,68700,1,수원
20250719,3,551,55703,1,수원
20250719,4,551,53764,1,수원
20250719,5,551,69737,1,수원
20250719,6,551,79192,1,수원
20250719,7,551,66704,1,수원
20250719,8,551,62700,1,수원
20250719,9,551,76812,1,수원
20250719,10,551,64006,1,수원
20250719,1,551,1,54354,수원
20250719,2,551,76313,1,수원
20250719,3,551,64004,1,수원
20250719,4,551,52001,1,수원
20250719,5,551,67025,1,수원
20250719,6,551,67644,1,수원
20250719,7,551,79240,1,수원
20250719,8,551,79402,1,수원
20250719,9,551,68089,1,수원
20250719,10,551,64115,1,수원
20250719,1,552,1,55536,잠실
20250719,2,552,50500,1,잠실
20250719,3,552,55530,1,잠실
20250719,4,552,54529,1,잠실
20250719,5,552,78513,1,잠실
20250719,6,552,52591,1,잠실
20250719,7,552,61102,1,잠실
20250719,8,552,51551,1,잠실
20250719,9,552,52568,1,잠실
20250719,10,552,54598,1,잠실
20250719,1,552,1,54119,잠실
20250719,2,552,65207,1,잠실
20250719,3,552,68119,1,잠실
20250719,4,552,76290,1,잠실
20250719,5,552,69102,1,잠실
20250719,6,552,79365,1,잠실
20250719,7,552,52154,1,잠실
20250719,8,552,69100,1,잠실
20250719,9,552,66162,1,잠실
20250719,10,552,62415,1,잠실
20250719,1,553,1,55257,문학
20250719,2,553,79231,1,문학
20250719,3,553,50208,1,문학
20250719,4,553,55208,1,문학
20250719,5,553,76232,1,문학
20250719,6,553,78224,1,문학
20250719,7,553,55252,1,문학
20250719,8,553,64153,1,문학
20250719,9,553,52267,1,문학
20250719,10,553,67207,1,문학
20250719,1,553,1,54833,문학
20250719,2,553,60558,1,문학
20250719,3,553,53827,1,문학
20250719,4,553,75847,1,문학
20250719,5,553,62895,1,문학
20250719,6,553,51868,1,문학
20250719,7,553,66864,1,문학
20250719,8,553,50854,1,문학
20250719,9,553,51865,1,문학
20250719,10,553,52804,1,문학
20250720,1,554,1,76715,수원
20250720,2,554,66704,1,수원
20250720,3,554,55703,1,수원
20250720,4,554,53764,1,수원
20250720,5,554,69737,1,수원
20250720,6,554,79192,1,수원
20250720,7,554,66657,1,수원
20250720,8,554,62700,1,수원
20250720,9,554,78288,1,수원
20250720,10,554,64006,1,수원
20250720,1,554,1,50030,수원
20250720,2,554,76313,1,수원
20250720,3,554,64004,1,수원
20250720,4,554,52001,1,수원
20250720,5,554,67025,1,수원
20250720,6,554,79402,1,수원
20250720,7,554,79240,1,수원
20250720,8,554,64166,1,수원
20250720,9,554,68089,1,수원
20250720,10,554,64115,1,수원
20250720,1,555,1,52530,잠실
20250720,2,555,50500,1,잠실
20250720,3,555,52568,1,잠실
20250720,4,555,54529,1,잠실
20250720,5,555,78513,1,잠실
20250720,6,555,52591,1,잠실
20250720,7,555,61102,1,잠실
20250720,8,555,51551,1,잠실
20250720,9,555,77564,1,잠실
20250720,10,555,68205,1,잠실
20250720,1,555,1,61101,잠실
20250720,2,555,65207,1,잠실
20250720,3,555,68119,1,잠실
20250720,4,555,76290,1,잠실
20250720,5,555,69102,1,잠실
20250720,6,555,79365,1,잠실
20250720,7,555,79109,1,잠실
20250720,8,555,50054,1,잠실
20250720,9,555,55164,1,잠실
20250720,10,555,62415,1,잠실
20250720,1,556,1,68902,광주
20250720,2,556,51907,1,광주
20250720,3,556,63963,1,광주
20250720,4,556,62907,1,광주
20250720,5,556,51344,1,광주
20250720,6,556,77532,1,광주
20250720,7,556,79215,1,광주
20250720,8,556,69995,1,광주
20250720,9,556,68912,1,광주
20250720,10,556,69992,1,광주
20250720,1,556,1,51648,광주
20250720,2,556,61353,1,광주
20250720,3,556,64646,1,광주
20250720,4,556,55645,1,광주
20250720,5,556,72443,1,광주
20250720,6,556,62947,1,광주
20250720,7,556,78603,1,광주
20250720,8,556,69636,1,광주
20250720,9,556,78122,1,광주
20250720,10,556,65653,1,광주
20250720,1,557,1,68220,문학
20250720,2,557,67207,1,문학
20250720,3,557,50208,1,문학
20250720,4,557,55208,1,문학
20250720,5,557,76232,1,문학
20250720,6,557,78224,1,문학
20250720,7,557,55252,1,문학
20250720,8,557,64153,1,문학
20250720,9,557,52267,1,문학
20250720,10,557,79231,1,문학
20250720,1,557,1,77829,문학
20250720,2,557,50854,1,문학
20250720,3,557,53827,1,문학
20250720,4,557,75847,1,문학
20250720,5,557,62895,1,문학
20250720,6,557,51868,1,문학
20250720,7,557,66864,1,문학
20250720,8,557,54812,1,문학
20250720,9,557,79456,1,문학
20250720,10,557,54805,1,문학
20250720,1,558,1,69045,대구
20250720,2,558,65357,1,대구
20250720,3,558,64340,1,대구
20250720,4,558,50167,1,대구
20250720,5,558,76267,1,대구
20250720,6,558,55326,1,대구
20250720,7,558,69332,1,대구
20250720,8,558,55392,1,대구
20250720,9,558,53312,1,대구
20250720,10,558,55397,1,대구
20250720,1,558,1,53375,대구
20250720,2,558,62234,1,대구
20250720,3,558,67449,1,대구
20250720,4,558,62404,1,대구
20250720,5,558,54400,1,대구
20250720,6,558,52430,1,대구
20250720,7,558,65040,1,대구
20250720,8,558,74540,1,대구
20250720,9,558,66409,1,대구
20250720,10,558,52415,1,대구
20250722,1,559,1,52701,잠실
20250722,2,559,66704,1,잠실
20250722,3,559,55703,1,잠실
20250722,4,559,53764,1,잠실
20250722,5,559,69737,1,잠실
20250722,6,559,79192,1,잠실
20250722,7,559,66657,1,잠실
20250722,8,559,62700,1,잠실
20250722,9,559,78288,1,잠실
20250722,10,559,64006,1,잠실
20250722,1,559,1,55239,잠실
20250722,2,559,79231,1,잠실
20250722,3,559,50208,1,잠실
20250722,4,559,55208,1,잠실
20250722,5,559,76232,1,잠실
20250722,6,559,78224,1,잠실
20250722,7,559,55252,1,잠실
20250722,8,559,52267,1,잠실
20250722,9,559,53554,1,잠실
20250722,10,559,67207,1,잠실
20250722,1,560,1,64001,창원
20250722,2,560,76313,1,창원
20250722,3,560,64004,1,창원
20250722,4,560,52001,1,창원
20250722,5,560,67644,1,창원
20250722,6,560,68050,1,창원
20250722,7,560,64504,1,창원
20250722,8,560,79402,1,창원
20250722,9,560,68089,1,창원
20250722,10,560,64115,1,창원
20250722,1,560,1,55903,창원
20250722,2,560,51907,1,창원
20250722,3,560,63963,1,창원
20250722,4,560,62907,1,창원
20250722,5,560,68904,1,창원
20250722,6,560,79215,1,창원
20250722,7,560,77532,1,창원
20250722,8,560,68912,1,창원
20250722,9,560,51344,1,창원
20250722,10,560,50996,1,창원
20250722,1,561,1,51111,광주
20250722,2,561,65207,1,광주
20250722,3,561,68119,1,광주
20250722,4,561,76290,1,광주
20250722,5,561,69102,1,광주
20250722,6,561,79365,1,광주
20250722,7,561,50054,1,광주
20250722,8,561,79109,1,광주
20250722,9,561,52154,1,광주
20250722,10,561,62415,1,광주
20250722,1,561,1,54640,광주
20250722,2,561,64646,1,광주
20250722,3,561,78603,1,광주
20250722,4,561,55645,1,광주
20250722,5,561,72443,1,광주
20250722,6,561,62947,1,광주
20250722,7,561,63260,1,광주
20250722,8,561,69636,1,광주
20250722,9,561,78122,1,광주
20250722,10,561,65653,1,광주
20250722,1,562,1,67539,고척
20250722,2,562,50500,1,고척
20250722,3,562,52568,1,고척
20250722,4,562,54529,1,고척
20250722,5,562,78513,1,고척
20250722,6,562,52591,1,고척
20250722,7,562,61102,1,고척
20250722,8,562,77564,1,고척
20250722,9,562,60523,1,고척
20250722,10,562,68205,1,고척
20250722,1,562,1,55348,고척
20250722,2,562,65357,1,고척
20250722,3,562,64340,1,고척
20250722,4,562,50167,1,고척
20250722,5,562,54444,1,고척
20250722,6,562,76267,1,고척
20250722,7,562,69332,1,고척
20250722,8,562,53312,1,고척
20250722,9,562,55371,1,고척
20250722,10,562,55392,1,고척
20250722,1,563,1,55855,대구
20250722,2,563,50854,1,대구
20250722,3,563,53827,1,대구
20250722,4,563,75847,1,대구
20250722,5,563,62895,1,대구
20250722,6,563,51868,1,대구
20250722,7,563,79456,1,대구
20250722,8,563,66864,1,대구
20250722,9,563,50840,1,대구
20250722,10,563,52804,1,대구
20250722,1,563,1,69446,대구
20250722,2,563,62234,1,대구
20250722,3,563,67449,1,대구
20250722,4,563,62404,1,대구
20250722,5,563,54400,1,대구
20250722,6,563,74540,1,대구
20250722,7,563,65040,1,대구
20250722,8,563,52415,1,대구
20250722,9,563,66409,1,대구
20250722,10,563,54408,1,대구
20250723,1,564,1,54729,잠실
20250723,2,564,66704,1,잠실
20250723,3,564,55703,1,잠실
20250723,4,564,53764,1,잠실
20250723,5,564,69737,1,잠실
20250723,6,564,79192,1,잠실
20250723,7,564,50707,1,잠실
20250723,8,564,62700,1,잠실
20250723,9,564,52764,1,잠실
20250723,10,564,64006,1,잠실
20250723,1,564,1,55268,잠실
20250723,2,564,79231,1,잠실
20250723,3,564,67207,1,잠실
20250723,4,564,55208,1,잠실
20250723,5,564,76232,1,잠실
20250723,6,564,50208,1,잠실
20250723,7,564,55252,1,잠실
20250723,8,564,64153,1,잠실
20250723,9,564,66112,1,잠실
20250723,10,564,69238,1,잠실
20250723,1,565,1,55032,창원
20250723,2,565,64004,1,창원
20250723,3,565,79240,1,창원
20250723,4,565,52001,1,창원
20250723,5,565,67644,1,창원
20250723,6,565,68050,1,창원
20250723,7,565,64504,1,창원
20250723,8,565,79402,1,창원
20250723,9,565,68089,1,창원
20250723,10,565,64115,1,창원
20250723,1,565,1,55912,창원
20250723,2,565,51907,1,창원
20250723,3,565,63963,1,창원
20250723,4,565,62907,1,창원
20250723,5,565,68904,1,창원
20250723,6,565,79215,1,창원
20250723,7,565,69995,1,창원
20250723,8,565,51344,1,창원
20250723,9,565,68912,1,창원
20250723,10,565,69992,1,창원
20250723,1,566,1,55146,광주
20250723,2,566,62415,1,광주
20250723,3,566,68119,1,광주
20250723,4,566,76290,1,광주
20250723,5,566,69102,1,광주
20250723,6,566,79365,1,광주
20250723,7,566,50054,1,광주
20250723,8,566,79109,1,광주
20250723,9,566,55164,1,광주
20250723,10,566,69100,1,광주
20250723,1,566,1,69745,광주
20250723,2,566,64646,1,광주
20250723,3,566,78603,1,광주
20250723,4,566,61353,1,광주
20250723,5,566,72443,1,광주
20250723,6,566,55645,1,광주
20250723,7,566,62947,1,광주
20250723,8,566,69636,1,광주
20250723,9,566,78122,1,광주
20250723,10,566,65653,1,광주
20250723,1,567,1,64021,고척
20250723,2,567,50500,1,고척
20250723,3,567,69517,1,고척
20250723,4,567,52591,1,고척
20250723,5,567,54529,1,고척
20250723,6,567,78513,1,고척
20250723,7,567,51551,1,고척
20250723,8,567,61102,1,고척
20250723,9,567,62802,1,고척
20250723,10,567,52568,1,고척
20250723,1,567,1,64350,고척
20250723,2,567,65357,1,고척
20250723,3,567,64340,1,고척
20250723,4,567,50167,1,고척
20250723,5,567,76267,1,고척
20250723,6,567,54444,1,고척
20250723,7,567,54307,1,고척
20250723,8,567,53312,1,고척
20250723,9,567,55371,1,고척
20250723,10,567,55392,1,고척
20250723,1,568,1,51867,대구
20250723,2,568,68868,1,대구
20250723,3,568,53827,1,대구
20250723,4,568,75847,1,대구
20250723,5,568,62895,1,대구
20250723,6,568,51868,1,대구
20250723,7,568,50854,1,대구
20250723,8,568,66864,1,대구
20250723,9,568,54812,1,대구
20250723,10,568,66662,1,대구
20250723,1,568,1,55460,대구
20250723,2,568,69418,1,대구
20250723,3,568,67449,1,대구
20250723,4,568,62404,1,대구
20250723,5,568,54400,1,대구
20250723,6,568,74540,1,대구
20250723,7,568,52430,1,대구
20250723,8,568,52415,1,대구
20250723,9,568,65586,1,대구
20250723,10,568,54408,1,대구
20250724,1,569,1,55730,잠실
20250724,2,569,68700,1,잠실
20250724,3,569,55703,1,잠실
20250724,4,569,53764,1,잠실
20250724,5,569,69737,1,잠실
20250724,6,569,79192,1,잠실
20250724,7,569,66704,1,잠실
20250724,8,569,54795,1,잠실
20250724,9,569,78288,1,잠실
20250724,10,569,64006,1,잠실
20250724,1,569,1,51264,잠실
20250724,2,569,79231,1,잠실
20250724,3,569,67207,1,잠실
20250724,4,569,55208,1,잠실
20250724,5,569,76232,1,잠실
20250724,6,569,78224,1,잠실
20250724,7,569,55252,1,잠실
20250724,8,569,50208,1,잠실
20250724,9,569,64153,1,잠실
20250724,10,569,69238,1,잠실
20250724,1,570,1,65516,창원
20250724,2,570,64004,1,창원
20250724,3,570,68050,1,창원
20250724,4,570,52001,1,창원
20250724,5,570,67644,1,창원
20250724,6,570,78548,1,창원
20250724,7,570,79240,1,창원
20250724,8,570,79402,1,창원
20250724,9,570,64504,1,창원
20250724,10,570,51003,1,창원
20250724,1,570,1,53973,창원
20250724,2,570,51907,1,창원
20250724,3,570,63963,1,창원
20250724,4,570,62907,1,창원
20250724,5,570,68904,1,창원
20250724,6,570,79215,1,창원
20250724,7,570,69995,1,창원
20250724,8,570,51344,1,창원
20250724,9,570,64022,1,창원
20250724,10,570,67905,1,창원
20250724,1,571,1,67143,광주
20250724,2,571,65207,1,광주
20250724,3,571,68119,1,광주
20250724,4,571,76290,1,광주
20250724,5,571,69102,1,광주
20250724,6,571,79365,1,광주
20250724,7,571,69100,1,광주
20250724,8,571,52154,1,광주
20250724,9,571,66162,1,광주
20250724,10,571,62415,1,광주
20250724,1,571,1,77637,광주
20250724,2,571,64646,1,광주
20250724,3,571,55645,1,광주
20250724,4,571,62947,1,광주
20250724,5,571,72443,1,광주
20250724,6,571,78603,1,광주
20250724,7,571,69636,1,광주
20250724,8,571,68646,1,광주
20250724,9,571,64560,1,광주
20250724,10,571,65653,1,광주
20250724,1,572,1,55532,고척
20250724,2,572,50500,1,고척
20250724,3,572,69517,1,고척
20250724,4,572,52591,1,고척
20250724,5,572,54529,1,고척
20250724,6,572,78513,1,고척
20250724,7,572,61102,1,고척
20250724,8,572,50150,1,고척
20250724,9,572,52568,1,고척
20250724,10,572,62802,1,고척
20250724,1,572,1,55313,고척
20250724,2,572,65357,1,고척
20250724,3,572,64340,1,고척
20250724,4,572,50167,1,고척
20250724,5,572,54444,1,고척
20250724,6,572,76267,1,고척
20250724,7,572,69332,1,고척
20250724,8,572,62332,1,고척
20250724,9,572,50304,1,고척
20250724,10,572,55392,1,고척
20250724,1,573,1,62869,대구
20250724,2,573,50854,1,대구
20250724,3,573,53827,1,대구
20250724,4,573,75847,1,대구
20250724,5,573,62895,1,대구
20250724,6,573,51868,1,대구
20250724,7,573,66864,1,대구
20250724,8,573,79456,1,대구
20250724,9,573,54812,1,대구
20250724,10,573,52804,1,대구
20250724,1,573,1,65320,대구
20250724,2,573,62234,1,대구
20250724,3,573,67449,1,대구
20250724,4,573,62404,1,대구
20250724,5,573,54400,1,대구
20250724,6,573,74540,1,대구
20250724,7,573,52430,1,대구
20250724,8,573,52415,1,대구
20250724,9,573,65040,1,대구
20250724,10,573,65132,1,대구
20250725,1,574,1,76225,사직
20250725,2,574,64646,1,사직
20250725,3,574,69636,1,사직
20250725,4,574,55645,1,사직
20250725,5,574,72443,1,사직
20250725,6,574,62947,1,사직
20250725,7,574,69727,1,사직
20250725,8,574,65653,1,사직
20250725,9,574,78122,1,사직
20250725,10,574,50657,1,사직
20250725,1,574,1,55536,사직
20250725,2,574,50500,1,사직
20250725,3,574,69517,1,사직
20250725,4,574,54529,1,사직
20250725,5,574,78513,1,사직
20250725,6,574,52591,1,사직
20250725,7,574,50150,1,사직
20250725,8,574,52568,1,사직
20250725,9,574,62802,1,사직
20250725,10,574,68518,1,사직
20250725,1,575,1,54119,잠실
20250725,2,575,65207,1,잠실
20250725,3,575,68119,1,잠실
20250725,4,575,76290,1,잠실
20250725,5,575,69102,1,잠실
20250725,6,575,79365,1,잠실
20250725,7,575,79109,1,잠실
20250725,8,575,50054,1,잠실
20250725,9,575,52103,1,잠실
20250725,10,575,62415,1,잠실
20250725,1,575,1,55257,잠실
20250725,2,575,79231,1,잠실
20250725,3,575,50208,1,잠실
20250725,4,575,55208,1,잠실
20250725,5,575,76232,1,잠실
20250725,6,575,78224,1,잠실
20250725,7,575,55252,1,잠실
20250725,8,575,53554,1,잠실
20250725,9,575,64153,1,잠실
20250725,10,575,67207,1,잠실
20250725,1,576,1,54833,대전
20250725,2,576,50854,1,대전
20250725,3,576,68868,1,대전
20250725,4,576,75847,1,대전
20250725,5,576,53827,1,대전
20250725,6,576,51868,1,대전
20250725,7,576,66864,1,대전
20250725,8,576,79456,1,대전
20250725,9,576,54812,1,대전
20250725,10,576,52804,1,대전
20250725,1,576,1,54755,대전
20250725,2,576,54795,1,대전
20250725,3,576,55703,1,대전
20250725,4,576,53764,1,대전
20250725,5,576,69737,1,대전
20250725,6,576,79192,1,대전
20250725,7,576,50707,1,대전
20250725,8,576,65703,1,대전
20250725,9,576,78288,1,대전
20250725,10,576,68700,1,대전
20250725,1,577,1,68415,수원
20250725,2,577,62234,1,수원
20250725,3,577,67449,1,수원
20250725,4,577,62404,1,수원
20250725,5,577,54400,1,수원
20250725,6,577,74540,1,수원
20250725,7,577,52430,1,수원
20250725,8,577,52415,1,수원
20250725,9,577,66409,1,수원
20250725,10,577,65132,1,수원
20250725,1,577,1,54354,수원
20250725,2,577,64004,1,수원
20250725,3,577,68050,1,수원
20250725,4,577,52001,1,수원
20250725,5,577,78548,1,수원
20250725,6,577,67644,1,수원
20250725,7,577,79240,1,수원
20250725,8,577,79402,1,수원
20250725,9,577,51003,1,수원
20250725,10,577,76313,1,수원
20250725,1,578,1,69328,창원
20250725,2,578,65357,1,창원
20250725,3,578,50167,1,창원
20250725,4,578,64340,1,창원
20250725,5,578,76267,1,창원
20250725,6,578,54444,1,창원
20250725,7,578,64346,1,창원
20250725,8,578,53312,1,창원
20250725,9,578,55392,1,창원
20250725,10,578,50304,1,창원
20250725,1,578,1,52992,창원
20250725,2,578,51907,1,창원
20250725,3,578,69992,1,창원
20250725,4,578,62907,1,창원
20250725,5,578,68904,1,창원
20250725,6,578,79215,1,창원
20250725,7,578,63963,1,창원
20250725,8,578,51344,1,창원
20250725,9,578,68912,1,창원
20250725,10,578,69995,1,창원
20250726,1,579,1,51648,사직
20250726,2,579,61353,1,사직
20250726,3,579,64646,1,사직
20250726,4,579,55645,1,사직
20250726,5,579,72443,1,사직
20250726,6,579,69636,1,사직
20250726,7,579,69727,1,사직
20250726,8,579,65653,1,사직
20250726,9,579,68646,1,사직
20250726,10,579,66614,1,사직
20250726,1,579,1,52530,사직
20250726,2,579,50500,1,사직
20250726,3,579,69517,1,사직
20250726,4,579,50150,1,사직
20250726,5,579,54529,1,사직
20250726,6,579,52591,1,사직
20250726,7,579,78513,1,사직
20250726,8,579,52568,1,사직
20250726,9,579,61102,1,사직
20250726,10,579,62802,1,사직
20250726,1,580,1,61101,잠실
20250726,2,580,65207,1,잠실
20250726,3,580,68119,1,잠실
20250726,4,580,76290,1,잠실
20250726,5,580,69102,1,잠실
20250726,6,580,79365,1,잠실
20250726,7,580,79109,1,잠실
20250726,8,580,50054,1,잠실
20250726,9,580,69100,1,잠실
20250726,10,580,62415,1,잠실
20250726,1,580,1,68220,잠실
20250726,2,580,50208,1,잠실
20250726,3,580,55252,1,잠실
20250726,4,580,55208,1,잠실
20250726,5,580,76232,1,잠실
20250726,6,580,78224,1,잠실
20250726,7,580,63257,1,잠실
20250726,8,580,64153,1,잠실
20250726,9,580,67207,1,잠실
20250726,10,580,79231,1,잠실
20250726,1,581,1,77829,대전
20250726,2,581,50854,1,대전
20250726,3,581,66864,1,대전
20250726,4,581,75847,1,대전
20250726,5,581,53827,1,대전
20250726,6,581,51868,1,대전
20250726,7,581,62934,1,대전
20250726,8,581,79456,1,대전
20250726,9,581,54812,1,대전
20250726,10,581,76802,1,대전
20250726,1,581,1,76715,대전
20250726,2,581,66657,1,대전
20250726,3,581,55703,1,대전
20250726,4,581,53764,1,대전
20250726,5,581,69737,1,대전
20250726,6,581,79192,1,대전
20250726,7,581,66704,1,대전
20250726,8,581,54795,1,대전
20250726,9,581,78288,1,대전
20250726,10,581,64006,1,대전
20250726,1,582,1,53375,수원
20250726,2,582,62234,1,수원
20250726,3,582,67449,1,수원
20250726,4,582,62404,1,수원
20250726,5,582,54400,1,수원
20250726,6,582,74540,1,수원
20250726,7,582,52430,1,수원
20250726,8,582,67005,1,수원
20250726,9,582,52415,1,수원
20250726,10,582,54408,1,수원
20250726,1,582,1,50030,수원
20250726,2,582,64004,1,수원
20250726,3,582,67025,1,수원
20250726,4,582,52001,1,수원
20250726,5,582,78548,1,수원
20250726,6,582,67644,1,수원
20250726,7,582,79240,1,수원
20250726,8,582,79402,1,수원
20250726,9,582,76313,1,수원
20250726,10,582,64115,1,수원
20250726,1,583,1,69045,창원
20250726,2,583,65357,1,창원
20250726,3,583,50167,1,창원
20250726,4,583,54444,1,창원
20250726,5,583,76267,1,창원
20250726,6,583,64346,1,창원
20250726,7,583,69332,1,창원
20250726,8,583,64984,1,창원
20250726,9,583,55392,1,창원
20250726,10,583,62332,1,창원
20250726,1,583,1,68902,창원
20250726,2,583,51907,1,창원
20250726,3,583,69992,1,창원
20250726,4,583,62907,1,창원
20250726,5,583,68904,1,창원
20250726,6,583,79215,1,창원
20250726,7,583,63963,1,창원
20250726,8,583,51344,1,창원
20250726,9,583,64022,1,창원
20250726,10,583,69995,1,창원
20250727,1,584,1,54640,사직
20250727,2,584,61353,1,사직
20250727,3,584,64646,1,사직
20250727,4,584,69636,1,사직
20250727,5,584,72443,1,사직
20250727,6,584,78603,1,사직
20250727,7,584,62947,1,사직
20250727,8,584,55645,1,사직
20250727,9,584,78122,1,사직
20250727,10,584,65653,1,사직
20250727,1,584,1,67539,사직
20250727,2,584,50500,1,사직
20250727,3,584,69517,1,사직
20250727,4,584,50150,1,사직
20250727,5,584,54529,1,사직
20250727,6,584,52591,1,사직
20250727,7,584,78513,1,사직
20250727,8,584,52568,1,사직
20250727,9,584,61102,1,사직
20250727,10,584,62802,1,사직
20250727,1,585,1,68419,잠실
20250727,2,585,65207,1,잠실
20250727,3,585,68119,1,잠실
20250727,4,585,76290,1,잠실
20250727,5,585,69102,1,잠실
20250727,6,585,79365,1,잠실
20250727,7,585,79109,1,잠실
20250727,8,585,69100,1,잠실
20250727,9,585,52154,1,잠실
20250727,10,585,62415,1,잠실
20250727,1,585,1,55239,잠실
20250727,2,585,50208,1,잠실
20250727,3,585,67207,1,잠실
20250727,4,585,55208,1,잠실
20250727,5,585,76232,1,잠실
20250727,6,585,55252,1,잠실
20250727,7,585,66112,1,잠실
20250727,8,585,63257,1,잠실
20250727,9,585,64468,1,잠실
20250727,10,585,79231,1,잠실
20250727,1,586,1,55855,대전
20250727,2,586,50854,1,대전
20250727,3,586,54812,1,대전
20250727,4,586,75847,1,대전
20250727,5,586,53827,1,대전
20250727,6,586,51868,1,대전
20250727,7,586,62934,1,대전
20250727,8,586,66864,1,대전
20250727,9,586,66662,1,대전
20250727,10,586,76802,1,대전
20250727,1,586,1,52701,대전
20250727,2,586,54795,1,대전
20250727,3,586,55703,1,대전
20250727,4,586,53764,1,대전
20250727,5,586,69737,1,대전
20250727,6,586,79192,1,대전
20250727,7,586,66657,1,대전
20250727,8,586,66704,1,대전
20250727,9,586,78288,1,대전
20250727,10,586,64006,1,대전
20250727,1,587,1,69446,수원
20250727,2,587,62234,1,수원
20250727,3,587,67449,1,수원
20250727,4,587,62404,1,수원
20250727,5,587,54400,1,수원
20250727,6,587,65586,1,수원
20250727,7,587,74540,1,수원
20250727,8,587,52415,1,수원
20250727,9,587,67005,1,수원
20250727,10,587,54408,1,수원
20250727,1,587,1,64001,수원
20250727,2,587,64004,1,수원
20250727,3,587,68050,1,수원
20250727,4,587,52001,1,수원
20250727,5,587,78548,1,수원
20250727,6,587,79240,1,수원
20250727,7,587,76313,1,수원
20250727,8,587,64504,1,수원
20250727,9,587,64166,1,수원
20250727,10,587,64115,1,수원
20250727,1,588,1,54319,창원
20250727,2,588,65357,1,창원
20250727,3,588,64340,1,창원
20250727,4,588,50167,1,창원
20250727,5,588,54444,1,창원
20250727,6,588,76267,1,창원
20250727,7,588,64346,1,창원
20250727,8,588,53312,1,창원
20250727,9,588,55371,1,창원
20250727,10,588,55392,1,창원
20250727,1,588,1,55903,창원
20250727,2,588,51907,1,창원
20250727,3,588,69992,1,창원
20250727,4,588,62907,1,창원
20250727,5,588,68904,1,창원
20250727,6,588,63963,1,창원
20250727,7,588,51344,1,창원
20250727,8,588,69995,1,창원
20250727,9,588,68912,1,창원
20250727,10,588,67905,1,창원
20250729,1,589,1,50859,잠실
20250729,2,589,68050,1,잠실
20250729,3,589,67644,1,잠실
20250729,4,589,52001,1,잠실
20250729,5,589,78548,1,잠실
20250729,6,589,79240,1,잠실
20250729,7,589,76313,1,잠실
20250729,8,589,67006,1,잠실
20250729,9,589,64504,1,잠실
20250729,10,589,51003,1,잠실
20250729,1,589,1,55146,잠실
20250729,2,589,65207,1,잠실
20250729,3,589,68119,1,잠실
20250729,4,589,76290,1,잠실
20250729,5,589,69102,1,잠실
20250729,6,589,79365,1,잠실
20250729,7,589,79109,1,잠실
20250729,8,589,69100,1,잠실
20250729,9,589,54156,1,잠실
20250729,10,589,62415,1,잠실
20250729,1,590,1,55912,사직
20250729,2,590,51907,1,사직
20250729,3,590,66606,1,사직
20250729,4,590,62907,1,사직
20250729,5,590,68904,1,사직
20250729,6,590,79215,1,사직
20250729,7,590,63260,1,사직
20250729,8,590,51344,1,사직
20250729,9,590,68912,1,사직
20250729,10,590,63963,1,사직
20250729,1,590,1,64021,사직
20250729,2,590,50500,1,사직
20250729,3,590,69517,1,사직
20250729,4,590,50150,1,사직
20250729,5,590,54529,1,사직
20250729,6,590,52591,1,사직
20250729,7,590,78513,1,사직
20250729,8,590,52568,1,사직
20250729,9,590,61102,1,사직
20250729,10,590,62802,1,사직
20250729,1,591,1,55268,광주
20250729,2,591,79231,1,광주
20250729,3,591,67207,1,광주
20250729,4,591,55208,1,광주
20250729,5,591,76232,1,광주
20250729,6,591,63257,1,광주
20250729,7,591,55252,1,광주
20250729,8,591,78224,1,광주
20250729,9,591,64468,1,광주
20250729,10,591,53554,1,광주
20250729,1,591,1,69745,광주
20250729,2,591,61353,1,광주
20250729,3,591,64646,1,광주
20250729,4,591,69636,1,광주
20250729,5,591,72443,1,광주
20250729,6,591,62947,1,광주
20250729,7,591,78603,1,광주
20250729,8,591,55645,1,광주
20250729,9,591,68646,1,광주
20250729,10,591,65653,1,광주
20250729,1,592,1,55460,대전
20250729,2,592,52415,1,대전
20250729,3,592,67449,1,대전
20250729,4,592,62404,1,대전
20250729,5,592,54400,1,대전
20250729,6,592,74540,1,대전
20250729,7,592,52430,1,대전
20250729,8,592,75125,1,대전
20250729,9,592,69418,1,대전
20250729,10,592,62234,1,대전
20250729,1,592,1,54729,대전
20250729,2,592,66704,1,대전
20250729,3,592,55703,1,대전
20250729,4,592,53764,1,대전
20250729,5,592,69737,1,대전
20250729,6,592,79192,1,대전
20250729,7,592,79608,1,대전
20250729,8,592,62700,1,대전
20250729,9,592,78288,1,대전
20250729,10,592,65703,1,대전
20250729,1,593,1,64350,문학
20250729,2,593,50167,1,문학
20250729,3,593,64340,1,문학
20250729,4,593,65357,1,문학
20250729,5,593,54444,1,문학
20250729,6,593,76267,1,문학
20250729,7,593,64346,1,문학
20250729,8,593,64984,1,문학
20250729,9,593,55371,1,문학
20250729,10,593,53312,1,문학
20250729,1,593,1,68856,문학
20250729,2,593,50854,1,문학
20250729,3,593,54812,1,문학
20250729,4,593,75847,1,문학
20250729,5,593,53827,1,문학
20250729,6,593,51868,1,문학
20250729,7,593,62934,1,문학
20250729,8,593,66864,1,문학
20250729,9,593,79456,1,문학
20250729,10,593,76802,1,문학
20250730,1,594,1,55032,잠실
20250730,2,594,76313,1,잠실
20250730,3,594,64504,1,잠실
20250730,4,594,52001,1,잠실
20250730,5,594,78548,1,잠실
20250730,6,594,68050,1,잠실
20250730,7,594,67025,1,잠실
20250730,8,594,79240,1,잠실
20250730,9,594,64166,1,잠실
20250730,10,594,64115,1,잠실
20250730,1,594,1,67143,잠실
20250730,2,594,65207,1,잠실
20250730,3,594,68119,1,잠실
20250730,4,594,76290,1,잠실
20250730,5,594,69102,1,잠실
20250730,6,594,79109,1,잠실
20250730,7,594,55164,1,잠실
20250730,8,594,69100,1,잠실
20250730,9,594,52154,1,잠실
20250730,10,594,62415,1,잠실
20250730,1,595,1,53973,사직
20250730,2,595,51907,1,사직
20250730,3,595,63963,1,사직
20250730,4,595,79215,1,사직
20250730,5,595,63260,1,사직
20250730,6,595,51344,1,사직
20250730,7,595,69995,1,사직
20250730,8,595,67905,1,사직
20250730,9,595,68912,1,사직
20250730,10,595,66606,1,사직
20250730,1,595,1,55532,사직
20250730,2,595,69517,1,사직
20250730,3,595,50150,1,사직
20250730,4,595,54529,1,사직
20250730,5,595,78513,1,사직
20250730,6,595,52591,1,사직
20250730,7,595,61102,1,사직
20250730,8,595,52568,1,사직
20250730,9,595,51551,1,사직
20250730,10,595,62802,1,사직
20250730,1,596,1,51264,광주
20250730,2,596,67207,1,광주
20250730,3,596,66209,1,광주
20250730,4,596,55208,1,광주
20250730,5,596,76232,1,광주
20250730,6,596,55252,1,광주
20250730,7,596,78224,1,광주
20250730,8,596,66112,1,광주
20250730,9,596,51298,1,광주
20250730,10,596,64468,1,광주
20250730,1,596,1,77637,광주
20250730,2,596,55645,1,광주
20250730,3,596,64646,1,광주
20250730,4,596,78603,1,광주
20250730,5,596,72443,1,광주
20250730,6,596,61353,1,광주
20250730,7,596,62947,1,광주
20250730,8,596,69727,1,광주
20250730,9,596,78122,1,광주
20250730,10,596,65653,1,광주
20250730,1,597,1,65320,대전
20250730,2,597,52415,1,대전
20250730,3,597,67449,1,대전
20250730,4,597,62404,1,대전
20250730,5,597,54400,1,대전
20250730,6,597,52430,1,대전
20250730,7,597,69418,1,대전
20250730,8,597,65040,1,대전
20250730,9,597,69428,1,대전
20250730,10,597,54408,1,대전
20250730,1,597,1,55730,대전
20250730,2,597,66704,1,대전
20250730,3,597,55703,1,대전
20250730,4,597,53764,1,대전
20250730,5,597,69737,1,대전
20250730,6,597,79192,1,대전
20250730,7,597,79608,1,대전
20250730,8,597,62700,1,대전
20250730,9,597,78288,1,대전
20250730,10,597,54795,1,대전
20250730,1,598,1,55313,문학
20250730,2,598,50167,1,문학
20250730,3,598,64340,1,문학
20250730,4,598,65357,1,문학
20250730,5,598,54444,1,문학
20250730,6,598,76267,1,문학
20250730,7,598,50357,1,문학
20250730,8,598,64984,1,문학
20250730,9,598,53312,1,문학
20250730,10,598,55392,1,문학
20250730,1,598,1,62869,문학
20250730,2,598,50854,1,문학
20250730,3,598,54812,1,문학
20250730,4,598,75847,1,문학
20250730,5,598,53827,1,문학
20250730,6,598,51868,1,문학
20250730,7,598,62934,1,문학
20250730,8,598,79456,1,문학
20250730,9,598,69813,1,문학
20250730,10,598,66864,1,문학
20250731,1,599,1,54354,잠실
20250731,2,599,64004,1,잠실
20250731,3,599,76313,1,잠실
20250731,4,599,52001,1,잠실
20250731,5,599,67025,1,잠실
20250731,6,599,79240,1,잠실
20250731,7,599,79402,1,잠실
20250731,8,599,67006,1,잠실
20250731,9,599,68089,1,잠실
20250731,10,599,64115,1,잠실
20250731,1,599,1,51111,잠실
20250731,2,599,65207,1,잠실
20250731,3,599,68119,1,잠실
20250731,4,599,76290,1,잠실
20250731,5,599,69102,1,잠실
20250731,6,599,79365,1,잠실
20250731,7,599,79109,1,잠실
20250731,8,599,69100,1,잠실
20250731,9,599,52154,1,잠실
20250731,10,599,62415,1,잠실
20250731,1,600,1,52995,사직
20250731,2,600,51907,1,사직
20250731,3,600,63963,1,사직
20250731,4,600,79215,1,사직
20250731,5,600,63260,1,사직
20250731,6,600,51344,1,사직
20250731,7,600,69995,1,사직
20250731,8,600,67905,1,사직
20250731,9,600,64022,1,사직
20250731,10,600,66606,1,사직
20250731,1,600,1,55536,사직
20250731,2,600,68507,1,사직
20250731,3,600,69517,1,사직
20250731,4,600,50150,1,사직
20250731,5,600,54529,1,사직
20250731,6,600,78513,1,사직
20250731,7,600,61102,1,사직
20250731,8,600,52568,1,사직
20250731,9,600,51551,1,사직
20250731,10,600,62802,1,사직
20250731,1,601,1,55257,광주
20250731,2,601,79231,1,광주
20250731,3,601,67207,1,광주
20250731,4,601,55208,1,광주
20250731,5,601,76232,1,광주
20250731,6,601,78224,1,광주
20250731,7,601,55252,1,광주
20250731,8,601,53554,1,광주
20250731,9,601,64468,1,광주
20250731,10,601,66209,1,광주
20250731,1,601,1,76225,광주
20250731,2,601,64646,1,광주
20250731,3,601,55645,1,광주
20250731,4,601,78603,1,광주
20250731,5,601,72443,1,광주
20250731,6,601,62947,1,광주
20250731,7,601,69636,1,광주
20250731,8,601,69727,1,광주
20250731,9,601,78122,1,광주
20250731,10,601,65653,1,광주
20250731,1,602,1,50464,대전
20250731,2,602,52415,1,대전
20250731,3,602,67449,1,대전
20250731,4,602,62404,1,대전
20250731,5,602,54400,1,대전
20250731,6,602,74540,1,대전
20250731,7,602,52430,1,대전
20250731,8,602,75125,1,대전
20250731,9,602,69418,1,대전
20250731,10,602,62234,1,대전
20250731,1,602,1,54755,대전
20250731,2,602,66704,1,대전
20250731,3,602,55703,1,대전
20250731,4,602,53764,1,대전
20250731,5,602,69737,1,대전
20250731,6,602,79192,1,대전
20250731,7,602,79608,1,대전
20250731,8,602,62700,1,대전
20250731,9,602,78288,1,대전
20250731,10,602,64006,1,대전
20250731,1,603,1,54368,문학
20250731,2,603,65357,1,문학
20250731,3,603,64340,1,문학
20250731,4,603,54444,1,문학
20250731,5,603,50357,1,문학
20250731,6,603,69332,1,문학
20250731,7,603,64984,1,문학
20250731,8,603,54344,1,문학
20250731,9,603,55392,1,문학
20250731,10,603,53312,1,문학
20250731,1,603,1,54833,문학
20250731,2,603,50854,1,문학
20250731,3,603,54812,1,문학
20250731,4,603,75847,1,문학
20250731,5,603,51868,1,문학
20250731,6,603,62934,1,문학
20250731,7,603,69813,1,문학
20250731,8,603,66662,1,문학
20250731,9,603,76802,1,문학
20250731,10,603,66917,1,문학
20250801,1,604,1,76715,광주
20250801,2,604,66704,1,광주
20250801,3,604,55703,1,광주
20250801,4,604,53764,1,광주
20250801,5,604,69737,1,광주
20250801,6,604,79192,1,광주
20250801,7,604,79608,1,광주
20250801,8,604,62700,1,광주
20250801,9,604,78288,1,광주
20250801,10,604,64006,1,광주
20250801,1,604,1,51648,광주
20250801,2,604,64646,1,광주
20250801,3,604,55645,1,광주
20250801,4,604,78603,1,광주
20250801,5,604,72443,1,광주
20250801,6,604,62947,1,광주
20250801,7,604,68646,1,광주
20250801,8,604,69636,1,광주
20250801,9,604,69727,1,광주
20250801,10,604,65653,1,광주
20250801,1,605,1,50030,창원
20250801,2,605,67644,1,창원
20250801,3,605,68050,1,창원
20250801,4,605,52001,1,창원
20250801,5,605,78548,1,창원
20250801,6,605,79402,1,창원
20250801,7,605,79240,1,창원
20250801,8,605,64504,1,창원
20250801,9,605,66706,1,창원
20250801,10,605,64115,1,창원
20250801,1,605,1,68902,창원
20250801,2,605,51907,1,창원
20250801,3,605,66606,1,창원
20250801,4,605,62907,1,창원
20250801,5,605,54944,1,창원
20250801,6,605,79215,1,창원
20250801,7,605,63260,1,창원
20250801,8,605,69995,1,창원
20250801,9,605,68912,1,창원
20250801,10,605,63963,1,창원
20250801,1,606,1,61101,대구
20250801,2,606,65207,1,대구
20250801,3,606,68119,1,대구
20250801,4,606,76290,1,대구
20250801,5,606,69102,1,대구
20250801,6,606,79365,1,대구
20250801,7,606,79109,1,대구
20250801,8,606,69100,1,대구
20250801,9,606,50054,1,대구
20250801,10,606,62415,1,대구
20250801,1,606,1,53375,대구
20250801,2,606,52415,1,대구
20250801,3,606,67449,1,대구
20250801,4,606,62404,1,대구
20250801,5,606,54400,1,대구
20250801,6,606,74540,1,대구
20250801,7,606,69418,1,대구
20250801,8,606,75125,1,대구
20250801,9,606,52430,1,대구
20250801,10,606,62234,1,대구
20250801,1,607,1,52530,고척
20250801,2,607,68507,1,고척
20250801,3,607,69517,1,고척
20250801,4,607,50150,1,고척
20250801,5,607,54529,1,고척
20250801,6,607,52591,1,고척
20250801,7,607,61102,1,고척
20250801,8,607,52568,1,고척
20250801,9,607,62802,1,고척
20250801,10,607,52504,1,고척
20250801,1,607,1,69045,고척
20250801,2,607,50167,1,고척
20250801,3,607,64340,1,고척
20250801,4,607,65357,1,고척
20250801,5,607,76267,1,고척
20250801,6,607,54444,1,고척
20250801,7,607,54344,1,고척
20250801,8,607,62332,1,고척
20250801,9,607,55371,1,고척
20250801,10,607,55339,1,고척
20250801,1,608,1,77829,잠실
20250801,2,608,50854,1,잠실
20250801,3,608,54812,1,잠실
20250801,4,608,75847,1,잠실
20250801,5,608,51868,1,잠실
20250801,6,608,69813,1,잠실
20250801,7,608,62934,1,잠실
20250801,8,608,66864,1,잠실
20250801,9,608,79456,1,잠실
20250801,10,608,76802,1,잠실
20250801,1,608,1,68220,잠실
20250801,2,608,79231,1,잠실
20250801,3,608,67207,1,잠실
20250801,4,608,55208,1,잠실
20250801,5,608,76232,1,잠실
20250801,6,608,55252,1,잠실
20250801,7,608,66112,1,잠실
20250801,8,608,63257,1,잠실
20250801,9,608,51298,1,잠실
20250801,10,608,64468,1,잠실
20250802,1,609,1,52701,광주
20250802,2,609,66704,1,광주
20250802,3,609,55703,1,광주
20250802,4,609,53764,1,광주
20250802,5,609,69737,1,광주
20250802,6,609,79192,1,광주
20250802,7,609,79608,1,광주
20250802,8,609,62700,1,광주
20250802,9,609,78288,1,광주
20250802,10,609,65703,1,광주
20250802,1,609,1,54640,광주
20250802,2,609,61353,1,광주
20250802,3,609,55645,1,광주
20250802,4,609,69636,1,광주
20250802,5,609,72443,1,광주
20250802,6,609,62947,1,광주
20250802,7,609,64646,1,광주
20250802,8,609,66614,1,광주
20250802,9,609,78122,1,광주
20250802,10,609,65653,1,광주
20250802,1,610,1,68896,창원
20250802,2,610,67644,1,창원
20250802,3,610,68050,1,창원
20250802,4,610,52001,1,창원
20250802,5,610,78548,1,창원
20250802,6,610,79402,1,창원
20250802,7,610,79240,1,창원
20250802,8,610,64504,1,창원
20250802,9,610,66706,1,창원
20250802,10,610,51003,1,창원
20250802,1,610,1,55903,창원
20250802,2,610,51907,1,창원
20250802,3,610,66606,1,창원
20250802,4,610,62907,1,창원
20250802,5,610,54944,1,창원
20250802,6,610,79215,1,창원
20250802,7,610,63260,1,창원
20250802,8,610,69995,1,창원
20250802,9,610,68912,1,창원
20250802,10,610,63963,1,창원
20250802,1,611,1,54119,대구
20250802,2,611,65207,1,대구
20250802,3,611,68119,1,대구
20250802,4,611,76290,1,대구
20250802,5,611,69102,1,대구
20250802,6,611,79365,1,대구
20250802,7,611,79109,1,대구
20250802,8,611,69100,1,대구
20250802,9,611,50054,1,대구
20250802,10,611,62415,1,대구
20250802,1,611,1,69446,대구
20250802,2,611,67449,1,대구
20250802,3,611,69418,1,대구
20250802,4,611,62404,1,대구
20250802,5,611,54400,1,대구
20250802,6,611,52430,1,대구
20250802,7,611,65040,1,대구
20250802,8,611,52415,1,대구
20250802,9,611,69442,1,대구
20250802,10,611,54408,1,대구
20250802,1,612,1,67539,고척
20250802,2,612,68507,1,고척
20250802,3,612,69517,1,고척
20250802,4,612,50150,1,고척
20250802,5,612,54529,1,고척
20250802,6,612,52591,1,고척
20250802,7,612,61102,1,고척
20250802,8,612,51551,1,고척
20250802,9,612,52568,1,고척
20250802,10,612,62802,1,고척
20250802,1,612,1,54319,고척
20250802,2,612,65357,1,고척
20250802,3,612,64340,1,고척
20250802,4,612,76267,1,고척
20250802,5,612,54444,1,고척
20250802,6,612,50167,1,고척
20250802,7,612,53312,1,고척
20250802,8,612,64984,1,고척
20250802,9,612,55371,1,고척
20250802,10,612,55339,1,고척
20250802,1,613,1,55855,잠실
20250802,2,613,54812,1,잠실
20250802,3,613,66864,1,잠실
20250802,4,613,75847,1,잠실
20250802,5,613,53827,1,잠실
20250802,6,613,69813,1,잠실
20250802,7,613,51868,1,잠실
20250802,8,613,60558,1,잠실
20250802,9,613,79456,1,잠실
20250802,10,613,69804,1,잠실
20250802,1,613,1,55239,잠실
20250802,2,613,79231,1,잠실
20250802,3,613,67207,1,잠실
20250802,4,613,55208,1,잠실
20250802,5,613,76232,1,잠실
20250802,6,613,78224,1,잠실
20250802,7,613,55252,1,잠실
20250802,8,613,63257,1,잠실
20250802,9,613,64468,1,잠실
20250802,10,613,53554,1,잠실
20250803,1,614,1,64021,고척
20250803,2,614,68507,1,고척
20250803,3,614,69517,1,고척
20250803,4,614,50150,1,고척
20250803,5,614,54529,1,고척
20250803,6,614,52591,1,고척
20250803,7,614,78513,1,고척
20250803,8,614,61102,1,고척
20250803,9,614,52568,1,고척
20250803,10,614,62802,1,고척
20250803,1,614,1,55377,고척
20250803,2,614,65357,1,고척
20250803,3,614,64340,1,고척
20250803,4,614,50167,1,고척
20250803,5,614,54444,1,고척
20250803,6,614,64984,1,고척
20250803,7,614,53312,1,고척
20250803,8,614,69332,1,고척
20250803,9,614,55371,1,고척
20250803,10,614,78756,1,고척
20250803,1,616,1,54354,창원
20250803,2,616,79402,1,창원
20250803,3,616,64504,1,창원
20250803,4,616,52001,1,창원
20250803,5,616,78548,1,창원
20250803,6,616,68050,1,창원
20250803,7,616,79240,1,창원
20250803,8,616,67644,1,창원
20250803,9,616,64115,1,창원
20250803,10,616,66706,1,창원
20250803,1,616,1,55912,창원
20250803,2,616,51907,1,창원
20250803,3,616,63963,1,창원
20250803,4,616,79215,1,창원
20250803,5,616,54944,1,창원
20250803,6,616,63260,1,창원
20250803,7,616,51344,1,창원
20250803,8,616,69995,1,창원
20250803,9,616,68912,1,창원
20250803,10,616,67905,1,창원
20250803,1,617,1,55146,대구
20250803,2,617,65207,1,대구
20250803,3,617,68119,1,대구
20250803,4,617,76290,1,대구
20250803,5,617,69102,1,대구
20250803,6,617,79365,1,대구
20250803,7,617,79109,1,대구
20250803,8,617,69100,1,대구
20250803,9,617,55164,1,대구
20250803,10,617,62415,1,대구
20250803,1,617,1,55460,대구
20250803,2,617,69418,1,대구
20250803,3,617,67449,1,대구
20250803,4,617,62404,1,대구
20250803,5,617,54400,1,대구
20250803,6,617,52430,1,대구
20250803,7,617,75125,1,대구
20250803,8,617,62234,1,대구
20250803,9,617,69442,1,대구
20250803,10,617,52415,1,대구
20250803,1,618,1,68856,잠실
20250803,2,618,67893,1,잠실
20250803,3,618,54812,1,잠실
20250803,4,618,75847,1,잠실
20250803,5,618,53827,1,잠실
20250803,6,618,51868,1,잠실
20250803,7,618,50854,1,잠실
20250803,8,618,60558,1,잠실
20250803,9,618,69804,1,잠실
20250803,10,618,51865,1,잠실
20250803,1,618,1,55268,잠실
20250803,2,618,79231,1,잠실
20250803,3,618,67207,1,잠실
20250803,4,618,55208,1,잠실
20250803,5,618,76232,1,잠실
20250803,6,618,78224,1,잠실
20250803,7,618,55252,1,잠실
20250803,8,618,66112,1,잠실
20250803,9,618,53554,1,잠실
20250803,10,618,64468,1,잠실
20250805,1,619,1,54640,사직
20250805,2,619,64646,1,사직
20250805,3,619,78603,1,사직
20250805,4,619,52605,1,사직
20250805,5,619,72443,1,사직
20250805,6,619,62947,1,사직
20250805,7,619,55645,1,사직
20250805,8,619,69636,1,사직
20250805,9,619,78122,1,사직
20250805,10,619,65653,1,사직
20250805,1,619,1,55532,사직
20250805,2,619,68507,1,사직
20250805,3,619,69517,1,사직
20250805,4,619,50150,1,사직
20250805,5,619,54529,1,사직
20250805,6,619,52591,1,사직
20250805,7,619,78513,1,사직
20250805,8,619,61102,1,사직
20250805,9,619,62802,1,사직
20250805,10,619,52568,1,사직
20250805,1,620,1,55032,대전
20250805,2,620,67644,1,대전
20250805,3,620,79240,1,대전
20250805,4,620,52001,1,대전
20250805,5,620,68050,1,대전
20250805,6,620,78548,1,대전
20250805,7,620,64504,1,대전
20250805,8,620,76313,1,대전
20250805,9,620,66706,1,대전
20250805,10,620,51003,1,대전
20250805,1,620,1,52701,대전
20250805,2,620,66704,1,대전
20250805,3,620,55703,1,대전
20250805,4,620,53764,1,대전
20250805,5,620,69737,1,대전
20250805,6,620,79192,1,대전
20250805,7,620,79608,1,대전
20250805,8,620,62700,1,대전
20250805,9,620,78288,1,대전
20250805,10,620,65703,1,대전
20250805,1,621,1,51264,잠실
20250805,2,621,79231,1,잠실
20250805,3,621,67207,1,잠실
20250805,4,621,55208,1,잠실
20250805,5,621,76232,1,잠실
20250805,6,621,55252,1,잠실
20250805,7,621,78224,1,잠실
20250805,8,621,63123,1,잠실
20250805,9,621,64468,1,잠실
20250805,10,621,69238,1,잠실
20250805,1,621,1,67143,잠실
20250805,2,621,65207,1,잠실
20250805,3,621,68119,1,잠실
20250805,4,621,53123,1,잠실
20250805,5,621,69102,1,잠실
20250805,6,621,76290,1,잠실
20250805,7,621,79109,1,잠실
20250805,8,621,69100,1,잠실
20250805,9,621,52154,1,잠실
20250805,10,621,62415,1,잠실
20250805,1,622,1,65320,문학
20250805,2,622,69418,1,문학
20250805,3,622,67449,1,문학
20250805,4,622,62404,1,문학
20250805,5,622,54400,1,문학
20250805,6,622,74540,1,문학
20250805,7,622,52415,1,문학
20250805,8,622,52430,1,문학
20250805,9,622,69442,1,문학
20250805,10,622,54408,1,문학
20250805,1,622,1,62869,문학
20250805,2,622,67893,1,문학
20250805,3,622,54812,1,문학
20250805,4,622,75847,1,문학
20250805,5,622,53827,1,문학
20250805,6,622,62895,1,문학
20250805,7,622,51868,1,문학
20250805,8,622,50854,1,문학
20250805,9,622,66864,1,문학
20250805,10,622,79456,1,문학
20250805,1,623,1,55313,창원
20250805,2,623,65357,1,창원
20250805,3,623,64340,1,창원
20250805,4,623,76267,1,창원
20250805,5,623,50167,1,창원
20250805,6,623,54444,1,창원
20250805,7,623,64984,1,창원
20250805,8,623,55392,1,창원
20250805,9,623,62332,1,창원
20250805,10,623,50357,1,창원
20250805,1,623,1,53973,창원
20250805,2,623,51907,1,창원
20250805,3,623,66606,1,창원
20250805,4,623,62907,1,창원
20250805,5,623,54944,1,창원
20250805,6,623,79215,1,창원
20250805,7,623,63260,1,창원
20250805,8,623,51344,1,창원
20250805,9,623,68912,1,창원
20250805,10,623,50901,1,창원
20250806,1,624,1,55633,사직
20250806,2,624,64646,1,사직
20250806,3,624,78603,1,사직
20250806,4,624,52605,1,사직
20250806,5,624,72443,1,사직
20250806,6,624,62947,1,사직
20250806,7,624,55645,1,사직
20250806,8,624,69636,1,사직
20250806,9,624,78122,1,사직
20250806,10,624,65653,1,사직
20250806,1,624,1,55536,사직
20250806,2,624,68507,1,사직
20250806,3,624,69517,1,사직
20250806,4,624,50150,1,사직
20250806,5,624,54529,1,사직
20250806,6,624,52591,1,사직
20250806,7,624,62931,1,사직
20250806,8,624,61102,1,사직
20250806,9,624,62802,1,사직
20250806,10,624,52568,1,사직
20250806,1,625,1,65516,대전
20250806,2,625,55013,1,대전
20250806,3,625,79240,1,대전
20250806,4,625,52001,1,대전
20250806,5,625,68050,1,대전
20250806,6,625,78548,1,대전
20250806,7,625,67644,1,대전
20250806,8,625,76313,1,대전
20250806,9,625,64504,1,대전
20250806,10,625,51003,1,대전
20250806,1,625,1,55730,대전
20250806,2,625,66704,1,대전
20250806,3,625,55703,1,대전
20250806,4,625,53764,1,대전
20250806,5,625,69737,1,대전
20250806,6,625,79192,1,대전
20250806,7,625,62700,1,대전
20250806,8,625,68700,1,대전
20250806,9,625,78288,1,대전
20250806,10,625,65703,1,대전
20250806,1,626,1,55257,잠실
20250806,2,626,79231,1,잠실
20250806,3,626,67207,1,잠실
20250806,4,626,55208,1,잠실
20250806,5,626,76232,1,잠실
20250806,6,626,55252,1,잠실
20250806,7,626,63257,1,잠실
20250806,8,626,63123,1,잠실
20250806,9,626,66112,1,잠실
20250806,10,626,64468,1,잠실
20250806,1,626,1,68419,잠실
20250806,2,626,65207,1,잠실
20250806,3,626,68119,1,잠실
20250806,4,626,53123,1,잠실
20250806,5,626,69102,1,잠실
20250806,6,626,76290,1,잠실
20250806,7,626,69100,1,잠실
20250806,8,626,54156,1,잠실
20250806,9,626,52154,1,잠실
20250806,10,626,62415,1,잠실
20250806,1,627,1,51454,문학
20250806,2,627,67005,1,문학
20250806,3,627,67449,1,문학
20250806,4,627,62404,1,문학
20250806,5,627,54400,1,문학
20250806,6,627,74540,1,문학
20250806,7,627,52430,1,문학
20250806,8,627,52415,1,문학
20250806,9,627,55440,1,문학
20250806,10,627,55438,1,문학
20250806,1,627,1,54833,문학
20250806,2,627,67893,1,문학
20250806,3,627,66864,1,문학
20250806,4,627,75847,1,문학
20250806,5,627,53827,1,문학
20250806,6,627,62895,1,문학
20250806,7,627,50840,1,문학
20250806,8,627,50854,1,문학
20250806,9,627,69804,1,문학
20250806,10,627,51865,1,문학
20250806,1,628,1,69328,창원
20250806,2,628,65357,1,창원
20250806,3,628,64340,1,창원
20250806,4,628,76267,1,창원
20250806,5,628,54444,1,창원
20250806,6,628,64984,1,창원
20250806,7,628,53312,1,창원
20250806,8,628,50167,1,창원
20250806,9,628,55392,1,창원
20250806,10,628,50357,1,창원
20250806,1,628,1,52903,창원
20250806,2,628,51907,1,창원
20250806,3,628,66606,1,창원
20250806,4,628,62907,1,창원
20250806,5,628,54944,1,창원
20250806,6,628,79215,1,창원
20250806,7,628,63260,1,창원
20250806,8,628,51344,1,창원
20250806,9,628,68912,1,창원
20250806,10,628,69995,1,창원
20250807,1,629,1,77637,사직
20250807,2,629,61353,1,사직
20250807,3,629,64646,1,사직
20250807,4,629,52605,1,사직
20250807,5,629,72443,1,사직
20250807,6,629,62947,1,사직
20250807,7,629,78603,1,사직
20250807,8,629,55645,1,사직
20250807,9,629,68646,1,사직
20250807,10,629,65653,1,사직
20250807,1,629,1,52530,사직
20250807,2,629,50500,1,사직
20250807,3,629,69517,1,사직
20250807,4,629,50150,1,사직
20250807,5,629,54529,1,사직
20250807,6,629,52591,1,사직
20250807,7,629,61102,1,사직
20250807,8,629,52568,1,사직
20250807,9,629,77564,1,사직
20250807,10,629,68205,1,사직
20250807,1,630,1,64001,대전
20250807,2,630,55013,1,대전
20250807,3,630,79240,1,대전
20250807,4,630,52001,1,대전
20250807,5,630,68050,1,대전
20250807,6,630,67644,1,대전
20250807,7,630,76313,1,대전
20250807,8,630,64504,1,대전
20250807,9,630,68089,1,대전
20250807,10,630,51003,1,대전
20250807,1,630,1,54755,대전
20250807,2,630,66704,1,대전
20250807,3,630,55703,1,대전
20250807,4,630,53764,1,대전
20250807,5,630,69737,1,대전
20250807,6,630,79192,1,대전
20250807,7,630,62700,1,대전
20250807,8,630,79608,1,대전
20250807,9,630,78288,1,대전
20250807,10,630,54795,1,대전
20250807,1,631,1,68220,잠실
20250807,2,631,79231,1,잠실
20250807,3,631,67207,1,잠실
20250807,4,631,55208,1,잠실
20250807,5,631,76232,1,잠실
20250807,6,631,55252,1,잠실
20250807,7,631,63257,1,잠실
20250807,8,631,63123,1,잠실
20250807,9,631,51269,1,잠실
20250807,10,631,53554,1,잠실
20250807,1,631,1,51111,잠실
20250807,2,631,65207,1,잠실
20250807,3,631,68119,1,잠실
20250807,4,631,53123,1,잠실
20250807,5,631,69102,1,잠실
20250807,6,631,76290,1,잠실
20250807,7,631,79109,1,잠실
20250807,8,631,55164,1,잠실
20250807,9,631,52154,1,잠실
20250807,10,631,62415,1,잠실
20250807,1,632,1,53375,문학
20250807,2,632,69418,1,문학
20250807,3,632,67449,1,문학
20250807,4,632,62404,1,문학
20250807,5,632,54400,1,문학
20250807,6,632,74540,1,문학
20250807,7,632,52430,1,문학
20250807,8,632,61404,1,문학
20250807,9,632,52415,1,문학
20250807,10,632,54408,1,문학
20250807,1,632,1,77829,문학
20250807,2,632,67893,1,문학
20250807,3,632,54812,1,문학
20250807,4,632,75847,1,문학
20250807,5,632,53827,1,문학
20250807,6,632,62895,1,문학
20250807,7,632,51868,1,문학
20250807,8,632,50854,1,문학
20250807,9,632,50840,1,문학
20250807,10,632,79456,1,문학
20250807,1,633,1,69045,창원
20250807,2,633,65357,1,창원
20250807,3,633,64340,1,창원
20250807,4,633,76267,1,창원
20250807,5,633,54444,1,창원
20250807,6,633,64984,1,창원
20250807,7,633,50167,1,창원
20250807,8,633,55392,1,창원
20250807,9,633,62332,1,창원
20250807,10,633,50357,1,창원
20250807,1,633,1,68902,창원
20250807,2,633,51907,1,창원
20250807,3,633,66606,1,창원
20250807,4,633,62907,1,창원
20250807,5,633,54944,1,창원
20250807,6,633,79215,1,창원
20250807,7,633,51344,1,창원
20250807,8,633,68912,1,창원
20250807,9,633,50600,1,창원
20250807,10,633,69992,1,창원
20250808,1,634,1,76715,잠실
20250808,2,634,77532,1,잠실
20250808,3,634,55703,1,잠실
20250808,4,634,53764,1,잠실
20250808,5,634,69737,1,잠실
20250808,6,634,79192,1,잠실
20250808,7,634,62700,1,잠실
20250808,8,634,68700,1,잠실
20250808,9,634,76812,1,잠실
20250808,10,634,64006,1,잠실
20250808,1,634,1,61101,잠실
20250808,2,634,65207,1,잠실
20250808,3,634,68119,1,잠실
20250808,4,634,53123,1,잠실
20250808,5,634,69102,1,잠실
20250808,6,634,76290,1,잠실
20250808,7,634,79109,1,잠실
20250808,8,634,79365,1,잠실
20250808,9,634,69100,1,잠실
20250808,10,634,62415,1,잠실
20250808,1,635,1,69745,창원
20250808,2,635,61353,1,창원
20250808,3,635,64646,1,창원
20250808,4,635,78603,1,창원
20250808,5,635,72443,1,창원
20250808,6,635,62947,1,창원
20250808,7,635,55645,1,창원
20250808,8,635,65653,1,창원
20250808,9,635,78122,1,창원
20250808,10,635,50657,1,창원
20250808,1,635,1,55903,창원
20250808,2,635,51907,1,창원
20250808,3,635,66606,1,창원
20250808,4,635,62907,1,창원
20250808,5,635,54944,1,창원
20250808,6,635,79215,1,창원
20250808,7,635,63260,1,창원
20250808,8,635,68912,1,창원
20250808,9,635,69995,1,창원
20250808,10,635,63963,1,창원
20250808,1,636,1,55239,고척
20250808,2,636,79231,1,고척
20250808,3,636,67207,1,고척
20250808,4,636,55208,1,고척
20250808,5,636,76232,1,고척
20250808,6,636,55252,1,고척
20250808,7,636,50208,1,고척
20250808,8,636,63257,1,고척
20250808,9,636,63123,1,고척
20250808,10,636,53554,1,고척
20250808,1,636,1,54319,고척
20250808,2,636,65357,1,고척
20250808,3,636,64340,1,고척
20250808,4,636,54444,1,고척
20250808,5,636,50167,1,고척
20250808,6,636,53312,1,고척
20250808,7,636,69332,1,고척
20250808,8,636,55392,1,고척
20250808,9,636,54344,1,고척
20250808,10,636,50357,1,고척
20250808,1,637,1,68856,사직
20250808,2,637,67893,1,사직
20250808,3,637,53827,1,사직
20250808,4,637,75847,1,사직
20250808,5,637,62895,1,사직
20250808,6,637,50840,1,사직
20250808,7,637,66864,1,사직
20250808,8,637,50854,1,사직
20250808,9,637,79456,1,사직
20250808,10,637,54812,1,사직
20250808,1,637,1,67539,사직
20250808,2,637,50500,1,사직
20250808,3,637,69517,1,사직
20250808,4,637,50150,1,사직
20250808,5,637,54529,1,사직
20250808,6,637,61102,1,사직
20250808,7,637,62931,1,사직
20250808,8,637,52591,1,사직
20250808,9,637,52568,1,사직
20250808,10,637,62802,1,사직
20250808,1,638,1,69446,수원
20250808,2,638,67005,1,수원
20250808,3,638,67449,1,수원
20250808,4,638,62404,1,수원
20250808,5,638,54400,1,수원
20250808,6,638,74540,1,수원
20250808,7,638,52430,1,수원
20250808,8,638,55440,1,수원
20250808,9,638,52415,1,수원
20250808,10,638,54408,1,수원
20250808,1,638,1,50030,수원
20250808,2,638,55013,1,수원
20250808,3,638,79402,1,수원
20250808,4,638,52001,1,수원
20250808,5,638,68050,1,수원
20250808,6,638,78548,1,수원
20250808,7,638,67644,1,수원
20250808,8,638,76313,1,수원
20250808,9,638,64504,1,수원
20250808,10,638,51003,1,수원
20250809,1,641,1,65056,잠실
20250809,2,641,77532,1,잠실
20250809,3,641,55703,1,잠실
20250809,4,641,53764,1,잠실
20250809,5,641,69737,1,잠실
20250809,6,641,79192,1,잠실
20250809,7,641,66657,1,잠실
20250809,8,641,54795,1,잠실
20250809,9,641,76812,1,잠실
20250809,10,641,64006,1,잠실
20250809,1,641,1,55146,잠실
20250809,2,641,65207,1,잠실
20250809,3,641,68119,1,잠실
20250809,4,641,53123,1,잠실
20250809,5,641,69102,1,잠실
20250809,6,641,76290,1,잠실
20250809,7,641,79109,1,잠실
20250809,8,641,79365,1,잠실
20250809,9,641,69100,1,잠실
20250809,10,641,62415,1,잠실
20250809,1,642,1,55268,고척
20250809,2,642,79231,1,고척
20250809,3,642,67207,1,고척
20250809,4,642,55208,1,고척
20250809,5,642,76232,1,고척
20250809,6,642,55252,1,고척
20250809,7,642,50208,1,고척
20250809,8,642,64468,1,고척
20250809,9,642,63123,1,고척
20250809,10,642,53554,1,고척
20250809,1,642,1,55342,고척
20250809,2,642,65357,1,고척
20250809,3,642,64340,1,고척
20250809,4,642,76267,1,고척
20250809,5,642,54444,1,고척
20250809,6,642,64984,1,고척
20250809,7,642,50167,1,고척
20250809,8,642,55392,1,고척
20250809,9,642,62332,1,고척
20250809,10,642,50357,1,고척
20250809,1,643,1,55460,수원
20250809,2,643,69418,1,수원
20250809,3,643,67449,1,수원
20250809,4,643,62404,1,수원
20250809,5,643,54400,1,수원
20250809,6,643,74540,1,수원
20250809,7,643,52430,1,수원
20250809,8,643,61404,1,수원
20250809,9,643,52415,1,수원
20250809,10,643,54408,1,수원
20250809,1,643,1,54354,수원
20250809,2,643,55013,1,수원
20250809,3,643,79240,1,수원
20250809,4,643,52001,1,수원
20250809,5,643,68050,1,수원
20250809,6,643,78548,1,수원
20250809,7,643,79402,1,수원
20250809,8,643,76313,1,수원
20250809,9,643,66706,1,수원
20250809,10,643,51003,1,수원
20250810,1,644,1,51264,고척
20250810,2,644,79231,1,고척
20250810,3,644,67207,1,고척
20250810,4,644,50208,1,고척
20250810,5,644,55208,1,고척
20250810,6,644,55252,1,고척
20250810,7,644,63123,1,고척
20250810,8,644,53554,1,고척
20250810,9,644,66112,1,고척
20250810,10,644,64468,1,고척
20250810,1,644,1,64350,고척
20250810,2,644,65357,1,고척
20250810,3,644,64340,1,고척
20250810,4,644,54444,1,고척
20250810,5,644,76267,1,고척
20250810,6,644,50167,1,고척
20250810,7,644,53312,1,고척
20250810,8,644,78756,1,고척
20250810,9,644,55371,1,고척
20250810,10,644,50357,1,고척
20250810,1,645,1,52701,잠실
20250810,2,645,77532,1,잠실
20250810,3,645,55703,1,잠실
20250810,4,645,53764,1,잠실
20250810,5,645,69737,1,잠실
20250810,6,645,79192,1,잠실
20250810,7,645,66657,1,잠실
20250810,8,645,79608,1,잠실
20250810,9,645,78288,1,잠실
20250810,10,645,62700,1,잠실
20250810,1,645,1,67143,잠실
20250810,2,645,65207,1,잠실
20250810,3,645,68119,1,잠실
20250810,4,645,53123,1,잠실
20250810,5,645,69102,1,잠실
20250810,6,645,76290,1,잠실
20250810,7,645,79109,1,잠실
20250810,8,645,50054,1,잠실
20250810,9,645,52154,1,잠실
20250810,10,645,62415,1,잠실
20250810,1,646,1,51648,창원
20250810,2,646,64560,1,창원
20250810,3,646,64646,1,창원
20250810,4,646,78603,1,창원
20250810,5,646,72443,1,창원
20250810,6,646,62947,1,창원
20250810,7,646,55645,1,창원
20250810,8,646,69636,1,창원
20250810,9,646,78122,1,창원
20250810,10,646,65653,1,창원
20250810,1,646,1,55912,창원
20250810,2,646,51907,1,창원
20250810,3,646,66606,1,창원
20250810,4,646,62907,1,창원
20250810,5,646,54944,1,창원
20250810,6,646,79215,1,창원
20250810,7,646,63260,1,창원
20250810,8,646,68912,1,창원
20250810,9,646,69995,1,창원
20250810,10,646,63963,1,창원
20250810,1,647,1,51867,사직
20250810,2,647,67893,1,사직
20250810,3,647,53827,1,사직
20250810,4,647,75847,1,사직
20250810,5,647,62895,1,사직
20250810,6,647,50840,1,사직
20250810,7,647,50854,1,사직
20250810,8,647,69813,1,사직
20250810,9,647,76802,1,사직
20250810,10,647,51865,1,사직
20250810,1,647,1,64021,사직
20250810,2,647,50500,1,사직
20250810,3,647,52568,1,사직
20250810,4,647,69517,1,사직
20250810,5,647,54529,1,사직
20250810,6,647,61102,1,사직
20250810,7,647,52591,1,사직
20250810,8,647,50150,1,사직
20250810,9,647,77564,1,사직
20250810,10,647,68205,1,사직
20250810,1,648,1,65320,수원
20250810,2,648,67449,1,수원
20250810,3,648,55440,1,수원
20250810,4,648,62404,1,수원
20250810,5,648,54400,1,수원
20250810,6,648,52430,1,수원
20250810,7,648,74540,1,수원
20250810,8,648,52415,1,수원
20250810,9,648,65132,1,수원
20250810,10,648,54408,1,수원
20250810,1,648,1,55032,수원
20250810,2,648,55013,1,수원
20250810,3,648,79240,1,수원
20250810,4,648,52001,1,수원
20250810,5,648,68050,1,수원
20250810,6,648,78548,1,수원
20250810,7,648,79402,1,수원
20250810,8,648,76313,1,수원
20250810,9,648,66706,1,수원
20250810,10,648,51003,1,수원
20250812,1,649,1,54640,대구
20250812,2,649,64560,1,대구
20250812,3,649,64646,1,대구
20250812,4,649,78603,1,대구
20250812,5,649,72443,1,대구
20250812,6,649,55645,1,대구
20250812,7,649,62947,1,대구
20250812,8,649,69636,1,대구
20250812,9,649,78122,1,대구
20250812,10,649,65653,1,대구
20250812,1,649,1,51454,대구
20250812,2,649,67449,1,대구
20250812,3,649,67005,1,대구
20250812,4,649,74540,1,대구
20250812,5,649,54400,1,대구
20250812,6,649,52430,1,대구
20250812,7,649,62404,1,대구
20250812,8,649,61404,1,대구
20250812,9,649,52415,1,대구
20250812,10,649,54408,1,대구
20250812,1,650,1,55130,수원
20250812,2,650,65207,1,수원
20250812,3,650,68119,1,수원
20250812,4,650,53123,1,수원
20250812,5,650,69102,1,수원
20250812,6,650,76290,1,수원
20250812,7,650,79109,1,수원
20250812,8,650,79365,1,수원
20250812,9,650,69100,1,수원
20250812,10,650,62415,1,수원
20250812,1,650,1,50859,수원
20250812,2,650,55013,1,수원
20250812,3,650,79240,1,수원
20250812,4,650,52001,1,수원
20250812,5,650,68050,1,수원
20250812,6,650,78548,1,수원
20250812,7,650,79402,1,수원
20250812,8,650,76313,1,수원
20250812,9,650,66706,1,수원
20250812,10,650,51003,1,수원
20250812,1,651,1,55532,대전
20250812,2,651,52504,1,대전
20250812,3,651,52568,1,대전
20250812,4,651,69517,1,대전
20250812,5,651,54529,1,대전
20250812,6,651,52591,1,대전
20250812,7,651,62931,1,대전
20250812,8,651,61102,1,대전
20250812,9,651,50150,1,대전
20250812,10,651,68205,1,대전
20250812,1,651,1,55730,대전
20250812,2,651,77532,1,대전
20250812,3,651,55703,1,대전
20250812,4,651,53764,1,대전
20250812,5,651,69737,1,대전
20250812,6,651,79192,1,대전
20250812,7,651,66657,1,대전
20250812,8,651,79608,1,대전
20250812,9,651,78288,1,대전
20250812,10,651,64006,1,대전
20250812,1,652,1,52995,잠실
20250812,2,652,51907,1,잠실
20250812,3,652,66606,1,잠실
20250812,4,652,62907,1,잠실
20250812,5,652,54944,1,잠실
20250812,6,652,79215,1,잠실
20250812,7,652,63260,1,잠실
20250812,8,652,51344,1,잠실
20250812,9,652,68912,1,잠실
20250812,10,652,63963,1,잠실
20250812,1,652,1,55257,잠실
20250812,2,652,79231,1,잠실
20250812,3,652,50208,1,잠실
20250812,4,652,55208,1,잠실
20250812,5,652,76232,1,잠실
20250812,6,652,55252,1,잠실
20250812,7,652,63257,1,잠실
20250812,8,652,63123,1,잠실
20250812,9,652,53554,1,잠실
20250812,10,652,67207,1,잠실
20250812,1,653,1,55313,문학
20250812,2,653,65357,1,문학
20250812,3,653,64340,1,문학
20250812,4,653,76267,1,문학
20250812,5,653,54444,1,문학
20250812,6,653,64984,1,문학
20250812,7,653,55392,1,문학
20250812,8,653,55393,1,문학
20250812,9,653,62332,1,문학
20250812,10,653,50357,1,문학
20250812,1,653,1,54833,문학
20250812,2,653,67893,1,문학
20250812,3,653,66864,1,문학
20250812,4,653,75847,1,문학
20250812,5,653,53827,1,문학
20250812,6,653,62895,1,문학
20250812,7,653,50840,1,문학
20250812,8,653,50854,1,문학
20250812,9,653,69813,1,문학
20250812,10,653,51865,1,문학
20250813,1,654,1,51111,수원
20250813,2,654,65207,1,수원
20250813,3,654,68119,1,수원
20250813,4,654,53123,1,수원
20250813,5,654,69102,1,수원
20250813,6,654,76290,1,수원
20250813,7,654,79109,1,수원
20250813,8,654,69100,1,수원
20250813,9,654,52154,1,수원
20250813,10,654,52103,1,수원
20250813,1,654,1,65516,수원
20250813,2,654,55013,1,수원
20250813,3,654,79240,1,수원
20250813,4,654,52001,1,수원
20250813,5,654,68050,1,수원
20250813,6,654,79402,1,수원
20250813,7,654,64504,1,수원
20250813,8,654,66706,1,수원
20250813,9,654,68089,1,수원
20250813,10,654,51003,1,수원
20250813,1,657,1,55633,대구
20250813,2,657,61353,1,대구
20250813,3,657,69636,1,대구
20250813,4,657,78603,1,대구
20250813,5,657,72443,1,대구
20250813,6,657,62947,1,대구
20250813,7,657,55645,1,대구
20250813,8,657,65653,1,대구
20250813,9,657,68646,1,대구
20250813,10,657,66614,1,대구
20250813,1,657,1,53375,대구
20250813,2,657,69418,1,대구
20250813,3,657,67449,1,대구
20250813,4,657,62404,1,대구
20250813,5,657,54400,1,대구
20250813,6,657,52430,1,대구
20250813,7,657,74540,1,대구
20250813,8,657,55440,1,대구
20250813,9,657,54408,1,대구
20250813,10,657,69416,1,대구
20250813,1,658,1,55526,대전
20250813,2,658,52568,1,대전
20250813,3,658,69517,1,대전
20250813,4,658,52591,1,대전
20250813,5,658,54529,1,대전
20250813,6,658,61102,1,대전
20250813,7,658,62931,1,대전
20250813,8,658,50150,1,대전
20250813,9,658,68205,1,대전
20250813,10,658,50500,1,대전
20250813,1,658,1,54755,대전
20250813,2,658,77532,1,대전
20250813,3,658,55703,1,대전
20250813,4,658,53764,1,대전
20250813,5,658,69737,1,대전
20250813,6,658,79192,1,대전
20250813,7,658,62700,1,대전
20250813,8,658,66704,1,대전
20250813,9,658,78288,1,대전
20250813,10,658,65703,1,대전
20250814,1,660,1,77637,대구
20250814,2,660,61353,1,대구
20250814,3,660,64646,1,대구
20250814,4,660,78603,1,대구
20250814,5,660,62947,1,대구
20250814,6,660,69636,1,대구
20250814,7,660,55645,1,대구
20250814,8,660,64560,1,대구
20250814,9,660,78122,1,대구
20250814,10,660,65653,1,대구
20250814,1,660,1,69446,대구
20250814,2,660,69418,1,대구
20250814,3,660,62234,1,대구
20250814,4,660,67449,1,대구
20250814,5,660,54400,1,대구
20250814,6,660,52430,1,대구
20250814,7,660,74540,1,대구
20250814,8,660,62404,1,대구
20250814,9,660,61404,1,대구
20250814,10,660,54408,1,대구
20250814,1,661,1,67539,대전
20250814,2,661,52568,1,대전
20250814,3,661,69517,1,대전
20250814,4,661,52591,1,대전
20250814,5,661,54529,1,대전
20250814,6,661,61102,1,대전
20250814,7,661,77564,1,대전
20250814,8,661,50150,1,대전
20250814,9,661,68205,1,대전
20250814,10,661,50500,1,대전
20250814,1,661,1,76715,대전
20250814,2,661,77532,1,대전
20250814,3,661,55703,1,대전
20250814,4,661,53764,1,대전
20250814,5,661,69737,1,대전
20250814,6,661,79192,1,대전
20250814,7,661,66657,1,대전
20250814,8,661,79608,1,대전
20250814,9,661,78288,1,대전
20250814,10,661,64006,1,대전
20250814,1,662,1,55903,잠실
20250814,2,662,51907,1,잠실
20250814,3,662,66606,1,잠실
20250814,4,662,62907,1,잠실
20250814,5,662,54944,1,잠실
20250814,6,662,79215,1,잠실
20250814,7,662,63260,1,잠실
20250814,8,662,51344,1,잠실
20250814,9,662,68912,1,잠실
20250814,10,662,63963,1,잠실
20250814,1,662,1,68220,잠실
20250814,2,662,79231,1,잠실
20250814,3,662,67207,1,잠실
20250814,4,662,55208,1,잠실
20250814,5,662,76232,1,잠실
20250814,6,662,55252,1,잠실
20250814,7,662,50208,1,잠실
20250814,8,662,63257,1,잠실
20250814,9,662,63123,1,잠실
20250814,10,662,53554,1,잠실
20250814,1,663,1,69045,문학
20250814,2,663,65357,1,문학
20250814,3,663,64340,1,문학
20250814,4,663,76267,1,문학
20250814,5,663,54444,1,문학
20250814,6,663,50167,1,문학
20250814,7,663,64984,1,문학
20250814,8,663,53312,1,문학
20250814,9,663,55392,1,문학
20250814,10,663,50357,1,문학
20250814,1,663,1,62869,문학
20250814,2,663,67893,1,문학
20250814,3,663,54812,1,문학
20250814,4,663,53827,1,문학
20250814,5,663,62895,1,문학
20250814,6,663,69813,1,문학
20250814,7,663,79456,1,문학
20250814,8,663,50854,1,문학
20250814,9,663,50840,1,문학
20250814,10,663,76802,1,문학
20250815,1,664,1,51715,창원
20250815,2,664,77532,1,창원
20250815,3,664,55703,1,창원
20250815,4,664,53764,1,창원
20250815,5,664,69737,1,창원
20250815,6,664,79192,1,창원
20250815,7,664,66657,1,창원
20250815,8,664,79608,1,창원
20250815,9,664,78288,1,창원
20250815,10,664,64006,1,창원
20250815,1,664,1,55912,창원
20250815,2,664,51907,1,창원
20250815,3,664,66606,1,창원
20250815,4,664,62907,1,창원
20250815,5,664,54944,1,창원
20250815,6,664,79215,1,창원
20250815,7,664,63260,1,창원
20250815,8,664,51344,1,창원
20250815,9,664,50901,1,창원
20250815,10,664,64022,1,창원
20250815,1,665,1,69745,잠실
20250815,2,665,64646,1,잠실
20250815,3,665,65653,1,잠실
20250815,4,665,78603,1,잠실
20250815,5,665,72443,1,잠실
20250815,6,665,55645,1,잠실
20250815,7,665,62947,1,잠실
20250815,8,665,69636,1,잠실
20250815,9,665,78122,1,잠실
20250815,10,665,50657,1,잠실
20250815,1,665,1,55239,잠실
20250815,2,665,79231,1,잠실
20250815,3,665,50208,1,잠실
20250815,4,665,55208,1,잠실
20250815,5,665,76232,1,잠실
20250815,6,665,55252,1,잠실
20250815,7,665,63123,1,잠실
20250815,8,665,51203,1,잠실
20250815,9,665,53554,1,잠실
20250815,10,665,67207,1,잠실
20250815,1,666,1,64001,고척
20250815,2,666,55013,1,고척
20250815,3,666,79240,1,고척
20250815,4,666,52001,1,고척
20250815,5,666,68050,1,고척
20250815,6,666,78548,1,고척
20250815,7,666,64004,1,고척
20250815,8,666,79402,1,고척
20250815,9,666,64504,1,고척
20250815,10,666,51003,1,고척
20250815,1,666,1,55342,고척
20250815,2,666,65357,1,고척
20250815,3,666,76267,1,고척
20250815,4,666,54444,1,고척
20250815,5,666,64340,1,고척
20250815,6,666,64984,1,고척
20250815,7,666,50167,1,고척
20250815,8,666,55392,1,고척
20250815,9,666,53344,1,고척
20250815,10,666,50357,1,고척
20250815,1,667,1,55146,문학
20250815,2,667,65207,1,문학
20250815,3,667,68119,1,문학
20250815,4,667,53123,1,문학
20250815,5,667,69102,1,문학
20250815,6,667,76290,1,문학
20250815,7,667,79109,1,문학
20250815,8,667,79365,1,문학
20250815,9,667,69100,1,문학
20250815,10,667,52103,1,문학
20250815,1,667,1,55855,문학
20250815,2,667,67893,1,문학
20250815,3,667,54812,1,문학
20250815,4,667,53827,1,문학
20250815,5,667,62895,1,문학
20250815,6,667,60558,1,문학
20250815,7,667,69813,1,문학
20250815,8,667,51865,1,문학
20250815,9,667,50854,1,문학
20250815,10,667,76802,1,문학
20250815,1,668,1,55460,사직
20250815,2,668,69418,1,사직
20250815,3,668,67449,1,사직
20250815,4,668,62404,1,사직
20250815,5,668,54400,1,사직
20250815,6,668,52430,1,사직
20250815,7,668,74540,1,사직
20250815,8,668,61404,1,사직
20250815,9,668,62234,1,사직
20250815,10,668,52415,1,사직
20250815,1,668,1,52530,사직
20250815,2,668,52568,1,사직
20250815,3,668,69517,1,사직
20250815,4,668,52591,1,사직
20250815,5,668,54529,1,사직
20250815,6,668,61102,1,사직
20250815,7,668,62931,1,사직
20250815,8,668,68205,1,사직
20250815,9,668,77564,1,사직
20250815,10,668,68507,1,사직
20250816,1,669,1,52701,창원
20250816,2,669,77532,1,창원
20250816,3,669,55703,1,창원
20250816,4,669,53764,1,창원
20250816,5,669,69737,1,창원
20250816,6,669,79192,1,창원
20250816,7,669,62700,1,창원
20250816,8,669,65703,1,창원
20250816,9,669,78288,1,창원
20250816,10,669,68700,1,창원
20250816,1,669,1,68902,창원
20250816,2,669,51907,1,창원
20250816,3,669,66606,1,창원
20250816,4,669,62907,1,창원
20250816,5,669,54944,1,창원
20250816,6,669,79215,1,창원
20250816,7,669,63260,1,창원
20250816,8,669,62244,1,창원
20250816,9,669,69995,1,창원
20250816,10,669,69992,1,창원
20250816,1,670,1,51648,잠실
20250816,2,670,64646,1,잠실
20250816,3,670,65653,1,잠실
20250816,4,670,78603,1,잠실
20250816,5,670,72443,1,잠실
20250816,6,670,55645,1,잠실
20250816,7,670,62947,1,잠실
20250816,8,670,69636,1,잠실
20250816,9,670,78122,1,잠실
20250816,10,670,50657,1,잠실
20250816,1,670,1,51264,잠실
20250816,2,670,79231,1,잠실
20250816,3,670,50208,1,잠실
20250816,4,670,55252,1,잠실
20250816,5,670,76232,1,잠실
20250816,6,670,55208,1,잠실
20250816,7,670,51203,1,잠실
20250816,8,670,63123,1,잠실
20250816,9,670,53554,1,잠실
20250816,10,670,64468,1,잠실
20250816,1,671,1,54354,고척
20250816,2,671,55013,1,고척
20250816,3,671,79240,1,고척
20250816,4,671,64004,1,고척
20250816,5,671,68050,1,고척
20250816,6,671,78548,1,고척
20250816,7,671,79402,1,고척
20250816,8,671,76313,1,고척
20250816,9,671,66706,1,고척
20250816,10,671,51003,1,고척
20250816,1,671,1,64350,고척
20250816,2,671,65357,1,고척
20250816,3,671,64340,1,고척
20250816,4,671,76267,1,고척
20250816,5,671,54444,1,고척
20250816,6,671,55397,1,고척
20250816,7,671,50167,1,고척
20250816,8,671,53312,1,고척
20250816,9,671,54394,1,고척
20250816,10,671,55392,1,고척
20250816,1,672,1,51111,문학
20250816,2,672,65207,1,문학
20250816,3,672,68119,1,문학
20250816,4,672,53123,1,문학
20250816,5,672,69102,1,문학
20250816,6,672,76290,1,문학
20250816,7,672,79365,1,문학
20250816,8,672,69100,1,문학
20250816,9,672,52154,1,문학
20250816,10,672,52103,1,문학
20250816,1,672,1,51867,문학
20250816,2,672,67893,1,문학
20250816,3,672,66864,1,문학
20250816,4,672,53827,1,문학
20250816,5,672,62895,1,문학
20250816,6,672,62934,1,문학
20250816,7,672,51865,1,문학
20250816,8,672,50840,1,문학
20250816,9,672,50868,1,문학
20250816,10,672,54812,1,문학
20250816,1,673,1,65320,사직
20250816,2,673,69418,1,사직
20250816,3,673,67449,1,사직
20250816,4,673,62404,1,사직
20250816,5,673,54400,1,사직
20250816,6,673,52430,1,사직
20250816,7,673,74540,1,사직
20250816,8,673,62234,1,사직
20250816,9,673,61404,1,사직
20250816,10,673,54408,1,사직
20250816,1,673,1,64021,사직
20250816,2,673,52568,1,사직
20250816,3,673,69517,1,사직
20250816,4,673,52591,1,사직
20250816,5,673,54529,1,사직
20250816,6,673,77564,1,사직
20250816,7,673,61102,1,사직
20250816,8,673,50150,1,사직
20250816,9,673,68205,1,사직
20250816,10,673,50500,1,사직
20250817,1,674,1,55032,고척
20250817,2,674,55013,1,고척
20250817,3,674,79240,1,고척
20250817,4,674,64004,1,고척
20250817,5,674,68050,1,고척
20250817,6,674,76313,1,고척
20250817,7,674,79402,1,고척
20250817,8,674,66706,1,고척
20250817,9,674,68089,1,고척
20250817,10,674,51003,1,고척
20250817,1,674,1,55313,고척
20250817,2,674,65357,1,고척
20250817,3,674,64340,1,고척
20250817,4,674,76267,1,고척
20250817,5,674,54444,1,고척
20250817,6,674,64984,1,고척
20250817,7,674,50167,1,고척
20250817,8,674,53312,1,고척
20250817,9,674,55392,1,고척
20250817,10,674,50357,1,고척
20250817,1,675,1,54729,창원
20250817,2,675,77532,1,창원
20250817,3,675,55703,1,창원
20250817,4,675,53764,1,창원
20250817,5,675,69737,1,창원
20250817,6,675,79192,1,창원
20250817,7,675,79608,1,창원
20250817,8,675,62700,1,창원
20250817,9,675,66704,1,창원
20250817,10,675,76812,1,창원
20250817,1,675,1,52995,창원
20250817,2,675,51907,1,창원
20250817,3,675,66606,1,창원
20250817,4,675,79215,1,창원
20250817,5,675,54944,1,창원
20250817,6,675,63260,1,창원
20250817,7,675,63963,1,창원
20250817,8,675,51344,1,창원
20250817,9,675,68912,1,창원
20250817,10,675,69992,1,창원
20250817,1,676,1,54640,잠실
20250817,2,676,61353,1,잠실
20250817,3,676,64646,1,잠실
20250817,4,676,78603,1,잠실
20250817,5,676,72443,1,잠실
20250817,6,676,62947,1,잠실
20250817,7,676,55645,1,잠실
20250817,8,676,69636,1,잠실
20250817,9,676,78122,1,잠실
20250817,10,676,65653,1,잠실
20250817,1,676,1,50211,잠실
20250817,2,676,79231,1,잠실
20250817,3,676,50208,1,잠실
20250817,4,676,55208,1,잠실
20250817,5,676,76232,1,잠실
20250817,6,676,51203,1,잠실
20250817,7,676,55252,1,잠실
20250817,8,676,53554,1,잠실
20250817,9,676,66112,1,잠실
20250817,10,676,67207,1,잠실
20250817,1,677,1,61101,문학
20250817,2,677,65207,1,문학
20250817,3,677,68119,1,문학
20250817,4,677,53123,1,문학
20250817,5,677,69102,1,문학
20250817,6,677,76290,1,문학
20250817,7,677,79109,1,문학
20250817,8,677,79365,1,문학
20250817,9,677,69100,1,문학
20250817,10,677,62415,1,문학
20250817,1,677,1,68856,문학
20250817,2,677,67893,1,문학
20250817,3,677,50854,1,문학
20250817,4,677,75847,1,문학
20250817,5,677,53827,1,문학
20250817,6,677,62895,1,문학
20250817,7,677,50868,1,문학
20250817,8,677,79456,1,문학
20250817,9,677,50840,1,문학
20250817,10,677,76802,1,문학
20250817,1,678,1,51454,사직
20250817,2,678,69418,1,사직
20250817,3,678,67449,1,사직
20250817,4,678,62404,1,사직
20250817,5,678,54400,1,사직
20250817,6,678,52430,1,사직
20250817,7,678,74540,1,사직
20250817,8,678,62234,1,사직
20250817,9,678,61404,1,사직
20250817,10,678,52415,1,사직
20250817,1,678,1,55532,사직
20250817,2,678,52568,1,사직
20250817,3,678,69517,1,사직
20250817,4,678,50150,1,사직
20250817,5,678,54529,1,사직
20250817,6,678,52591,1,사직
20250817,7,678,77564,1,사직
20250817,8,678,61102,1,사직
20250817,9,678,68205,1,사직
20250817,10,678,69508,1,사직
20250819,1,679,1,55526,잠실
20250819,2,679,52568,1,잠실
20250819,3,679,69517,1,잠실
20250819,4,679,50150,1,잠실
20250819,5,679,54529,1,잠실
20250819,6,679,52591,1,잠실
20250819,7,679,61102,1,잠실
20250819,8,679,77564,1,잠실
20250819,9,679,68205,1,잠실
20250819,10,679,50500,1,잠실
20250819,1,679,1,55130,잠실
20250819,2,679,65207,1,잠실
20250819,3,679,68119,1,잠실
20250819,4,679,53123,1,잠실
20250819,5,679,69102,1,잠실
20250819,6,679,76290,1,잠실
20250819,7,679,79109,1,잠실
20250819,8,679,79365,1,잠실
20250819,9,679,69100,1,잠실
20250819,10,679,62415,1,잠실
20250819,1,680,1,55257,대전
20250819,2,680,79231,1,대전
20250819,3,680,50208,1,대전
20250819,4,680,55208,1,대전
20250819,5,680,76232,1,대전
20250819,6,680,51203,1,대전
20250819,7,680,55252,1,대전
20250819,8,680,53554,1,대전
20250819,9,680,67207,1,대전
20250819,10,680,66209,1,대전
20250819,1,680,1,54755,대전
20250819,2,680,77532,1,대전
20250819,3,680,55703,1,대전
20250819,4,680,53764,1,대전
20250819,5,680,69737,1,대전
20250819,6,680,79192,1,대전
20250819,7,680,66657,1,대전
20250819,8,680,79608,1,대전
20250819,9,680,78288,1,대전
20250819,10,680,64006,1,대전
20250819,1,681,1,77829,수원
20250819,2,681,67893,1,수원
20250819,3,681,53827,1,수원
20250819,4,681,75847,1,수원
20250819,5,681,62895,1,수원
20250819,6,681,62934,1,수원
20250819,7,681,60558,1,수원
20250819,8,681,50868,1,수원
20250819,9,681,51865,1,수원
20250819,10,681,76802,1,수원
20250819,1,681,1,50859,수원
20250819,2,681,79240,1,수원
20250819,3,681,64004,1,수원
20250819,4,681,52001,1,수원
20250819,5,681,68050,1,수원
20250819,6,681,76313,1,수원
20250819,7,681,78548,1,수원
20250819,8,681,79402,1,수원
20250819,9,681,64115,1,수원
20250819,10,681,55013,1,수원
20250819,1,682,1,53375,창원
20250819,2,682,69418,1,창원
20250819,3,682,67449,1,창원
20250819,4,682,62404,1,창원
20250819,5,682,54400,1,창원
20250819,6,682,52430,1,창원
20250819,7,682,52415,1,창원
20250819,8,682,50458,1,창원
20250819,9,682,74540,1,창원
20250819,10,682,62234,1,창원
20250819,1,682,1,55903,창원
20250819,2,682,51907,1,창원
20250819,3,682,66606,1,창원
20250819,4,682,62907,1,창원
20250819,5,682,63260,1,창원
20250819,6,682,79215,1,창원
20250819,7,682,63963,1,창원
20250819,8,682,51344,1,창원
20250819,9,682,68912,1,창원
20250819,10,682,69992,1,창원
20250819,1,683,1,69328,광주
20250819,2,683,65357,1,광주
20250819,3,683,64340,1,광주
20250819,4,683,76267,1,광주
20250819,5,683,54444,1,광주
20250819,6,683,50167,1,광주
20250819,7,683,53312,1,광주
20250819,8,683,64984,1,광주
20250819,9,683,55392,1,광주
20250819,10,683,50357,1,광주
20250819,1,683,1,55633,광주
20250819,2,683,64646,1,광주
20250819,3,683,69636,1,광주
20250819,4,683,78603,1,광주
20250819,5,683,72443,1,광주
20250819,6,683,62947,1,광주
20250819,7,683,55645,1,광주
20250819,8,683,68646,1,광주
20250819,9,683,65653,1,광주
20250819,10,683,67609,1,광주
20250820,1,684,1,67539,잠실
20250820,2,684,52568,1,잠실
20250820,3,684,50150,1,잠실
20250820,4,684,69517,1,잠실
20250820,5,684,54529,1,잠실
20250820,6,684,61102,1,잠실
20250820,7,684,77564,1,잠실
20250820,8,684,51551,1,잠실
20250820,9,684,54598,1,잠실
20250820,10,684,50500,1,잠실
20250820,1,684,1,67143,잠실
20250820,2,684,65207,1,잠실
20250820,3,684,50054,1,잠실
20250820,4,684,53123,1,잠실
20250820,5,684,69102,1,잠실
20250820,6,684,76290,1,잠실
20250820,7,684,79109,1,잠실
20250820,8,684,69100,1,잠실
20250820,9,684,52154,1,잠실
20250820,10,684,62415,1,잠실
20250820,1,685,1,68220,대전
20250820,2,685,79231,1,대전
20250820,3,685,50208,1,대전
20250820,4,685,55208,1,대전
20250820,5,685,76232,1,대전
20250820,6,685,51203,1,대전
20250820,7,685,55252,1,대전
20250820,8,685,63123,1,대전
20250820,9,685,53554,1,대전
20250820,10,685,67207,1,대전
20250820,1,685,1,54768,대전
20250820,2,685,77532,1,대전
20250820,3,685,55703,1,대전
20250820,4,685,53764,1,대전
20250820,5,685,69737,1,대전
20250820,6,685,79192,1,대전
20250820,7,685,66715,1,대전
20250820,8,685,62700,1,대전
20250820,9,685,78288,1,대전
20250820,10,685,65703,1,대전
20250820,1,686,1,62869,수원
20250820,2,686,67893,1,수원
20250820,3,686,50854,1,수원
20250820,4,686,75847,1,수원
20250820,5,686,53827,1,수원
20250820,6,686,62895,1,수원
20250820,7,686,62934,1,수원
20250820,8,686,60558,1,수원
20250820,9,686,51865,1,수원
20250820,10,686,54812,1,수원
20250820,1,686,1,65516,수원
20250820,2,686,79240,1,수원
20250820,3,686,64004,1,수원
20250820,4,686,52001,1,수원
20250820,5,686,68050,1,수원
20250820,6,686,79402,1,수원
20250820,7,686,78548,1,수원
20250820,8,686,64504,1,수원
20250820,9,686,64115,1,수원
20250820,10,686,55013,1,수원
20250820,1,687,1,69446,창원
20250820,2,687,50458,1,창원
20250820,3,687,67449,1,창원
20250820,4,687,62404,1,창원
20250820,5,687,54400,1,창원
20250820,6,687,52430,1,창원
20250820,7,687,52415,1,창원
20250820,8,687,65040,1,창원
20250820,9,687,74540,1,창원
20250820,10,687,62234,1,창원
20250820,1,687,1,53973,창원
20250820,2,687,51907,1,창원
20250820,3,687,66606,1,창원
20250820,4,687,62907,1,창원
20250820,5,687,54944,1,창원
20250820,6,687,79215,1,창원
20250820,7,687,63260,1,창원
20250820,8,687,51344,1,창원
20250820,9,687,68912,1,창원
20250820,10,687,69992,1,창원
20250820,1,688,1,69045,광주
20250820,2,688,65357,1,광주
20250820,3,688,64340,1,광주
20250820,4,688,76267,1,광주
20250820,5,688,54444,1,광주
20250820,6,688,53312,1,광주
20250820,7,688,50167,1,광주
20250820,8,688,78756,1,광주
20250820,9,688,55392,1,광주
20250820,10,688,50357,1,광주
20250820,1,688,1,77637,광주
20250820,2,688,64646,1,광주
20250820,3,688,69636,1,광주
20250820,4,688,78603,1,광주
20250820,5,688,72443,1,광주
20250820,6,688,62947,1,광주
20250820,7,688,55645,1,광주
20250820,8,688,67610,1,광주
20250820,9,688,78122,1,광주
20250820,10,688,67609,1,광주
20250821,1,689,1,52530,잠실
20250821,2,689,50500,1,잠실
20250821,3,689,55530,1,잠실
20250821,4,689,69517,1,잠실
20250821,5,689,54529,1,잠실
20250821,6,689,61102,1,잠실
20250821,7,689,62931,1,잠실
20250821,8,689,51551,1,잠실
20250821,9,689,52568,1,잠실
20250821,10,689,54598,1,잠실
20250821,1,689,1,55146,잠실
20250821,2,689,50054,1,잠실
20250821,3,689,68119,1,잠실
20250821,4,689,53123,1,잠실
20250821,5,689,69102,1,잠실
20250821,6,689,76290,1,잠실
20250821,7,689,79109,1,잠실
20250821,8,689,79365,1,잠실
20250821,9,689,69100,1,잠실
20250821,10,689,62415,1,잠실
20250821,1,690,1,55239,대전
20250821,2,690,79231,1,대전
20250821,3,690,63123,1,대전
20250821,4,690,55208,1,대전
20250821,5,690,76232,1,대전
20250821,6,690,55252,1,대전
20250821,7,690,51203,1,대전
20250821,8,690,64468,1,대전
20250821,9,690,53554,1,대전
20250821,10,690,67207,1,대전
20250821,1,690,1,76715,대전
20250821,2,690,77532,1,대전
20250821,3,690,55703,1,대전
20250821,4,690,53764,1,대전
20250821,5,690,69737,1,대전
20250821,6,690,79192,1,대전
20250821,7,690,62700,1,대전
20250821,8,690,78288,1,대전
20250821,9,690,68700,1,대전
20250821,10,690,64006,1,대전
20250821,1,691,1,54833,수원
20250821,2,691,67893,1,수원
20250821,3,691,54812,1,수원
20250821,4,691,75847,1,수원
20250821,5,691,53827,1,수원
20250821,6,691,62895,1,수원
20250821,7,691,51868,1,수원
20250821,8,691,50854,1,수원
20250821,9,691,62934,1,수원
20250821,10,691,79456,1,수원
20250821,1,691,1,64001,수원
20250821,2,691,79240,1,수원
20250821,3,691,64004,1,수원
20250821,4,691,67644,1,수원
20250821,5,691,68050,1,수원
20250821,6,691,79402,1,수원
20250821,7,691,76313,1,수원
20250821,8,691,64115,1,수원
20250821,9,691,68089,1,수원
20250821,10,691,55013,1,수원
20250821,1,692,1,55460,창원
20250821,2,692,69418,1,창원
20250821,3,692,67449,1,창원
20250821,4,692,62404,1,창원
20250821,5,692,54400,1,창원
20250821,6,692,52430,1,창원
20250821,7,692,74540,1,창원
20250821,8,692,62234,1,창원
20250821,9,692,61404,1,창원
20250821,10,692,52415,1,창원
20250821,1,692,1,55912,창원
20250821,2,692,51907,1,창원
20250821,3,692,66606,1,창원
20250821,4,692,62907,1,창원
20250821,5,692,54944,1,창원
20250821,6,692,79215,1,창원
20250821,7,692,63260,1,창원
20250821,8,692,63963,1,창원
20250821,9,692,68912,1,창원
20250821,10,692,51344,1,창원
20250821,1,693,1,55342,광주
20250821,2,693,65357,1,광주
20250821,3,693,76267,1,광주
20250821,4,693,54444,1,광주
20250821,5,693,64340,1,광주
20250821,6,693,50167,1,광주
20250821,7,693,64984,1,광주
20250821,8,693,53344,1,광주
20250821,9,693,55392,1,광주
20250821,10,693,50357,1,광주
20250821,1,693,1,69745,광주
20250821,2,693,64646,1,광주
20250821,3,693,65653,1,광주
20250821,4,693,78603,1,광주
20250821,5,693,72443,1,광주
20250821,6,693,62947,1,광주
20250821,7,693,68646,1,광주
20250821,8,693,69636,1,광주
20250821,9,693,67610,1,광주
20250821,10,693,50657,1,광주
20250822,1,694,1,54354,잠실
20250822,2,694,64004,1,잠실
20250822,3,694,55013,1,잠실
20250822,4,694,52001,1,잠실
20250822,5,694,68050,1,잠실
20250822,6,694,79402,1,잠실
20250822,7,694,78548,1,잠실
20250822,8,694,76313,1,잠실
20250822,9,694,51003,1,잠실
20250822,10,694,64504,1,잠실
20250822,1,694,1,55268,잠실
20250822,2,694,67207,1,잠실
20250822,3,694,63123,1,잠실
20250822,4,694,55208,1,잠실
20250822,5,694,76232,1,잠실
20250822,6,694,55252,1,잠실
20250822,7,694,51203,1,잠실
20250822,8,694,64468,1,잠실
20250822,9,694,53554,1,잠실
20250822,10,694,79231,1,잠실
20250822,1,695,1,51111,광주
20250822,2,695,65207,1,광주
20250822,3,695,68119,1,광주
20250822,4,695,53123,1,광주
20250822,5,695,69102,1,광주
20250822,6,695,76290,1,광주
20250822,7,695,79109,1,광주
20250822,8,695,52103,1,광주
20250822,9,695,52154,1,광주
20250822,10,695,62415,1,광주
20250822,1,695,1,51648,광주
20250822,2,695,64646,1,광주
20250822,3,695,65653,1,광주
20250822,4,695,78603,1,광주
20250822,5,695,72443,1,광주
20250822,6,695,62947,1,광주
20250822,7,695,55645,1,광주
20250822,8,695,67610,1,광주
20250822,9,695,78122,1,광주
20250822,10,695,50657,1,광주
20250822,1,696,1,64021,창원
20250822,2,696,50500,1,창원
20250822,3,696,55530,1,창원
20250822,4,696,69517,1,창원
20250822,5,696,54529,1,창원
20250822,6,696,61102,1,창원
20250822,7,696,62931,1,창원
20250822,8,696,51551,1,창원
20250822,9,696,50150,1,창원
20250822,10,696,54598,1,창원
20250822,1,696,1,68902,창원
20250822,2,696,51907,1,창원
20250822,3,696,69992,1,창원
20250822,4,696,62907,1,창원
20250822,5,696,54944,1,창원
20250822,6,696,79215,1,창원
20250822,7,696,63963,1,창원
20250822,8,696,69995,1,창원
20250822,9,696,62244,1,창원
20250822,10,696,51344,1,창원
20250822,1,697,1,68856,대전
20250822,2,697,67893,1,대전
20250822,3,697,54812,1,대전
20250822,4,697,75847,1,대전
20250822,5,697,53827,1,대전
20250822,6,697,62895,1,대전
20250822,7,697,66864,1,대전
20250822,8,697,51868,1,대전
20250822,9,697,50854,1,대전
20250822,10,697,79456,1,대전
20250822,1,697,1,55730,대전
20250822,2,697,77532,1,대전
20250822,3,697,55703,1,대전
20250822,4,697,53764,1,대전
20250822,5,697,69737,1,대전
20250822,6,697,79192,1,대전
20250822,7,697,62700,1,대전
20250822,8,697,78288,1,대전
20250822,9,697,68700,1,대전
20250822,10,697,64006,1,대전
20250822,1,698,1,64350,대구
20250822,2,698,65357,1,대구
20250822,3,698,50167,1,대구
20250822,4,698,54444,1,대구
20250822,5,698,64340,1,대구
20250822,6,698,64984,1,대구
20250822,7,698,53312,1,대구
20250822,8,698,55397,1,대구
20250822,9,698,78756,1,대구
20250822,10,698,50357,1,대구
20250822,1,698,1,68415,대구
20250822,2,698,50458,1,대구
20250822,3,698,67449,1,대구
20250822,4,698,62404,1,대구
20250822,5,698,54400,1,대구
20250822,6,698,52430,1,대구
20250822,7,698,62234,1,대구
20250822,8,698,61404,1,대구
20250822,9,698,69403,1,대구
20250822,10,698,69428,1,대구
20250823,1,699,1,55032,잠실
20250823,2,699,79240,1,잠실
20250823,3,699,64004,1,잠실
20250823,4,699,52001,1,잠실
20250823,5,699,68050,1,잠실
20250823,6,699,79402,1,잠실
20250823,7,699,76313,1,잠실
20250823,8,699,55013,1,잠실
20250823,9,699,68089,1,잠실
20250823,10,699,64115,1,잠실
20250823,1,699,1,50211,잠실
20250823,2,699,79231,1,잠실
20250823,3,699,67207,1,잠실
20250823,4,699,55208,1,잠실
20250823,5,699,76232,1,잠실
20250823,6,699,55252,1,잠실
20250823,7,699,63123,1,잠실
20250823,8,699,53554,1,잠실
20250823,9,699,66112,1,잠실
20250823,10,699,50208,1,잠실
20250823,1,700,1,61101,광주
20250823,2,700,65207,1,광주
20250823,3,700,68119,1,광주
20250823,4,700,53123,1,광주
20250823,5,700,69102,1,광주
20250823,6,700,76290,1,광주
20250823,7,700,79109,1,광주
20250823,8,700,79365,1,광주
20250823,9,700,50054,1,광주
20250823,10,700,62415,1,광주
20250823,1,700,1,54640,광주
20250823,2,700,64646,1,광주
20250823,3,700,66614,1,광주
20250823,4,700,62947,1,광주
20250823,5,700,72443,1,광주
20250823,6,700,55645,1,광주
20250823,7,700,69636,1,광주
20250823,8,700,67610,1,광주
20250823,9,700,78122,1,광주
20250823,10,700,65653,1,광주
20250823,1,701,1,55532,창원
20250823,2,701,55530,1,창원
20250823,3,701,69517,1,창원
20250823,4,701,54529,1,창원
20250823,5,701,61102,1,창원
20250823,6,701,62931,1,창원
20250823,7,701,50150,1,창원
20250823,8,701,54598,1,창원
20250823,9,701,68507,1,창원
20250823,10,701,50500,1,창원
20250823,1,701,1,52995,창원
20250823,2,701,51907,1,창원
20250823,3,701,63963,1,창원
20250823,4,701,79215,1,창원
20250823,5,701,54944,1,창원
20250823,6,701,63260,1,창원
20250823,7,701,51344,1,창원
20250823,8,701,69995,1,창원
20250823,9,701,68912,1,창원
20250823,10,701,67905,1,창원
20250823,1,702,1,55855,대전
20250823,2,702,67893,1,대전
20250823,3,702,66864,1,대전
20250823,4,702,75847,1,대전
20250823,5,702,53827,1,대전
20250823,6,702,62895,1,대전
20250823,7,702,51868,1,대전
20250823,8,702,50854,1,대전
20250823,9,702,50868,1,대전
20250823,10,702,51865,1,대전
20250823,1,702,1,54729,대전
20250823,2,702,68700,1,대전
20250823,3,702,77532,1,대전
20250823,4,702,53764,1,대전
20250823,5,702,69737,1,대전
20250823,6,702,79192,1,대전
20250823,7,702,66704,1,대전
20250823,8,702,65703,1,대전
20250823,9,702,76812,1,대전
20250823,10,702,64006,1,대전
20250823,1,703,1,55313,대구
20250823,2,703,50357,1,대구
20250823,3,703,65357,1,대구
20250823,4,703,64340,1,대구
20250823,5,703,54444,1,대구
20250823,6,703,50167,1,대구
20250823,7,703,53312,1,대구
20250823,8,703,55392,1,대구
20250823,9,703,55393,1,대구
20250823,10,703,64984,1,대구
20250823,1,703,1,51454,대구
20250823,2,703,69418,1,대구
20250823,3,703,67449,1,대구
20250823,4,703,62404,1,대구
20250823,5,703,54400,1,대구
20250823,6,703,52430,1,대구
20250823,7,703,61404,1,대구
20250823,8,703,62234,1,대구
20250823,9,703,69442,1,대구
20250823,10,703,52415,1,대구
20250824,1,704,1,50030,잠실
20250824,2,704,79240,1,잠실
20250824,3,704,64004,1,잠실
20250824,4,704,52001,1,잠실
20250824,5,704,68050,1,잠실
20250824,6,704,79402,1,잠실
20250824,7,704,76313,1,잠실
20250824,8,704,50066,1,잠실
20250824,9,704,55013,1,잠실
20250824,10,704,64115,1,잠실
20250824,1,704,1,55257,잠실
20250824,2,704,79231,1,잠실
20250824,3,704,51203,1,잠실
20250824,4,704,55208,1,잠실
20250824,5,704,76232,1,잠실
20250824,6,704,63257,1,잠실
20250824,7,704,53554,1,잠실
20250824,8,704,63123,1,잠실
20250824,9,704,50208,1,잠실
20250824,10,704,67207,1,잠실
20250824,1,705,1,55130,광주
20250824,2,705,65207,1,광주
20250824,3,705,68119,1,광주
20250824,4,705,53123,1,광주
20250824,5,705,69102,1,광주
20250824,6,705,76290,1,광주
20250824,7,705,79109,1,광주
20250824,8,705,79365,1,광주
20250824,9,705,50054,1,광주
20250824,10,705,62415,1,광주
20250824,1,705,1,55633,광주
20250824,2,705,64646,1,광주
20250824,3,705,55645,1,광주
20250824,4,705,62947,1,광주
20250824,5,705,72443,1,광주
20250824,6,705,78603,1,광주
20250824,7,705,69636,1,광주
20250824,8,705,68646,1,광주
20250824,9,705,65653,1,광주
20250824,10,705,66614,1,광주
20250824,1,706,1,55526,창원
20250824,2,706,55530,1,창원
20250824,3,706,62931,1,창원
20250824,4,706,69517,1,창원
20250824,5,706,54529,1,창원
20250824,6,706,61102,1,창원
20250824,7,706,51551,1,창원
20250824,8,706,54598,1,창원
20250824,9,706,68507,1,창원
20250824,10,706,50500,1,창원
20250824,1,706,1,52992,창원
20250824,2,706,51907,1,창원
20250824,3,706,66606,1,창원
20250824,4,706,62907,1,창원
20250824,5,706,54944,1,창원
20250824,6,706,79215,1,창원
20250824,7,706,63260,1,창원
20250824,8,706,51344,1,창원
20250824,9,706,68912,1,창원
20250824,10,706,69995,1,창원
20250824,1,707,1,53898,대전
20250824,2,707,67893,1,대전
20250824,3,707,54812,1,대전
20250824,4,707,75847,1,대전
20250824,5,707,53827,1,대전
20250824,6,707,62895,1,대전
20250824,7,707,51868,1,대전
20250824,8,707,50854,1,대전
20250824,9,707,62934,1,대전
20250824,10,707,51865,1,대전
20250824,1,707,1,54755,대전
20250824,2,707,68700,1,대전
20250824,3,707,77532,1,대전
20250824,4,707,53764,1,대전
20250824,5,707,69737,1,대전
20250824,6,707,79192,1,대전
20250824,7,707,66704,1,대전
20250824,8,707,65703,1,대전
20250824,9,707,78288,1,대전
20250824,10,707,64006,1,대전
20250824,1,708,1,54368,대구
20250824,2,708,50357,1,대구
20250824,3,708,65357,1,대구
20250824,4,708,64340,1,대구
20250824,5,708,54444,1,대구
20250824,6,708,50167,1,대구
20250824,7,708,69332,1,대구
20250824,8,708,53312,1,대구
20250824,9,708,55392,1,대구
20250824,10,708,64984,1,대구
20250824,1,708,1,53375,대구
20250824,2,708,69418,1,대구
20250824,3,708,50458,1,대구
20250824,4,708,62404,1,대구
20250824,5,708,54400,1,대구
20250824,6,708,67449,1,대구
20250824,7,708,62234,1,대구
20250824,8,708,52415,1,대구
20250824,9,708,69428,1,대구
20250824,10,708,69403,1,대구
20250826,1,709,1,76715,고척
20250826,2,709,68700,1,고척
20250826,3,709,55703,1,고척
20250826,4,709,53764,1,고척
20250826,5,709,69737,1,고척
20250826,6,709,77532,1,고척
20250826,7,709,66704,1,고척
20250826,8,709,65703,1,고척
20250826,9,709,78288,1,고척
20250826,10,709,64006,1,고척
20250826,1,709,1,69045,고척
20250826,2,709,65357,1,고척
20250826,3,709,54444,1,고척
20250826,4,709,50357,1,고척
20250826,5,709,64340,1,고척
20250826,6,709,50167,1,고척
20250826,7,709,53312,1,고척
20250826,8,709,55392,1,고척
20250826,9,709,78756,1,고척
20250826,10,709,69332,1,고척
20250826,1,710,1,77637,문학
20250826,2,710,64646,1,문학
20250826,3,710,78603,1,문학
20250826,4,710,62947,1,문학
20250826,5,710,72443,1,문학
20250826,6,710,55645,1,문학
20250826,7,710,69636,1,문학
20250826,8,710,65653,1,문학
20250826,9,710,78122,1,문학
20250826,10,710,66614,1,문학
20250826,1,710,1,62869,문학
20250826,2,710,67893,1,문학
20250826,3,710,66864,1,문학
20250826,4,710,75847,1,문학
20250826,5,710,53827,1,문학
20250826,6,710,62895,1,문학
20250826,7,710,60558,1,문학
20250826,8,710,51868,1,문학
20250826,9,710,50868,1,문학
20250826,10,710,79456,1,문학
20250826,1,711,1,50859,사직
20250826,2,711,79240,1,사직
20250826,3,711,64004,1,사직
20250826,4,711,52001,1,사직
20250826,5,711,68050,1,사직
20250826,6,711,79402,1,사직
20250826,7,711,76313,1,사직
20250826,8,711,78548,1,사직
20250826,9,711,55013,1,사직
20250826,10,711,64115,1,사직
20250826,1,711,1,67539,사직
20250826,2,711,55530,1,사직
20250826,3,711,50150,1,사직
20250826,4,711,69517,1,사직
20250826,5,711,54529,1,사직
20250826,6,711,61102,1,사직
20250826,7,711,51551,1,사직
20250826,8,711,54598,1,사직
20250826,9,711,68507,1,사직
20250826,10,711,50500,1,사직
20250826,1,712,1,67143,창원
20250826,2,712,65207,1,창원
20250826,3,712,68119,1,창원
20250826,4,712,53123,1,창원
20250826,5,712,69102,1,창원
20250826,6,712,76290,1,창원
20250826,7,712,79109,1,창원
20250826,8,712,69100,1,창원
20250826,9,712,52154,1,창원
20250826,10,712,62415,1,창원
20250826,1,712,1,55912,창원
20250826,2,712,51907,1,창원
20250826,3,712,66606,1,창원
20250826,4,712,62907,1,창원
20250826,5,712,54944,1,창원
20250826,6,712,79215,1,창원
20250826,7,712,63260,1,창원
20250826,8,712,68912,1,창원
20250826,9,712,51344,1,창원
20250826,10,712,67905,1,창원
20250826,1,713,1,69446,잠실
20250826,2,713,69418,1,잠실
20250826,3,713,50458,1,잠실
20250826,4,713,62404,1,잠실
20250826,5,713,54400,1,잠실
20250826,6,713,67449,1,잠실
20250826,7,713,52430,1,잠실
20250826,8,713,74540,1,잠실
20250826,9,713,62234,1,잠실
20250826,10,713,52415,1,잠실
20250826,1,713,1,68220,잠실
20250826,2,713,79231,1,잠실
20250826,3,713,67207,1,잠실
20250826,4,713,55208,1,잠실
20250826,5,713,76232,1,잠실
20250826,6,713,51203,1,잠실
20250826,7,713,55252,1,잠실
20250826,8,713,63257,1,잠실
20250826,9,713,64468,1,잠실
20250826,10,713,50208,1,잠실
20250827,1,714,1,52701,고척
20250827,2,714,68700,1,고척
20250827,3,714,55703,1,고척
20250827,4,714,53764,1,고척
20250827,5,714,69737,1,고척
20250827,6,714,77532,1,고척
20250827,7,714,66704,1,고척
20250827,8,714,65703,1,고척
20250827,9,714,78288,1,고척
20250827,10,714,64006,1,고척
20250827,1,714,1,55342,고척
20250827,2,714,50357,1,고척
20250827,3,714,65357,1,고척
20250827,4,714,64340,1,고척
20250827,5,714,50167,1,고척
20250827,6,714,54444,1,고척
20250827,7,714,64984,1,고척
20250827,8,714,53312,1,고척
20250827,9,714,55392,1,고척
20250827,10,714,55397,1,고척
20250827,1,715,1,69745,문학
20250827,2,715,64646,1,문학
20250827,3,715,55645,1,문학
20250827,4,715,78603,1,문학
20250827,5,715,72443,1,문학
20250827,6,715,62947,1,문학
20250827,7,715,69636,1,문학
20250827,8,715,67610,1,문학
20250827,9,715,78122,1,문학
20250827,10,715,65653,1,문학
20250827,1,715,1,54833,문학
20250827,2,715,67893,1,문학
20250827,3,715,50854,1,문학
20250827,4,715,75847,1,문학
20250827,5,715,53827,1,문학
20250827,6,715,62895,1,문학
20250827,7,715,50868,1,문학
20250827,8,715,66864,1,문학
20250827,9,715,51868,1,문학
20250827,10,715,51865,1,문학
20250827,1,716,1,64001,사직
20250827,2,716,79240,1,사직
20250827,3,716,55013,1,사직
20250827,4,716,52001,1,사직
20250827,5,716,68050,1,사직
20250827,6,716,79402,1,사직
20250827,7,716,76313,1,사직
20250827,8,716,66706,1,사직
20250827,9,716,68089,1,사직
20250827,10,716,64115,1,사직
20250827,1,716,1,64021,사직
20250827,2,716,55530,1,사직
20250827,3,716,68507,1,사직
20250827,4,716,69517,1,사직
20250827,5,716,54529,1,사직
20250827,6,716,61102,1,사직
20250827,7,716,51551,1,사직
20250827,8,716,50150,1,사직
20250827,9,716,54598,1,사직
20250827,10,716,52504,1,사직
20250827,1,717,1,55146,창원
20250827,2,717,65207,1,창원
20250827,3,717,68119,1,창원
20250827,4,717,53123,1,창원
20250827,5,717,69102,1,창원
20250827,6,717,79109,1,창원
20250827,7,717,69100,1,창원
20250827,8,717,79365,1,창원
20250827,9,717,50054,1,창원
20250827,10,717,62415,1,창원
20250827,1,717,1,53919,창원
20250827,2,717,51907,1,창원
20250827,3,717,66606,1,창원
20250827,4,717,62907,1,창원
20250827,5,717,54944,1,창원
20250827,6,717,79215,1,창원
20250827,7,717,63260,1,창원
20250827,8,717,68912,1,창원
20250827,9,717,69995,1,창원
20250827,10,717,63963,1,창원
20250827,1,718,1,55460,잠실
20250827,2,718,69418,1,잠실
20250827,3,718,50458,1,잠실
20250827,4,718,62404,1,잠실
20250827,5,718,54400,1,잠실
20250827,6,718,67449,1,잠실
20250827,7,718,52430,1,잠실
20250827,8,718,74540,1,잠실
20250827,9,718,62234,1,잠실
20250827,10,718,52415,1,잠실
20250827,1,718,1,52202,잠실
20250827,2,718,79231,1,잠실
20250827,3,718,55252,1,잠실
20250827,4,718,63257,1,잠실
20250827,5,718,55208,1,잠실
20250827,6,718,51203,1,잠실
20250827,7,718,66112,1,잠실
20250827,8,718,63123,1,잠실
20250827,9,718,50208,1,잠실
20250827,10,718,67207,1,잠실
20250828,1,719,1,55730,고척
20250828,2,719,68700,1,고척
20250828,3,719,66715,1,고척
20250828,4,719,53764,1,고척
20250828,5,719,69737,1,고척
20250828,6,719,66657,1,고척
20250828,7,719,66704,1,고척
20250828,8,719,62700,1,고척
20250828,9,719,78288,1,고척
20250828,10,719,54795,1,고척
20250828,1,719,1,64350,고척
20250828,2,719,50357,1,고척
20250828,3,719,65357,1,고척
20250828,4,719,64340,1,고척
20250828,5,719,65898,1,고척
20250828,6,719,54444,1,고척
20250828,7,719,64984,1,고척
20250828,8,719,53312,1,고척
20250828,9,719,55392,1,고척
20250828,10,719,55397,1,고척
20250828,1,720,1,51648,문학
20250828,2,720,64646,1,문학
20250828,3,720,55645,1,문학
20250828,4,720,78603,1,문학
20250828,5,720,72443,1,문학
20250828,6,720,62947,1,문학
20250828,7,720,69636,1,문학
20250828,8,720,67610,1,문학
20250828,9,720,68646,1,문학
20250828,10,720,65653,1,문학
20250828,1,720,1,68856,문학
20250828,2,720,67893,1,문학
20250828,3,720,66864,1,문학
20250828,4,720,75847,1,문학
20250828,5,720,53827,1,문학
20250828,6,720,50868,1,문학
20250828,7,720,60558,1,문학
20250828,8,720,62934,1,문학
20250828,9,720,51868,1,문학
20250828,10,720,51865,1,문학
20250828,1,721,1,54354,사직
20250828,2,721,79240,1,사직
20250828,3,721,79402,1,사직
20250828,4,721,52001,1,사직
20250828,5,721,68050,1,사직
20250828,6,721,76313,1,사직
20250828,7,721,50066,1,사직
20250828,8,721,55013,1,사직
20250828,9,721,64115,1,사직
20250828,10,721,66706,1,사직
20250828,1,721,1,55532,사직
20250828,2,721,55530,1,사직
20250828,3,721,69517,1,사직
20250828,4,721,51551,1,사직
20250828,5,721,54529,1,사직
20250828,6,721,61102,1,사직
20250828,7,721,52568,1,사직
20250828,8,721,54598,1,사직
20250828,9,721,55506,1,사직
20250828,10,721,68507,1,사직
20250828,1,722,1,51111,창원
20250828,2,722,65207,1,창원
20250828,3,722,68119,1,창원
20250828,4,722,53123,1,창원
20250828,5,722,69102,1,창원
20250828,6,722,79109,1,창원
20250828,7,722,69100,1,창원
20250828,8,722,50054,1,창원
20250828,9,722,52154,1,창원
20250828,10,722,62415,1,창원
20250828,1,722,1,68902,창원
20250828,2,722,51907,1,창원
20250828,3,722,66606,1,창원
20250828,4,722,62907,1,창원
20250828,5,722,54944,1,창원
20250828,6,722,79215,1,창원
20250828,7,722,63260,1,창원
20250828,8,722,68912,1,창원
20250828,9,722,51344,1,창원
20250828,10,722,67905,1,창원
20250828,1,723,1,65320,잠실
20250828,2,723,69418,1,잠실
20250828,3,723,50458,1,잠실
20250828,4,723,62404,1,잠실
20250828,5,723,54400,1,잠실
20250828,6,723,67449,1,잠실
20250828,7,723,52430,1,잠실
20250828,8,723,74540,1,잠실
20250828,9,723,62234,1,잠실
20250828,10,723,52415,1,잠실
20250828,1,723,1,55268,잠실
20250828,2,723,51203,1,잠실
20250828,3,723,63123,1,잠실
20250828,4,723,55208,1,잠실
20250828,5,723,76232,1,잠실
20250828,6,723,63257,1,잠실
20250828,7,723,55252,1,잠실
20250828,8,723,50208,1,잠실
20250828,9,723,67207,1,잠실
20250828,10,723,79231,1,잠실
20250829,1,724,1,54640,수원
20250829,2,724,64646,1,수원
20250829,3,724,65653,1,수원
20250829,4,724,78603,1,수원
20250829,5,724,55645,1,수원
20250829,6,724,62947,1,수원
20250829,7,724,69636,1,수원
20250829,8,724,67610,1,수원
20250829,9,724,68646,1,수원
20250829,10,724,66614,1,수원
20250829,1,724,1,55032,수원
20250829,2,724,79240,1,수원
20250829,3,724,55013,1,수원
20250829,4,724,52001,1,수원
20250829,5,724,68050,1,수원
20250829,6,724,79402,1,수원
20250829,7,724,76313,1,수원
20250829,8,724,50066,1,수원
20250829,9,724,66706,1,수원
20250829,10,724,64115,1,수원
20250829,1,725,1,52995,문학
20250829,2,725,51907,1,문학
20250829,3,725,63963,1,문학
20250829,4,725,66606,1,문학
20250829,5,725,54944,1,문학
20250829,6,725,79215,1,문학
20250829,7,725,63260,1,문학
20250829,8,725,68912,1,문학
20250829,9,725,51344,1,문학
20250829,10,725,50600,1,문학
20250829,1,725,1,55855,문학
20250829,2,725,67893,1,문학
20250829,3,725,54812,1,문학
20250829,4,725,53827,1,문학
20250829,5,725,62895,1,문학
20250829,6,725,75847,1,문학
20250829,7,725,51868,1,문학
20250829,8,725,50868,1,문학
20250829,9,725,50854,1,문학
20250829,10,725,51865,1,문학
20250829,1,726,1,55239,사직
20250829,2,726,51203,1,사직
20250829,3,726,63123,1,사직
20250829,4,726,55208,1,사직
20250829,5,726,76232,1,사직
20250829,6,726,55252,1,사직
20250829,7,726,63257,1,사직
20250829,8,726,64468,1,사직
20250829,9,726,67207,1,사직
20250829,10,726,79231,1,사직
20250829,1,726,1,55526,사직
20250829,2,726,55530,1,사직
20250829,3,726,69517,1,사직
20250829,4,726,51551,1,사직
20250829,5,726,54529,1,사직
20250829,6,726,50150,1,사직
20250829,7,726,55506,1,사직
20250829,8,726,54598,1,사직
20250829,9,726,51528,1,사직
20250829,10,726,68507,1,사직
20250829,1,727,1,51454,대전
20250829,2,727,69418,1,대전
20250829,3,727,67449,1,대전
20250829,4,727,62404,1,대전
20250829,5,727,54400,1,대전
20250829,6,727,52430,1,대전
20250829,7,727,74540,1,대전
20250829,8,727,61404,1,대전
20250829,9,727,62234,1,대전
20250829,10,727,52415,1,대전
20250829,1,727,1,54729,대전
20250829,2,727,68700,1,대전
20250829,3,727,77532,1,대전
20250829,4,727,53764,1,대전
20250829,5,727,69737,1,대전
20250829,6,727,66657,1,대전
20250829,7,727,66704,1,대전
20250829,8,727,62700,1,대전
20250829,9,727,76812,1,대전
20250829,10,727,54795,1,대전
20250829,1,728,1,55313,잠실
20250829,2,728,50357,1,잠실
20250829,3,728,65357,1,잠실
20250829,4,728,64340,1,잠실
20250829,5,728,50167,1,잠실
20250829,6,728,69332,1,잠실
20250829,7,728,64984,1,잠실
20250829,8,728,53312,1,잠실
20250829,9,728,78756,1,잠실
20250829,10,728,55339,1,잠실
20250829,1,728,1,61101,잠실
20250829,2,728,65207,1,잠실
20250829,3,728,68119,1,잠실
20250829,4,728,53123,1,잠실
20250829,5,728,69102,1,잠실
20250829,6,728,79109,1,잠실
20250829,7,728,79365,1,잠실
20250829,8,728,69100,1,잠실
20250829,9,728,52103,1,잠실
20250829,10,728,62415,1,잠실
20250830,1,729,1,55633,수원
20250830,2,729,64646,1,수원
20250830,3,729,65653,1,수원
20250830,4,729,62947,1,수원
20250830,5,729,72443,1,수원
20250830,6,729,55645,1,수원
20250830,7,729,69636,1,수원
20250830,8,729,67610,1,수원
20250830,9,729,68646,1,수원
20250830,10,729,66614,1,수원
20250830,1,729,1,67419,수원
20250830,2,729,79240,1,수원
20250830,3,729,55013,1,수원
20250830,4,729,52001,1,수원
20250830,5,729,76313,1,수원
20250830,6,729,78548,1,수원
20250830,7,729,50066,1,수원
20250830,8,729,51013,1,수원
20250830,9,729,64115,1,수원
20250830,10,729,69064,1,수원
20250830,1,730,1,55903,문학
20250830,2,730,51907,1,문학
20250830,3,730,63963,1,문학
20250830,4,730,66606,1,문학
20250830,5,730,63260,1,문학
20250830,6,730,79215,1,문학
20250830,7,730,54944,1,문학
20250830,8,730,68912,1,문학
20250830,9,730,51344,1,문학
20250830,10,730,50902,1,문학
20250830,1,730,1,77829,문학
20250830,2,730,67893,1,문학
20250830,3,730,54812,1,문학
20250830,4,730,53827,1,문학
20250830,5,730,62895,1,문학
20250830,6,730,75847,1,문학
20250830,7,730,51868,1,문학
20250830,8,730,50868,1,문학
20250830,9,730,50854,1,문학
20250830,10,730,51865,1,문학
20250830,1,731,1,55257,사직
20250830,2,731,51203,1,사직
20250830,3,731,79231,1,사직
20250830,4,731,55208,1,사직
20250830,5,731,76232,1,사직
20250830,6,731,55252,1,사직
20250830,7,731,63257,1,사직
20250830,8,731,66112,1,사직
20250830,9,731,64468,1,사직
20250830,10,731,67207,1,사직
20250830,1,731,1,52530,사직
20250830,2,731,55530,1,사직
20250830,3,731,69517,1,사직
20250830,4,731,51551,1,사직
20250830,5,731,54529,1,사직
20250830,6,731,61102,1,사직
20250830,7,731,52591,1,사직
20250830,8,731,52568,1,사직
20250830,9,731,51528,1,사직
20250830,10,731,50150,1,사직
20250830,1,732,1,53375,대전
20250830,2,732,50458,1,대전
20250830,3,732,67449,1,대전
20250830,4,732,62404,1,대전
20250830,5,732,54400,1,대전
20250830,6,732,52430,1,대전
20250830,7,732,74540,1,대전
20250830,8,732,62234,1,대전
20250830,9,732,69418,1,대전
20250830,10,732,52415,1,대전
20250830,1,732,1,54755,대전
20250830,2,732,77532,1,대전
20250830,3,732,65703,1,대전
20250830,4,732,53764,1,대전
20250830,5,732,69737,1,대전
20250830,6,732,66657,1,대전
20250830,7,732,66715,1,대전
20250830,8,732,78288,1,대전
20250830,9,732,64006,1,대전
20250830,10,732,68700,1,대전
20250830,1,733,1,55394,잠실
20250830,2,733,50357,1,잠실
20250830,3,733,65357,1,잠실
20250830,4,733,64340,1,잠실
20250830,5,733,50167,1,잠실
20250830,6,733,69332,1,잠실
20250830,7,733,53312,1,잠실
20250830,8,733,64984,1,잠실
20250830,9,733,55393,1,잠실
20250830,10,733,78756,1,잠실
20250830,1,733,1,55130,잠실
20250830,2,733,65207,1,잠실
20250830,3,733,68119,1,잠실
20250830,4,733,53123,1,잠실
20250830,5,733,69102,1,잠실
20250830,6,733,76290,1,잠실
20250830,7,733,79109,1,잠실
20250830,8,733,79365,1,잠실
20250830,9,733,52103,1,잠실
20250830,10,733,62415,1,잠실
20250831,1,734,1,77637,수원
20250831,2,734,64646,1,수원
20250831,3,734,65653,1,수원
20250831,4,734,78603,1,수원
20250831,5,734,72443,1,수원
20250831,6,734,55645,1,수원
20250831,7,734,69636,1,수원
20250831,8,734,67610,1,수원
20250831,9,734,68646,1,수원
20250831,10,734,50657,1,수원
20250831,1,734,1,50859,수원
20250831,2,734,79240,1,수원
20250831,3,734,55013,1,수원
20250831,4,734,52001,1,수원
20250831,5,734,76313,1,수원
20250831,6,734,78548,1,수원
20250831,7,734,79402,1,수원
20250831,8,734,50066,1,수원
20250831,9,734,67006,1,수원
20250831,10,734,64115,1,수원
20250831,1,735,1,55912,문학
20250831,2,735,51907,1,문학
20250831,3,735,66606,1,문학
20250831,4,735,62907,1,문학
20250831,5,735,63260,1,문학
20250831,6,735,79215,1,문학
20250831,7,735,54944,1,문학
20250831,8,735,68912,1,문학
20250831,9,735,51344,1,문학
20250831,10,735,63963,1,문학
20250831,1,735,1,62869,문학
20250831,2,735,67893,1,문학
20250831,3,735,53827,1,문학
20250831,4,735,75847,1,문학
20250831,5,735,62895,1,문학
20250831,6,735,50868,1,문학
20250831,7,735,51868,1,문학
20250831,8,735,66864,1,문학
20250831,9,735,79456,1,문학
20250831,10,735,62934,1,문학
20250831,1,736,1,68220,사직
20250831,2,736,63257,1,사직
20250831,3,736,50208,1,사직
20250831,4,736,55208,1,사직
20250831,5,736,76232,1,사직
20250831,6,736,55252,1,사직
20250831,7,736,53554,1,사직
20250831,8,736,63123,1,사직
20250831,9,736,66209,1,사직
20250831,10,736,64468,1,사직
20250831,1,736,1,67539,사직
20250831,2,736,55530,1,사직
20250831,3,736,69517,1,사직
20250831,4,736,52591,1,사직
20250831,5,736,54529,1,사직
20250831,6,736,51551,1,사직
20250831,7,736,61102,1,사직
20250831,8,736,62931,1,사직
20250831,9,736,52568,1,사직
20250831,10,736,54598,1,사직
20250831,1,737,1,69446,대전
20250831,2,737,50458,1,대전
20250831,3,737,67449,1,대전
20250831,4,737,62404,1,대전
20250831,5,737,54400,1,대전
20250831,6,737,52430,1,대전
20250831,7,737,74540,1,대전
20250831,8,737,62234,1,대전
20250831,9,737,61404,1,대전
20250831,10,737,52415,1,대전
20250831,1,737,1,51715,대전
20250831,2,737,77532,1,대전
20250831,3,737,65703,1,대전
20250831,4,737,53764,1,대전
20250831,5,737,69737,1,대전
20250831,6,737,66657,1,대전
20250831,7,737,66704,1,대전
20250831,8,737,66715,1,대전
20250831,9,737,78288,1,대전
20250831,10,737,62700,1,대전
20250831,1,738,1,69045,잠실
20250831,2,738,65357,1,잠실
20250831,3,738,64340,1,잠실
20250831,4,738,50167,1,잠실
20250831,5,738,69332,1,잠실
20250831,6,738,53312,1,잠실
20250831,7,738,55393,1,잠실
20250831,8,738,55392,1,잠실
20250831,9,738,78756,1,잠실
20250831,10,738,55397,1,잠실
20250831,1,738,1,67143,잠실
20250831,2,738,65207,1,잠실
20250831,3,738,68119,1,잠실
20250831,4,738,53123,1,잠실
20250831,5,738,69102,1,잠실
20250831,6,738,76290,1,잠실
20250831,7,738,79109,1,잠실
20250831,8,738,79365,1,잠실
20250831,9,738,55164,1,잠실
20250831,10,738,62415,1,잠실
20250902,1,739,1,69745,대전
20250902,2,739,52667,1,대전
20250902,3,739,64646,1,대전
20250902,4,739,78603,1,대전
20250902,5,739,72443,1,대전
20250902,6,739,55645,1,대전
20250902,7,739,62947,1,대전
20250902,8,739,69636,1,대전
20250902,9,739,78122,1,대전
20250902,10,739,65653,1,대전
20250902,1,739,1,76715,대전
20250902,2,739,77532,1,대전
20250902,3,739,62700,1,대전
20250902,4,739,53764,1,대전
20250902,5,739,69737,1,대전
20250902,6,739,66657,1,대전
20250902,7,739,66704,1,대전
20250902,8,739,65703,1,대전
20250902,9,739,76812,1,대전
20250902,10,739,68700,1,대전
20250902,1,740,1,64021,잠실
20250902,2,740,55530,1,잠실
20250902,3,740,69517,1,잠실
20250902,4,740,52591,1,잠실
20250902,5,740,54529,1,잠실
20250902,6,740,51551,1,잠실
20250902,7,740,61102,1,잠실
20250902,8,740,62931,1,잠실
20250902,9,740,52568,1,잠실
20250902,10,740,54598,1,잠실
20250902,1,740,1,55146,잠실
20250902,2,740,65207,1,잠실
20250902,3,740,68119,1,잠실
20250902,4,740,53123,1,잠실
20250902,5,740,69102,1,잠실
20250902,6,740,79109,1,잠실
20250902,7,740,69100,1,잠실
20250902,8,740,79365,1,잠실
20250902,9,740,50054,1,잠실
20250902,10,740,62415,1,잠실
20250902,1,741,1,50992,수원
20250902,2,741,51907,1,수원
20250902,3,741,66606,1,수원
20250902,4,741,62907,1,수원
20250902,5,741,54944,1,수원
20250902,6,741,79215,1,수원
20250902,7,741,68904,1,수원
20250902,8,741,68912,1,수원
20250902,9,741,66965,1,수원
20250902,10,741,64101,1,수원
20250902,1,741,1,64001,수원
20250902,2,741,79240,1,수원
20250902,3,741,55013,1,수원
20250902,4,741,76313,1,수원
20250902,5,741,68050,1,수원
20250902,6,741,79402,1,수원
20250902,7,741,67644,1,수원
20250902,8,741,50066,1,수원
20250902,9,741,64115,1,수원
20250902,10,741,67006,1,수원
20250902,1,742,1,55342,문학
20250902,2,742,50357,1,문학
20250902,3,742,65357,1,문학
20250902,4,742,64340,1,문학
20250902,5,742,76267,1,문학
20250902,6,742,50167,1,문학
20250902,7,742,69332,1,문학
20250902,8,742,64984,1,문학
20250902,9,742,53312,1,문학
20250902,10,742,55392,1,문학
20250902,1,742,1,54833,문학
20250902,2,742,67893,1,문학
20250902,3,742,53827,1,문학
20250902,4,742,75847,1,문학
20250902,5,742,62895,1,문학
20250902,6,742,50868,1,문학
20250902,7,742,51868,1,문학
20250902,8,742,66864,1,문학
20250902,9,742,79456,1,문학
20250902,10,742,62934,1,문학
20250903,1,743,1,55532,수원
20250903,2,743,52591,1,수원
20250903,3,743,69517,1,수원
20250903,4,743,51551,1,수원
20250903,5,743,54529,1,수원
20250903,6,743,77564,1,수원
20250903,7,743,61102,1,수원
20250903,8,743,52568,1,수원
20250903,9,743,50150,1,수원
20250903,10,743,54598,1,수원
20250903,1,743,1,54354,수원
20250903,2,743,79240,1,수원
20250903,3,743,55013,1,수원
20250903,4,743,52001,1,수원
20250903,5,743,78548,1,수원
20250903,6,743,76313,1,수원
20250903,7,743,64007,1,수원
20250903,8,743,50066,1,수원
20250903,9,743,64115,1,수원
20250903,10,743,51013,1,수원
20250903,1,744,1,68902,대전
20250903,2,744,51907,1,대전
20250903,3,744,66606,1,대전
20250903,4,744,62907,1,대전
20250903,5,744,54944,1,대전
20250903,6,744,68904,1,대전
20250903,7,744,63260,1,대전
20250903,8,744,67905,1,대전
20250903,9,744,62244,1,대전
20250903,10,744,51344,1,대전
20250903,1,744,1,55730,대전
20250903,2,744,77532,1,대전
20250903,3,744,62700,1,대전
20250903,4,744,53764,1,대전
20250903,5,744,69737,1,대전
20250903,6,744,66657,1,대전
20250903,7,744,66704,1,대전
20250903,8,744,65703,1,대전
20250903,9,744,76812,1,대전
20250903,10,744,68700,1,대전
20250903,1,745,1,68856,광주
20250903,2,745,67893,1,광주
20250903,3,745,54812,1,광주
20250903,4,745,53827,1,광주
20250903,5,745,62895,1,광주
20250903,6,745,51868,1,광주
20250903,7,745,50854,1,광주
20250903,8,745,51865,1,광주
20250903,9,745,68868,1,광주
20250903,10,745,66864,1,광주
20250903,1,745,1,54640,광주
20250903,2,745,52667,1,광주
20250903,3,745,64646,1,광주
20250903,4,745,78603,1,광주
20250903,5,745,72443,1,광주
20250903,6,745,62947,1,광주
20250903,7,745,69636,1,광주
20250903,8,745,67610,1,광주
20250903,9,745,78122,1,광주
20250903,10,745,65653,1,광주
20250903,1,746,1,64350,대구
20250903,2,746,65357,1,대구
20250903,3,746,64340,1,대구
20250903,4,746,76267,1,대구
20250903,5,746,50357,1,대구
20250903,6,746,69332,1,대구
20250903,7,746,64984,1,대구
20250903,8,746,55392,1,대구
20250903,9,746,53312,1,대구
20250903,10,746,55397,1,대구
20250903,1,746,1,55460,대구
20250903,2,746,50458,1,대구
20250903,3,746,67449,1,대구
20250903,4,746,62404,1,대구
20250903,5,746,54400,1,대구
20250903,6,746,52430,1,대구
20250903,7,746,62234,1,대구
20250903,8,746,61404,1,대구
20250903,9,746,69428,1,대구
20250903,10,746,52415,1,대구
20250904,1,747,1,55855,광주
20250904,2,747,67893,1,광주
20250904,3,747,53827,1,광주
20250904,4,747,75847,1,광주
20250904,5,747,62895,1,광주
20250904,6,747,51868,1,광주
20250904,7,747,50854,1,광주
20250904,8,747,50868,1,광주
20250904,9,747,51865,1,광주
20250904,10,747,66864,1,광주
20250904,1,747,1,55633,광주
20250904,2,747,52667,1,광주
20250904,3,747,64646,1,광주
20250904,4,747,78603,1,광주
20250904,5,747,72443,1,광주
20250904,6,747,62947,1,광주
20250904,7,747,69636,1,광주
20250904,8,747,67610,1,광주
20250904,9,747,78122,1,광주
20250904,10,747,65653,1,광주
20250904,1,748,1,55313,대구
20250904,2,748,65357,1,대구
20250904,3,748,64340,1,대구
20250904,4,748,76267,1,대구
20250904,5,748,50167,1,대구
20250904,6,748,69332,1,대구
20250904,7,748,64984,1,대구
20250904,8,748,55392,1,대구
20250904,9,748,53312,1,대구
20250904,10,748,50357,1,대구
20250904,1,748,1,65320,대구
20250904,2,748,50458,1,대구
20250904,3,748,67449,1,대구
20250904,4,748,62404,1,대구
20250904,5,748,54400,1,대구
20250904,6,748,52430,1,대구
20250904,7,748,74540,1,대구
20250904,8,748,65586,1,대구
20250904,9,748,62234,1,대구
20250904,10,748,52415,1,대구
20250904,1,749,1,51111,수원
20250904,2,749,65207,1,수원
20250904,3,749,68119,1,수원
20250904,4,749,53123,1,수원
20250904,5,749,69102,1,수원
20250904,6,749,76290,1,수원
20250904,7,749,79109,1,수원
20250904,8,749,79365,1,수원
20250904,9,749,50054,1,수원
20250904,10,749,62415,1,수원
20250904,1,749,1,67419,수원
20250904,2,749,79240,1,수원
20250904,3,749,55013,1,수원
20250904,4,749,52001,1,수원
20250904,5,749,78548,1,수원
20250904,6,749,76313,1,수원
20250904,7,749,50066,1,수원
20250904,8,749,79402,1,수원
20250904,9,749,64115,1,수원
20250904,10,749,67006,1,수원
20250904,1,750,1,55268,창원
20250904,2,750,51203,1,창원
20250904,3,750,55252,1,창원
20250904,4,750,55208,1,창원
20250904,5,750,76232,1,창원
20250904,6,750,63257,1,창원
20250904,7,750,78224,1,창원
20250904,8,750,63123,1,창원
20250904,9,750,50208,1,창원
20250904,10,750,79231,1,창원
20250904,1,750,1,52995,창원
20250904,2,750,51907,1,창원
20250904,3,750,66606,1,창원
20250904,4,750,62907,1,창원
20250904,5,750,54944,1,창원
20250904,6,750,79215,1,창원
20250904,7,750,68904,1,창원
20250904,8,750,63260,1,창원
20250904,9,750,62244,1,창원
20250904,10,750,51344,1,창원
20250905,1,751,1,50030,광주
20250905,2,751,79240,1,광주
20250905,3,751,55013,1,광주
20250905,4,751,52001,1,광주
20250905,5,751,68050,1,광주
20250905,6,751,78548,1,광주
20250905,7,751,76313,1,광주
20250905,8,751,79402,1,광주
20250905,9,751,64115,1,광주
20250905,10,751,67006,1,광주
20250905,1,751,1,55633,광주
20250905,2,751,52667,1,광주
20250905,3,751,64646,1,광주
20250905,4,751,78603,1,광주
20250905,5,751,72443,1,광주
20250905,6,751,62947,1,광주
20250905,7,751,69636,1,광주
20250905,8,751,67610,1,광주
20250905,9,751,78122,1,광주
20250905,10,751,65653,1,광주
20250905,1,752,1,55526,문학
20250905,2,752,55530,1,문학
20250905,3,752,69517,1,문학
20250905,4,752,52591,1,문학
20250905,5,752,54529,1,문학
20250905,6,752,51551,1,문학
20250905,7,752,50150,1,문학
20250905,8,752,61102,1,문학
20250905,9,752,52568,1,문학
20250905,10,752,62802,1,문학
20250905,1,752,1,55855,문학
20250905,2,752,67893,1,문학
20250905,3,752,66864,1,문학
20250905,4,752,75847,1,문학
20250905,5,752,53827,1,문학
20250905,6,752,62895,1,문학
20250905,7,752,51868,1,문학
20250905,8,752,50854,1,문학
20250905,9,752,50868,1,문학
20250905,10,752,51865,1,문학
20250905,1,753,1,55239,창원
20250905,2,753,51203,1,창원
20250905,3,753,55252,1,창원
20250905,4,753,55208,1,창원
20250905,5,753,76232,1,창원
20250905,6,753,63257,1,창원
20250905,7,753,63123,1,창원
20250905,8,753,78224,1,창원
20250905,9,753,64468,1,창원
20250905,10,753,79231,1,창원
20250905,1,753,1,55912,창원
20250905,2,753,51907,1,창원
20250905,3,753,63963,1,창원
20250905,4,753,79215,1,창원
20250905,5,753,54944,1,창원
20250905,6,753,63260,1,창원
20250905,7,753,51344,1,창원
20250905,8,753,67905,1,창원
20250905,9,753,64022,1,창원
20250905,10,753,50902,1,창원
20250905,1,754,1,55313,대구
20250905,2,754,65357,1,대구
20250905,3,754,64340,1,대구
20250905,4,754,76267,1,대구
20250905,5,754,50167,1,대구
20250905,6,754,69332,1,대구
20250905,7,754,64984,1,대구
20250905,8,754,55392,1,대구
20250905,9,754,53312,1,대구
20250905,10,754,50357,1,대구
20250905,1,754,1,65320,대구
20250905,2,754,50458,1,대구
20250905,3,754,67449,1,대구
20250905,4,754,62404,1,대구
20250905,5,754,54400,1,대구
20250905,6,754,52430,1,대구
20250905,7,754,74540,1,대구
20250905,8,754,65586,1,대구
20250905,9,754,61404,1,대구
20250905,10,754,52415,1,대구
20250906,1,755,1,55130,잠실
20250906,2,755,65207,1,잠실
20250906,3,755,68119,1,잠실
20250906,4,755,53123,1,잠실
20250906,5,755,69102,1,잠실
20250906,6,755,76290,1,잠실
20250906,7,755,79109,1,잠실
20250906,8,755,79365,1,잠실
20250906,9,755,52103,1,잠실
20250906,10,755,62415,1,잠실
20250906,1,755,1,55257,잠실
20250906,2,755,51203,1,잠실
20250906,3,755,63123,1,잠실
20250906,4,755,55208,1,잠실
20250906,5,755,78224,1,잠실
20250906,6,755,55252,1,잠실
20250906,7,755,63257,1,잠실
20250906,8,755,64468,1,잠실
20250906,9,755,66112,1,잠실
20250906,10,755,79231,1,잠실
20250906,1,756,1,52530,문학
20250906,2,756,55530,1,문학
20250906,3,756,69517,1,문학
20250906,4,756,52591,1,문학
20250906,5,756,54529,1,문학
20250906,6,756,50150,1,문학
20250906,7,756,51551,1,문학
20250906,8,756,77564,1,문학
20250906,9,756,54598,1,문학
20250906,10,756,51528,1,문학
20250906,1,756,1,77829,문학
20250906,2,756,67893,1,문학
20250906,3,756,54812,1,문학
20250906,4,756,75847,1,문학
20250906,5,756,53827,1,문학
20250906,6,756,62895,1,문학
20250906,7,756,51868,1,문학
20250906,8,756,50854,1,문학
20250906,9,756,50868,1,문학
20250906,10,756,79456,1,문학
20250906,1,757,1,52701,대구
20250906,2,757,77532,1,대구
20250906,3,757,62700,1,대구
20250906,4,757,53764,1,대구
20250906,5,757,69737,1,대구
20250906,6,757,79192,1,대구
20250906,7,757,66657,1,대구
20250906,8,757,65703,1,대구
20250906,9,757,78288,1,대구
20250906,10,757,68700,1,대구
20250906,1,757,1,51454,대구
20250906,2,757,50458,1,대구
20250906,3,757,67449,1,대구
20250906,4,757,62404,1,대구
20250906,5,757,54400,1,대구
20250906,6,757,74540,1,대구
20250906,7,757,52430,1,대구
20250906,8,757,62234,1,대구
20250906,9,757,52415,1,대구
20250906,10,757,68463,1,대구
20250906,1,758,1,55633,창원
20250906,2,758,52667,1,창원
20250906,3,758,64646,1,창원
20250906,4,758,78603,1,창원
20250906,5,758,72443,1,창원
20250906,6,758,62947,1,창원
20250906,7,758,69636,1,창원
20250906,8,758,67610,1,창원
20250906,9,758,78122,1,창원
20250906,10,758,65653,1,창원
20250906,1,758,1,55903,창원
20250906,2,758,51907,1,창원
20250906,3,758,66606,1,창원
20250906,4,758,68904,1,창원
20250906,5,758,54944,1,창원
20250906,6,758,79215,1,창원
20250906,7,758,63260,1,창원
20250906,8,758,66965,1,창원
20250906,9,758,51344,1,창원
20250906,10,758,62244,1,창원
20250907,1,759,1,54729,대구
20250907,2,759,54795,1,대구
20250907,3,759,55703,1,대구
20250907,4,759,53764,1,대구
20250907,5,759,69737,1,대구
20250907,6,759,79192,1,대구
20250907,7,759,79608,1,대구
20250907,8,759,68700,1,대구
20250907,9,759,76812,1,대구
20250907,10,759,64006,1,대구
20250907,1,759,1,69446,대구
20250907,2,759,50458,1,대구
20250907,3,759,67449,1,대구
20250907,4,759,62404,1,대구
20250907,5,759,54400,1,대구
20250907,6,759,74540,1,대구
20250907,7,759,52430,1,대구
20250907,8,759,62234,1,대구
20250907,9,759,61404,1,대구
20250907,10,759,52415,1,대구
20250907,1,760,1,77637,창원
20250907,2,760,52667,1,창원
20250907,3,760,64646,1,창원
20250907,4,760,78603,1,창원
20250907,5,760,72443,1,창원
20250907,6,760,62947,1,창원
20250907,7,760,69636,1,창원
20250907,8,760,67610,1,창원
20250907,9,760,78122,1,창원
20250907,10,760,65653,1,창원
20250907,1,760,1,65933,창원
20250907,2,760,51907,1,창원
20250907,3,760,66606,1,창원
20250907,4,760,79215,1,창원
20250907,5,760,54944,1,창원
20250907,6,760,63260,1,창원
20250907,7,760,68912,1,창원
20250907,8,760,51344,1,창원
20250907,9,760,67905,1,창원
20250907,10,760,50902,1,창원
20250907,1,761,1,77829,잠실
20250907,2,761,67893,1,잠실
20250907,3,761,50854,1,잠실
20250907,4,761,75847,1,잠실
20250907,5,761,53827,1,잠실
20250907,6,761,62895,1,잠실
20250907,7,761,51868,1,잠실
20250907,8,761,79456,1,잠실
20250907,9,761,50868,1,잠실
20250907,10,761,66864,1,잠실
20250907,1,761,1,61101,잠실
20250907,2,761,65207,1,잠실
20250907,3,761,68119,1,잠실
20250907,4,761,53123,1,잠실
20250907,5,761,69102,1,잠실
20250907,6,761,76290,1,잠실
20250907,7,761,79109,1,잠실
20250907,8,761,79365,1,잠실
20250907,9,761,52103,1,잠실
20250907,10,761,62415,1,잠실
20250909,1,764,1,54755,사직
20250909,2,764,77532,1,사직
20250909,3,764,55703,1,사직
20250909,4,764,53764,1,사직
20250909,5,764,69737,1,사직
20250909,6,764,79192,1,사직
20250909,7,764,66657,1,사직
20250909,8,764,62700,1,사직
20250909,9,764,78288,1,사직
20250909,10,764,64006,1,사직
20250909,1,764,1,64021,사직
20250909,2,764,50500,1,사직
20250909,3,764,69517,1,사직
20250909,4,764,52591,1,사직
20250909,5,764,54529,1,사직
20250909,6,764,51551,1,사직
20250909,7,764,55530,1,사직
20250909,8,764,50150,1,사직
20250909,9,764,54598,1,사직
20250909,10,764,68518,1,사직
20250909,1,765,1,55130,고척
20250909,2,765,65207,1,고척
20250909,3,765,68119,1,고척
20250909,4,765,53123,1,고척
20250909,5,765,69102,1,고척
20250909,6,765,76290,1,고척
20250909,7,765,79109,1,고척
20250909,8,765,79365,1,고척
20250909,9,765,50054,1,고척
20250909,10,765,62415,1,고척
20250909,1,765,1,69045,고척
20250909,2,765,65357,1,고척
20250909,3,765,64340,1,고척
20250909,4,765,76267,1,고척
20250909,5,765,50167,1,고척
20250909,6,765,69332,1,고척
20250909,7,765,64984,1,고척
20250909,8,765,55392,1,고척
20250909,9,765,53312,1,고척
20250909,10,765,50357,1,고척
20250909,1,766,1,68220,수원
20250909,2,766,51203,1,수원
20250909,3,766,52267,1,수원
20250909,4,766,55208,1,수원
20250909,5,766,76232,1,수원
20250909,6,766,78224,1,수원
20250909,7,766,55252,1,수원
20250909,8,766,66233,1,수원
20250909,9,766,64468,1,수원
20250909,10,766,79231,1,수원
20250909,1,766,1,50030,수원
20250909,2,766,79240,1,수원
20250909,3,766,55013,1,수원
20250909,4,766,52001,1,수원
20250909,5,766,68050,1,수원
20250909,6,766,78548,1,수원
20250909,7,766,76313,1,수원
20250909,8,766,79402,1,수원
20250909,9,766,64115,1,수원
20250909,10,766,67006,1,수원
20250910,1,767,1,76715,사직
20250910,2,767,77532,1,사직
20250910,3,767,55703,1,사직
20250910,4,767,53764,1,사직
20250910,5,767,69737,1,사직
20250910,6,767,79192,1,사직
20250910,7,767,66657,1,사직
20250910,8,767,62700,1,사직
20250910,9,767,78288,1,사직
20250910,10,767,64006,1,사직
20250910,1,767,1,55532,사직
20250910,2,767,52568,1,사직
20250910,3,767,69517,1,사직
20250910,4,767,52591,1,사직
20250910,5,767,54529,1,사직
20250910,6,767,77564,1,사직
20250910,7,767,50150,1,사직
20250910,8,767,51551,1,사직
20250910,9,767,68205,1,사직
20250910,10,767,51528,1,사직
20250910,1,768,1,67143,잠실
20250910,2,768,65207,1,잠실
20250910,3,768,68119,1,잠실
20250910,4,768,53123,1,잠실
20250910,5,768,69102,1,잠실
20250910,6,768,76290,1,잠실
20250910,7,768,79109,1,잠실
20250910,8,768,79365,1,잠실
20250910,9,768,52103,1,잠실
20250910,10,768,62415,1,잠실
20250910,1,768,1,55257,잠실
20250910,2,768,51203,1,잠실
20250910,3,768,63123,1,잠실
20250910,4,768,55208,1,잠실
20250910,5,768,76232,1,잠실
20250910,6,768,55252,1,잠실
20250910,7,768,66112,1,잠실
20250910,8,768,50208,1,잠실
20250910,9,768,67207,1,잠실
20250910,10,768,79231,1,잠실
20250910,1,769,1,54833,창원
20250910,2,769,67893,1,창원
20250910,3,769,54812,1,창원
20250910,4,769,75847,1,창원
20250910,5,769,62895,1,창원
20250910,6,769,51868,1,창원
20250910,7,769,50854,1,창원
20250910,8,769,50868,1,창원
20250910,9,769,62934,1,창원
20250910,10,769,51865,1,창원
20250910,1,769,1,68902,창원
20250910,2,769,51907,1,창원
20250910,3,769,66606,1,창원
20250910,4,769,68904,1,창원
20250910,5,769,54944,1,창원
20250910,6,769,79215,1,창원
20250910,7,769,63963,1,창원
20250910,8,769,66965,1,창원
20250910,9,769,68912,1,창원
20250910,10,769,69995,1,창원
20250910,1,770,1,55460,광주
20250910,2,770,50458,1,광주
20250910,3,770,67449,1,광주
20250910,4,770,62404,1,광주
20250910,5,770,54400,1,광주
20250910,6,770,74540,1,광주
20250910,7,770,52430,1,광주
20250910,8,770,65040,1,광주
20250910,9,770,62234,1,광주
20250910,10,770,52415,1,광주
20250910,1,770,1,54640,광주
20250910,2,770,52667,1,광주
20250910,3,770,64646,1,광주
20250910,4,770,78603,1,광주
20250910,5,770,72443,1,광주
20250910,6,770,62947,1,광주
20250910,7,770,69636,1,광주
20250910,8,770,67610,1,광주
20250910,9,770,78122,1,광주
20250910,10,770,65653,1,광주
20250911,1,771,1,54354,잠실
20250911,2,771,79240,1,잠실
20250911,3,771,55013,1,잠실
20250911,4,771,52001,1,잠실
20250911,5,771,78548,1,잠실
20250911,6,771,76313,1,잠실
20250911,7,771,79402,1,잠실
20250911,8,771,50066,1,잠실
20250911,9,771,64115,1,잠실
20250911,10,771,67006,1,잠실
20250911,1,771,1,55146,잠실
20250911,2,771,65207,1,잠실
20250911,3,771,68119,1,잠실
20250911,4,771,53123,1,잠실
20250911,5,771,69102,1,잠실
20250911,6,771,76290,1,잠실
20250911,7,771,79109,1,잠실
20250911,8,771,79365,1,잠실
20250911,9,771,52103,1,잠실
20250911,10,771,62415,1,잠실
20250911,1,772,1,67539,광주
20250911,2,772,50500,1,광주
20250911,3,772,69517,1,광주
20250911,4,772,51551,1,광주
20250911,5,772,54529,1,광주
20250911,6,772,52591,1,광주
20250911,7,772,50150,1,광주
20250911,8,772,55530,1,광주
20250911,9,772,68205,1,광주
20250911,10,772,68518,1,광주
20250911,1,772,1,69745,광주
20250911,2,772,52667,1,광주
20250911,3,772,64646,1,광주
20250911,4,772,78603,1,광주
20250911,5,772,72443,1,광주
20250911,6,772,62947,1,광주
20250911,7,772,69636,1,광주
20250911,8,772,67610,1,광주
20250911,9,772,78122,1,광주
20250911,10,772,65653,1,광주
20250911,1,773,1,55912,고척
20250911,2,773,51907,1,고척
20250911,3,773,66606,1,고척
20250911,4,773,62907,1,고척
20250911,5,773,54944,1,고척
20250911,6,773,79215,1,고척
20250911,7,773,63260,1,고척
20250911,8,773,63963,1,고척
20250911,9,773,68912,1,고척
20250911,10,773,51344,1,고척
20250911,1,773,1,55342,고척
20250911,2,773,65357,1,고척
20250911,3,773,64340,1,고척
20250911,4,773,69332,1,고척
20250911,5,773,53312,1,고척
20250911,6,773,53344,1,고척
20250911,7,773,55392,1,고척
20250911,8,773,55393,1,고척
20250911,9,773,54394,1,고척
20250911,10,773,52305,1,고척
20250911,1,774,1,55855,대구
20250911,2,774,67893,1,대구
20250911,3,774,66864,1,대구
20250911,4,774,75847,1,대구
20250911,5,774,62895,1,대구
20250911,6,774,50868,1,대구
20250911,7,774,50854,1,대구
20250911,8,774,51868,1,대구
20250911,9,774,62934,1,대구
20250911,10,774,51865,1,대구
20250911,1,774,1,53375,대구
20250911,2,774,50458,1,대구
20250911,3,774,67449,1,대구
20250911,4,774,62404,1,대구
20250911,5,774,54400,1,대구
20250911,6,774,74540,1,대구
20250911,7,774,52430,1,대구
20250911,8,774,52415,1,대구
20250911,9,774,65040,1,대구
20250911,10,774,54408,1,대구
20250912,1,775,1,55903,잠실
20250912,2,775,51907,1,잠실
20250912,3,775,66606,1,잠실
20250912,4,775,79215,1,잠실
20250912,5,775,54944,1,잠실
20250912,6,775,63260,1,잠실
20250912,7,775,63963,1,잠실
20250912,8,775,69995,1,잠실
20250912,9,775,68912,1,잠실
20250912,10,775,51344,1,잠실
20250912,1,775,1,51111,잠실
20250912,2,775,65207,1,잠실
20250912,3,775,68119,1,잠실
20250912,4,775,53123,1,잠실
20250912,5,775,69102,1,잠실
20250912,6,775,76290,1,잠실
20250912,7,775,79109,1,잠실
20250912,8,775,79365,1,잠실
20250912,9,775,55164,1,잠실
20250912,10,775,62415,1,잠실
20250912,1,777,1,55239,광주
20250912,2,777,51203,1,광주
20250912,3,777,52267,1,광주
20250912,4,777,55208,1,광주
20250912,5,777,76232,1,광주
20250912,6,777,63257,1,광주
20250912,7,777,55252,1,광주
20250912,8,777,66233,1,광주
20250912,9,777,50208,1,광주
20250912,10,777,66209,1,광주
20250912,1,777,1,55633,광주
20250912,2,777,52667,1,광주
20250912,3,777,64646,1,광주
20250912,4,777,78603,1,광주
20250912,5,777,55645,1,광주
20250912,6,777,62947,1,광주
20250912,7,777,65653,1,광주
20250912,8,777,53659,1,광주
20250912,9,777,78122,1,광주
20250912,10,777,50657,1,광주
20250913,1,778,1,51648,잠실
20250913,2,778,52667,1,잠실
20250913,3,778,64646,1,잠실
20250913,4,778,78603,1,잠실
20250913,5,778,72443,1,잠실
20250913,6,778,62947,1,잠실
20250913,7,778,55645,1,잠실
20250913,8,778,69636,1,잠실
20250913,9,778,68646,1,잠실
20250913,10,778,65653,1,잠실
20250913,1,778,1,61101,잠실
20250913,2,778,65207,1,잠실
20250913,3,778,68119,1,잠실
20250913,4,778,53123,1,잠실
20250913,5,778,69102,1,잠실
20250913,6,778,76290,1,잠실
20250913,7,778,79109,1,잠실
20250913,8,778,79365,1,잠실
20250913,9,778,52103,1,잠실
20250913,10,778,62415,1,잠실
20250913,1,779,1,64001,대구
20250913,2,779,79240,1,대구
20250913,3,779,55013,1,대구
20250913,4,779,52001,1,대구
20250913,5,779,78548,1,대구
20250913,6,779,76313,1,대구
20250913,7,779,79402,1,대구
20250913,8,779,51003,1,대구
20250913,9,779,68089,1,대구
20250913,10,779,67006,1,대구
20250913,1,779,1,69446,대구
20250913,2,779,52415,1,대구
20250913,3,779,50458,1,대구
20250913,4,779,62404,1,대구
20250913,5,779,54400,1,대구
20250913,6,779,65586,1,대구
20250913,7,779,67449,1,대구
20250913,8,779,74540,1,대구
20250913,9,779,52430,1,대구
20250913,10,779,62234,1,대구
20250913,1,780,1,55268,창원
20250913,2,780,79231,1,창원
20250913,3,780,51203,1,창원
20250913,4,780,55208,1,창원
20250913,5,780,76232,1,창원
20250913,6,780,63257,1,창원
20250913,7,780,55252,1,창원
20250913,8,780,66233,1,창원
20250913,9,780,66112,1,창원
20250913,10,780,67207,1,창원
20250913,1,780,1,52995,창원
20250913,2,780,51907,1,창원
20250913,3,780,66606,1,창원
20250913,4,780,79215,1,창원
20250913,5,780,54944,1,창원
20250913,6,780,68904,1,창원
20250913,7,780,63963,1,창원
20250913,8,780,68912,1,창원
20250913,9,780,66965,1,창원
20250913,10,780,69995,1,창원
20250913,1,781,1,77829,사직
20250913,2,781,67893,1,사직
20250913,3,781,53827,1,사직
20250913,4,781,75847,1,사직
20250913,5,781,62895,1,사직
20250913,6,781,50868,1,사직
20250913,7,781,50854,1,사직
20250913,8,781,51868,1,사직
20250913,9,781,66864,1,사직
20250913,10,781,79456,1,사직
20250913,1,781,1,55526,사직
20250913,2,781,50500,1,사직
20250913,3,781,69517,1,사직
20250913,4,781,52591,1,사직
20250913,5,781,54529,1,사직
20250913,6,781,77564,1,사직
20250913,7,781,51551,1,사직
20250913,8,781,50150,1,사직
20250913,9,781,68205,1,사직
20250913,10,781,68518,1,사직
20250913,1,782,1,64350,대전
20250913,2,782,65357,1,대전
20250913,3,782,64340,1,대전
20250913,4,782,76267,1,대전
20250913,5,782,69332,1,대전
20250913,6,782,50167,1,대전
20250913,7,782,53312,1,대전
20250913,8,782,55392,1,대전
20250913,9,782,78756,1,대전
20250913,10,782,50357,1,대전
20250913,1,782,1,55730,대전
20250913,2,782,77532,1,대전
20250913,3,782,55703,1,대전
20250913,4,782,53764,1,대전
20250913,5,782,69737,1,대전
20250913,6,782,79192,1,대전
20250913,7,782,62700,1,대전
20250913,8,782,66704,1,대전
20250913,9,782,78288,1,대전
20250913,10,782,64006,1,대전
20250914,1,783,1,77637,잠실
20250914,2,783,52667,1,잠실
20250914,3,783,64646,1,잠실
20250914,4,783,78603,1,잠실
20250914,5,783,72443,1,잠실
20250914,6,783,62947,1,잠실
20250914,7,783,55645,1,잠실
20250914,8,783,69636,1,잠실
20250914,9,783,68646,1,잠실
20250914,10,783,65653,1,잠실
20250914,1,783,1,55130,잠실
20250914,2,783,65207,1,잠실
20250914,3,783,68119,1,잠실
20250914,4,783,53123,1,잠실
20250914,5,783,69102,1,잠실
20250914,6,783,76290,1,잠실
20250914,7,783,79109,1,잠실
20250914,8,783,79365,1,잠실
20250914,9,783,54166,1,잠실
20250914,10,783,62415,1,잠실
20250914,1,784,1,50859,대구
20250914,2,784,79240,1,대구
20250914,3,784,68050,1,대구
20250914,4,784,52001,1,대구
20250914,5,784,78548,1,대구
20250914,6,784,76313,1,대구
20250914,7,784,79402,1,대구
20250914,8,784,55013,1,대구
20250914,9,784,64115,1,대구
20250914,10,784,67006,1,대구
20250914,1,784,1,51454,대구
20250914,2,784,52415,1,대구
20250914,3,784,67449,1,대구
20250914,4,784,62404,1,대구
20250914,5,784,54400,1,대구
20250914,6,784,75125,1,대구
20250914,7,784,52430,1,대구
20250914,8,784,74540,1,대구
20250914,9,784,66409,1,대구
20250914,10,784,62234,1,대구
20250914,1,785,1,68200,창원
20250914,2,785,51203,1,창원
20250914,3,785,55252,1,창원
20250914,4,785,55208,1,창원
20250914,5,785,66233,1,창원
20250914,6,785,63257,1,창원
20250914,7,785,66112,1,창원
20250914,8,785,52267,1,창원
20250914,9,785,67207,1,창원
20250914,10,785,66209,1,창원
20250914,1,785,1,55903,창원
20250914,2,785,51907,1,창원
20250914,3,785,66606,1,창원
20250914,4,785,79215,1,창원
20250914,5,785,54944,1,창원
20250914,6,785,68904,1,창원
20250914,7,785,63260,1,창원
20250914,8,785,68912,1,창원
20250914,9,785,66965,1,창원
20250914,10,785,51344,1,창원
20250914,1,786,1,55313,대전
20250914,2,786,65357,1,대전
20250914,3,786,64340,1,대전
20250914,4,786,76267,1,대전
20250914,5,786,69332,1,대전
20250914,6,786,64346,1,대전
20250914,7,786,53312,1,대전
20250914,8,786,55392,1,대전
20250914,9,786,78756,1,대전
20250914,10,786,50357,1,대전
20250914,1,786,1,52701,대전
20250914,2,786,77532,1,대전
20250914,3,786,55703,1,대전
20250914,4,786,53764,1,대전
20250914,5,786,69737,1,대전
20250914,6,786,79192,1,대전
20250914,7,786,62700,1,대전
20250914,8,786,78288,1,대전
20250914,9,786,68700,1,대전
20250914,10,786,64006,1,대전
20250915,1,787,1,55394,대전
20250915,2,787,50357,1,대전
20250915,3,787,65357,1,대전
20250915,4,787,64340,1,대전
20250915,5,787,76267,1,대전
20250915,6,787,69332,1,대전
20250915,7,787,64346,1,대전
20250915,8,787,53312,1,대전
20250915,9,787,55392,1,대전
20250915,10,787,78756,1,대전
20250915,1,787,1,55743,대전
20250915,2,787,77532,1,대전
20250915,3,787,55703,1,대전
20250915,4,787,53764,1,대전
20250915,5,787,69737,1,대전
20250915,6,787,79192,1,대전
20250915,7,787,66657,1,대전
20250915,8,787,65703,1,대전
20250915,9,787,76812,1,대전
20250915,10,787,54795,1,대전
20250916,1,788,1,54755,광주
20250916,2,788,79608,1,광주
20250916,3,788,55703,1,광주
20250916,4,788,53764,1,광주
20250916,5,788,69737,1,광주
20250916,6,788,79192,1,광주
20250916,7,788,62700,1,광주
20250916,8,788,68700,1,광주
20250916,9,788,78288,1,광주
20250916,10,788,64006,1,광주
20250916,1,788,1,55610,광주
20250916,2,788,52667,1,광주
20250916,3,788,64646,1,광주
20250916,4,788,78603,1,광주
20250916,5,788,72443,1,광주
20250916,6,788,62947,1,광주
20250916,7,788,55645,1,광주
20250916,8,788,69636,1,광주
20250916,9,788,68646,1,광주
20250916,10,788,65653,1,광주
20250916,1,789,1,67143,수원
20250916,2,789,65207,1,수원
20250916,3,789,68119,1,수원
20250916,4,789,53123,1,수원
20250916,5,789,69102,1,수원
20250916,6,789,76290,1,수원
20250916,7,789,79109,1,수원
20250916,8,789,79365,1,수원
20250916,9,789,69100,1,수원
20250916,10,789,62415,1,수원
20250916,1,789,1,54354,수원
20250916,2,789,79240,1,수원
20250916,3,789,79402,1,수원
20250916,4,789,52001,1,수원
20250916,5,789,78548,1,수원
20250916,6,789,76313,1,수원
20250916,7,789,50066,1,수원
20250916,8,789,55013,1,수원
20250916,9,789,64115,1,수원
20250916,10,789,67006,1,수원
20250916,1,790,1,69594,대구
20250916,2,790,50500,1,대구
20250916,3,790,69517,1,대구
20250916,4,790,52591,1,대구
20250916,5,790,54529,1,대구
20250916,6,790,51551,1,대구
20250916,7,790,77564,1,대구
20250916,8,790,50150,1,대구
20250916,9,790,68205,1,대구
20250916,10,790,51528,1,대구
20250916,1,790,1,55460,대구
20250916,2,790,50458,1,대구
20250916,3,790,67449,1,대구
20250916,4,790,62404,1,대구
20250916,5,790,54400,1,대구
20250916,6,790,52430,1,대구
20250916,7,790,52415,1,대구
20250916,8,790,75125,1,대구
20250916,9,790,74540,1,대구
20250916,10,790,62234,1,대구
20250916,1,791,1,54833,창원
20250916,2,791,67893,1,창원
20250916,3,791,53827,1,창원
20250916,4,791,75847,1,창원
20250916,5,791,62895,1,창원
20250916,6,791,50868,1,창원
20250916,7,791,51868,1,창원
20250916,8,791,50854,1,창원
20250916,9,791,79456,1,창원
20250916,10,791,66864,1,창원
20250916,1,791,1,55912,창원
20250916,2,791,51907,1,창원
20250916,3,791,66606,1,창원
20250916,4,791,68904,1,창원
20250916,5,791,54944,1,창원
20250916,6,791,63260,1,창원
20250916,7,791,63963,1,창원
20250916,8,791,66965,1,창원
20250916,9,791,68912,1,창원
20250916,10,791,69995,1,창원
20250916,1,792,1,69045,잠실
20250916,2,792,50357,1,잠실
20250916,3,792,65357,1,잠실
20250916,4,792,64340,1,잠실
20250916,5,792,76267,1,잠실
20250916,6,792,50167,1,잠실
20250916,7,792,64346,1,잠실
20250916,8,792,55392,1,잠실
20250916,9,792,53312,1,잠실
20250916,10,792,64984,1,잠실
20250916,1,792,1,68220,잠실
20250916,2,792,51203,1,잠실
20250916,3,792,55252,1,잠실
20250916,4,792,55208,1,잠실
20250916,5,792,66233,1,잠실
20250916,6,792,63257,1,잠실
20250916,7,792,66112,1,잠실
20250916,8,792,63123,1,잠실
20250916,9,792,52208,1,잠실
20250916,10,792,50204,1,잠실
20250917,1,793,1,55855,창원
20250917,2,793,67893,1,창원
20250917,3,793,53827,1,창원
20250917,4,793,75847,1,창원
20250917,5,793,62895,1,창원
20250917,6,793,50868,1,창원
20250917,7,793,60558,1,창원
20250917,8,793,62934,1,창원
20250917,9,793,51865,1,창원
20250917,10,793,66864,1,창원
20250917,1,793,1,65933,창원
20250917,2,793,51907,1,창원
20250917,3,793,54908,1,창원
20250917,4,793,66606,1,창원
20250917,5,793,54944,1,창원
20250917,6,793,79215,1,창원
20250917,7,793,63260,1,창원
20250917,8,793,66965,1,창원
20250917,9,793,62244,1,창원
20250917,10,793,51344,1,창원
20250917,1,797,1,62869,창원
20250917,2,797,67893,1,창원
20250917,3,797,53827,1,창원
20250917,4,797,75847,1,창원
20250917,5,797,62895,1,창원
20250917,6,797,50868,1,창원
20250917,7,797,50854,1,창원
20250917,8,797,51868,1,창원
20250917,9,797,51865,1,창원
20250917,10,797,66864,1,창원
20250917,1,797,1,68902,창원
20250917,2,797,51907,1,창원
20250917,3,797,66606,1,창원
20250917,4,797,79215,1,창원
20250917,5,797,54944,1,창원
20250917,6,797,63260,1,창원
20250917,7,797,68904,1,창원
20250917,8,797,51344,1,창원
20250917,9,797,68912,1,창원
20250917,10,797,69995,1,창원
20250917,1,796,1,76715,광주
20250917,2,796,79608,1,광주
20250917,3,796,55703,1,광주
20250917,4,796,53764,1,광주
20250917,5,796,69737,1,광주
20250917,6,796,79192,1,광주
20250917,7,796,62700,1,광주
20250917,8,796,78288,1,광주
20250917,9,796,64006,1,광주
20250917,10,796,68700,1,광주
20250917,1,796,1,76225,광주
20250917,2,796,52667,1,광주
20250917,3,796,64646,1,광주
20250917,4,796,78603,1,광주
20250917,5,796,72443,1,광주
20250917,6,796,55645,1,광주
20250917,7,796,62947,1,광주
20250917,8,796,69636,1,광주
20250917,9,796,68646,1,광주
20250917,10,796,65653,1,광주
20250917,1,798,1,55342,잠실
20250917,2,798,50357,1,잠실
20250917,3,798,65357,1,잠실
20250917,4,798,64340,1,잠실
20250917,5,798,76267,1,잠실
20250917,6,798,50167,1,잠실
20250917,7,798,64346,1,잠실
20250917,8,798,55392,1,잠실
20250917,9,798,53312,1,잠실
20250917,10,798,64984,1,잠실
20250917,1,798,1,55257,잠실
20250917,2,798,67207,1,잠실
20250917,3,798,64468,1,잠실
20250917,4,798,51203,1,잠실
20250917,5,798,55208,1,잠실
20250917,6,798,66112,1,잠실
20250917,7,798,63123,1,잠실
20250917,8,798,52267,1,잠실
20250917,9,798,55252,1,잠실
20250917,10,798,53554,1,잠실
20250918,1,799,1,55146,수원
20250918,2,799,65207,1,수원
20250918,3,799,68119,1,수원
20250918,4,799,53123,1,수원
20250918,5,799,69102,1,수원
20250918,6,799,76290,1,수원
20250918,7,799,79109,1,수원
20250918,8,799,79365,1,수원
20250918,9,799,69100,1,수원
20250918,10,799,62415,1,수원
20250918,1,799,1,50030,수원
20250918,2,799,66706,1,수원
20250918,3,799,68504,1,수원
20250918,4,799,52001,1,수원
20250918,5,799,68050,1,수원
20250918,6,799,78548,1,수원
20250918,7,799,76313,1,수원
20250918,8,799,55013,1,수원
20250918,9,799,79402,1,수원
20250918,10,799,51003,1,수원
20250918,1,801,1,51111,수원
20250918,2,801,66108,1,수원
20250918,3,801,65207,1,수원
20250918,4,801,53123,1,수원
20250918,5,801,69102,1,수원
20250918,6,801,68119,1,수원
20250918,7,801,79109,1,수원
20250918,8,801,79365,1,수원
20250918,9,801,55164,1,수원
20250918,10,801,62415,1,수원
20250918,1,801,1,55032,수원
20250918,2,801,79240,1,수원
20250918,3,801,55013,1,수원
20250918,4,801,52001,1,수원
20250918,5,801,78548,1,수원
20250918,6,801,76313,1,수원
20250918,7,801,79402,1,수원
20250918,8,801,66706,1,수원
20250918,9,801,68089,1,수원
20250918,10,801,51003,1,수원
20250918,1,800,1,69213,광주
20250918,2,800,66657,1,광주
20250918,3,800,55703,1,광주
20250918,4,800,53764,1,광주
20250918,5,800,69737,1,광주
20250918,6,800,79192,1,광주
20250918,7,800,62700,1,광주
20250918,8,800,68700,1,광주
20250918,9,800,64006,1,광주
20250918,10,800,76812,1,광주
20250918,1,800,1,55633,광주
20250918,2,800,52667,1,광주
20250918,3,800,64646,1,광주
20250918,4,800,78603,1,광주
20250918,5,800,72443,1,광주
20250918,6,800,62947,1,광주
20250918,7,800,55645,1,광주
20250918,8,800,69636,1,광주
20250918,9,800,68646,1,광주
20250918,10,800,65653,1,광주
20250918,1,802,1,53375,창원
20250918,2,802,52415,1,창원
20250918,3,802,67449,1,창원
20250918,4,802,62404,1,창원
20250918,5,802,54400,1,창원
20250918,6,802,74540,1,창원
20250918,7,802,52430,1,창원
20250918,8,802,75125,1,창원
20250918,9,802,62234,1,창원
20250918,10,802,50458,1,창원
20250918,1,802,1,65933,창원
20250918,2,802,51907,1,창원
20250918,3,802,66606,1,창원
20250918,4,802,79215,1,창원
20250918,5,802,54944,1,창원
20250918,6,802,63260,1,창원
20250918,7,802,63963,1,창원
20250918,8,802,51344,1,창원
20250918,9,802,69995,1,창원
20250918,10,802,68912,1,창원
20250918,1,803,1,64350,잠실
20250918,2,803,50357,1,잠실
20250918,3,803,64340,1,잠실
20250918,4,803,65357,1,잠실
20250918,5,803,53312,1,잠실
20250918,6,803,50167,1,잠실
20250918,7,803,69332,1,잠실
20250918,8,803,55392,1,잠실
20250918,9,803,54394,1,잠실
20250918,10,803,55393,1,잠실
20250918,1,803,1,55239,잠실
20250918,2,803,51203,1,잠실
20250918,3,803,63123,1,잠실
20250918,4,803,55208,1,잠실
20250918,5,803,63257,1,잠실
20250918,6,803,66112,1,잠실
20250918,7,803,50208,1,잠실
20250918,8,803,53554,1,잠실
20250918,9,803,55252,1,잠실
20250918,10,803,67207,1,잠실
20250919,1,806,1,67539,창원
20250919,2,806,50500,1,창원
20250919,3,806,69517,1,창원
20250919,4,806,52591,1,창원
20250919,5,806,54529,1,창원
20250919,6,806,78513,1,창원
20250919,7,806,77564,1,창원
20250919,8,806,50150,1,창원
20250919,9,806,68205,1,창원
20250919,10,806,51528,1,창원
20250919,1,806,1,55903,창원
20250919,2,806,51907,1,창원
20250919,3,806,66606,1,창원
20250919,4,806,79215,1,창원
20250919,5,806,54944,1,창원
20250919,6,806,63260,1,창원
20250919,7,806,63963,1,창원
20250919,8,806,69995,1,창원
20250919,9,806,51344,1,창원
20250919,10,806,68912,1,창원
20250920,1,807,1,55730,수원
20250920,2,807,54795,1,수원
20250920,3,807,55703,1,수원
20250920,4,807,53764,1,수원
20250920,5,807,69737,1,수원
20250920,6,807,79192,1,수원
20250920,7,807,50707,1,수원
20250920,8,807,65703,1,수원
20250920,9,807,78288,1,수원
20250920,10,807,52769,1,수원
20250920,1,807,1,64001,수원
20250920,2,807,79240,1,수원
20250920,3,807,55013,1,수원
20250920,4,807,52001,1,수원
20250920,5,807,68050,1,수원
20250920,6,807,76313,1,수원
20250920,7,807,66706,1,수원
20250920,8,807,64115,1,수원
20250920,9,807,68089,1,수원
20250920,10,807,51003,1,수원
20250920,1,808,1,52995,광주
20250920,2,808,63963,1,광주
20250920,3,808,67905,1,광주
20250920,4,808,79215,1,광주
20250920,5,808,54944,1,광주
20250920,6,808,63260,1,광주
20250920,7,808,69995,1,광주
20250920,8,808,51344,1,광주
20250920,9,808,68912,1,광주
20250920,10,808,50902,1,광주
20250920,1,808,1,77637,광주
20250920,2,808,55636,1,광주
20250920,3,808,64646,1,광주
20250920,4,808,52667,1,광주
20250920,5,808,72443,1,광주
20250920,6,808,55645,1,광주
20250920,7,808,69636,1,광주
20250920,8,808,65653,1,광주
20250920,9,808,68646,1,광주
20250920,10,808,50657,1,광주
20250920,1,809,1,55268,문학
20250920,2,809,51203,1,문학
20250920,3,809,50204,1,문학
20250920,4,809,55208,1,문학
20250920,5,809,66112,1,문학
20250920,6,809,66233,1,문학
20250920,7,809,52267,1,문학
20250920,8,809,64468,1,문학
20250920,9,809,53554,1,문학
20250920,10,809,55252,1,문학
20250920,1,809,1,55855,문학
20250920,2,809,67893,1,문학
20250920,3,809,66864,1,문학
20250920,4,809,53827,1,문학
20250920,5,809,62895,1,문학
20250920,6,809,50868,1,문학
20250920,7,809,50854,1,문학
20250920,8,809,51868,1,문학
20250920,9,809,54812,1,문학
20250920,10,809,51865,1,문학
20250920,1,810,1,69446,잠실
20250920,2,810,52415,1,잠실
20250920,3,810,67449,1,잠실
20250920,4,810,62404,1,잠실
20250920,5,810,54400,1,잠실
20250920,6,810,52430,1,잠실
20250920,7,810,75125,1,잠실
20250920,8,810,62234,1,잠실
20250920,9,810,74540,1,잠실
20250920,10,810,50458,1,잠실
20250920,1,810,1,55130,잠실
20250920,2,810,66108,1,잠실
20250920,3,810,65207,1,잠실
20250920,4,810,53123,1,잠실
20250920,5,810,69102,1,잠실
20250920,6,810,76290,1,잠실
20250920,7,810,68119,1,잠실
20250920,8,810,79109,1,잠실
20250920,9,810,79365,1,잠실
20250920,10,810,62415,1,잠실
20250920,1,811,1,55394,사직
20250920,2,811,50357,1,사직
20250920,3,811,65357,1,사직
20250920,4,811,64340,1,사직
20250920,5,811,53312,1,사직
20250920,6,811,69332,1,사직
20250920,7,811,50167,1,사직
20250920,8,811,55393,1,사직
20250920,9,811,55392,1,사직
20250920,10,811,54394,1,사직
20250920,1,811,1,55532,사직
20250920,2,811,50500,1,사직
20250920,3,811,52568,1,사직
20250920,4,811,52591,1,사직
20250920,5,811,54529,1,사직
20250920,6,811,78513,1,사직
20250920,7,811,77564,1,사직
20250920,8,811,50150,1,사직
20250920,9,811,68205,1,사직
20250920,10,811,51528,1,사직
20250921,1,812,1,50992,광주
20250921,2,812,67905,1,광주
20250921,3,812,69995,1,광주
20250921,4,812,79215,1,광주
20250921,5,812,54944,1,광주
20250921,6,812,68904,1,광주
20250921,7,812,63260,1,광주
20250921,8,812,51344,1,광주
20250921,9,812,68912,1,광주
20250921,10,812,50902,1,광주
20250921,1,812,1,51648,광주
20250921,2,812,52667,1,광주
20250921,3,812,55636,1,광주
20250921,4,812,64646,1,광주
20250921,5,812,72443,1,광주
20250921,6,812,55645,1,광주
20250921,7,812,69636,1,광주
20250921,8,812,65653,1,광주
20250921,9,812,68646,1,광주
20250921,10,812,50657,1,광주
20250921,1,813,1,51264,문학
20250921,2,813,51203,1,문학
20250921,3,813,50204,1,문학
20250921,4,813,55208,1,문학
20250921,5,813,66112,1,문학
20250921,6,813,63123,1,문학
20250921,7,813,64468,1,문학
20250921,8,813,55252,1,문학
20250921,9,813,52267,1,문학
20250921,10,813,67207,1,문학
20250921,1,813,1,77829,문학
20250921,2,813,67893,1,문학
20250921,3,813,66864,1,문학
20250921,4,813,53827,1,문학
20250921,5,813,62895,1,문학
20250921,6,813,51868,1,문학
20250921,7,813,62934,1,문학
20250921,8,813,50854,1,문학
20250921,9,813,51865,1,문학
20250921,10,813,54812,1,문학
20250921,1,814,1,68415,수원
20250921,2,814,52415,1,수원
20250921,3,814,66409,1,수원
20250921,4,814,67449,1,수원
20250921,5,814,54400,1,수원
20250921,6,814,52430,1,수원
20250921,7,814,75125,1,수원
20250921,8,814,62234,1,수원
20250921,9,814,74540,1,수원
20250921,10,814,61404,1,수원
20250921,1,814,1,54354,수원
20250921,2,814,79240,1,수원
20250921,3,814,55013,1,수원
20250921,4,814,52001,1,수원
20250921,5,814,68050,1,수원
20250921,6,814,78548,1,수원
20250921,7,814,76313,1,수원
20250921,8,814,67006,1,수원
20250921,9,814,64115,1,수원
20250921,10,814,51003,1,수원
20250922,1,815,1,68220,문학
20250922,2,815,51203,1,문학
20250922,3,815,50204,1,문학
20250922,4,815,55208,1,문학
20250922,5,815,64153,1,문학
20250922,6,815,63257,1,문학
20250922,7,815,63123,1,문학
20250922,8,815,52267,1,문학
20250922,9,815,66112,1,문학
20250922,10,815,66209,1,문학
20250922,1,815,1,54833,문학
20250922,2,815,67893,1,문학
20250922,3,815,54812,1,문학
20250922,4,815,53827,1,문학
20250922,5,815,62895,1,문학
20250922,6,815,51868,1,문학
20250922,7,815,50854,1,문학
20250922,8,815,50868,1,문학
20250922,9,815,66864,1,문학
20250922,10,815,79456,1,문학
20250923,1,816,1,55610,문학
20250923,2,816,52667,1,문학
20250923,3,816,64646,1,문학
20250923,4,816,78603,1,문학
20250923,5,816,55645,1,문학
20250923,6,816,69636,1,문학
20250923,7,816,65653,1,문학
20250923,8,816,68646,1,문학
20250923,9,816,53659,1,문학
20250923,10,816,50657,1,문학
20250923,1,816,1,51867,문학
20250923,2,816,67893,1,문학
20250923,3,816,66864,1,문학
20250923,4,816,53827,1,문학
20250923,5,816,62895,1,문학
20250923,6,816,51868,1,문학
20250923,7,816,50854,1,문학
20250923,8,816,50868,1,문학
20250923,9,816,54812,1,문학
20250923,10,816,51865,1,문학
20250923,1,817,1,68902,울산
20250923,2,817,66606,1,울산
20250923,3,817,68904,1,울산
20250923,4,817,79215,1,울산
20250923,5,817,54944,1,울산
20250923,6,817,63260,1,울산
20250923,7,817,69995,1,울산
20250923,8,817,51344,1,울산
20250923,9,817,68912,1,울산
20250923,10,817,50902,1,울산
20250923,1,817,1,64021,울산
20250923,2,817,50500,1,울산
20250923,3,817,69517,1,울산
20250923,4,817,52591,1,울산
20250923,5,817,54529,1,울산
20250923,6,817,78513,1,울산
20250923,7,817,51551,1,울산
20250923,8,817,50150,1,울산
20250923,9,817,68205,1,울산
20250923,10,817,51528,1,울산
20250923,1,818,1,55257,대구
20250923,2,818,51203,1,대구
20250923,3,818,50204,1,대구
20250923,4,818,55208,1,대구
20250923,5,818,64153,1,대구
20250923,6,818,63257,1,대구
20250923,7,818,63123,1,대구
20250923,8,818,50208,1,대구
20250923,9,818,66112,1,대구
20250923,10,818,66209,1,대구
20250923,1,818,1,55460,대구
20250923,2,818,52415,1,대구
20250923,3,818,67449,1,대구
20250923,4,818,62404,1,대구
20250923,5,818,54400,1,대구
20250923,6,818,52430,1,대구
20250923,7,818,66409,1,대구
20250923,8,818,62234,1,대구
20250923,9,818,74540,1,대구
20250923,10,818,50458,1,대구
20250923,1,819,1,69045,수원
20250923,2,819,50357,1,수원
20250923,3,819,65357,1,수원
20250923,4,819,64340,1,수원
20250923,5,819,50167,1,수원
20250923,6,819,64346,1,수원
20250923,7,819,53312,1,수원
20250923,8,819,55392,1,수원
20250923,9,819,55393,1,수원
20250923,10,819,55339,1,수원
20250923,1,819,1,50859,수원
20250923,2,819,79240,1,수원
20250923,3,819,55013,1,수원
20250923,4,819,52001,1,수원
20250923,5,819,68050,1,수원
20250923,6,819,78548,1,수원
20250923,7,819,76313,1,수원
20250923,8,819,64004,1,수원
20250923,9,819,79402,1,수원
20250923,10,819,64115,1,수원
20250924,1,821,1,55633,고척
20250924,2,821,52667,1,고척
20250924,3,821,55637,1,고척
20250924,4,821,64646,1,고척
20250924,5,821,62947,1,고척
20250924,6,821,69636,1,고척
20250924,7,821,65653,1,고척
20250924,8,821,68646,1,고척
20250924,9,821,50657,1,고척
20250924,10,821,55636,1,고척
20250924,1,821,1,64350,고척
20250924,2,821,50357,1,고척
20250924,3,821,65357,1,고척
20250924,4,821,64340,1,고척
20250924,5,821,53312,1,고척
20250924,6,821,50167,1,고척
20250924,7,821,69332,1,고척
20250924,8,821,55392,1,고척
20250924,9,821,55393,1,고척
20250924,10,821,54394,1,고척
20250924,1,822,1,51111,창원
20250924,2,822,66108,1,창원
20250924,3,822,65207,1,창원
20250924,4,822,53123,1,창원
20250924,5,822,76290,1,창원
20250924,6,822,69102,1,창원
20250924,7,822,68119,1,창원
20250924,8,822,79109,1,창원
20250924,9,822,79365,1,창원
20250924,10,822,62415,1,창원
20250924,1,822,1,65933,창원
20250924,2,822,63963,1,창원
20250924,3,822,66606,1,창원
20250924,4,822,79215,1,창원
20250924,5,822,54944,1,창원
20250924,6,822,63260,1,창원
20250924,7,822,51344,1,창원
20250924,8,822,69995,1,창원
20250924,9,822,68912,1,창원
20250924,10,822,50902,1,창원
20250924,1,823,1,69594,대구
20250924,2,823,50500,1,대구
20250924,3,823,69517,1,대구
20250924,4,823,54529,1,대구
20250924,5,823,78513,1,대구
20250924,6,823,52591,1,대구
20250924,7,823,51551,1,대구
20250924,8,823,68205,1,대구
20250924,9,823,51528,1,대구
20250924,10,823,55530,1,대구
20250924,1,823,1,53375,대구
20250924,2,823,52415,1,대구
20250924,3,823,67449,1,대구
20250924,4,823,62404,1,대구
20250924,5,823,54400,1,대구
20250924,6,823,52430,1,대구
20250924,7,823,66409,1,대구
20250924,8,823,50458,1,대구
20250924,9,823,74540,1,대구
20250924,10,823,62234,1,대구
20250925,1,824,1,54755,잠실
20250925,2,824,79608,1,잠실
20250925,3,824,55703,1,잠실
20250925,4,824,53764,1,잠실
20250925,5,824,69737,1,잠실
20250925,6,824,79192,1,잠실
20250925,7,824,62700,1,잠실
20250925,8,824,78288,1,잠실
20250925,9,824,64006,1,잠실
20250925,10,824,68700,1,잠실
20250925,1,824,1,55239,잠실
20250925,2,824,51203,1,잠실
20250925,3,824,50204,1,잠실
20250925,4,824,55208,1,잠실
20250925,5,824,78224,1,잠실
20250925,6,824,64153,1,잠실
20250925,7,824,63123,1,잠실
20250925,8,824,79231,1,잠실
20250925,9,824,66112,1,잠실
20250925,10,824,66209,1,잠실
20250925,1,825,1,55032,문학
20250925,2,825,79240,1,문학
20250925,3,825,64004,1,문학
20250925,4,825,52001,1,문학
20250925,5,825,68050,1,문학
20250925,6,825,76313,1,문학
20250925,7,825,79402,1,문학
20250925,8,825,55013,1,문학
20250925,9,825,68089,1,문학
20250925,10,825,64115,1,문학
20250925,1,825,1,62869,문학
20250925,2,825,67893,1,문학
20250925,3,825,53827,1,문학
20250925,4,825,75847,1,문학
20250925,5,825,62895,1,문학
20250925,6,825,51868,1,문학
20250925,7,825,50854,1,문학
20250925,8,825,66864,1,문학
20250925,9,825,54812,1,문학
20250925,10,825,51865,1,문학
20250925,1,826,1,67143,울산
20250925,2,826,66108,1,울산
20250925,3,826,65207,1,울산
20250925,4,826,68119,1,울산
20250925,5,826,53123,1,울산
20250925,6,826,76290,1,울산
20250925,7,826,69102,1,울산
20250925,8,826,79109,1,울산
20250925,9,826,79365,1,울산
20250925,10,826,62415,1,울산
20250925,1,826,1,55532,울산
20250925,2,826,52568,1,울산
20250925,3,826,55530,1,울산
20250925,4,826,52591,1,울산
20250925,5,826,54529,1,울산
20250925,6,826,78513,1,울산
20250925,7,826,69517,1,울산
20250925,8,826,69508,1,울산
20250925,9,826,51528,1,울산
20250925,10,826,68205,1,울산
20250925,1,827,1,55342,대구
20250925,2,827,50357,1,대구
20250925,3,827,65357,1,대구
20250925,4,827,64340,1,대구
20250925,5,827,50167,1,대구
20250925,6,827,69332,1,대구
20250925,7,827,55392,1,대구
20250925,8,827,55397,1,대구
20250925,9,827,53312,1,대구
20250925,10,827,55339,1,대구
20250925,1,827,1,65320,대구
20250925,2,827,52415,1,대구
20250925,3,827,67449,1,대구
20250925,4,827,62404,1,대구
20250925,5,827,54400,1,대구
20250925,6,827,52430,1,대구
20250925,7,827,66409,1,대구
20250925,8,827,50458,1,대구
20250925,9,827,74540,1,대구
20250925,10,827,62234,1,대구
20250926,1,828,1,64001,문학
20250926,2,828,79240,1,문학
20250926,3,828,64004,1,문학
20250926,4,828,52001,1,문학
20250926,5,828,68050,1,문학
20250926,6,828,64007,1,문학
20250926,7,828,79402,1,문학
20250926,8,828,55013,1,문학
20250926,9,828,68089,1,문학
20250926,10,828,64115,1,문학
20250926,1,828,1,55855,문학
20250926,2,828,67893,1,문학
20250926,3,828,53827,1,문학
20250926,4,828,51868,1,문학
20250926,5,828,62895,1,문학
20250926,6,828,75847,1,문학
20250926,7,828,50854,1,문학
20250926,8,828,50868,1,문학
20250926,9,828,54812,1,문학
20250926,10,828,51865,1,문학
20250926,1,829,1,55146,대전
20250926,2,829,66108,1,대전
20250926,3,829,65207,1,대전
20250926,4,829,53123,1,대전
20250926,5,829,76290,1,대전
20250926,6,829,68119,1,대전
20250926,7,829,69100,1,대전
20250926,8,829,79109,1,대전
20250926,9,829,79365,1,대전
20250926,10,829,62415,1,대전
20250926,1,829,1,76715,대전
20250926,2,829,66657,1,대전
20250926,3,829,55703,1,대전
20250926,4,829,53764,1,대전
20250926,5,829,69737,1,대전
20250926,6,829,79192,1,대전
20250926,7,829,62700,1,대전
20250926,8,829,66704,1,대전
20250926,9,829,78288,1,대전
20250926,10,829,64006,1,대전
20250926,1,830,1,55903,잠실
20250926,2,830,51907,1,잠실
20250926,3,830,66606,1,잠실
20250926,4,830,79215,1,잠실
20250926,5,830,54944,1,잠실
20250926,6,830,68904,1,잠실
20250926,7,830,63260,1,잠실
20250926,8,830,69995,1,잠실
20250926,9,830,51344,1,잠실
20250926,10,830,68912,1,잠실
20250926,1,830,1,50211,잠실
20250926,2,830,51203,1,잠실
20250926,3,830,50204,1,잠실
20250926,4,830,55208,1,잠실
20250926,5,830,78224,1,잠실
20250926,6,830,64153,1,잠실
20250926,7,830,63123,1,잠실
20250926,8,830,79231,1,잠실
20250926,9,830,66112,1,잠실
20250926,10,830,66209,1,잠실
20250926,1,831,1,69446,사직
20250926,2,831,52415,1,사직
20250926,3,831,67449,1,사직
20250926,4,831,62404,1,사직
20250926,5,831,54400,1,사직
20250926,6,831,52430,1,사직
20250926,7,831,66409,1,사직
20250926,8,831,50458,1,사직
20250926,9,831,74540,1,사직
20250926,10,831,62234,1,사직
20250926,1,831,1,54503,사직
20250926,2,831,52568,1,사직
20250926,3,831,69517,1,사직
20250926,4,831,52591,1,사직
20250926,5,831,54529,1,사직
20250926,6,831,78513,1,사직
20250926,7,831,55530,1,사직
20250926,8,831,68205,1,사직
20250926,9,831,51528,1,사직
20250926,10,831,50500,1,사직
20250927,1,832,1,55130,대전
20250927,2,832,66108,1,대전
20250927,3,832,65207,1,대전
20250927,4,832,53123,1,대전
20250927,5,832,76290,1,대전
20250927,6,832,68119,1,대전
20250927,7,832,69100,1,대전
20250927,8,832,79109,1,대전
20250927,9,832,79365,1,대전
20250927,10,832,62415,1,대전
20250927,1,832,1,52701,대전
20250927,2,832,77532,1,대전
20250927,3,832,55703,1,대전
20250927,4,832,53764,1,대전
20250927,5,832,69737,1,대전
20250927,6,832,79192,1,대전
20250927,7,832,62700,1,대전
20250927,8,832,66704,1,대전
20250927,9,832,78288,1,대전
20250927,10,832,64006,1,대전
20250927,1,833,1,52995,광주
20250927,2,833,51907,1,광주
20250927,3,833,63963,1,광주
20250927,4,833,79215,1,광주
20250927,5,833,54944,1,광주
20250927,6,833,63260,1,광주
20250927,7,833,69995,1,광주
20250927,8,833,51344,1,광주
20250927,9,833,68912,1,광주
20250927,10,833,66606,1,광주
20250927,1,833,1,77637,광주
20250927,2,833,52667,1,광주
20250927,3,833,55636,1,광주
20250927,4,833,64646,1,광주
20250927,5,833,62947,1,광주
20250927,6,833,69636,1,광주
20250927,7,833,53659,1,광주
20250927,8,833,66614,1,광주
20250927,9,833,66354,1,광주
20250927,10,833,55637,1,광주
20250927,1,834,1,77829,잠실
20250927,2,834,67893,1,잠실
20250927,3,834,66864,1,잠실
20250927,4,834,75847,1,잠실
20250927,5,834,53827,1,잠실
20250927,6,834,51868,1,잠실
20250927,7,834,62934,1,잠실
20250927,8,834,50854,1,잠실
20250927,9,834,50868,1,잠실
20250927,10,834,51865,1,잠실
20250927,1,834,1,51264,잠실
20250927,2,834,51203,1,잠실
20250927,3,834,50204,1,잠실
20250927,4,834,55208,1,잠실
20250927,5,834,76232,1,잠실
20250927,6,834,64153,1,잠실
20250927,7,834,64468,1,잠실
20250927,8,834,79231,1,잠실
20250927,9,834,66112,1,잠실
20250927,10,834,67207,1,잠실
20250928,1,835,1,61101,대전
20250928,2,835,66108,1,대전
20250928,3,835,65207,1,대전
20250928,4,835,53123,1,대전
20250928,5,835,76290,1,대전
20250928,6,835,68119,1,대전
20250928,7,835,69100,1,대전
20250928,8,835,79109,1,대전
20250928,9,835,79365,1,대전
20250928,10,835,62415,1,대전
20250928,1,835,1,55730,대전
20250928,2,835,77532,1,대전
20250928,3,835,55703,1,대전
20250928,4,835,53764,1,대전
20250928,5,835,69737,1,대전
20250928,6,835,79192,1,대전
20250928,7,835,65703,1,대전
20250928,8,835,54795,1,대전
20250928,9,835,78288,1,대전
20250928,10,835,68700,1,대전
20250928,1,836,1,55912,광주
20250928,2,836,51907,1,광주
20250928,3,836,63963,1,광주
20250928,4,836,79215,1,광주
20250928,5,836,54944,1,광주
20250928,6,836,63260,1,광주
20250928,7,836,69995,1,광주
20250928,8,836,51344,1,광주
20250928,9,836,68912,1,광주
20250928,10,836,67905,1,광주
20250928,1,836,1,51648,광주
20250928,2,836,65653,1,광주
20250928,3,836,52667,1,광주
20250928,4,836,64646,1,광주
20250928,5,836,55645,1,광주
20250928,6,836,62947,1,광주
20250928,7,836,53659,1,광주
20250928,8,836,50657,1,광주
20250928,9,836,66354,1,광주
20250928,10,836,55636,1,광주
20250928,1,837,1,64021,잠실
20250928,2,837,52568,1,잠실
20250928,3,837,69517,1,잠실
20250928,4,837,52591,1,잠실
20250928,5,837,54529,1,잠실
20250928,6,837,78513,1,잠실
20250928,7,837,55530,1,잠실
20250928,8,837,68205,1,잠실
20250928,9,837,51528,1,잠실
20250928,10,837,50500,1,잠실
20250928,1,837,1,68220,잠실
20250928,2,837,51203,1,잠실
20250928,3,837,50204,1,잠실
20250928,4,837,55208,1,잠실
20250928,5,837,78224,1,잠실
20250928,6,837,64153,1,잠실
20250928,7,837,55252,1,잠실
20250928,8,837,79231,1,잠실
20250928,9,837,66112,1,잠실
20250928,10,837,53554,1,잠실
20250928,1,838,1,55460,고척
20250928,2,838,52415,1,고척
20250928,3,838,67449,1,고척
20250928,4,838,62404,1,고척
20250928,5,838,54400,1,고척
20250928,6,838,52430,1,고척
20250928,7,838,50458,1,고척
20250928,8,838,74540,1,고척
20250928,9,838,66409,1,고척
20250928,10,838,62234,1,고척
20250928,1,838,1,55313,고척
20250928,2,838,50357,1,고척
20250928,3,838,65357,1,고척
20250928,4,838,64340,1,고척
20250928,5,838,50167,1,고척
20250928,6,838,64346,1,고척
20250928,7,838,69332,1,고척
20250928,8,838,55392,1,고척
20250928,9,838,53344,1,고척
20250928,10,838,55339,1,고척
20250929,1,839,1,61101,대전
20250929,2,839,66108,1,대전
20250929,3,839,65207,1,대전
20250929,4,839,53123,1,대전
20250929,5,839,76290,1,대전
20250929,6,839,68119,1,대전
20250929,7,839,69100,1,대전
20250929,8,839,79109,1,대전
20250929,9,839,79365,1,대전
20250929,10,839,62415,1,대전
20250929,1,839,1,55743,대전
20250929,2,839,77532,1,대전
20250929,3,839,55703,1,대전
20250929,4,839,53764,1,대전
20250929,5,839,69737,1,대전
20250929,6,839,79192,1,대전
20250929,7,839,65703,1,대전
20250929,8,839,54795,1,대전
20250929,9,839,78288,1,대전
20250929,10,839,68700,1,대전
20250929,1,840,1,69594,문학
20250929,2,840,52568,1,문학
20250929,3,840,69517,1,문학
20250929,4,840,54529,1,문학
20250929,5,840,78513,1,문학
20250929,6,840,77564,1,문학
20250929,7,840,51551,1,문학
20250929,8,840,68205,1,문학
20250929,9,840,51528,1,문학
20250929,10,840,50500,1,문학
20250929,1,840,1,54833,문학
20250929,2,840,67893,1,문학
20250929,3,840,53827,1,문학
20250929,4,840,75847,1,문학
20250929,5,840,62895,1,문학
20250929,6,840,51868,1,문학
20250929,7,840,50854,1,문학
20250929,8,840,50868,1,문학
20250929,9,840,54812,1,문학
20250929,10,840,51865,1,문학
20250929,1,841,1,55912,광주
20250929,2,841,51907,1,광주
20250929,3,841,63963,1,광주
20250929,4,841,79215,1,광주
20250929,5,841,54944,1,광주
20250929,6,841,63260,1,광주
20250929,7,841,69995,1,광주
20250929,8,841,51344,1,광주
20250929,9,841,68912,1,광주
20250929,10,841,67905,1,광주
20250929,1,841,1,51648,광주
20250929,2,841,65653,1,광주
20250929,3,841,52667,1,광주
20250929,4,841,64646,1,광주
20250929,5,841,55645,1,광주
20250929,6,841,62947,1,광주
20250929,7,841,53659,1,광주
20250929,8,841,50657,1,광주
20250929,9,841,66354,1,광주
20250929,10,841,55636,1,광주
20250930,1,842,1,55610,대구
20250930,2,842,65653,1,대구
20250930,3,842,52667,1,대구
20250930,4,842,64646,1,대구
20250930,5,842,62947,1,대구
20250930,6,842,55645,1,대구
20250930,7,842,69636,1,대구
20250930,8,842,68646,1,대구
20250930,9,842,66614,1,대구
20250930,10,842,55636,1,대구
20250930,1,842,1,53375,대구
20250930,2,842,52415,1,대구
20250930,3,842,67449,1,대구
20250930,4,842,62404,1,대구
20250930,5,842,54400,1,대구
20250930,6,842,52430,1,대구
20250930,7,842,50458,1,대구
20250930,8,842,74540,1,대구
20250930,9,842,62234,1,대구
20250930,10,842,66409,1,대구
20250930,1,843,1,54354,창원
20250930,2,843,79240,1,창원
20250930,3,843,64004,1,창원
20250930,4,843,52001,1,창원
20250930,5,843,68050,1,창원
20250930,6,843,78548,1,창원
20250930,7,843,76313,1,창원
20250930,8,843,55013,1,창원
20250930,9,843,79402,1,창원
20250930,10,843,64115,1,창원
20250930,1,843,1,68902,창원
20250930,2,843,51907,1,창원
20250930,3,843,63963,1,창원
20250930,4,843,79215,1,창원
20250930,5,843,54944,1,창원
20250930,6,843,63260,1,창원
20250930,7,843,69995,1,창원
20250930,8,843,51344,1,창원
20250930,9,843,68912,1,창원
20250930,10,843,67905,1,창원
20250930,1,844,1,55526,대전
20250930,2,844,52568,1,대전
20250930,3,844,69517,1,대전
20250930,4,844,54529,1,대전
20250930,5,844,78513,1,대전
20250930,6,844,51551,1,대전
20250930,7,844,68205,1,대전
20250930,8,844,50150,1,대전
20250930,9,844,51528,1,대전
20250930,10,844,50500,1,대전
20250930,1,844,1,54755,대전
20250930,2,844,77532,1,대전
20250930,3,844,55703,1,대전
20250930,4,844,53764,1,대전
20250930,5,844,69737,1,대전
20250930,6,844,79192,1,대전
20250930,7,844,62700,1,대전
20250930,8,844,66704,1,대전
20250930,9,844,78288,1,대전
20250930,10,844,64006,1,대전
20250930,1,845,1,55257,잠실
20250930,2,845,51203,1,잠실
20250930,3,845,50204,1,잠실
20250930,4,845,55208,1,잠실
20250930,5,845,76232,1,잠실
20250930,6,845,78224,1,잠실
20250930,7,845,64153,1,잠실
20250930,8,845,66112,1,잠실
20250930,9,845,67207,1,잠실
20250930,10,845,79231,1,잠실
20250930,1,845,1,51111,잠실
20250930,2,845,66108,1,잠실
20250930,3,845,68119,1,잠실
20250930,4,845,53123,1,잠실
20250930,5,845,69102,1,잠실
20250930,6,845,79109,1,잠실
20250930,7,845,76290,1,잠실
20250930,8,845,69100,1,잠실
20250930,9,845,79365,1,잠실
20250930,10,845,62415,1,잠실
20250930,1,846,1,51867,고척
20250930,2,846,67893,1,고척
20250930,3,846,53827,1,고척
20250930,4,846,75847,1,고척
20250930,5,846,62895,1,고척
20250930,6,846,51868,1,고척
20250930,7,846,50854,1,고척
20250930,8,846,62934,1,고척
20250930,9,846,54812,1,고척
20250930,10,846,51865,1,고척
20250930,1,846,1,69045,고척
20250930,2,846,50357,1,고척
20250930,3,846,64340,1,고척
20250930,4,846,65357,1,고척
20250930,5,846,50167,1,고척
20250930,6,846,69332,1,고척
20250930,7,846,53312,1,고척
20250930,8,846,55392,1,고척
20250930,9,846,55393,1,고척
20250930,10,846,55339,1,고척
20251001,1,847,1,55730,문학
20251001,2,847,77532,1,문학
20251001,3,847,55703,1,문학
20251001,4,847,53764,1,문학
20251001,5,847,69737,1,문학
20251001,6,847,79192,1,문학
20251001,7,847,62700,1,문학
20251001,8,847,66704,1,문학
20251001,9,847,78288,1,문학
20251001,10,847,64006,1,문학
20251001,1,847,1,68856,문학
20251001,2,847,67893,1,문학
20251001,3,847,53827,1,문학
20251001,4,847,75847,1,문학
20251001,5,847,62895,1,문학
20251001,6,847,51868,1,문학
20251001,7,847,66864,1,문학
20251001,8,847,62934,1,문학
20251001,9,847,54812,1,문학
20251001,10,847,51865,1,문학
20251001,1,848,1,50030,광주
20251001,2,848,79240,1,광주
20251001,3,848,64004,1,광주
20251001,4,848,52001,1,광주
20251001,5,848,68050,1,광주
20251001,6,848,76313,1,광주
20251001,7,848,78548,1,광주
20251001,8,848,55013,1,광주
20251001,9,848,79402,1,광주
20251001,10,848,64115,1,광주
20251001,1,848,1,55633,광주
20251001,2,848,55926,1,광주
20251001,3,848,55636,1,광주
20251001,4,848,52667,1,광주
20251001,5,848,69636,1,광주
20251001,6,848,68646,1,광주
20251001,7,848,66614,1,광주
20251001,8,848,53659,1,광주
20251001,9,848,66354,1,광주
20251001,10,848,55637,1,광주
20251001,1,849,1,50992,잠실
20251001,2,849,51907,1,잠실
20251001,3,849,66606,1,잠실
20251001,4,849,79215,1,잠실
20251001,5,849,54944,1,잠실
20251001,6,849,63963,1,잠실
20251001,7,849,69995,1,잠실
20251001,8,849,51344,1,잠실
20251001,9,849,68912,1,잠실
20251001,10,849,67905,1,잠실
20251001,1,849,1,55146,잠실
20251001,2,849,66108,1,잠실
20251001,3,849,65207,1,잠실
20251001,4,849,53123,1,잠실
20251001,5,849,76290,1,잠실
20251001,6,849,68119,1,잠실
20251001,7,849,79109,1,잠실
20251001,8,849,69102,1,잠실
20251001,9,849,79365,1,잠실
20251001,10,849,62415,1,잠실
20251002,1,850,1,53898,광주
20251002,2,850,67893,1,광주
20251002,3,850,50854,1,광주
20251002,4,850,51868,1,광주
20251002,5,850,50868,1,광주
20251002,6,850,50840,1,광주
20251002,7,850,55832,1,광주
20251002,8,850,62934,1,광주
20251002,9,850,54812,1,광주
20251002,10,850,76802,1,광주
20251002,1,850,1,53615,광주
20251002,2,850,65653,1,광주
20251002,3,850,52667,1,광주
20251002,4,850,64646,1,광주
20251002,5,850,72443,1,광주
20251002,6,850,55645,1,광주
20251002,7,850,62947,1,광주
20251002,8,850,69636,1,광주
20251002,9,850,68646,1,광주
20251002,10,850,55926,1,광주
20251003,1,853,1,52731,수원
20251003,2,853,68700,1,수원
20251003,3,853,52769,1,수원
20251003,4,853,50707,1,수원
20251003,5,853,69737,1,수원
20251003,6,853,66657,1,수원
20251003,7,853,65703,1,수원
20251003,8,853,66704,1,수원
20251003,9,853,52764,1,수원
20251003,10,853,54795,1,수원
20251003,1,853,1,50859,수원
20251003,2,853,79240,1,수원
20251003,3,853,64004,1,수원
20251003,4,853,52001,1,수원
20251003,5,853,68050,1,수원
20251003,6,853,76313,1,수원
20251003,7,853,78548,1,수원
20251003,8,853,55013,1,수원
20251003,9,853,79402,1,수원
20251003,10,853,64115,1,수원
20251004,1,854,1,77829,창원
20251004,2,854,54812,1,창원
20251004,3,854,76802,1,창원
20251004,4,854,66864,1,창원
20251004,5,854,50840,1,창원
20251004,6,854,62934,1,창원
20251004,7,854,79456,1,창원
20251004,8,854,54806,1,창원
20251004,9,854,52807,1,창원
20251004,10,854,69804,1,창원
20251004,1,854,1,55903,창원
20251004,2,854,51907,1,창원
20251004,3,854,66606,1,창원
20251004,4,854,79215,1,창원
20251004,5,854,54944,1,창원
20251004,6,854,63963,1,창원
20251004,7,854,63260,1,창원
20251004,8,854,69995,1,창원
20251004,9,854,51344,1,창원
20251004,10,854,68912,1,창원
20251004,1,855,1,54404,광주
20251004,2,855,52415,1,광주
20251004,3,855,67449,1,광주
20251004,4,855,62404,1,광주
20251004,5,855,54400,1,광주
20251004,6,855,52430,1,광주
20251004,7,855,74540,1,광주
20251004,8,855,50458,1,광주
20251004,9,855,61404,1,광주
20251004,10,855,55438,1,광주
20251004,1,855,1,77637,광주
20251004,2,855,65653,1,광주
20251004,3,855,64646,1,광주
20251004,4,855,62947,1,광주
20251004,5,855,72443,1,광주
20251004,6,855,55645,1,광주
20251004,7,855,69636,1,광주
20251004,8,855,68646,1,광주
20251004,9,855,66614,1,광주
20251004,10,855,55926,1,광주
20251006,1,856,1,65933,대구
20251006,2,856,51907,1,대구
20251006,3,856,66606,1,대구
20251006,4,856,79215,1,대구
20251006,5,856,54944,1,대구
20251006,6,856,63963,1,대구
20251006,7,856,63260,1,대구
20251006,8,856,69995,1,대구
20251006,9,856,51344,1,대구
20251006,10,856,68912,1,대구
20251006,1,856,1,53375,대구
20251006,2,856,52415,1,대구
20251006,3,856,67449,1,대구
20251006,4,856,62404,1,대구
20251006,5,856,54400,1,대구
20251006,6,856,52430,1,대구
20251006,7,856,74540,1,대구
20251006,8,856,50458,1,대구
20251006,9,856,66409,1,대구
20251006,10,856,62234,1,대구
20251007,1,857,1,55912,대구
20251007,2,857,51907,1,대구
20251007,3,857,66606,1,대구
20251007,4,857,62907,1,대구
20251007,5,857,54944,1,대구
20251007,6,857,63963,1,대구
20251007,7,857,63260,1,대구
20251007,8,857,69995,1,대구
20251007,9,857,51344,1,대구
20251007,10,857,51903,1,대구
20251007,1,857,1,69446,대구
20251007,2,857,52415,1,대구
20251007,3,857,67449,1,대구
20251007,4,857,62404,1,대구
20251007,5,857,54400,1,대구
20251007,6,857,52430,1,대구
20251007,7,857,66409,1,대구
20251007,8,857,74540,1,대구
20251007,9,857,62234,1,대구
20251007,10,857,61404,1,대구
20251009,1,858,1,65320,문학
20251009,2,858,52415,1,문학
20251009,3,858,67449,1,문학
20251009,4,858,62404,1,문학
20251009,5,858,54400,1,문학
20251009,6,858,52430,1,문학
20251009,7,858,65040,1,문학
20251009,8,858,74540,1,문학
20251009,9,858,61404,1,문학
20251009,10,858,54408,1,문학
20251009,1,858,1,55855,문학
20251009,2,858,67893,1,문학
20251009,3,858,66864,1,문학
20251009,4,858,53827,1,문학
20251009,5,858,62895,1,문학
20251009,6,858,75847,1,문학
20251009,7,858,51868,1,문학
20251009,8,858,50854,1,문학
20251009,9,858,50868,1,문학
20251009,10,858,51865,1,문학
20251011,1,860,1,55460,문학
20251011,2,860,52415,1,문학
20251011,3,860,67449,1,문학
20251011,4,860,62404,1,문학
20251011,5,860,54400,1,문학
20251011,6,860,52430,1,문학
20251011,7,860,61404,1,문학
20251011,8,860,74540,1,문학
20251011,9,860,62234,1,문학
20251011,10,860,66409,1,문학
20251011,1,860,1,51867,문학
20251011,2,860,67893,1,문학
20251011,3,860,53827,1,문학
20251011,4,860,75847,1,문학
20251011,5,860,62895,1,문학
20251011,6,860,51868,1,문학
20251011,7,860,50854,1,문학
20251011,8,860,62934,1,문학
20251011,9,860,54812,1,문학
20251011,10,860,51865,1,문학
20251013,1,861,1,54833,대구
20251013,2,861,67893,1,대구
20251013,3,861,53827,1,대구
20251013,4,861,75847,1,대구
20251013,5,861,62895,1,대구
20251013,6,861,51868,1,대구
20251013,7,861,50854,1,대구
20251013,8,861,62934,1,대구
20251013,9,861,66864,1,대구
20251013,10,861,79456,1,대구
20251013,1,861,1,69446,대구
20251013,2,861,50458,1,대구
20251013,3,861,67449,1,대구
20251013,4,861,62404,1,대구
20251013,5,861,54400,1,대구
20251013,6,861,52430,1,대구
20251013,7,861,52415,1,대구
20251013,8,861,65040,1,대구
20251013,9,861,74540,1,대구
20251013,10,861,62234,1,대구
20251014,1,862,1,77829,대구
20251014,2,862,67893,1,대구
20251014,3,862,53827,1,대구
20251014,4,862,75847,1,대구
20251014,5,862,62895,1,대구
20251014,6,862,51868,1,대구
20251014,7,862,50854,1,대구
20251014,8,862,62934,1,대구
20251014,9,862,54812,1,대구
20251014,10,862,51865,1,대구
20251014,1,862,1,53375,대구
20251014,2,862,50458,1,대구
20251014,3,862,67449,1,대구
20251014,4,862,62404,1,대구
20251014,5,862,54400,1,대구
20251014,6,862,52415,1,대구
20251014,7,862,61404,1,대구
20251014,8,862,62234,1,대구
20251014,9,862,74540,1,대구
20251014,10,862,65586,1,대구
20251017,1,863,1,55460,대전
20251017,2,863,50458,1,대전
20251017,3,863,67449,1,대전
20251017,4,863,62404,1,대전
20251017,5,863,54400,1,대전
20251017,6,863,52430,1,대전
20251017,7,863,52415,1,대전
20251017,8,863,65040,1,대전
20251017,9,863,74540,1,대전
20251017,10,863,62234,1,대전
20251017,1,863,1,55730,대전
20251017,2,863,77532,1,대전
20251017,3,863,55703,1,대전
20251017,4,863,53764,1,대전
20251017,5,863,69737,1,대전
20251017,6,863,79192,1,대전
20251017,7,863,62700,1,대전
20251017,8,863,66704,1,대전
20251017,9,863,78288,1,대전
20251017,10,863,64006,1,대전
20251018,1,864,1,55460,대전
20251018,2,864,50458,1,대전
20251018,3,864,67449,1,대전
20251018,4,864,62404,1,대전
20251018,5,864,54400,1,대전
20251018,6,864,52430,1,대전
20251018,7,864,52415,1,대전
20251018,8,864,65040,1,대전
20251018,9,864,74540,1,대전
20251018,10,864,62234,1,대전
20251018,1,864,1,55730,대전
20251018,2,864,77532,1,대전
20251018,3,864,55703,1,대전
20251018,4,864,53764,1,대전
20251018,5,864,69737,1,대전
20251018,6,864,79192,1,대전
20251018,7,864,62700,1,대전
20251018,8,864,66704,1,대전
20251018,9,864,78288,1,대전
20251018,10,864,64006,1,대전
20251019,1,865,1,65320,대전
20251019,2,865,50458,1,대전
20251019,3,865,67449,1,대전
20251019,4,865,62404,1,대전
20251019,5,865,54400,1,대전
20251019,6,865,52430,1,대전
20251019,7,865,52415,1,대전
20251019,8,865,65040,1,대전
20251019,9,865,74540,1,대전
20251019,10,865,62234,1,대전
20251019,1,865,1,54755,대전
20251019,2,865,77532,1,대전
20251019,3,865,55703,1,대전
20251019,4,865,53764,1,대전
20251019,5,865,69737,1,대전
20251019,6,865,79192,1,대전
20251019,7,865,62700,1,대전
20251019,8,865,66704,1,대전
20251019,9,865,78288,1,대전
20251019,10,865,64006,1,대전
20251021,1,866,1,76715,대구
20251021,2,866,77532,1,대구
20251021,3,866,55703,1,대구
20251021,4,866,53764,1,대구
20251021,5,866,69737,1,대구
20251021,6,866,79192,1,대구
20251021,7,866,62700,1,대구
20251021,8,866,65703,1,대구
20251021,9,866,50707,1,대구
20251021,10,866,78288,1,대구
20251021,1,866,1,53375,대구
20251021,2,866,50458,1,대구
20251021,3,866,67449,1,대구
20251021,4,866,62404,1,대구
20251021,5,866,54400,1,대구
20251021,6,866,52430,1,대구
20251021,7,866,52415,1,대구
20251021,8,866,65040,1,대구
20251021,9,866,74540,1,대구
20251021,10,866,62234,1,대구
20251022,1,867,1,55743,대구
20251022,2,867,77532,1,대구
20251022,3,867,55703,1,대구
20251022,4,867,53764,1,대구
20251022,5,867,69737,1,대구
20251022,6,867,79192,1,대구
20251022,7,867,62700,1,대구
20251022,8,867,50707,1,대구
20251022,9,867,78288,1,대구
20251022,10,867,64006,1,대구
20251022,1,867,1,69446,대구
20251022,2,867,50458,1,대구
20251022,3,867,67449,1,대구
20251022,4,867,62404,1,대구
20251022,5,867,54400,1,대구
20251022,6,867,52430,1,대구
20251022,7,867,65040,1,대구
20251022,8,867,52415,1,대구
20251022,9,867,74540,1,대구
20251022,10,867,54408,1,대구
20251024,1,868,1,65320,대전
20251024,2,868,50458,1,대전
20251024,3,868,67449,1,대전
20251024,4,868,62404,1,대전
20251024,5,868,54400,1,대전
20251024,6,868,52430,1,대전
20251024,7,868,65040,1,대전
20251024,8,868,52415,1,대전
20251024,9,868,74540,1,대전
20251024,10,868,62234,1,대전
20251024,1,868,1,55730,대전
20251024,2,868,77532,1,대전
20251024,3,868,55703,1,대전
20251024,4,868,53764,1,대전
20251024,5,868,69737,1,대전
20251024,6,868,79192,1,대전
20251024,7,868,62700,1,대전
20251024,8,868,66704,1,대전
20251024,9,868,78288,1,대전
20251024,10,868,64006,1,대전
20251026,1,869,1,52701,잠실
20251026,2,869,77532,1,잠실
20251026,3,869,55703,1,잠실
20251026,4,869,53764,1,잠실
20251026,5,869,69737,1,잠실
20251026,6,869,79192,1,잠실
20251026,7,869,62700,1,잠실
20251026,8,869,50707,1,잠실
20251026,9,869,78288,1,잠실
20251026,10,869,65703,1,잠실
20251026,1,869,1,55130,잠실
20251026,2,869,66108,1,잠실
20251026,3,869,65207,1,잠실
20251026,4,869,53123,1,잠실
20251026,5,869,76290,1,잠실
20251026,6,869,69102,1,잠실
20251026,7,869,79109,1,잠실
20251026,8,869,79365,1,잠실
20251026,9,869,69100,1,잠실
20251026,10,869,62415,1,잠실
20251027,1,870,1,76715,잠실
20251027,2,870,54795,1,잠실
20251027,3,870,55703,1,잠실
20251027,4,870,53764,1,잠실
20251027,5,870,69737,1,잠실
20251027,6,870,79192,1,잠실
20251027,7,870,77532,1,잠실
20251027,8,870,62700,1,잠실
20251027,9,870,50707,1,잠실
20251027,10,870,78288,1,잠실
20251027,1,870,1,61101,잠실
20251027,2,870,66108,1,잠실
20251027,3,870,65207,1,잠실
20251027,4,870,53123,1,잠실
20251027,5,870,76290,1,잠실
20251027,6,870,69102,1,잠실
20251027,7,870,79109,1,잠실
20251027,8,870,79365,1,잠실
20251027,9,870,69100,1,잠실
20251027,10,870,62415,1,잠실
20251029,1,871,1,67143,대전
20251029,2,871,66108,1,대전
20251029,3,871,65207,1,대전
20251029,4,871,53123,1,대전
20251029,5,871,76290,1,대전
20251029,6,871,69102,1,대전
20251029,7,871,79109,1,대전
20251029,8,871,79365,1,대전
20251029,9,871,69100,1,대전
20251029,10,871,62415,1,대전
20251029,1,871,1,55730,대전
20251029,2,871,77532,1,대전
20251029,3,871,55703,1,대전
20251029,4,871,53764,1,대전
20251029,5,871,69737,1,대전
20251029,6,871,79192,1,대전
20251029,7,871,66657,1,대전
20251029,8,871,62700,1,대전
20251029,9,871,78288,1,대전
20251029,10,871,65703,1,대전
20251030,1,872,1,55146,대전
20251030,2,872,66108,1,대전
20251030,3,872,65207,1,대전
20251030,4,872,76290,1,대전
20251030,5,872,69102,1,대전
20251030,6,872,53123,1,대전
20251030,7,872,79109,1,대전
20251030,8,872,79365,1,대전
20251030,9,872,69100,1,대전
20251030,10,872,62415,1,대전
20251030,1,872,1,54755,대전
20251030,2,872,77532,1,대전
20251030,3,872,55703,1,대전
20251030,4,872,53764,1,대전
20251030,5,872,69737,1,대전
20251030,6,872,79192,1,대전
20251030,7,872,66657,1,대전
20251030,8,872,62700,1,대전
20251030,9,872,78288,1,대전
20251030,10,872,64006,1,대전
20251031,1,873,1,55130,대전
20251031,2,873,66108,1,대전
20251031,3,873,65207,1,대전
20251031,4,873,76290,1,대전
20251031,5,873,69102,1,대전
20251031,6,873,53123,1,대전
20251031,7,873,79109,1,대전
20251031,8,873,79365,1,대전
20251031,9,873,69100,1,대전
20251031,10,873,62415,1,대전
20251031,1,873,1,52701,대전
20251031,2,873,77532,1,대전
20251031,3,873,55703,1,대전
20251031,4,873,53764,1,대전
20251031,5,873,69737,1,대전
20251031,6,873,79192,1,대전
20251031,7,873,62700,1,대전
20251031,8,873,78288,1,대전
20251031,9,873,68700,1,대전
20251031,10,873,64006,1,대전
